source,target,weight
AAA,AAT,0.6643
AAA,ABB,0.6475
AAA,ABS,0.6193
AAA,ACB,0.7004
AAA,ACG,0.6034
AAA,ACL,0.6494
AAA,ADS,0.6679
AAA,AGR,0.746
AAA,ANV,0.736
AAA,APH,0.7386
AAA,APS,0.6933
AAA,ASM,0.7943
AAA,BAF,0.6843
AAA,BCC,0.7339
AAA,BCG,0.6499
AAA,BID,0.6767
AAA,BKG,0.7035
AAA,BMI,0.708
AAA,BMS,0.6094
AAA,BSI,0.6953
AAA,BSR,0.6129
AAA,BTS,0.6564
AAA,BVS,0.7018
AAA,BWE,0.6017
AAA,C47,0.6348
AAA,C4G,0.7606
AAA,CCL,0.7129
AAA,CEO,0.7236
AAA,CII,0.654
AAA,CKG,0.7195
AAA,CMX,0.7657
AAA,CNG,0.6277
AAA,CSC,0.6839
AAA,CTD,0.6503
AAA,CTG,0.7473
AAA,CTI,0.6417
AAA,CTS,0.7848
AAA,D2D,0.6584
AAA,DAH,0.6403
AAA,DBC,0.686
AAA,DCM,0.6719
AAA,DGW,0.6535
AAA,DHA,0.6242
AAA,DIG,0.697
AAA,DLG,0.6489
AAA,DPG,0.7074
AAA,DPM,0.6657
AAA,DQC,0.6253
AAA,DRC,0.6767
AAA,DRI,0.622
AAA,DTD,0.6881
AAA,DXG,0.7539
AAA,DXP,0.6083
AAA,DXS,0.6413
AAA,ELC,0.7353
AAA,EVE,0.6464
AAA,FCN,0.7587
AAA,FIT,0.7785
AAA,FMC,0.6507
AAA,FRT,0.7216
AAA,FTS,0.7263
AAA,G36,0.6836
AAA,GEG,0.7362
AAA,GEX,0.6372
AAA,GIL,0.625
AAA,GMD,0.6236
AAA,GVR,0.6232
AAA,HAG,0.7143
AAA,HAH,0.6537
AAA,HAR,0.6919
AAA,HAX,0.6469
AAA,HBC,0.6678
AAA,HCD,0.6722
AAA,HCM,0.7769
AAA,HDC,0.697
AAA,HDG,0.6745
AAA,HHS,0.7217
AAA,HHV,0.6284
AAA,HII,0.6135
AAA,HPG,0.7284
AAA,HQC,0.7614
AAA,HSG,0.7506
AAA,HT1,0.7252
AAA,HUB,0.634
AAA,HUT,0.6665
AAA,IDC,0.7568
AAA,IDI,0.7142
AAA,IDJ,0.6437
AAA,IDV,0.6381
AAA,IJC,0.7719
AAA,IPA,0.6971
AAA,ITA,0.6125
AAA,ITC,0.6127
AAA,IVS,0.6507
AAA,JVC,0.6402
AAA,KBC,0.7125
AAA,KDH,0.652
AAA,KHG,0.6906
AAA,KMR,0.6966
AAA,KSB,0.7467
AAA,L14,0.6411
AAA,L18,0.6795
AAA,LAS,0.6899
AAA,LCG,0.7838
AAA,LDG,0.6284
AAA,LHC,0.6413
AAA,LHG,0.7637
AAA,LIG,0.6504
AAA,LPB,0.7686
AAA,LSS,0.7581
AAA,MBB,0.7422
AAA,MBS,0.7586
AAA,MIG,0.6163
AAA,MSB,0.7245
AAA,MSN,0.7631
AAA,MWG,0.6468
AAA,NAB,0.6253
AAA,NBB,0.6358
AAA,NBC,0.6136
AAA,NDN,0.7175
AAA,NED,0.6144
AAA,NHA,0.7314
AAA,NHH,0.7335
AAA,NKG,0.7525
AAA,NLG,0.6701
AAA,NT2,0.6716
AAA,NTL,0.6099
AAA,OCB,0.7009
AAA,ODE,0.6286
AAA,OGC,0.6193
AAA,PAN,0.7324
AAA,PAT,0.6291
AAA,PC1,0.7129
AAA,PET,0.6501
AAA,PHC,0.6456
AAA,PHR,0.6581
AAA,PLC,0.6037
AAA,POW,0.7056
AAA,PSI,0.6746
AAA,PTB,0.6438
AAA,PVD,0.6524
AAA,PVS,0.6132
AAA,PVT,0.6631
AAA,PXL,0.6568
AAA,QNS,0.6008
AAA,QTP,0.6578
AAA,RAL,0.6442
AAA,REE,0.6074
AAA,S99,0.6278
AAA,SBS,0.7311
AAA,SBT,0.7712
AAA,SCR,0.7777
AAA,SGT,0.6948
AAA,SHB,0.7212
AAA,SHS,0.7436
AAA,SKG,0.6872
AAA,SLS,0.647
AAA,SSI,0.7966
AAA,STB,0.7419
AAA,SZC,0.7394
AAA,TCB,0.6922
AAA,TCH,0.7053
AAA,TCI,0.7195
AAA,TDC,0.6402
AAA,THD,0.6419
AAA,TID,0.6019
AAA,TIG,0.678
AAA,TIP,0.7197
AAA,TLH,0.7
AAA,TNA,0.6376
AAA,TNG,0.7503
AAA,TNH,0.6085
AAA,TNT,0.6221
AAA,TPB,0.7173
AAA,TSC,0.7289
AAA,TTF,0.7462
AAA,TVB,0.6822
AAA,TVS,0.6496
AAA,VBB,0.6005
AAA,VCG,0.6639
AAA,VCI,0.7338
AAA,VCS,0.6286
AAA,VGC,0.6358
AAA,VGS,0.6917
AAA,VGT,0.6689
AAA,VHC,0.6488
AAA,VHG,0.6005
AAA,VIB,0.7164
AAA,VIX,0.7007
AAA,VLB,0.7163
AAA,VND,0.7443
AAA,VOS,0.6537
AAA,VPB,0.6205
AAA,VPH,0.6541
AAA,WSS,0.6882
AAM,HTG,0.6041
AAS,ABB,0.6271
AAS,ACB,0.6491
AAS,AGR,0.6823
AAS,ANV,0.6626
AAS,BAB,0.6086
AAS,BSI,0.6491
AAS,BSR,0.7123
AAS,BVB,0.6315
AAS,C47,0.6051
AAS,CTG,0.6315
AAS,CTS,0.6309
AAS,DAH,0.6025
AAS,DXS,0.6414
AAS,EVS,0.6363
AAS,G36,0.6092
AAS,HCM,0.6753
AAS,HDB,0.6027
AAS,HHV,0.7018
AAS,HPG,0.671
AAS,IPA,0.7329
AAS,KBC,0.611
AAS,LCG,0.6223
AAS,LPB,0.7179
AAS,MBB,0.6717
AAS,MBS,0.7231
AAS,MSB,0.6565
AAS,NAB,0.6303
AAS,NKG,0.6205
AAS,ORS,0.6156
AAS,PAN,0.607
AAS,PSI,0.7035
AAS,SBS,0.7819
AAS,SCR,0.6679
AAS,SHB,0.6979
AAS,SHS,0.7515
AAS,SSI,0.7319
AAS,STB,0.6754
AAS,TCB,0.6501
AAS,TCI,0.6424
AAS,TNT,0.6416
AAS,TPB,0.6047
AAS,TTF,0.6434
AAS,VCI,0.6375
AAS,VDS,0.6327
AAS,VIB,0.6647
AAS,VIX,0.6642
AAS,VND,0.7537
AAS,VPB,0.6158
AAS,WSS,0.7253
AAT,ABS,0.6213
AAT,ACL,0.6039
AAT,ADS,0.6571
AAT,APH,0.6054
AAT,ASM,0.6255
AAT,BAF,0.6283
AAT,BID,0.6038
AAT,BKG,0.6001
AAT,BNA,0.606
AAT,C47,0.6152
AAT,CTG,0.6541
AAT,CTS,0.657
AAT,DBC,0.7202
AAT,DXG,0.6479
AAT,EVE,0.62
AAT,FCN,0.6602
AAT,FIT,0.6762
AAT,HBC,0.6218
AAT,HCD,0.6576
AAT,HCM,0.6822
AAT,HDG,0.6376
AAT,HPG,0.6974
AAT,HSG,0.7135
AAT,HUB,0.6092
AAT,IPA,0.6289
AAT,ITA,0.6125
AAT,KMR,0.6327
AAT,KSB,0.628
AAT,L18,0.6222
AAT,LCG,0.6887
AAT,LGL,0.6011
AAT,LPB,0.6529
AAT,MBB,0.6088
AAT,MBS,0.6554
AAT,MSN,0.6121
AAT,MST,0.6637
AAT,NAF,0.612
AAT,NHA,0.6645
AAT,NKG,0.707
AAT,NT2,0.6375
AAT,PAN,0.617
AAT,PAS,0.6178
AAT,PAT,0.6159
AAT,PVD,0.607
AAT,SCI,0.6131
AAT,SHS,0.6266
AAT,SLS,0.6806
AAT,SSI,0.6824
AAT,STB,0.6225
AAT,TDC,0.64
AAT,TDG,0.6085
AAT,TIG,0.6042
AAT,TLH,0.6648
AAT,TSC,0.646
AAT,TTF,0.6472
AAT,VC2,0.6635
AAT,VCI,0.6516
AAT,VGS,0.6416
AAT,VIB,0.6498
AAT,VIX,0.6616
AAT,VLB,0.661
AAT,X26,-0.6222
AAV,API,0.6439
AAV,APS,0.6232
AAV,CSC,0.627
AAV,DBC,0.6033
AAV,DGT,0.6294
AAV,DTD,0.6173
AAV,IDJ,0.6777
AAV,VCS,0.6619
AAV,VGS,0.6003
ABB,ACB,0.7383
ABB,APS,0.6064
ABB,BAB,0.7682
ABB,BMI,0.656
ABB,BVB,0.8131
ABB,BVS,0.646
ABB,CTG,0.6717
ABB,EIB,0.6378
ABB,FIT,0.6107
ABB,HDB,0.6506
ABB,HDG,0.612
ABB,HHV,0.6215
ABB,HPG,0.6764
ABB,IPA,0.6254
ABB,KDH,0.6002
ABB,LPB,0.7162
ABB,MBB,0.767
ABB,MBS,0.614
ABB,MPC,0.6015
ABB,MSB,0.7083
ABB,NAB,0.6865
ABB,NTC,0.6335
ABB,NVB,0.6363
ABB,OCB,0.7015
ABB,PAN,0.6086
ABB,PSI,0.6429
ABB,SBS,0.702
ABB,SCR,0.6178
ABB,SHB,0.803
ABB,SHS,0.6387
ABB,SSI,0.6433
ABB,STB,0.6283
ABB,TCB,0.706
ABB,TCI,0.6211
ABB,TPB,0.7026
ABB,VAB,0.6475
ABB,VGT,0.6342
ABB,VIB,0.6008
ABB,VND,0.6751
ABB,VPB,0.6391
ABB,WSS,0.6675
ABC,ADP,0.6278
ABC,BDT,0.6095
ABC,BTU,0.6121
ABC,FCS,0.6666
ABC,FIC,0.6583
ABC,HPD,0.6779
ABC,HPT,0.6429
ABC,HSP,0.6139
ABC,PMJ,0.611
ABC,PTH,0.6211
ABC,TDS,0.6984
ABC,TNP,0.6094
ABC,TPS,0.6959
ABC,VIF,0.6101
ABI,ACB,0.6056
ABI,APG,0.6065
ABI,CSC,0.6538
ABI,HPG,0.6507
ABI,PGB,0.6165
ABI,SBS,0.6342
ABI,TCB,0.6063
ABS,ACL,0.6042
ABS,ASM,0.6815
ABS,BAF,0.6743
ABS,BCC,0.6479
ABS,BCE,0.6293
ABS,BMI,0.6063
ABS,BMS,0.6383
ABS,BNW,-0.6212
ABS,BSI,0.6365
ABS,BTS,0.6486
ABS,C4G,0.6266
ABS,CCP,-0.6637
ABS,CIG,0.6218
ABS,CSI,0.6408
ABS,CTS,0.6114
ABS,DAH,0.7128
ABS,DDH,-0.6341
ABS,DID,0.6414
ABS,DL1,0.6403
ABS,DLR,-0.6259
ABS,DSC,0.6087
ABS,DTE,-0.667
ABS,DTG,0.6311
ABS,DUS,-0.6138
ABS,DVW,-0.6806
ABS,FIT,0.7517
ABS,FRT,0.6011
ABS,FTI,-0.6266
ABS,G36,0.6109
ABS,GH3,-0.6886
ABS,HAP,0.6387
ABS,HAR,0.6176
ABS,HAX,0.6016
ABS,HC1,-0.6207
ABS,HCD,0.6397
ABS,HCM,0.6141
ABS,HD6,0.6813
ABS,HHN,-0.6248
ABS,HHV,0.695
ABS,HLA,-0.6118
ABS,HLS,-0.6042
ABS,HNM,0.649
ABS,HQC,0.6403
ABS,HSG,0.6009
ABS,HUB,0.6404
ABS,HVX,0.6108
ABS,IDC,0.6259
ABS,IN4,-0.6323
ABS,IPA,0.632
ABS,KHG,0.7053
ABS,KMR,0.7914
ABS,L18,0.6555
ABS,LCG,0.6549
ABS,LGL,0.6141
ABS,LPB,0.6139
ABS,LQN,-0.6006
ABS,LSS,0.6233
ABS,MBG,0.6289
ABS,MBS,0.6012
ABS,MEF,-0.669
ABS,NAB,0.6254
ABS,NBB,0.6798
ABS,NBC,0.6468
ABS,NHA,0.6359
ABS,NKG,0.6214
ABS,ODE,0.6814
ABS,OGC,0.6116
ABS,PAN,0.6176
ABS,PAT,0.6862
ABS,PBP,0.6425
ABS,PHC,0.6832
ABS,PLP,0.6736
ABS,PPI,-0.6897
ABS,PSI,0.6347
ABS,PSW,0.628
ABS,PTC,0.6909
ABS,PTG,-0.6709
ABS,PTL,0.6053
ABS,SAL,-0.6768
ABS,SBG,0.6039
ABS,SBS,0.6754
ABS,SBT,0.6717
ABS,SCR,0.6925
ABS,SGB,0.6292
ABS,SHA,0.6161
ABS,SHB,0.6413
ABS,SHI,0.6012
ABS,SSF,-0.6274
ABS,SSI,0.6812
ABS,TCI,0.6575
ABS,TGG,0.6668
ABS,TLD,0.6226
ABS,TLH,0.6473
ABS,TSC,0.7536
ABS,TTF,0.7069
ABS,TVB,0.6399
ABS,TVD,0.6376
ABS,TVH,-0.6866
ABS,UMC,-0.6188
ABS,VIB,0.634
ABS,VIG,0.6749
ABS,VMT,-0.6331
ABS,VND,0.6498
ABS,VPH,0.6064
ABS,WSS,0.6328
ABT,ADP,0.6539
ABT,BDT,0.6349
ABT,CCM,0.6584
ABT,CX8,0.6158
ABT,DAC,-0.6296
ABT,DSE,0.6023
ABT,HEP,0.6427
ABT,HPD,0.6333
ABT,HQC,0.6014
ABT,HSG,0.6168
ABT,IN4,-0.6495
ABT,LAF,0.6493
ABT,LAI,0.7093
ABT,LCD,0.6368
ABT,MND,-0.6576
ABT,NBE,0.6129
ABT,NKG,0.608
ABT,PCE,0.6697
ABT,SBG,0.6535
ABT,SKG,0.617
ABT,TAL,0.6176
ABT,VRG,0.6064
ABW,AGR,0.6276
ABW,ASM,0.6378
ABW,BMS,0.6278
ABW,BSI,0.6404
ABW,C4G,0.6431
ABW,CTS,0.6416
ABW,DSE,0.6333
ABW,EVE,0.6092
ABW,EVS,0.6101
ABW,FCN,0.6105
ABW,FIT,0.7108
ABW,GDA,0.7328
ABW,HQC,0.6572
ABW,HSG,0.6062
ABW,HUT,0.6161
ABW,IDI,0.6206
ABW,IN4,-0.6203
ABW,IPA,0.6153
ABW,KMR,0.6132
ABW,LCG,0.6483
ABW,LSS,0.6437
ABW,MBS,0.6007
ABW,MEF,-0.6252
ABW,NHH,0.609
ABW,NKG,0.6026
ABW,PHC,0.6067
ABW,PSI,0.6546
ABW,PTG,-0.6332
ABW,PTL,0.6376
ABW,S99,0.6647
ABW,SBG,0.6668
ABW,SCI,0.6277
ABW,SCR,0.6432
ABW,SHB,0.6134
ABW,SHS,0.604
ABW,SKG,0.6515
ABW,SSI,0.6486
ABW,TAL,0.6728
ABW,TCI,0.6173
ABW,TLH,0.6462
ABW,TNT,0.6348
ABW,TSC,0.7178
ABW,VCI,0.611
ABW,VIG,0.6708
ABW,VIX,0.6109
ABW,VND,0.6212
ABW,WSS,0.6992
ACB,ACG,0.6901
ACB,AGR,0.6363
ACB,ANV,0.6792
ACB,ASM,0.6294
ACB,BAB,0.7014
ACB,BCC,0.6269
ACB,BID,0.789
ACB,BMI,0.7629
ACB,BSI,0.638
ACB,BSR,0.7202
ACB,BVB,0.7454
ACB,BVH,0.6382
ACB,BVS,0.6578
ACB,BWE,0.673
ACB,C4G,0.6081
ACB,CKG,0.6047
ACB,CTG,0.8574
ACB,CTS,0.6005
ACB,DCM,0.6271
ACB,DPG,0.6038
ACB,DPR,0.6297
ACB,DRC,0.6876
ACB,DXG,0.6166
ACB,EIB,0.6466
ACB,EVS,0.6033
ACB,FMC,0.6452
ACB,GIL,0.6458
ACB,GMD,0.6668
ACB,GVR,0.6626
ACB,HAH,0.6413
ACB,HCM,0.725
ACB,HDB,0.6818
ACB,HDC,0.603
ACB,HDG,0.7279
ACB,HHV,0.7004
ACB,HPG,0.8081
ACB,HSG,0.6599
ACB,HT1,0.6476
ACB,IDC,0.6447
ACB,IJC,0.7166
ACB,IPA,0.6443
ACB,KBC,0.6931
ACB,KDH,0.6646
ACB,LCG,0.6366
ACB,LHG,0.6125
ACB,LPB,0.8001
ACB,MBB,0.9062
ACB,MBS,0.6919
ACB,MIG,0.6432
ACB,MSB,0.8411
ACB,MSN,0.7415
ACB,MWG,0.7378
ACB,NAB,0.7269
ACB,NKG,0.643
ACB,OCB,0.773
ACB,PAN,0.7425
ACB,PC1,0.6824
ACB,PET,0.6599
ACB,PHR,0.6123
ACB,PTB,0.6521
ACB,PVD,0.6456
ACB,PVS,0.6632
ACB,PVT,0.6403
ACB,QTP,0.6123
ACB,SBS,0.7209
ACB,SCR,0.6474
ACB,SHB,0.7887
ACB,SHS,0.6875
ACB,SSI,0.7199
ACB,STB,0.7861
ACB,SZC,0.6382
ACB,TCB,0.8402
ACB,TCI,0.645
ACB,TCL,0.6079
ACB,TNG,0.71
ACB,TPB,0.7907
ACB,TTF,0.6064
ACB,TVB,0.6247
ACB,VBB,0.6139
ACB,VCB,0.7148
ACB,VCI,0.6855
ACB,VCS,0.6222
ACB,VGT,0.6407
ACB,VHC,0.6069
ACB,VIB,0.7359
ACB,VND,0.6956
ACB,VPB,0.751
ACC,BCE,0.673
ACC,CFM,-0.6544
ACC,DDH,-0.614
ACC,DIG,0.6102
ACC,GH3,-0.6416
ACC,GTT,-0.6467
ACC,HC1,-0.6249
ACC,IN4,-0.6198
ACC,LQN,-0.6128
ACC,MCP,0.6344
ACC,MRF,-0.6115
ACC,NHA,0.6331
ACC,ODE,0.674
ACC,PTC,0.6165
ACC,SBT,0.607
ACC,SKG,0.609
ACC,SSF,-0.6032
ACC,TNA,0.6406
ACC,UMC,-0.6081
ACC,UPC,-0.6151
ACG,BMI,0.62
ACG,BVB,0.6499
ACG,CTG,0.6647
ACG,DKC,-0.6179
ACG,GDT,0.6291
ACG,GVR,0.633
ACG,HHV,0.6035
ACG,HRB,-0.6676
ACG,LPB,0.6526
ACG,MBB,0.6326
ACG,MCM,0.6425
ACG,NAB,0.6756
ACG,PBC,0.6292
ACG,RAL,0.6092
ACG,SCO,-0.6304
ACG,SGP,0.6001
ACG,SHP,0.6019
ACG,STS,-0.6409
ACG,TAW,-0.6195
ACG,TCB,0.6592
ACG,VCS,0.629
ACG,VEA,0.6067
ACG,VGT,0.6492
ACL,ANV,0.7187
ACL,APH,0.609
ACL,APS,0.6042
ACL,ASM,0.7498
ACL,BCC,0.7091
ACL,BCG,0.6888
ACL,BID,0.6199
ACL,BKG,0.6708
ACL,BMI,0.6613
ACL,BTS,0.676
ACL,BWE,0.6316
ACL,C32,0.6174
ACL,C47,0.6661
ACL,C4G,0.6921
ACL,CCP,-0.6069
ACL,CEO,0.7022
ACL,CFM,-0.6419
ACL,CII,0.6787
ACL,CKG,0.6769
ACL,CMX,0.755
ACL,CNG,0.6624
ACL,CRE,0.6186
ACL,CSC,0.6436
ACL,CTS,0.6455
ACL,DBC,0.6412
ACL,DCM,0.6941
ACL,DGC,0.6841
ACL,DGW,0.6906
ACL,DHA,0.7189
ACL,DIG,0.7216
ACL,DPG,0.6833
ACL,DPM,0.711
ACL,DQC,0.7235
ACL,DRL,0.6437
ACL,DSC,0.6521
ACL,DXG,0.7065
ACL,ECI,0.6053
ACL,ELC,0.6154
ACL,EVE,0.6493
ACL,FCN,0.7248
ACL,FIT,0.7146
ACL,FMC,0.678
ACL,FRT,0.7541
ACL,FTS,0.6527
ACL,G36,0.6791
ACL,GEX,0.68
ACL,GH3,-0.6217
ACL,GTT,-0.6185
ACL,HAG,0.6534
ACL,HAH,0.7023
ACL,HAR,0.6469
ACL,HAX,0.6253
ACL,HC1,-0.6546
ACL,HCM,0.674
ACL,HDC,0.7222
ACL,HDM,0.6185
ACL,HHN,-0.6017
ACL,HII,0.6081
ACL,HLD,0.6877
ACL,HPG,0.6611
ACL,HQC,0.7121
ACL,HSG,0.6947
ACL,HT1,0.6638
ACL,HTG,0.6434
ACL,HUB,0.6551
ACL,HUT,0.7352
ACL,IDC,0.7487
ACL,IDI,0.7595
ACL,IJC,0.6438
ACL,IN4,-0.6646
ACL,ITA,0.692
ACL,JVC,0.6401
ACL,KDM,0.7073
ACL,KMR,0.619
ACL,KSB,0.6555
ACL,L14,0.6509
ACL,L18,0.6026
ACL,LAI,0.6401
ACL,LCG,0.7219
ACL,LDG,0.654
ACL,LGL,0.6607
ACL,LHG,0.6029
ACL,MEF,-0.632
ACL,MIG,0.6475
ACL,NHH,0.6582
ACL,NKG,0.7214
ACL,NLG,0.6226
ACL,NT2,0.7019
ACL,NVT,0.6162
ACL,OCH,0.6961
ACL,OGC,0.714
ACL,PAN,0.612
ACL,PAT,0.6867
ACL,PBP,0.6452
ACL,PC1,0.7229
ACL,PET,0.6962
ACL,PHR,0.6165
ACL,PLP,0.6397
ACL,PSD,0.6431
ACL,PTC,0.6356
ACL,PTG,-0.6348
ACL,PVC,0.6982
ACL,PVD,0.7169
ACL,PVG,0.662
ACL,PVS,0.6564
ACL,PVT,0.656
ACL,REE,0.6315
ACL,SBG,0.6047
ACL,SCR,0.7181
ACL,SHB,0.6194
ACL,SHS,0.6212
ACL,SKG,0.7265
ACL,SSI,0.692
ACL,STB,0.6222
ACL,SZC,0.691
ACL,TCI,0.6431
ACL,THD,0.6634
ACL,TID,0.6481
ACL,TIP,0.6002
ACL,TLD,0.6153
ACL,TNG,0.6452
ACL,TNI,0.6301
ACL,TSC,0.7577
ACL,TTF,0.7219
ACL,TVB,0.6264
ACL,TVC,0.603
ACL,UDJ,0.6287
ACL,VC9,0.6013
ACL,VCG,0.6696
ACL,VCI,0.6836
ACL,VGC,0.7257
ACL,VGS,0.6463
ACL,VHC,0.7141
ACL,VIB,0.6519
ACL,VIG,0.6078
ACL,VIX,0.672
ACL,VND,0.6734
ACL,VNR,0.6332
ACL,VNS,0.6347
ACL,VPH,0.6114
ACL,VSH,0.64
ACM,BBH,0.6628
ACM,BCE,-0.6056
ACM,BGW,0.6822
ACM,BHG,0.7351
ACM,BNW,0.6433
ACM,BSD,0.6652
ACM,BTD,0.6009
ACM,BWA,0.6487
ACM,CBS,-0.6235
ACM,CCP,0.6868
ACM,CFV,0.6293
ACM,CTA,0.7776
ACM,CYC,0.6824
ACM,DAH,-0.6605
ACM,DCT,0.6614
ACM,DDH,0.6895
ACM,DHB,-0.6278
ACM,DLR,0.7768
ACM,DNH,0.6169
ACM,DNM,0.775
ACM,DRL,-0.6105
ACM,DSD,0.6707
ACM,DSG,0.6153
ACM,DTE,0.8391
ACM,DTG,-0.6057
ACM,DUS,0.811
ACM,DVW,0.8006
ACM,DXL,0.744
ACM,DZM,0.654
ACM,FBC,0.7264
ACM,FGL,0.7912
ACM,FHN,0.753
ACM,FIT,-0.6081
ACM,FSO,0.6098
ACM,FTI,0.8253
ACM,FTM,0.7525
ACM,GH3,0.7477
ACM,GMA,0.6512
ACM,GND,0.7366
ACM,GTT,0.6331
ACM,HC1,0.7383
ACM,HD6,-0.6081
ACM,HEC,-0.6348
ACM,HFX,0.616
ACM,HHN,0.614
ACM,HLA,0.6568
ACM,HLS,0.6967
ACM,HNM,-0.6399
ACM,HNP,0.7199
ACM,HOT,0.6018
ACM,IBD,0.7019
ACM,IME,0.733
ACM,IN4,0.6925
ACM,KMR,-0.6645
ACM,LCC,0.6792
ACM,LO5,0.6241
ACM,LQN,0.6672
ACM,MEF,0.6006
ACM,MGR,0.6559
ACM,MPY,0.6694
ACM,MRF,0.6806
ACM,MTB,0.651
ACM,NAC,0.653
ACM,NBB,-0.6455
ACM,ODE,-0.7029
ACM,PCC,0.6021
ACM,PHH,0.7924
ACM,PMW,-0.612
ACM,PPI,0.7199
ACM,PPT,-0.7597
ACM,PSG,0.6689
ACM,PSW,-0.6244
ACM,PTC,-0.6162
ACM,PTG,0.6387
ACM,RBC,0.7209
ACM,RCD,0.6065
ACM,SAL,0.851
ACM,SBG,-0.6308
ACM,SBT,-0.6021
ACM,SCD,0.7292
ACM,SFN,0.6047
ACM,SPH,0.7834
ACM,SSF,0.8059
ACM,STS,0.689
ACM,TBR,0.6521
ACM,TCJ,0.8057
ACM,THN,0.6718
ACM,TMW,0.6214
ACM,TRT,0.684
ACM,TST,0.7014
ACM,TVH,0.8139
ACM,UMC,0.7728
ACM,UPC,0.6167
ACM,VCT,0.712
ACM,VLP,0.6426
ACM,VMT,0.6717
ACM,VTG,0.7093
ACM,VTI,0.7472
ACM,VVN,0.6685
ACM,VXB,0.7811
ACM,VXP,0.7205
ACM,WTC,-0.6323
ACM,XHC,0.6591
ACS,DSD,0.6497
ACS,FBC,0.6463
ACS,GMA,0.6656
ACS,MA1,0.6238
ACS,MTB,0.6195
ACS,POB,0.6754
ACS,PTX,0.622
ACS,PVH,0.6165
ACS,SHI,-0.6168
ACS,VXP,0.6217
ACV,FOC,0.6357
ACV,FOX,0.6793
ACV,VEA,0.6947
ADC,ALT,0.6178
ADC,BGW,-0.6339
ADC,BSR,0.6055
ADC,CT6,0.6428
ADC,DDH,-0.676
ADC,DTI,0.602
ADC,DVW,-0.6393
ADC,FHS,0.6292
ADC,FRM,-0.6981
ADC,GH3,-0.6752
ADC,IDC,0.6073
ADC,MLC,-0.6393
ADC,ODE,0.6108
ADC,PAN,0.6239
ADC,PBP,0.6146
ADC,RBC,-0.6013
ADC,SHB,0.6106
ADC,STS,-0.6056
ADC,STW,-0.6198
ADC,VMT,-0.7095
ADC,VSA,0.6419
ADC,VTG,-0.6181
ADG,AG1,0.6708
ADP,BMF,0.6569
ADP,BTU,0.6953
ADP,CCM,0.6974
ADP,CKD,0.678
ADP,CPC,0.6468
ADP,CX8,0.6767
ADP,DAC,-0.6793
ADP,DFC,0.7161
ADP,DP1,0.6031
ADP,DTP,0.6357
ADP,FIC,0.6734
ADP,HAN,0.6706
ADP,HEP,0.6881
ADP,HMS,0.6403
ADP,HPD,0.7779
ADP,HSP,0.7151
ADP,HTL,0.6216
ADP,HVA,0.6125
ADP,IFS,0.6046
ADP,KGM,0.6011
ADP,KTS,0.7136
ADP,LAF,0.7131
ADP,LAI,0.6392
ADP,MND,-0.6151
ADP,NBE,0.6136
ADP,PCE,0.7501
ADP,PMS,0.6255
ADP,PPY,0.6187
ADP,PRE,0.6148
ADP,RTB,0.6051
ADP,SBD,0.606
ADP,TDS,0.6638
ADP,TMB,0.6332
ADP,TUG,0.6724
ADP,VE2,-0.6331
ADP,VE4,-0.6819
ADP,VIF,0.6117
ADP,VRG,0.6227
ADP,VSM,0.6655
ADP,VTZ,0.6732
ADS,AGR,0.6362
ADS,ASM,0.6125
ADS,BMI,0.613
ADS,BMS,0.6344
ADS,BNA,0.6084
ADS,BSI,0.6623
ADS,BVS,0.6055
ADS,C4G,0.6015
ADS,CCL,0.6186
ADS,CKG,0.6525
ADS,CMX,0.616
ADS,CSC,0.6327
ADS,CTS,0.6564
ADS,DBC,0.7226
ADS,DPG,0.6396
ADS,DTD,0.6811
ADS,DXG,0.6159
ADS,ELC,0.6408
ADS,FCN,0.6341
ADS,FTS,0.6509
ADS,GDA,0.6071
ADS,GEG,0.6257
ADS,GIL,0.6739
ADS,HCD,0.6156
ADS,HCM,0.6764
ADS,HDC,0.6072
ADS,HDG,0.6104
ADS,HPG,0.6602
ADS,HSG,0.7305
ADS,KSB,0.6508
ADS,LCG,0.6341
ADS,LHG,0.6546
ADS,LPB,0.6398
ADS,LSS,0.6589
ADS,MBS,0.6807
ADS,MSN,0.6352
ADS,NHA,0.6677
ADS,NKG,0.673
ADS,RAL,0.6329
ADS,SBT,0.6603
ADS,SHS,0.6194
ADS,SLS,0.6442
ADS,SSI,0.6486
ADS,SZC,0.692
ADS,TDC,0.6
ADS,TIP,0.6413
ADS,TLH,0.6504
ADS,TNG,0.632
ADS,VCI,0.6893
ADS,VGS,0.6212
ADS,VIB,0.6231
ADS,VLB,0.6902
ADS,VLC,0.6096
AG1,PRE,0.6177
AGF,CLW,0.6168
AGF,EFI,0.6273
AGM,BCB,0.6635
AGM,BCR,0.7433
AGM,BHH,0.6673
AGM,C21,0.6042
AGM,CMI,0.6087
AGM,CVN,0.6141
AGM,DKG,0.7335
AGM,DNL,0.6479
AGM,DTC,0.646
AGM,DVT,0.6513
AGM,GMC,0.6313
AGM,HGM,-0.6494
AGM,HLO,0.6149
AGM,HMD,0.7196
AGM,IRC,0.7391
AGM,L62,0.628
AGM,LDW,0.7602
AGM,LNC,0.7709
AGM,MQB,0.813
AGM,PCG,0.668
AGM,TAB,0.7965
AGM,TCK,0.7476
AGM,TD6,-0.6191
AGM,VMK,0.6732
AGM,VPL,-0.6254
AGM,VUA,0.6481
AGR,ANV,0.7326
AGR,APH,0.6205
AGR,APS,0.6792
AGR,ASM,0.7449
AGR,BCC,0.642
AGR,BCG,0.6176
AGR,BID,0.6193
AGR,BKG,0.6577
AGR,BMI,0.6539
AGR,BMS,0.7654
AGR,BSI,0.867
AGR,BSR,0.6354
AGR,BVS,0.7979
AGR,C4G,0.6839
AGR,CCL,0.6249
AGR,CEO,0.6199
AGR,CMX,0.6666
AGR,CSI,0.6405
AGR,CTG,0.6543
AGR,CTS,0.8966
AGR,DBC,0.6834
AGR,DCM,0.6679
AGR,DGC,0.6314
AGR,DGW,0.7307
AGR,DIG,0.6679
AGR,DPG,0.7173
AGR,DPM,0.6399
AGR,DTD,0.6584
AGR,DXG,0.7307
AGR,DXP,0.6243
AGR,DXS,0.6941
AGR,ELC,0.668
AGR,EVS,0.675
AGR,FCN,0.7163
AGR,FIT,0.6966
AGR,FMC,0.642
AGR,FRT,0.6143
AGR,FTS,0.8219
AGR,G36,0.6173
AGR,GEG,0.6164
AGR,GEX,0.6336
AGR,GIL,0.6926
AGR,GVR,0.6751
AGR,HAH,0.6464
AGR,HCD,0.6194
AGR,HCM,0.8484
AGR,HDC,0.7128
AGR,HDG,0.6728
AGR,HHS,0.6078
AGR,HHV,0.6949
AGR,HPG,0.7037
AGR,HQC,0.6494
AGR,HSG,0.7403
AGR,HT1,0.612
AGR,HUT,0.6093
AGR,IDC,0.6627
AGR,IDI,0.6591
AGR,IJC,0.7865
AGR,IPA,0.7231
AGR,IVS,0.7502
AGR,KBC,0.7365
AGR,KDH,0.6029
AGR,KHG,0.6432
AGR,KSB,0.6999
AGR,LCG,0.765
AGR,LHG,0.6798
AGR,LPB,0.7517
AGR,LSS,0.6658
AGR,MBB,0.6796
AGR,MBS,0.8473
AGR,MSB,0.7191
AGR,MSN,0.6407
AGR,MWG,0.673
AGR,NDN,0.6802
AGR,NHA,0.7185
AGR,NHH,0.6904
AGR,NKG,0.7477
AGR,NLG,0.6568
AGR,NTL,0.6326
AGR,OCB,0.6173
AGR,ORS,0.7026
AGR,PAN,0.7135
AGR,PC1,0.7178
AGR,PET,0.6738
AGR,PHC,0.627
AGR,PHR,0.6011
AGR,PSI,0.7971
AGR,PTB,0.6
AGR,PVD,0.6497
AGR,PVS,0.6231
AGR,PVT,0.6833
AGR,QTP,0.6198
AGR,S99,0.6779
AGR,SBS,0.7597
AGR,SBT,0.6771
AGR,SCR,0.7112
AGR,SGT,0.6061
AGR,SHB,0.7109
AGR,SHS,0.8296
AGR,SKG,0.6314
AGR,SSI,0.8481
AGR,STB,0.6617
AGR,SZC,0.7379
AGR,TCB,0.6829
AGR,TCH,0.6884
AGR,TCI,0.7475
AGR,TDC,0.6074
AGR,TIP,0.6762
AGR,TLH,0.7328
AGR,TNG,0.7284
AGR,TNT,0.6776
AGR,TPB,0.6657
AGR,TSC,0.6316
AGR,TTF,0.673
AGR,TVB,0.727
AGR,TVS,0.6436
AGR,VCG,0.6341
AGR,VCI,0.8521
AGR,VDS,0.8009
AGR,VGC,0.609
AGR,VGS,0.7172
AGR,VHC,0.6194
AGR,VIB,0.746
AGR,VIG,0.6967
AGR,VIX,0.7947
AGR,VLB,0.6409
AGR,VND,0.7988
AGR,VOS,0.6564
AGR,VPB,0.6057
AGR,VPH,0.6066
AGR,WSS,0.7542
AIG,AMP,0.6573
AIG,AMV,-0.6366
AIG,ARM,0.6019
AIG,BCB,-0.6573
AIG,BCR,-0.6901
AIG,BGE,-0.6557
AIG,BHH,-0.6356
AIG,BTH,0.6522
AIG,C21,-0.6082
AIG,CDG,-0.6078
AIG,CVN,-0.7186
AIG,CX8,0.6849
AIG,DKG,-0.6895
AIG,DNH,-0.6259
AIG,DNL,-0.6381
AIG,DTC,-0.6189
AIG,DVG,-0.7407
AIG,DVT,-0.6378
AIG,GMC,-0.7456
AIG,HMD,-0.6543
AIG,HTL,0.618
AIG,HTP,-0.6555
AIG,IN4,-0.6431
AIG,IRC,-0.7972
AIG,KHD,-0.6034
AIG,KHS,0.6501
AIG,L62,-0.6934
AIG,LDW,-0.7325
AIG,LM7,-0.7056
AIG,LNC,-0.7271
AIG,LSS,0.6026
AIG,MND,-0.6775
AIG,MPY,-0.6697
AIG,MQB,-0.7403
AIG,MRF,-0.6545
AIG,MTS,0.6246
AIG,NAC,-0.6519
AIG,NVP,-0.8927
AIG,QBS,-0.7052
AIG,RYG,0.841
AIG,S72,0.6802
AIG,SCD,-0.6673
AIG,SD4,-0.663
AIG,SGC,0.6045
AIG,SPD,0.6662
AIG,SRA,-0.7182
AIG,TAB,-0.6503
AIG,TB8,-0.691
AIG,TCK,-0.667
AIG,TD6,0.6025
AIG,THN,-0.6594
AIG,UXC,-0.8085
AIG,VDG,-0.7927
AIG,VE8,-0.7365
AIG,VIR,-0.6378
AIG,VMK,-0.6293
AIG,VPL,0.6473
AIG,VPR,0.6476
AIG,VUA,-0.7751
AIG,WSB,-0.6854
ALT,QCC,0.653
ALT,TNW,0.6331
ALV,BAF,0.6311
ALV,CMN,0.6152
ALV,CNN,0.6294
ALV,CSI,0.656
ALV,CTW,0.6142
ALV,DDH,-0.6479
ALV,DSC,0.6066
ALV,DTG,0.6362
ALV,DTI,0.6015
ALV,DVW,-0.6573
ALV,FHS,0.6222
ALV,FTI,-0.6524
ALV,GH3,-0.6568
ALV,HC1,-0.6595
ALV,HEC,0.6403
ALV,HNM,0.69
ALV,HNP,-0.6127
ALV,LQN,-0.6309
ALV,MDC,0.6143
ALV,NBC,0.6333
ALV,PBP,0.6762
ALV,PMW,0.6099
ALV,RBC,-0.6404
ALV,SAL,-0.632
ALV,STW,-0.6284
ALV,TCJ,-0.6729
ALV,TGG,0.6033
ALV,TOT,0.6163
ALV,TVH,-0.6027
ALV,UMC,-0.6242
ALV,VHF,-0.6478
ALV,VMT,-0.6012
AMC,GCB,0.6064
AMC,KGM,0.615
AMC,TNW,0.6228
AMC,VSM,0.6192
AME,QBS,0.6235
AMP,BDW,0.6004
AMP,BMV,0.7361
AMP,BT1,0.6306
AMP,BTH,0.6166
AMP,CMD,0.623
AMP,DHB,0.6342
AMP,DVG,-0.6201
AMP,HLY,0.659
AMP,HTP,-0.6033
AMP,IN4,-0.6755
AMP,IRC,-0.6046
AMP,KHS,0.6292
AMP,L40,0.6441
AMP,L62,-0.6299
AMP,LAI,0.6436
AMP,LCD,0.7062
AMP,LDW,-0.6048
AMP,LMI,0.6474
AMP,MND,-0.8018
AMP,MPY,-0.7517
AMP,MTS,0.6332
AMP,NAW,0.6871
AMP,NGC,0.7548
AMP,NNT,0.6213
AMP,NTF,0.6052
AMP,NVP,-0.6558
AMP,PAP,0.6626
AMP,PCF,0.6653
AMP,PIV,0.6895
AMP,PNP,0.6088
AMP,RYG,0.6221
AMP,SCD,-0.6907
AMP,SGC,0.6768
AMP,SP2,0.6067
AMP,TH1,0.6448
AMP,THN,-0.6174
AMP,TSD,0.6644
AMP,TVA,0.7108
AMP,VDG,-0.603
AMP,VPC,0.6597
AMP,VPR,0.6737
AMP,VSF,0.6049
AMP,VTH,0.663
AMP,VUA,-0.6087
AMS,ANV,0.6011
AMS,APG,0.6467
AMS,BAF,0.6022
AMS,BCC,0.7381
AMS,BMI,0.6688
AMS,BNW,-0.6118
AMS,BTS,0.7761
AMS,C4G,0.6833
AMS,CMX,0.6351
AMS,CSC,0.6165
AMS,CST,0.6083
AMS,DAH,0.6472
AMS,FIT,0.6156
AMS,G36,0.6017
AMS,GDA,0.6276
AMS,GEG,0.6275
AMS,GSP,0.6524
AMS,HAH,0.6573
AMS,HAP,0.6567
AMS,HQC,0.6106
AMS,HSG,0.6176
AMS,HT1,0.6745
AMS,HTG,0.6625
AMS,IJC,0.6227
AMS,KMR,0.6031
AMS,KSB,0.6088
AMS,LAI,0.6039
AMS,LCG,0.6363
AMS,LSS,0.6158
AMS,MDC,0.607
AMS,NBC,0.6941
AMS,NKG,0.6211
AMS,PAN,0.6574
AMS,PCE,0.6097
AMS,PPH,0.6523
AMS,PVP,0.6215
AMS,QNC,0.6099
AMS,QTP,0.6238
AMS,SBT,0.611
AMS,SCR,0.6138
AMS,TDG,0.6158
AMS,THT,0.6656
AMS,TNG,0.6657
AMS,TSC,0.6042
AMS,TTA,0.6521
AMS,TVD,0.6997
AMS,TVT,0.6069
AMS,VGT,0.624
AMS,VIG,0.6423
AMS,VNL,0.6393
AMS,VNR,0.61
AMS,VTZ,0.6047
AMV,ARM,-0.6267
AMV,BCR,0.6675
AMV,BHH,0.6104
AMV,BTH,-0.6128
AMV,CVN,0.7413
AMV,DC1,0.6064
AMV,DKG,0.6428
AMV,DTC,0.684
AMV,DVG,0.7197
AMV,EME,-0.6091
AMV,GMC,0.7282
AMV,HMD,0.6084
AMV,IRC,0.7387
AMV,L62,0.6044
AMV,LCM,0.6338
AMV,LDW,0.6353
AMV,LNC,0.6433
AMV,MQB,0.6443
AMV,NVP,0.6979
AMV,QBS,0.6699
AMV,RYG,-0.6405
AMV,SPD,-0.6293
AMV,SRA,0.7349
AMV,TCK,0.6631
AMV,UXC,0.7046
AMV,VDG,0.637
AMV,VIR,0.6018
AMV,VMK,0.6264
AMV,VUA,0.6671
ANT,C4G,0.6337
ANT,CSC,0.6188
ANT,L14,0.6252
ANV,APH,0.6205
ANV,APS,0.6621
ANV,ASM,0.7695
ANV,BCC,0.7949
ANV,BCG,0.7302
ANV,BID,0.6726
ANV,BKG,0.6123
ANV,BMI,0.7225
ANV,BMS,0.6155
ANV,BSI,0.756
ANV,BSR,0.7487
ANV,BTS,0.6802
ANV,BVS,0.6628
ANV,C47,0.6767
ANV,C4G,0.7574
ANV,CEO,0.7161
ANV,CII,0.6567
ANV,CKG,0.7403
ANV,CMX,0.7274
ANV,CRC,0.6141
ANV,CSC,0.7017
ANV,CTG,0.7188
ANV,CTS,0.7997
ANV,DAH,0.6464
ANV,DBC,0.7042
ANV,DCM,0.7577
ANV,DGC,0.6243
ANV,DGW,0.725
ANV,DHA,0.6504
ANV,DIG,0.704
ANV,DLG,0.6022
ANV,DPG,0.7479
ANV,DPM,0.7338
ANV,DQC,0.6904
ANV,DRC,0.6122
ANV,DSC,0.6339
ANV,DXG,0.7492
ANV,DXS,0.7189
ANV,ELC,0.6643
ANV,EVS,0.7025
ANV,FCN,0.7327
ANV,FIT,0.6743
ANV,FMC,0.7399
ANV,FRT,0.7217
ANV,FTS,0.7421
ANV,G36,0.6875
ANV,GEG,0.7195
ANV,GEX,0.6766
ANV,GIL,0.7203
ANV,GMD,0.7144
ANV,GVR,0.6531
ANV,HAH,0.8289
ANV,HAP,0.6003
ANV,HAX,0.6692
ANV,HCM,0.8552
ANV,HDC,0.7454
ANV,HDG,0.7732
ANV,HHS,0.6069
ANV,HHV,0.7165
ANV,HPG,0.7737
ANV,HQC,0.709
ANV,HSG,0.791
ANV,HT1,0.7611
ANV,HTG,0.6571
ANV,HUT,0.7393
ANV,IDC,0.769
ANV,IDI,0.7727
ANV,IJC,0.7423
ANV,IPA,0.7408
ANV,JVC,0.6873
ANV,KBC,0.739
ANV,KDH,0.6082
ANV,KHG,0.6802
ANV,KSB,0.7353
ANV,L14,0.6862
ANV,L18,0.6082
ANV,LCG,0.7594
ANV,LHG,0.7335
ANV,LIG,0.6741
ANV,LPB,0.7684
ANV,MBB,0.7093
ANV,MBS,0.8232
ANV,MIG,0.669
ANV,MPC,0.6735
ANV,MSB,0.6651
ANV,MSH,0.6611
ANV,MSN,0.7405
ANV,MWG,0.628
ANV,NBC,0.6352
ANV,NHA,0.6257
ANV,NHH,0.6543
ANV,NKG,0.7836
ANV,NLG,0.6455
ANV,NT2,0.7257
ANV,OCB,0.6798
ANV,OCH,0.6248
ANV,OGC,0.6453
ANV,ORS,0.6315
ANV,PAN,0.7855
ANV,PAT,0.626
ANV,PC1,0.807
ANV,PET,0.7513
ANV,PHR,0.6994
ANV,PLC,0.7137
ANV,POW,0.6364
ANV,PSI,0.7608
ANV,PTB,0.6459
ANV,PVC,0.7345
ANV,PVD,0.7414
ANV,PVP,0.6197
ANV,PVS,0.7669
ANV,PVT,0.7642
ANV,REE,0.6871
ANV,SBS,0.7706
ANV,SBT,0.6541
ANV,SCR,0.7983
ANV,SHB,0.733
ANV,SHS,0.8359
ANV,SKG,0.6223
ANV,SSI,0.8484
ANV,STB,0.7326
ANV,SZC,0.7986
ANV,TCB,0.6591
ANV,TCH,0.6459
ANV,TCI,0.6884
ANV,TCM,0.6189
ANV,TEG,0.636
ANV,THD,0.6353
ANV,THG,0.6011
ANV,TIG,0.6355
ANV,TIP,0.6091
ANV,TLH,0.7036
ANV,TNG,0.8253
ANV,TNT,0.6064
ANV,TPB,0.6763
ANV,TSC,0.6265
ANV,TTF,0.6515
ANV,TVB,0.6207
ANV,VCG,0.6957
ANV,VCI,0.823
ANV,VDS,0.6922
ANV,VGC,0.7044
ANV,VGS,0.7621
ANV,VGT,0.6353
ANV,VHC,0.7761
ANV,VIB,0.7502
ANV,VIG,0.6829
ANV,VIX,0.7502
ANV,VLB,0.6454
ANV,VMT,-0.6001
ANV,VND,0.798
ANV,VOS,0.6986
ANV,VPB,0.6874
ANV,VSH,0.6451
ANV,WSS,0.6823
APF,C32,0.6414
APF,C4G,0.6068
APF,CLH,0.6779
APF,DSN,0.6007
APF,HDB,0.6627
APF,IDV,0.6091
APF,NDX,0.6051
APF,PGC,0.6508
APF,QTP,0.6416
APF,SD5,0.646
APG,BAF,0.6065
APG,BCC,0.6507
APG,BMC,0.6271
APG,BMS,0.6632
APG,BTS,0.649
APG,C4G,0.6907
APG,CKG,0.6045
APG,CMX,0.6173
APG,CNG,0.6117
APG,CSC,0.6373
APG,DAH,0.6431
APG,DDV,0.613
APG,FCM,0.6083
APG,FMC,0.6092
APG,FTS,0.6041
APG,GEG,0.6376
APG,GSP,0.6694
APG,HAP,0.6271
APG,HBC,0.6073
APG,HSG,0.6268
APG,IPA,0.6034
APG,KSB,0.6295
APG,L18,0.6304
APG,LCG,0.6204
APG,MVC,0.6317
APG,NBC,0.6666
APG,NED,0.6137
APG,NKG,0.618
APG,PAN,0.6398
APG,PHC,0.6594
APG,PSI,0.6397
APG,PVP,0.623
APG,SBS,0.607
APG,SBT,0.6365
APG,SGT,0.6134
APG,SHA,0.609
APG,TCI,0.621
APG,TDC,0.635
APG,TDG,0.6357
APG,TDH,0.6046
APG,THT,0.6125
APG,TLH,0.6476
APG,TOS,0.6425
APG,TTA,0.6591
APG,TVD,0.6573
APG,VGS,0.6515
APG,VIG,0.654
APH,APS,0.6042
APH,ASM,0.7022
APH,BAF,0.6626
APH,BCC,0.6311
APH,BIC,0.6176
APH,BKG,0.6003
APH,BMI,0.6882
APH,BMS,0.6384
APH,BSI,0.6266
APH,BTS,0.6394
APH,BVS,0.6767
APH,BWE,0.7171
APH,C4G,0.6155
APH,CCL,0.7164
APH,CLX,0.6093
APH,CMX,0.7484
APH,CNG,0.7084
APH,CSC,0.6672
APH,CTG,0.6102
APH,CTS,0.6407
APH,DBC,0.6517
APH,DCM,0.6143
APH,DPG,0.6659
APH,DPM,0.6418
APH,DRC,0.6093
APH,DXG,0.6065
APH,ELC,0.6739
APH,FIT,0.6148
APH,FTS,0.669
APH,GEG,0.6489
APH,GIL,0.6387
APH,HAH,0.6115
APH,HAX,0.7106
APH,HCD,0.6061
APH,HCM,0.6469
APH,HDG,0.6437
APH,HSG,0.6612
APH,IJC,0.6126
APH,ITD,0.6272
APH,LAS,0.6409
APH,LCG,0.6281
APH,LHG,0.7034
APH,LPB,0.7295
APH,LSS,0.7067
APH,MBB,0.629
APH,MBS,0.6365
APH,MIG,0.7538
APH,NAF,0.652
APH,NHA,0.6617
APH,NHH,0.6257
APH,NKG,0.6522
APH,NT2,0.605
APH,PAN,0.6242
APH,PAT,0.6054
APH,PBP,0.6201
APH,PC1,0.6232
APH,POW,0.6034
APH,PTB,0.6251
APH,PVP,0.6416
APH,QTP,0.6227
APH,RAL,0.6121
APH,REE,0.6975
APH,SBS,0.6051
APH,SBT,0.6973
APH,SCR,0.6086
APH,SGP,0.6016
APH,SGT,0.6265
APH,SKG,0.6547
APH,SSI,0.6103
APH,TIG,0.6082
APH,TLH,0.6088
APH,TNG,0.6498
APH,TNH,0.662
APH,TSC,0.6524
APH,TVB,0.6535
APH,VCI,0.6195
APH,VCS,0.6098
APH,VGS,0.6518
APH,VIB,0.6135
APH,VLB,0.6003
APH,VLC,0.6213
APH,VOS,0.6487
APH,VSH,0.6297
API,APS,0.8097
API,CSC,0.6882
API,DPG,0.6024
API,IDJ,0.854
API,NHA,0.6001
API,TIG,0.6257
APL,AVF,0.6329
APL,DP2,0.6907
APL,HSA,0.678
APL,HTT,0.6527
APL,NOS,0.641
APL,PTE,0.652
APL,S12,0.6441
APL,STT,0.7237
APL,THS,0.6471
APS,ASM,0.6976
APS,BAF,0.6119
APS,BCC,0.6824
APS,BCG,0.6493
APS,BMI,0.6503
APS,BMS,0.6658
APS,BSI,0.6172
APS,BTS,0.6002
APS,BVS,0.6709
APS,C4G,0.6943
APS,CCL,0.6343
APS,CEO,0.7134
APS,CKG,0.6902
APS,CMX,0.725
APS,CSC,0.7561
APS,CTI,0.6041
APS,CTS,0.745
APS,DBC,0.6057
APS,DGW,0.6041
APS,DIG,0.7058
APS,DPG,0.7344
APS,DTD,0.682
APS,DXG,0.66
APS,DXS,0.6047
APS,EVG,0.6289
APS,FCN,0.6758
APS,FIT,0.6701
APS,FTS,0.6341
APS,G36,0.6708
APS,GEG,0.6028
APS,GIL,0.6062
APS,HAR,0.6339
APS,HAX,0.6617
APS,HCM,0.6612
APS,HDC,0.7141
APS,HDG,0.6027
APS,HPG,0.6004
APS,HQC,0.6997
APS,HSG,0.6188
APS,HT1,0.6262
APS,HUT,0.6163
APS,IDC,0.6668
APS,IDI,0.6815
APS,IDJ,0.8965
APS,IJC,0.6517
APS,IPA,0.6576
APS,ITC,0.6095
APS,IVS,0.719
APS,KHG,0.6122
APS,KMR,0.6217
APS,KSB,0.6128
APS,L14,0.6643
APS,L18,0.6203
APS,LCG,0.6815
APS,LDG,0.6755
APS,LGL,0.6118
APS,LIG,0.7012
APS,LPB,0.6679
APS,LSS,0.6189
APS,MBS,0.6516
APS,NDN,0.6735
APS,NHA,0.7419
APS,NKG,0.6236
APS,NLG,0.6225
APS,PAN,0.6098
APS,PFL,0.6422
APS,PHC,0.6279
APS,PSI,0.7054
APS,PXL,0.6616
APS,S99,0.6252
APS,SAM,0.6584
APS,SBS,0.6469
APS,SBT,0.639
APS,SCR,0.6886
APS,SD9,0.6003
APS,SGT,0.6276
APS,SHB,0.6807
APS,SHS,0.6475
APS,SKG,0.6257
APS,SSI,0.655
APS,SZC,0.6263
APS,TCI,0.7011
APS,TDC,0.6692
APS,TIG,0.6879
APS,TLH,0.62
APS,TNG,0.6168
APS,TSC,0.6242
APS,TTF,0.6457
APS,TVB,0.6387
APS,VCI,0.6525
APS,VGS,0.6535
APS,VGT,0.605
APS,VHG,0.6137
APS,VIG,0.6781
APS,VIX,0.6562
APS,VLB,0.6045
APS,VND,0.6544
APS,VPH,0.6449
APS,WSS,0.7179
APT,BBH,0.6987
APT,BGW,0.7237
APT,BHC,0.6119
APT,BHG,0.7619
APT,BMD,0.7388
APT,BSD,0.7356
APT,BWA,0.6231
APT,BXH,0.6208
APT,CCT,0.6964
APT,CCV,0.7238
APT,CH5,0.6965
APT,CMW,0.6466
APT,CT3,0.6227
APT,CTA,0.7978
APT,CYC,0.7643
APT,DAN,0.6264
APT,DCH,0.7542
APT,DDH,0.6705
APT,DKC,0.8238
APT,DLD,0.6109
APT,DLR,0.753
APT,DNA,0.7333
APT,DNT,0.6318
APT,DSD,0.7407
APT,DTE,0.6062
APT,DUS,0.759
APT,DVW,0.7216
APT,FBC,0.7915
APT,FCC,0.7827
APT,FHN,0.6406
APT,FTI,0.6959
APT,GMA,0.6988
APT,HCI,0.8957
APT,HGT,0.6453
APT,HKB,0.7219
APT,HMG,0.7186
APT,HNP,0.6033
APT,HPM,0.6007
APT,IBD,0.6124
APT,IME,0.6689
APT,LAW,0.6049
APT,MGR,0.6458
APT,MIE,0.7412
APT,MTB,0.698
APT,NQB,0.7093
APT,NQN,0.6363
APT,PHH,0.6459
APT,PID,0.6677
APT,PLE,0.7001
APT,PMJ,0.7403
APT,POB,0.6502
APT,PSG,0.6089
APT,PTH,0.6856
APT,PVY,0.6134
APT,QNU,0.8157
APT,QST,0.6701
APT,SAL,0.7097
APT,SCG,-0.6857
APT,SFN,0.6342
APT,SHI,-0.6192
APT,SPH,0.7591
APT,SSF,0.632
APT,STS,0.8103
APT,TAW,0.6339
APT,TOW,0.6569
APT,TST,0.6413
APT,TVG,0.8605
APT,TVH,0.699
APT,UCT,0.6741
APT,UDL,0.749
APT,UMC,0.6495
APT,USC,0.6598
APT,VCM,0.6295
APT,VCT,0.6451
APT,VHH,0.6423
APT,VIE,0.6485
APT,VTG,0.8299
APT,VVN,0.6779
APT,VXB,0.6898
APT,VXP,0.6319
APT,XDH,0.6378
APT,XPH,0.6163
ARM,BCR,-0.6959
ARM,CAR,-0.6052
ARM,CDC,-0.7005
ARM,CJC,0.7452
ARM,DCS,0.6658
ARM,DKG,-0.7124
ARM,EFI,0.6139
ARM,EME,0.6477
ARM,GMC,-0.7488
ARM,HMD,-0.6303
ARM,IRC,-0.7033
ARM,ISG,0.6481
ARM,LNC,-0.6543
ARM,MA1,0.6159
ARM,MQB,-0.6609
ARM,MTS,0.7263
ARM,NVP,-0.6972
ARM,PCG,-0.6008
ARM,QBS,-0.6062
ARM,SPD,0.7785
ARM,TCK,-0.6854
ARM,TD6,0.6855
ARM,TVM,0.6836
ARM,UXC,-0.6522
ARM,VBH,0.6123
ARM,VDG,-0.6525
ARM,VPR,0.6353
ARM,VTQ,0.6667
ARM,VUA,-0.6341
ARM,VVS,0.6321
ARM,X20,0.6222
ASG,DAC,-0.6451
ASM,BAF,0.6911
ASM,BCC,0.8063
ASM,BCE,0.6499
ASM,BCG,0.6607
ASM,BFC,0.6662
ASM,BID,0.6728
ASM,BKG,0.7353
ASM,BMI,0.7114
ASM,BMS,0.6906
ASM,BNW,-0.6378
ASM,BSI,0.7595
ASM,BTP,0.6688
ASM,BTS,0.7418
ASM,BVS,0.7116
ASM,BWE,0.618
ASM,C47,0.7055
ASM,C4G,0.7873
ASM,CCL,0.6869
ASM,CEO,0.7122
ASM,CII,0.6691
ASM,CKG,0.7698
ASM,CLX,0.603
ASM,CMX,0.8435
ASM,CNG,0.7365
ASM,CRC,0.6393
ASM,CSC,0.7147
ASM,CSI,0.6712
ASM,CTD,0.6177
ASM,CTG,0.6724
ASM,CTI,0.7145
ASM,CTS,0.7818
ASM,D2D,0.6235
ASM,DAH,0.6899
ASM,DBC,0.6692
ASM,DCM,0.7817
ASM,DDV,0.6765
ASM,DGC,0.6589
ASM,DGW,0.7519
ASM,DHA,0.6855
ASM,DID,0.6153
ASM,DIG,0.755
ASM,DL1,0.6041
ASM,DLG,0.6208
ASM,DPG,0.7556
ASM,DPM,0.7703
ASM,DPR,0.6391
ASM,DQC,0.7087
ASM,DRC,0.7359
ASM,DRI,0.6875
ASM,DSC,0.6577
ASM,DSE,0.6128
ASM,DTD,0.6138
ASM,DVW,-0.6239
ASM,DXG,0.7211
ASM,DXP,0.6285
ASM,ELC,0.7543
ASM,EVE,0.7004
ASM,EVS,0.6148
ASM,FCN,0.7777
ASM,FIT,0.7714
ASM,FMC,0.7913
ASM,FRT,0.7778
ASM,FSO,-0.6202
ASM,FTS,0.7602
ASM,G36,0.7265
ASM,GEG,0.7434
ASM,GEX,0.6407
ASM,GH3,-0.6826
ASM,GIL,0.7027
ASM,GMD,0.6907
ASM,GTT,-0.6409
ASM,GVR,0.6296
ASM,HAG,0.6695
ASM,HAH,0.7486
ASM,HAP,0.6263
ASM,HAR,0.7055
ASM,HAX,0.7137
ASM,HBC,0.6316
ASM,HC1,-0.6896
ASM,HCD,0.7334
ASM,HCM,0.7733
ASM,HDC,0.7195
ASM,HDG,0.6411
ASM,HDM,0.626
ASM,HEP,0.6411
ASM,HHS,0.6501
ASM,HHV,0.6946
ASM,HLA,-0.61
ASM,HLD,0.6364
ASM,HLS,-0.6525
ASM,HNM,0.6186
ASM,HOT,-0.6361
ASM,HPG,0.6954
ASM,HQC,0.8042
ASM,HSG,0.7582
ASM,HT1,0.6948
ASM,HTG,0.6895
ASM,HUB,0.7972
ASM,HUT,0.7405
ASM,IDC,0.8155
ASM,IDI,0.8595
ASM,IDJ,0.6621
ASM,IJC,0.7315
ASM,IN4,-0.6982
ASM,IPA,0.7208
ASM,ITA,0.6593
ASM,ITC,0.6725
ASM,IVS,0.6791
ASM,JVC,0.675
ASM,KBC,0.7105
ASM,KHG,0.6833
ASM,KMR,0.7642
ASM,KSB,0.7692
ASM,L14,0.6531
ASM,L18,0.7507
ASM,LAS,0.7309
ASM,LCG,0.8359
ASM,LDG,0.6171
ASM,LGL,0.6129
ASM,LHC,0.6544
ASM,LHG,0.801
ASM,LIG,0.7137
ASM,LPB,0.7385
ASM,LQN,-0.627
ASM,LSS,0.7326
ASM,MBB,0.6747
ASM,MBG,0.6107
ASM,MBS,0.714
ASM,MDC,0.6028
ASM,MIG,0.61
ASM,MPY,-0.6304
ASM,MSB,0.6333
ASM,MSN,0.7293
ASM,NAB,0.6201
ASM,NAC,-0.6464
ASM,NAF,0.6556
ASM,NBB,0.71
ASM,NBC,0.6985
ASM,NDN,0.6668
ASM,NED,0.682
ASM,NHA,0.7527
ASM,NHH,0.7719
ASM,NKG,0.7662
ASM,NLG,0.6325
ASM,NT2,0.6949
ASM,NVB,0.6102
ASM,OCB,0.6181
ASM,OCH,0.6225
ASM,ODE,0.6758
ASM,OGC,0.7387
ASM,PAN,0.7844
ASM,PAT,0.6561
ASM,PBP,0.6993
ASM,PC1,0.7318
ASM,PET,0.696
ASM,PGC,0.6039
ASM,PGD,0.6047
ASM,PHC,0.7401
ASM,PHR,0.7193
ASM,PLC,0.6723
ASM,PMB,0.6123
ASM,POW,0.6277
ASM,PPH,0.6296
ASM,PPI,-0.6004
ASM,PSD,0.6107
ASM,PSI,0.7345
ASM,PSW,0.6398
ASM,PTB,0.7015
ASM,PTC,0.6959
ASM,PTL,0.6406
ASM,PVB,0.655
ASM,PVC,0.7264
ASM,PVD,0.7519
ASM,PVG,0.6398
ASM,PVP,0.6152
ASM,PVS,0.7249
ASM,PVT,0.7064
ASM,PXL,0.6911
ASM,QNS,0.6189
ASM,QTP,0.6724
ASM,RAL,0.625
ASM,RBC,-0.6248
ASM,REE,0.7118
ASM,S99,0.7141
ASM,SAL,-0.6204
ASM,SAM,0.6073
ASM,SBS,0.7046
ASM,SBT,0.7607
ASM,SCI,0.6106
ASM,SCR,0.789
ASM,SD9,0.6137
ASM,SGT,0.6954
ASM,SHB,0.726
ASM,SHS,0.6865
ASM,SKG,0.7948
ASM,SLS,0.6109
ASM,SSF,-0.62
ASM,SSI,0.7509
ASM,STB,0.6411
ASM,STK,0.657
ASM,STW,-0.6043
ASM,SZC,0.803
ASM,TCB,0.6022
ASM,TCH,0.6101
ASM,TCI,0.7783
ASM,TCM,0.683
ASM,TDC,0.6725
ASM,TDG,0.6038
ASM,TGG,0.6252
ASM,THD,0.6468
ASM,TID,0.6845
ASM,TIG,0.6893
ASM,TIP,0.7514
ASM,TLD,0.7114
ASM,TLH,0.7513
ASM,TNA,0.6535
ASM,TNG,0.7719
ASM,TNH,0.6267
ASM,TNT,0.6209
ASM,TOT,0.6926
ASM,TPB,0.6838
ASM,TSC,0.8026
ASM,TTF,0.7177
ASM,TVB,0.8016
ASM,TVC,0.6446
ASM,TVD,0.6648
ASM,TVH,-0.6276
ASM,TVS,0.6209
ASM,VCG,0.64
ASM,VCI,0.7325
ASM,VCS,0.6038
ASM,VGC,0.7517
ASM,VGP,0.6274
ASM,VGS,0.7782
ASM,VGT,0.6331
ASM,VHC,0.7548
ASM,VHG,0.6163
ASM,VIB,0.7601
ASM,VIG,0.7659
ASM,VIX,0.696
ASM,VLB,0.6216
ASM,VMT,-0.636
ASM,VND,0.7382
ASM,VNR,0.6489
ASM,VNS,0.6376
ASM,VOS,0.6304
ASM,VPH,0.7035
ASM,VSH,0.6463
ASM,WSS,0.7064
ASP,CST,0.6036
ASP,DCM,0.6314
ASP,DDV,0.616
ASP,DPM,0.6453
ASP,DTE,-0.6122
ASP,FTI,-0.6208
ASP,GH3,-0.6259
ASP,HNP,-0.6369
ASP,MDC,0.6023
ASP,NBC,0.6191
ASP,PGC,0.6961
ASP,PMB,0.6065
ASP,PSD,0.6017
ASP,PVC,0.63
ASP,PVG,0.7327
ASP,PVO,0.6342
ASP,PXT,0.6225
ASP,RBC,-0.6148
ASP,SD5,0.6839
ASP,SD9,0.6026
ASP,SSF,-0.6017
ASP,TDG,0.6236
ASP,THT,0.6469
ASP,TVD,0.6366
ASP,VMT,-0.609
ASP,VNR,0.6258
AST,MSN,0.6029
AST,SAB,0.6006
ATA,BHG,0.6771
ATA,BNW,0.6416
ATA,BTP,-0.6122
ATA,CCP,0.6518
ATA,CDG,0.7459
ATA,CTA,0.603
ATA,CYC,0.6083
ATA,DDH,0.6389
ATA,DKC,0.613
ATA,DLR,0.7095
ATA,DP1,-0.6425
ATA,DSE,-0.6536
ATA,DTG,-0.6357
ATA,DUS,0.6774
ATA,DVW,0.6624
ATA,DXL,0.6891
ATA,FRM,0.6168
ATA,FSO,0.7084
ATA,FTM,0.6809
ATA,GER,0.6977
ATA,HCD,-0.6289
ATA,HFX,0.6529
ATA,HHN,0.6684
ATA,HLA,0.6736
ATA,HLS,0.7096
ATA,HOT,0.664
ATA,IME,0.7684
ATA,IN4,0.6811
ATA,KGM,-0.6149
ATA,KMR,-0.6174
ATA,LAF,-0.6069
ATA,LCC,0.6721
ATA,LO5,0.7303
ATA,LSS,-0.6172
ATA,MPY,0.6122
ATA,NAC,0.7793
ATA,PCH,-0.605
ATA,PHH,0.6855
ATA,PPI,0.8035
ATA,PSG,0.7062
ATA,PTG,0.607
ATA,PXM,0.6804
ATA,SAL,0.6897
ATA,SBG,-0.6212
ATA,SCD,0.6594
ATA,SHP,-0.6123
ATA,SII,0.6632
ATA,SRA,0.6103
ATA,STS,0.6433
ATA,TAR,0.6433
ATA,TAW,0.6057
ATA,TB8,0.751
ATA,THN,0.7459
ATA,TSA,-0.6161
ATA,TVH,0.7255
ATA,UMC,0.6014
ATA,VCT,0.6773
ATA,VDG,0.6484
ATA,VE2,0.7276
ATA,VGL,-0.6068
ATA,VIR,0.7025
ATA,VKC,0.6401
ATA,VLP,0.6769
ATA,VNC,-0.6236
ATA,VNX,0.6476
ATA,VTI,0.6905
ATA,VVN,0.7107
ATA,VXB,0.6682
ATA,X26,0.7292
ATG,HLY,0.6438
ATG,NWT,0.7566
ATG,STL,0.6641
ATG,TDF,0.6798
ATG,TNM,0.6153
ATG,TPS,0.627
ATG,VPC,0.6768
ATG,VSG,0.6224
ATG,VXT,0.6026
ATS,DLT,0.6541
ATS,GER,0.6153
ATS,KGM,-0.6431
ATS,PPI,0.6234
ATS,S72,-0.6288
ATS,VCT,0.6043
ATS,VE2,0.7194
ATS,VIR,0.6293
AVF,BDW,0.6305
AVF,DP2,0.7673
AVF,EFI,0.6183
AVF,HPM,0.6575
AVF,HSA,0.6405
AVF,NGC,0.6893
AVF,PIS,0.6171
AVF,PTE,0.805
AVF,PWS,0.6453
AVF,SDU,0.6919
AVF,THU,0.6191
AVF,TSJ,0.6219
AVF,VBH,0.6137
AVF,VES,0.6201
AVF,VIW,0.6558
AVG,HLO,-0.6022
AVG,TAB,-0.6131
BAB,BSR,0.6325
BAB,BVB,0.7655
BAB,BVH,0.6431
BAB,CTG,0.6056
BAB,HDB,0.6954
BAB,HPG,0.6018
BAB,MBB,0.6875
BAB,MPC,0.6179
BAB,MSB,0.6588
BAB,SHB,0.6454
BAB,TCB,0.6029
BAB,TPB,0.6647
BAB,TVM,-0.6232
BAB,VCB,0.6798
BAB,VIB,0.6244
BAB,VPB,0.6021
BAF,BCC,0.6978
BAF,BCE,0.6677
BAF,BGW,-0.6923
BAF,BMI,0.7388
BAF,BMS,0.6734
BAF,BNW,-0.6736
BAF,BSD,-0.6022
BAF,BSI,0.658
BAF,BTP,0.6579
BAF,BTS,0.7315
BAF,BVS,0.6228
BAF,BWE,0.6211
BAF,C4G,0.6629
BAF,CAD,-0.603
BAF,CBS,0.6803
BAF,CCL,0.6943
BAF,CCP,-0.6603
BAF,CIG,0.6119
BAF,CKG,0.6379
BAF,CLH,0.6086
BAF,CMX,0.6805
BAF,CSC,0.6468
BAF,CSI,0.6773
BAF,CST,0.6789
BAF,CTA,-0.652
BAF,CTG,0.6146
BAF,CTS,0.6439
BAF,CTW,0.6124
BAF,DAH,0.7422
BAF,DCM,0.6375
BAF,DDH,-0.7424
BAF,DDV,0.6093
BAF,DIH,0.6064
BAF,DL1,0.6381
BAF,DLR,-0.6582
BAF,DPM,0.6161
BAF,DTE,-0.652
BAF,DTG,0.6214
BAF,DTI,0.6078
BAF,DUS,-0.7091
BAF,DVW,-0.7459
BAF,ELC,0.6176
BAF,EVE,0.607
BAF,FCN,0.6116
BAF,FIT,0.7086
BAF,FMC,0.6275
BAF,FRT,0.6455
BAF,FTI,-0.6767
BAF,FTS,0.6166
BAF,GDA,0.6176
BAF,GEG,0.6124
BAF,GH3,-0.7813
BAF,GTT,-0.6521
BAF,HAP,0.6288
BAF,HAX,0.6982
BAF,HC1,-0.6745
BAF,HCD,0.7019
BAF,HCM,0.6337
BAF,HD6,0.694
BAF,HDM,0.6378
BAF,HFX,-0.6991
BAF,HHN,-0.6496
BAF,HLA,-0.6329
BAF,HLS,-0.6311
BAF,HNM,0.7233
BAF,HNP,-0.7136
BAF,HOT,-0.6538
BAF,HPG,0.6038
BAF,HQC,0.6291
BAF,HSG,0.6484
BAF,HTG,0.6302
BAF,HUB,0.6218
BAF,IDC,0.6859
BAF,IDV,0.6247
BAF,IJC,0.6607
BAF,IME,-0.6296
BAF,IN4,-0.6715
BAF,IPA,0.6082
BAF,JVC,0.6498
BAF,KHG,0.6048
BAF,KMR,0.7716
BAF,KSB,0.6207
BAF,L18,0.7616
BAF,L35,-0.6353
BAF,LAF,0.6229
BAF,LAS,0.6702
BAF,LCC,-0.715
BAF,LCG,0.6787
BAF,LHC,0.6192
BAF,LHG,0.6594
BAF,LPB,0.6879
BAF,LQN,-0.697
BAF,LSS,0.6922
BAF,LUT,-0.6482
BAF,MBG,0.6416
BAF,MBS,0.6066
BAF,MDC,0.6542
BAF,MEF,-0.6211
BAF,MIG,0.6169
BAF,MLC,-0.622
BAF,MPY,-0.6393
BAF,MRF,-0.6262
BAF,NAB,0.6081
BAF,NBB,0.6936
BAF,NBC,0.6942
BAF,NDW,-0.6247
BAF,NED,0.7524
BAF,NHA,0.719
BAF,NKG,0.6749
BAF,NSH,0.6254
BAF,ODE,0.7594
BAF,PAN,0.6994
BAF,PAT,0.6503
BAF,PBP,0.6943
BAF,PCH,0.6006
BAF,PDV,0.6307
BAF,PGC,0.6534
BAF,PHC,0.6946
BAF,PHH,-0.6454
BAF,PMB,0.6734
BAF,POW,0.6048
BAF,PPH,0.6827
BAF,PPI,-0.6833
BAF,PSG,-0.673
BAF,PSI,0.6258
BAF,PSW,0.6915
BAF,PTC,0.6573
BAF,PTG,-0.619
BAF,QNT,-0.6391
BAF,QTP,0.6759
BAF,RBC,-0.6926
BAF,SAL,-0.7537
BAF,SAM,0.6286
BAF,SBG,0.6107
BAF,SBS,0.6351
BAF,SBT,0.7298
BAF,SCR,0.6583
BAF,SFN,-0.6533
BAF,SGT,0.7427
BAF,SHB,0.6732
BAF,SKG,0.6779
BAF,SLS,0.6181
BAF,SPH,-0.6028
BAF,SSF,-0.6828
BAF,STS,-0.6555
BAF,STW,-0.6875
BAF,SZC,0.6095
BAF,TCI,0.7118
BAF,TCJ,-0.6335
BAF,TCL,0.6298
BAF,TDC,0.6551
BAF,TDG,0.7184
BAF,TDT,0.6772
BAF,TGG,0.6033
BAF,THT,0.6653
BAF,TIP,0.6309
BAF,TLD,0.6084
BAF,TLH,0.7042
BAF,TNA,0.6622
BAF,TNG,0.649
BAF,TNH,0.6154
BAF,TOT,0.7304
BAF,TSC,0.6653
BAF,TTF,0.6227
BAF,TVB,0.6675
BAF,TVD,0.6763
BAF,TVH,-0.7419
BAF,UMC,-0.719
BAF,VCT,-0.6267
BAF,VE2,-0.6031
BAF,VFG,0.6009
BAF,VGS,0.6545
BAF,VGT,0.6211
BAF,VHF,-0.6321
BAF,VIB,0.6051
BAF,VID,0.6423
BAF,VIG,0.6588
BAF,VKC,-0.6515
BAF,VMT,-0.6844
BAF,VNL,0.6493
BAF,VNR,0.663
BAF,VNS,0.6034
BAF,VOS,0.6433
BAF,VPH,0.6315
BAF,VSA,0.601
BAF,VTG,-0.6083
BAF,VTI,-0.7018
BAF,VVN,-0.6272
BAF,VXB,-0.6119
BAF,WSS,0.6383
BAF,WTC,0.6345
BAF,X26,-0.647
BAX,HPM,0.7401
BAX,PWS,0.6383
BBH,BBM,0.6171
BBH,BHG,0.6481
BBH,BSD,0.6749
BBH,CH5,0.6652
BBH,CMW,0.7053
BBH,CTA,0.7271
BBH,CYC,0.6366
BBH,DAN,0.6458
BBH,DCH,0.7217
BBH,DLR,0.6418
BBH,DSD,0.7339
BBH,DTE,0.6194
BBH,DUS,0.6528
BBH,DVW,0.6241
BBH,FBC,0.6947
BBH,FCC,0.7294
BBH,FHN,0.6921
BBH,FTI,0.6604
BBH,GMA,0.6742
BBH,HCI,0.6783
BBH,HMG,0.647
BBH,IBD,0.6324
BBH,KTL,0.6155
BBH,MGR,0.6143
BBH,MIE,0.6766
BBH,MTB,0.621
BBH,NQB,0.6507
BBH,PAI,0.6043
BBH,PMJ,0.7169
BBH,PTH,0.6218
BBH,PTX,0.6623
BBH,QST,0.6454
BBH,SAL,0.6263
BBH,SFN,0.6022
BBH,SGD,0.6625
BBH,SPH,0.7037
BBH,SSF,0.6393
BBH,STS,0.6119
BBH,TST,0.6159
BBH,TVG,0.6447
BBH,TVH,0.6119
BBH,UCT,0.6389
BBH,VTG,0.7288
BBH,VXB,0.6197
BBH,VXP,0.6581
BBH,XDH,0.6726
BBM,BHG,0.66
BBM,CTA,0.7236
BBM,DCT,0.6654
BBM,DLR,0.6699
BBM,DSD,0.6103
BBM,DTE,0.6365
BBM,DUS,0.6794
BBM,DVW,0.6167
BBM,FBC,0.6365
BBM,FHN,0.6092
BBM,G20,0.6517
BBM,HD6,-0.6003
BBM,HNP,0.6406
BBM,IME,0.605
BBM,KMR,-0.6299
BBM,PHH,0.63
BBM,POB,0.6166
BBM,PPI,0.6196
BBM,PPT,-0.6002
BBM,PSW,-0.6479
BBM,SAL,0.6543
BBM,SFN,0.6222
BBM,SSF,0.6266
BBM,TVH,0.656
BBM,VTI,0.634
BBM,VVN,0.6045
BBM,XHC,0.6506
BBT,FCS,0.6095
BBT,MH3,0.6059
BBT,VIF,0.6299
BCB,BCR,0.7115
BCB,BHH,0.7964
BCB,BTB,-0.6005
BCB,CMI,0.6745
BCB,CVN,0.7751
BCB,DKG,0.7496
BCB,DNL,0.6774
BCB,DTC,0.6929
BCB,DVT,0.9004
BCB,GMC,0.6809
BCB,HLO,0.811
BCB,HMD,0.6647
BCB,IRC,0.7358
BCB,L62,0.6788
BCB,LDW,0.7811
BCB,LNC,0.806
BCB,MQB,0.7709
BCB,NLS,-0.7704
BCB,PCG,0.7366
BCB,PTM,0.7279
BCB,QBS,0.6344
BCB,RYG,-0.7092
BCB,SD4,0.6046
BCB,TAB,0.8022
BCB,TCK,0.7266
BCB,TD6,-0.7012
BCB,TDW,-0.6204
BCB,UXC,0.6489
BCB,VE8,0.6811
BCB,VJC,0.608
BCB,VMK,0.6416
BCB,VPL,-0.6194
BCC,BCE,0.6646
BCC,BCG,0.6816
BCC,BIC,0.6004
BCC,BKG,0.6659
BCC,BMI,0.7717
BCC,BMS,0.6597
BCC,BNW,-0.6482
BCC,BSI,0.6812
BCC,BSR,0.6027
BCC,BTS,0.8577
BCC,BVS,0.6004
BCC,C47,0.7005
BCC,C4G,0.8234
BCC,CCL,0.616
BCC,CEO,0.7356
BCC,CII,0.6501
BCC,CKG,0.7293
BCC,CLM,0.6013
BCC,CLX,0.6294
BCC,CMX,0.7961
BCC,CNG,0.6088
BCC,CSC,0.7492
BCC,CSI,0.6056
BCC,CTI,0.7488
BCC,CTS,0.7187
BCC,DAH,0.759
BCC,DBC,0.605
BCC,DCM,0.7033
BCC,DDH,-0.6017
BCC,DDV,0.6291
BCC,DGW,0.6796
BCC,DHA,0.6413
BCC,DID,0.6091
BCC,DIG,0.763
BCC,DL1,0.6371
BCC,DLG,0.603
BCC,DPG,0.7372
BCC,DPM,0.7213
BCC,DQC,0.7109
BCC,DRC,0.6554
BCC,DSC,0.6288
BCC,DTD,0.6064
BCC,DXG,0.7046
BCC,DXS,0.6167
BCC,ELC,0.6877
BCC,EVE,0.6703
BCC,EVS,0.6332
BCC,FCM,0.6069
BCC,FCN,0.7781
BCC,FIT,0.7451
BCC,FMC,0.6742
BCC,FRT,0.7191
BCC,FTS,0.6897
BCC,G36,0.756
BCC,GDA,0.6001
BCC,GEG,0.7422
BCC,GH3,-0.6367
BCC,GIL,0.6513
BCC,GSP,0.6724
BCC,HAH,0.7924
BCC,HAP,0.7295
BCC,HAR,0.6533
BCC,HAX,0.6983
BCC,HBC,0.6496
BCC,HC1,-0.6442
BCC,HCD,0.6399
BCC,HCM,0.7288
BCC,HDC,0.6826
BCC,HDG,0.6727
BCC,HDM,0.6638
BCC,HEP,0.6101
BCC,HHV,0.6621
BCC,HNM,0.6636
BCC,HOM,0.7232
BCC,HOT,-0.6011
BCC,HPG,0.7203
BCC,HQC,0.7691
BCC,HSG,0.7736
BCC,HT1,0.8143
BCC,HTG,0.7118
BCC,HUB,0.6095
BCC,HUT,0.7242
BCC,IDC,0.7799
BCC,IDI,0.7829
BCC,IDJ,0.6455
BCC,IJC,0.7494
BCC,IN4,-0.6512
BCC,IPA,0.7252
BCC,ITA,0.6611
BCC,ITC,0.6127
BCC,IVS,0.6373
BCC,JVC,0.7529
BCC,KBC,0.649
BCC,KHG,0.7128
BCC,KMR,0.7162
BCC,KSB,0.7892
BCC,L14,0.7061
BCC,L18,0.7578
BCC,LAF,0.6199
BCC,LAI,0.6221
BCC,LAS,0.6372
BCC,LCG,0.8136
BCC,LDG,0.6308
BCC,LGL,0.6439
BCC,LHC,0.66
BCC,LHG,0.6858
BCC,LIG,0.7462
BCC,LPB,0.6854
BCC,LSS,0.7056
BCC,MBB,0.6474
BCC,MBG,0.672
BCC,MBS,0.6821
BCC,MDC,0.6513
BCC,MEF,-0.617
BCC,MIG,0.6474
BCC,MSB,0.6006
BCC,MSN,0.6989
BCC,NAB,0.6367
BCC,NBB,0.63
BCC,NBC,0.7751
BCC,NDN,0.6459
BCC,NED,0.6079
BCC,NHA,0.7476
BCC,NHH,0.6864
BCC,NKG,0.7877
BCC,NLG,0.639
BCC,NT2,0.6601
BCC,NVB,0.6355
BCC,OCB,0.6
BCC,OCH,0.6503
BCC,ODE,0.6683
BCC,OGC,0.7276
BCC,PAN,0.7738
BCC,PAT,0.643
BCC,PBP,0.6487
BCC,PC1,0.7121
BCC,PET,0.6584
BCC,PFL,0.659
BCC,PGC,0.6331
BCC,PHC,0.7176
BCC,PHR,0.6458
BCC,PLC,0.7068
BCC,PLP,0.6229
BCC,PMB,0.6497
BCC,POW,0.6245
BCC,PPH,0.6925
BCC,PSD,0.676
BCC,PSE,0.624
BCC,PSI,0.7389
BCC,PSW,0.6686
BCC,PTC,0.6574
BCC,PTG,-0.612
BCC,PTL,0.6357
BCC,PVC,0.6764
BCC,PVD,0.6743
BCC,PVG,0.6301
BCC,PVP,0.6539
BCC,PVS,0.6424
BCC,PVT,0.679
BCC,PXL,0.6147
BCC,QTP,0.6631
BCC,REE,0.6294
BCC,SBG,0.6003
BCC,SBS,0.7017
BCC,SBT,0.7286
BCC,SCR,0.7996
BCC,SGT,0.6658
BCC,SHB,0.7024
BCC,SHS,0.7036
BCC,SKG,0.6991
BCC,SLS,0.6071
BCC,SSI,0.7174
BCC,STB,0.6517
BCC,STK,0.6006
BCC,STW,-0.6459
BCC,SZC,0.7571
BCC,TCI,0.7551
BCC,TCL,0.6059
BCC,TCM,0.6231
BCC,TDC,0.7201
BCC,TDG,0.6726
BCC,TEG,0.6378
BCC,THD,0.6152
BCC,THT,0.6425
BCC,TID,0.6251
BCC,TIG,0.6952
BCC,TIP,0.6334
BCC,TLD,0.6956
BCC,TLH,0.7455
BCC,TNG,0.728
BCC,TNH,0.6051
BCC,TOT,0.6922
BCC,TPB,0.6289
BCC,TSC,0.7318
BCC,TTA,0.621
BCC,TTF,0.6862
BCC,TVB,0.7207
BCC,TVD,0.7454
BCC,VCG,0.6602
BCC,VCI,0.7248
BCC,VGC,0.672
BCC,VGS,0.7797
BCC,VGT,0.6456
BCC,VHC,0.6797
BCC,VHE,0.6554
BCC,VHG,0.6521
BCC,VIB,0.694
BCC,VIG,0.7452
BCC,VIP,0.6405
BCC,VIX,0.6955
BCC,VLB,0.6995
BCC,VMT,-0.6592
BCC,VND,0.7333
BCC,VNL,0.7173
BCC,VNR,0.6634
BCC,VNS,0.6434
BCC,VOS,0.6842
BCC,VPH,0.6565
BCC,VSA,0.6109
BCC,VSH,0.6347
BCC,WSS,0.683
BCE,BKG,0.65
BCE,BMI,0.6004
BCE,BNW,-0.6216
BCE,BTS,0.6194
BCE,C4G,0.6447
BCE,CMD,0.6021
BCE,CMX,0.6518
BCE,CTI,0.6188
BCE,D2D,0.6084
BCE,DAH,0.7011
BCE,DDH,-0.6189
BCE,DIG,0.6178
BCE,DPM,0.606
BCE,DTE,-0.6761
BCE,DUS,-0.6435
BCE,DVW,-0.6543
BCE,FCM,0.612
BCE,FCN,0.6316
BCE,FHN,-0.6017
BCE,FIT,0.6143
BCE,FTI,-0.6536
BCE,GH3,-0.6895
BCE,HAR,0.657
BCE,HC1,-0.6582
BCE,HDM,0.6847
BCE,HFX,-0.6515
BCE,HHN,-0.6145
BCE,HNM,0.7013
BCE,HNP,-0.6062
BCE,HQC,0.636
BCE,IBD,-0.6058
BCE,IDC,0.6371
BCE,IDI,0.61
BCE,IN4,-0.6728
BCE,ITA,0.6105
BCE,JVC,0.6196
BCE,KHP,0.608
BCE,KMR,0.709
BCE,KSB,0.6099
BCE,L14,0.6162
BCE,L18,0.6934
BCE,LCC,-0.6321
BCE,LCG,0.6719
BCE,LQN,-0.6514
BCE,LSS,0.6095
BCE,MBG,0.6556
BCE,MCP,0.6214
BCE,MPY,-0.6856
BCE,MRF,-0.6046
BCE,NBB,0.7327
BCE,NBC,0.6621
BCE,NDX,0.6162
BCE,NED,0.6427
BCE,NHA,0.6828
BCE,ODE,0.723
BCE,OGC,0.6572
BCE,PCH,0.6059
BCE,PHC,0.7647
BCE,PLP,0.6078
BCE,PPT,0.6155
BCE,PSW,0.6531
BCE,PTC,0.6887
BCE,PVG,0.6219
BCE,PXL,0.6044
BCE,QNS,0.6041
BCE,QNT,-0.6239
BCE,QTP,0.6469
BCE,RBC,-0.6048
BCE,SAL,-0.6727
BCE,SAM,0.6804
BCE,SBT,0.6659
BCE,SCD,-0.6002
BCE,SCR,0.6493
BCE,SD9,0.717
BCE,SGT,0.632
BCE,SHA,0.6444
BCE,SKG,0.6991
BCE,SPH,-0.6164
BCE,SSF,-0.7004
BCE,TCI,0.6304
BCE,TCJ,-0.6863
BCE,TDC,0.6466
BCE,TDT,0.7003
BCE,TIP,0.6176
BCE,TLD,0.6788
BCE,TNA,0.766
BCE,TSC,0.6202
BCE,TST,-0.6347
BCE,TTF,0.6017
BCE,TVB,0.626
BCE,TVD,0.6711
BCE,TVH,-0.6483
BCE,UMC,-0.6706
BCE,UPC,-0.6066
BCE,VC7,0.6218
BCE,VNR,0.6442
BCE,VNS,0.6548
BCE,VPH,0.6488
BCE,VTI,-0.6334
BCE,VXP,-0.6294
BCG,BMI,0.6097
BCG,BSR,0.6291
BCG,C47,0.6495
BCG,C4G,0.7335
BCG,CEO,0.7528
BCG,CII,0.7096
BCG,CKG,0.6694
BCG,CMX,0.6565
BCG,CSC,0.6798
BCG,CTD,0.6879
BCG,CTS,0.6642
BCG,DCM,0.6171
BCG,DGC,0.6253
BCG,DGW,0.7146
BCG,DHA,0.701
BCG,DIG,0.7047
BCG,DPG,0.683
BCG,DPM,0.6441
BCG,DQC,0.6659
BCG,DXG,0.7119
BCG,DXS,0.6326
BCG,EVE,0.65
BCG,FCN,0.707
BCG,FIT,0.6447
BCG,FMC,0.6462
BCG,FRT,0.6755
BCG,FTS,0.6542
BCG,G36,0.7106
BCG,GEG,0.672
BCG,GEX,0.7218
BCG,GIL,0.6103
BCG,GMD,0.6274
BCG,HAH,0.7436
BCG,HAR,0.6026
BCG,HCM,0.675
BCG,HDC,0.7524
BCG,HDG,0.6377
BCG,HHS,0.654
BCG,HLD,0.6371
BCG,HPG,0.6573
BCG,HQC,0.6986
BCG,HSG,0.6746
BCG,HT1,0.6892
BCG,HUT,0.6895
BCG,IDC,0.7531
BCG,IDI,0.6601
BCG,IDJ,0.6558
BCG,IJC,0.6481
BCG,JVC,0.7074
BCG,KBC,0.6405
BCG,KDH,0.7057
BCG,KHG,0.6158
BCG,KSB,0.6486
BCG,L14,0.653
BCG,L18,0.6254
BCG,LCG,0.6891
BCG,LDG,0.6709
BCG,LGL,0.6202
BCG,LHG,0.6064
BCG,LIG,0.6275
BCG,LPB,0.613
BCG,MBS,0.6304
BCG,MSN,0.626
BCG,NHH,0.6117
BCG,NKG,0.6512
BCG,NLG,0.7385
BCG,NT2,0.6629
BCG,OGC,0.646
BCG,PAN,0.6253
BCG,PC1,0.7198
BCG,PET,0.7224
BCG,PHR,0.7287
BCG,PLC,0.6347
BCG,POW,0.6109
BCG,PSD,0.6731
BCG,PSI,0.6717
BCG,PVC,0.6348
BCG,PVD,0.6387
BCG,PVS,0.63
BCG,PVT,0.6232
BCG,SBS,0.6639
BCG,SCI,0.6086
BCG,SCR,0.7065
BCG,SHB,0.6669
BCG,SHS,0.7163
BCG,SKG,0.6127
BCG,SSI,0.7151
BCG,STB,0.6462
BCG,SZC,0.7335
BCG,TCD,0.8059
BCG,TCH,0.6626
BCG,TCI,0.6033
BCG,THD,0.6122
BCG,TIG,0.6827
BCG,TNG,0.667
BCG,TNI,0.6019
BCG,TSC,0.6152
BCG,TTF,0.6409
BCG,VCG,0.682
BCG,VCI,0.6748
BCG,VGC,0.7016
BCG,VGS,0.6834
BCG,VHC,0.6591
BCG,VIG,0.6122
BCG,VIX,0.7659
BCG,VND,0.6447
BCG,VPB,0.6381
BCG,WSS,0.6198
BCM,DCM,0.6126
BCM,DPM,0.66
BCM,DPR,0.6316
BCM,FMC,0.6045
BCM,FRT,0.6253
BCM,GAS,0.6367
BCM,IDC,0.6398
BCM,MSH,0.6203
BCM,PHR,0.6415
BCM,POW,0.6688
BCM,QTP,0.6213
BCM,VEA,0.6154
BCM,VHC,0.6725
BCP,PIS,0.6437
BCR,BGE,0.681
BCR,BHH,0.7402
BCR,BTB,-0.6032
BCR,C21,0.6308
BCR,CMI,0.7102
BCR,CMM,0.6001
BCR,CVN,0.6564
BCR,DKG,0.8096
BCR,DNL,0.6493
BCR,DTC,0.784
BCR,DVG,0.6377
BCR,DVT,0.7192
BCR,EME,-0.6918
BCR,GMC,0.7561
BCR,HLO,0.6554
BCR,HMD,0.7869
BCR,HTP,0.6359
BCR,IRC,0.8818
BCR,L62,0.6539
BCR,LDW,0.791
BCR,LM7,0.6339
BCR,LNC,0.8171
BCR,MQB,0.8595
BCR,NLS,-0.6441
BCR,NVP,0.7285
BCR,PTM,0.6085
BCR,QBS,0.6772
BCR,RYG,-0.7152
BCR,SPB,0.6027
BCR,SPD,-0.6491
BCR,TAB,0.8507
BCR,TCK,0.9223
BCR,TD6,-0.6423
BCR,USD,-0.6257
BCR,UXC,0.788
BCR,VDG,0.6417
BCR,VE8,0.6784
BCR,VMK,0.8035
BCR,VUA,0.7368
BDG,HTV,0.6041
BDG,MEC,-0.6031
BDG,PLX,0.6154
BDG,VNM,0.6124
BDT,BMF,0.6292
BDT,BMG,0.6361
BDT,BNW,-0.7529
BDT,C4G,0.6213
BDT,CAT,0.6053
BDT,CKD,0.6732
BDT,CKG,0.628
BDT,CMD,0.8117
BDT,CMN,0.6862
BDT,CQN,0.6311
BDT,DFC,0.7028
BDT,DRL,0.6175
BDT,FIC,0.7043
BDT,GH3,-0.6118
BDT,HC1,-0.6717
BDT,HD8,0.6981
BDT,HEP,0.7638
BDT,HHN,-0.7234
BDT,HNM,0.7128
BDT,HOT,-0.6341
BDT,HPD,0.6799
BDT,HSG,0.6081
BDT,HSP,0.7044
BDT,ICN,0.6581
BDT,IDI,0.6045
BDT,IN4,-0.739
BDT,ITC,0.6152
BDT,KDM,0.6401
BDT,L18,0.6481
BDT,L40,0.6707
BDT,LAF,0.7152
BDT,LAI,0.7817
BDT,LCD,0.7587
BDT,LUT,-0.7013
BDT,MCP,0.6906
BDT,MEF,-0.6841
BDT,MH3,0.6578
BDT,MNB,0.7357
BDT,MND,-0.6679
BDT,MPY,-0.6734
BDT,NAC,-0.6053
BDT,NBC,0.6082
BDT,NDW,-0.6969
BDT,NJC,0.6299
BDT,NKG,0.6018
BDT,NWT,0.7397
BDT,OCH,0.6867
BDT,PBP,0.6561
BDT,PCE,0.7395
BDT,PDN,0.7387
BDT,PRC,0.6131
BDT,PTC,0.6255
BDT,PTG,-0.689
BDT,PVB,0.6019
BDT,PVX,0.6544
BDT,QNW,-0.6482
BDT,SBD,0.6001
BDT,SBG,0.6484
BDT,SCR,0.607
BDT,SIV,0.7009
BDT,SJE,0.643
BDT,SKG,0.679
BDT,SP2,0.6471
BDT,STL,0.6495
BDT,STW,-0.6213
BDT,TDB,0.7127
BDT,THW,0.7411
BDT,TNP,0.6162
BDT,TOT,0.6036
BDT,TPS,0.6274
BDT,TUG,0.6042
BDT,TVA,0.6083
BDT,TVD,0.6328
BDT,VCF,0.6086
BDT,VCP,0.6421
BDT,VE2,-0.6072
BDT,VFG,0.6301
BDT,VGP,0.7848
BDT,VNR,0.6274
BDT,VPC,0.7025
BDT,VPR,0.6283
BDT,VRG,0.6172
BDT,VSF,0.6639
BDT,VSM,0.6284
BDW,BMV,0.6424
BDW,BSH,0.6323
BDW,BT1,0.7064
BDW,IN4,-0.6178
BDW,MND,-0.7031
BDW,NGC,0.7342
BDW,PNP,0.7045
BDW,PTG,-0.6041
BDW,TH1,0.6527
BDW,THN,-0.6036
BDW,TMW,-0.6642
BDW,TUG,0.6194
BDW,VGR,0.6383
BDW,VPC,0.6548
BED,CKA,0.6565
BED,DIC,0.6001
BED,NAW,0.6337
BED,TH1,0.6021
BED,THS,0.6568
BED,TUG,0.6134
BED,VGL,0.6008
BED,VGP,0.6116
BED,VTH,0.6154
BEL,JOS,0.6623
BEL,PTO,0.6102
BEL,TNM,0.603
BEL,USC,0.6678
BEL,VXT,0.7022
BFC,CCL,0.6125
BFC,CMX,0.6676
BFC,CNG,0.7283
BFC,CSV,0.6766
BFC,DCM,0.8215
BFC,DDV,0.6437
BFC,DPM,0.756
BFC,DPR,0.607
BFC,DRC,0.6598
BFC,DRI,0.6255
BFC,ELC,0.6442
BFC,FMC,0.6332
BFC,GEG,0.6278
BFC,GMD,0.6589
BFC,GVR,0.6234
BFC,HAH,0.6632
BFC,HAX,0.6051
BFC,HCD,0.628
BFC,LAS,0.7633
BFC,LHG,0.6506
BFC,OIL,0.6354
BFC,PAN,0.6301
BFC,PC1,0.627
BFC,PET,0.6423
BFC,PGC,0.6114
BFC,PTB,0.6497
BFC,PVC,0.666
BFC,PVD,0.6213
BFC,PVO,0.6365
BFC,PVS,0.6868
BFC,PVT,0.6777
BFC,QTP,0.6153
BFC,REE,0.6913
BFC,STK,0.624
BFC,SZC,0.6067
BFC,TIP,0.6498
BFC,TNG,0.6757
BFC,TNH,0.6358
BFC,VHC,0.6153
BFC,VOS,0.6381
BGE,DNN,0.6122
BGE,IRC,0.6101
BGE,MQB,0.6146
BGE,NVP,0.6901
BGE,TCK,0.632
BGE,VUA,0.634
BGE,WSB,0.6545
BGW,BHG,0.7257
BGW,BNW,0.7159
BGW,BSD,0.762
BGW,BWA,0.7248
BGW,CBS,-0.6588
BGW,CCP,0.7501
BGW,CH5,0.6568
BGW,CHC,0.6516
BGW,CSI,-0.6037
BGW,CST,-0.6659
BGW,CTA,0.8541
BGW,CTW,-0.7269
BGW,DAH,-0.6723
BGW,DCH,0.7328
BGW,DDH,0.8765
BGW,DKC,0.6692
BGW,DLR,0.8069
BGW,DNA,0.6658
BGW,DNM,0.6067
BGW,DNT,0.718
BGW,DSD,0.693
BGW,DTE,0.7811
BGW,DTG,-0.6626
BGW,DUS,0.87
BGW,DVC,0.6602
BGW,DVW,0.8594
BGW,DZM,0.6738
BGW,FBC,0.824
BGW,FCC,0.7358
BGW,FGL,0.6137
BGW,FHN,0.6726
BGW,FHS,-0.6095
BGW,FRM,0.6156
BGW,FTI,0.825
BGW,FTM,0.621
BGW,GGG,0.6593
BGW,GH3,0.8109
BGW,GLW,0.6278
BGW,GMA,0.7606
BGW,GTT,0.6723
BGW,HAX,-0.6201
BGW,HC1,0.6978
BGW,HCI,0.792
BGW,HD6,-0.6801
BGW,HFX,0.8272
BGW,HHN,0.6324
BGW,HKB,0.7087
BGW,HLA,0.7108
BGW,HLS,0.6549
BGW,HMG,0.7451
BGW,HNM,-0.7206
BGW,HNP,0.7804
BGW,HOT,0.6111
BGW,IBD,0.7227
BGW,ICN,-0.6012
BGW,IME,0.7781
BGW,KMR,-0.6792
BGW,L35,0.7572
BGW,LCC,0.8236
BGW,LQN,0.7022
BGW,LUT,0.6912
BGW,MGR,0.7281
BGW,MIE,0.7432
BGW,MLC,0.7058
BGW,MRF,0.6777
BGW,MTB,0.7645
BGW,NDW,0.6675
BGW,ODE,-0.745
BGW,PDV,-0.6204
BGW,PGC,-0.6227
BGW,PHH,0.7569
BGW,PLE,0.6838
BGW,PMB,-0.6351
BGW,PPH,-0.604
BGW,PPI,0.682
BGW,PSG,0.7413
BGW,QHD,-0.6462
BGW,QNT,0.7913
BGW,QNW,0.675
BGW,QST,0.7396
BGW,QTC,0.6765
BGW,RBC,0.7878
BGW,SAL,0.863
BGW,SCG,-0.681
BGW,SFN,0.8085
BGW,SHI,-0.6578
BGW,SPH,0.7762
BGW,SSF,0.7873
BGW,SSN,0.6349
BGW,STS,0.8002
BGW,STW,0.6948
BGW,TAN,-0.6384
BGW,TCJ,0.728
BGW,TDT,-0.6766
BGW,THT,-0.6238
BGW,TOT,-0.6409
BGW,TRT,0.7991
BGW,TST,0.6692
BGW,TVG,0.6352
BGW,TVH,0.8377
BGW,UCT,0.7808
BGW,UDL,0.7055
BGW,UMC,0.9052
BGW,UPC,0.6645
BGW,VCT,0.7682
BGW,VFG,-0.612
BGW,VHF,0.7252
BGW,VID,-0.6201
BGW,VKC,0.6502
BGW,VMT,0.7462
BGW,VNL,-0.6187
BGW,VTG,0.8599
BGW,VTI,0.8191
BGW,VVN,0.7388
BGW,VXB,0.7914
BGW,VXP,0.7117
BGW,X26,0.6916
BGW,XHC,0.7995
BHA,PJC,0.6031
BHC,BWA,0.6152
BHC,CCT,0.7068
BHC,CID,0.6826
BHC,CJC,0.706
BHC,CMW,0.6717
BHC,DCH,0.6242
BHC,DCS,0.6472
BHC,FCC,0.6213
BHC,HCI,0.6359
BHC,HLT,0.6407
BHC,ISG,0.7777
BHC,KSF,-0.609
BHC,LMC,0.6087
BHC,MGG,0.6012
BHC,NTF,0.7081
BHC,PLE,0.6686
BHC,POB,0.6152
BHC,QNU,0.6254
BHC,SPD,0.691
BHC,SSH,-0.6446
BHC,TNB,0.6104
BHC,TNM,0.6609
BHC,TVG,0.7442
BHC,TVM,0.6085
BHC,UDL,0.6078
BHC,USC,0.609
BHC,VTQ,0.7081
BHG,BSD,0.7059
BHG,CBS,-0.6496
BHG,CCP,0.6125
BHG,CCV,0.7634
BHG,CST,-0.6033
BHG,CTA,0.8188
BHG,CTW,-0.6532
BHG,CYC,0.7059
BHG,DCH,0.747
BHG,DDH,0.7243
BHG,DKC,0.8198
BHG,DLR,0.851
BHG,DSD,0.6432
BHG,DTE,0.723
BHG,DTG,-0.6677
BHG,DTH,0.6902
BHG,DUS,0.8624
BHG,DVW,0.7849
BHG,DXL,0.74
BHG,FBC,0.7929
BHG,FCC,0.748
BHG,FGL,0.809
BHG,FTI,0.6696
BHG,FTM,0.6659
BHG,G20,0.6202
BHG,GLW,0.6207
BHG,GMA,0.6008
BHG,HCI,0.7551
BHG,HD6,-0.7037
BHG,HFX,0.7324
BHG,HKB,0.7287
BHG,HNP,0.7433
BHG,IBD,0.6183
BHG,IME,0.851
BHG,KMR,-0.6041
BHG,LBE,-0.6309
BHG,LCC,0.739
BHG,LO5,0.7594
BHG,MGR,0.6654
BHG,MTB,0.7135
BHG,NQB,0.7363
BHG,ONW,0.6044
BHG,PAI,0.6327
BHG,PHH,0.855
BHG,PLE,0.6404
BHG,PMJ,0.6191
BHG,PPI,0.7283
BHG,PPT,-0.6217
BHG,PSG,0.7174
BHG,PSW,-0.6055
BHG,PTO,0.659
BHG,QNT,0.7187
BHG,QNU,0.6023
BHG,QST,0.6238
BHG,QTC,0.721
BHG,SAL,0.8534
BHG,SCG,-0.6843
BHG,SFN,0.7302
BHG,SHP,-0.6558
BHG,SPH,0.6649
BHG,SSF,0.7131
BHG,STS,0.7658
BHG,TAW,0.7112
BHG,TCJ,0.6161
BHG,TDT,-0.6665
BHG,THN,0.6046
BHG,TMG,0.6054
BHG,TNM,0.6208
BHG,TRT,0.7122
BHG,TST,0.6423
BHG,TVG,0.7311
BHG,TVH,0.8239
BHG,UCT,0.6275
BHG,UDL,0.6203
BHG,UMC,0.7446
BHG,VCT,0.7672
BHG,VE2,0.6226
BHG,VGL,-0.6528
BHG,VHH,0.6081
BHG,VID,-0.6379
BHG,VIR,0.8151
BHG,VKC,0.6067
BHG,VNX,0.6085
BHG,VTG,0.753
BHG,VTI,0.8404
BHG,VVN,0.7849
BHG,VXB,0.7526
BHG,VXP,0.6002
BHG,WTC,-0.6501
BHG,X26,0.6358
BHG,XHC,0.6881
BHH,BHI,0.6359
BHH,BLF,0.6094
BHH,BQP,0.7206
BHH,BTB,-0.6268
BHH,C21,0.6069
BHH,CLW,-0.6489
BHH,CMI,0.8089
BHH,CVN,0.8287
BHH,DC1,0.6195
BHH,DFF,0.6715
BHH,DKG,0.8881
BHH,DMS,0.719
BHH,DNL,0.7592
BHH,DTC,0.7822
BHH,DVG,0.6186
BHH,DVT,0.9358
BHH,EME,-0.6057
BHH,GMC,0.7078
BHH,HGM,-0.648
BHH,HHB,0.8054
BHH,HLO,0.8805
BHH,HMD,0.8337
BHH,HTP,0.6199
BHH,IRC,0.7971
BHH,L61,0.6225
BHH,L62,0.7555
BHH,LDW,0.85
BHH,LEC,0.6852
BHH,LNC,0.9349
BHH,MQB,0.8527
BHH,NDP,0.6372
BHH,NLS,-0.9106
BHH,PCG,0.674
BHH,PGS,0.616
BHH,POM,0.6536
BHH,PTM,0.8605
BHH,QBS,0.6315
BHH,RGG,0.8158
BHH,RYG,-0.6938
BHH,SD4,0.6565
BHH,SLD,0.8277
BHH,SSH,0.6613
BHH,TAB,0.8606
BHH,TCK,0.7879
BHH,TCX,-0.7496
BHH,TD6,-0.7439
BHH,TVA,-0.6057
BHH,UXC,0.6645
BHH,VCK,-0.6046
BHH,VCR,0.6736
BHH,VDG,0.6483
BHH,VE2,0.6142
BHH,VE8,0.7856
BHH,VIR,0.6096
BHH,VMK,0.7202
BHH,VNH,0.6045
BHH,VPX,-0.6472
BHH,X20,-0.6175
BHI,BNW,0.6546
BHI,DFC,-0.6046
BHI,DMS,0.6935
BHI,DNL,0.6775
BHI,HC1,0.6165
BHI,HHB,0.6303
BHI,HHN,0.6599
BHI,HOT,0.6878
BHI,LCC,0.6278
BHI,LUT,0.6752
BHI,MPY,0.6355
BHI,NDW,0.6284
BHI,PGS,0.6081
BHI,QNW,0.6729
BHI,SLD,0.6367
BHI,TW3,0.6076
BHI,VE2,0.6521
BHK,BWA,0.6134
BHK,CHC,0.6615
BHK,DCS,0.7907
BHK,GPC,0.7811
BHK,VTX,0.6994
BHK,VVS,0.6081
BHK,VW3,0.6006
BHK,YTC,0.6733
BHN,SGN,0.6017
BHP,MVN,0.6279
BIC,BMI,0.6981
BIC,BWE,0.6614
BIC,CSC,0.6112
BIC,MIG,0.6738
BIC,PPH,0.6203
BIC,PTB,0.6109
BIC,QTP,0.6601
BIC,VIP,0.6206
BID,BMI,0.7101
BID,BSR,0.7209
BID,BVH,0.6571
BID,BVS,0.6127
BID,BWE,0.636
BID,C47,0.6212
BID,C4G,0.6402
BID,CEO,0.632
BID,CII,0.6293
BID,CKG,0.6883
BID,CTG,0.8351
BID,CTR,0.6334
BID,CTS,0.6325
BID,DBC,0.6448
BID,DCM,0.6989
BID,DGC,0.7023
BID,DGW,0.723
BID,DHA,0.6593
BID,DPG,0.6684
BID,DPM,0.6378
BID,DPR,0.6203
BID,DRC,0.6138
BID,DRI,0.6552
BID,DXG,0.6611
BID,ELC,0.6743
BID,FCN,0.6612
BID,FMC,0.6471
BID,FRT,0.7218
BID,GAS,0.6639
BID,GEG,0.6213
BID,GEX,0.6176
BID,GIL,0.6168
BID,GMD,0.6992
BID,GVR,0.7193
BID,HAH,0.6094
BID,HCM,0.7574
BID,HDB,0.6503
BID,HDC,0.673
BID,HDG,0.6579
BID,HHS,0.6113
BID,HHV,0.6209
BID,HLD,0.6414
BID,HPG,0.8006
BID,HSG,0.7128
BID,HT1,0.6908
BID,IDC,0.7268
BID,IDI,0.6367
BID,IJC,0.6364
BID,KBC,0.6994
BID,KDH,0.6788
BID,KSB,0.6719
BID,LAS,0.6149
BID,LCG,0.6713
BID,LHG,0.6281
BID,LPB,0.7275
BID,MBB,0.8241
BID,MBS,0.6675
BID,MIG,0.6529
BID,MSB,0.6443
BID,MSH,0.6023
BID,MSN,0.7035
BID,MWG,0.6836
BID,NKG,0.6971
BID,NLG,0.6226
BID,NT2,0.6592
BID,PAN,0.6786
BID,PC1,0.734
BID,PET,0.7243
BID,PHR,0.7461
BID,PLC,0.7145
BID,PLX,0.6837
BID,PNJ,0.6062
BID,POW,0.6858
BID,PTB,0.7247
BID,PVB,0.6466
BID,PVC,0.6806
BID,PVD,0.7621
BID,PVS,0.7356
BID,PVT,0.7272
BID,QTP,0.6095
BID,SBS,0.6405
BID,SCR,0.6407
BID,SHB,0.6914
BID,SHS,0.6837
BID,SKG,0.6108
BID,SSI,0.7329
BID,STB,0.7862
BID,SZC,0.6881
BID,TCB,0.7248
BID,TCH,0.6321
BID,TCI,0.6149
BID,TCT,0.6345
BID,TIP,0.6012
BID,TNG,0.7383
BID,TPB,0.6973
BID,VCB,0.8026
BID,VCG,0.6945
BID,VCI,0.7072
BID,VGC,0.6249
BID,VGI,0.6158
BID,VHC,0.6671
BID,VIB,0.6859
BID,VIX,0.6464
BID,VND,0.6655
BID,VNM,0.6604
BID,VPB,0.6959
BID,VRE,0.6904
BKG,BTS,0.6049
BKG,C32,0.6298
BKG,C4G,0.7046
BKG,CCL,0.6341
BKG,CEO,0.6178
BKG,CMX,0.6465
BKG,CSC,0.612
BKG,CTS,0.6468
BKG,DGC,0.6012
BKG,DIG,0.6368
BKG,DXG,0.604
BKG,DXP,0.609
BKG,ELC,0.6045
BKG,FCN,0.6905
BKG,FIT,0.7252
BKG,FMC,0.6013
BKG,FRT,0.6536
BKG,FTS,0.6271
BKG,G36,0.6875
BKG,HAR,0.6036
BKG,HCM,0.6284
BKG,HLD,0.6024
BKG,HPG,0.6264
BKG,HQC,0.6255
BKG,HSG,0.6144
BKG,HUB,0.6655
BKG,IDC,0.6764
BKG,IDI,0.6576
BKG,IJC,0.6504
BKG,IPA,0.6265
BKG,IVS,0.6963
BKG,JVC,0.602
BKG,KMR,0.6509
BKG,KSB,0.645
BKG,L18,0.6567
BKG,LCG,0.7396
BKG,LGL,0.6582
BKG,LHG,0.6039
BKG,LPB,0.6329
BKG,MBB,0.6037
BKG,MSB,0.617
BKG,MSN,0.6264
BKG,NED,0.667
BKG,NHA,0.6467
BKG,NHH,0.6855
BKG,NKG,0.6399
BKG,NT2,0.6324
BKG,OGC,0.6677
BKG,PAN,0.661
BKG,PAT,0.6636
BKG,PHC,0.6549
BKG,PLP,0.6689
BKG,PSI,0.6332
BKG,PTB,0.603
BKG,PVD,0.6273
BKG,PXL,0.6488
BKG,QNS,0.6283
BKG,QTP,0.6605
BKG,SBS,0.6154
BKG,SCR,0.6786
BKG,SD9,0.6221
BKG,SGT,0.6066
BKG,SKG,0.6695
BKG,SSI,0.6538
BKG,TA9,0.6063
BKG,TCI,0.6392
BKG,TIP,0.632
BKG,TLD,0.6809
BKG,TLH,0.6042
BKG,TNI,0.6164
BKG,TNT,0.6036
BKG,TSC,0.6734
BKG,TTF,0.7055
BKG,TTH,0.6004
BKG,TVB,0.7046
BKG,VC2,0.6006
BKG,VCI,0.6417
BKG,VGC,0.6373
BKG,VGS,0.6455
BKG,VIB,0.6912
BKG,VIG,0.6288
BKG,VIX,0.6218
BKG,VLB,0.631
BKG,VND,0.6022
BLF,CMI,0.6782
BLF,DVT,0.6098
BLF,HLO,0.7075
BLF,NLS,-0.6511
BLI,PCE,0.6353
BLI,VRG,0.6458
BLN,RCD,0.6085
BLN,SDY,0.6628
BLT,BNW,-0.6298
BLT,CCP,-0.6967
BLT,CNT,0.6389
BLT,GTT,-0.6138
BLT,HC1,-0.6176
BLT,HEP,0.6492
BLT,HLA,-0.6531
BLT,HMS,0.6092
BLT,IN4,-0.6091
BLT,KMR,0.6312
BLT,LAF,0.6516
BLT,MEF,-0.6266
BLT,PDV,0.6186
BLT,PPI,-0.6376
BLT,PTG,-0.6215
BLT,SAL,-0.6099
BLT,SLS,0.6097
BLT,TOT,0.6087
BLT,VC3,0.6013
BLT,VKC,-0.6119
BLT,VTZ,0.6563
BMC,CBS,0.6019
BMC,DDV,0.6177
BMC,DST,0.6829
BMC,FCM,0.6428
BMC,GH3,-0.6089
BMC,HLC,0.6063
BMC,HNP,-0.6298
BMC,HTG,0.6008
BMC,L18,0.6058
BMC,LQN,-0.6114
BMC,MBG,0.6545
BMC,MDC,0.646
BMC,MLC,-0.6131
BMC,NBC,0.6397
BMC,NSH,0.6365
BMC,OCH,0.618
BMC,PGC,0.6368
BMC,PPH,0.6448
BMC,PVG,0.6175
BMC,STW,-0.6529
BMC,THT,0.6474
BMC,TOS,0.6177
BMC,TVD,0.6297
BMC,VMT,-0.6287
BMC,VNF,0.633
BMC,VNR,0.6112
BMD,CCT,0.7154
BMD,CH5,0.8383
BMD,CJC,0.658
BMD,CKV,0.7103
BMD,CMW,0.6178
BMD,DAN,0.6299
BMD,DCG,0.7259
BMD,DCH,0.6711
BMD,DHN,0.6509
BMD,DKC,0.6258
BMD,DLD,0.7143
BMD,DMN,0.6621
BMD,DNT,0.6372
BMD,DOC,0.6279
BMD,DP2,0.6575
BMD,DWC,0.6492
BMD,HCI,0.796
BMD,HLT,0.6604
BMD,HMG,0.6791
BMD,HPI,0.7845
BMD,HPM,0.7734
BMD,KTL,0.6638
BMD,LCD,0.6855
BMD,MIE,0.6493
BMD,MTH,0.636
BMD,MTS,0.7308
BMD,NGC,0.7468
BMD,NQB,0.6134
BMD,NQN,0.8696
BMD,NTT,0.7264
BMD,PID,0.6746
BMD,PSN,0.6752
BMD,PVY,0.7427
BMD,PWS,0.7406
BMD,QNU,0.7207
BMD,QST,0.6082
BMD,SBV,-0.6725
BMD,SPD,0.6763
BMD,STL,0.7421
BMD,TVG,0.7095
BMD,UCT,0.668
BMD,VBH,0.7283
BMD,VES,0.7169
BMD,VIW,0.6046
BMD,VPR,0.7263
BMD,XPH,0.6239
BMF,BNW,-0.66
BMF,CAT,0.6373
BMF,CCM,0.6407
BMF,CDP,0.6181
BMF,DFC,0.7715
BMF,DP1,0.6053
BMF,DTG,0.643
BMF,DTI,0.6585
BMF,GCB,0.6125
BMF,HD8,0.6191
BMF,HEP,0.6392
BMF,HHN,-0.6235
BMF,HMS,0.7531
BMF,HSP,0.6163
BMF,KGM,0.7077
BMF,KTS,0.6408
BMF,LAF,0.6967
BMF,MEF,-0.6123
BMF,MVN,0.6503
BMF,NDW,-0.6248
BMF,PCE,0.6746
BMF,PLA,0.6204
BMF,PTG,-0.6118
BMF,PVX,0.6622
BMF,QCC,0.622
BMF,TNW,0.7299
BMF,TUG,0.6431
BMF,VE2,-0.6408
BMF,VSA,0.6887
BMF,VSM,0.7556
BMG,CMD,0.6019
BMG,DIC,0.6032
BMG,DOP,0.6545
BMG,ECI,0.7818
BMG,FIC,0.6003
BMG,GCB,0.6992
BMG,GTS,0.6527
BMG,HEV,0.8706
BMG,HNI,0.6224
BMG,NDW,-0.632
BMG,NJC,0.6582
BMG,NWT,0.709
BMG,PJS,0.6717
BMG,PVX,0.6312
BMG,QCC,0.6023
BMG,TDB,0.6004
BMG,TET,0.6255
BMG,THW,0.7106
BMG,TRS,-0.6439
BMG,VDL,0.6257
BMG,VDT,0.6766
BMI,BMS,0.6167
BMI,BSI,0.6634
BMI,BSR,0.7326
BMI,BTS,0.7181
BMI,BVB,0.6464
BMI,BVH,0.6585
BMI,BVS,0.661
BMI,BWE,0.7249
BMI,C47,0.6221
BMI,C4G,0.7269
BMI,CCL,0.6504
BMI,CEO,0.6397
BMI,CKG,0.6934
BMI,CLX,0.6331
BMI,CMX,0.7372
BMI,CNG,0.675
BMI,CSC,0.7533
BMI,CTG,0.7299
BMI,CTI,0.6824
BMI,CTS,0.6768
BMI,D2D,0.6248
BMI,DAH,0.66
BMI,DBC,0.6034
BMI,DBT,0.6173
BMI,DCM,0.7438
BMI,DDH,-0.6326
BMI,DDV,0.6323
BMI,DGC,0.6569
BMI,DGW,0.6897
BMI,DHA,0.631
BMI,DIG,0.6015
BMI,DLG,0.6156
BMI,DPG,0.7272
BMI,DPM,0.7156
BMI,DPR,0.6084
BMI,DQC,0.6175
BMI,DRC,0.658
BMI,DRI,0.6282
BMI,DXG,0.7049
BMI,DXS,0.6214
BMI,EIB,0.646
BMI,ELC,0.7074
BMI,EVE,0.6323
BMI,FCN,0.6856
BMI,FIT,0.6493
BMI,FMC,0.6594
BMI,FRT,0.6557
BMI,FTS,0.6582
BMI,G36,0.6669
BMI,GEG,0.7026
BMI,GH3,-0.6433
BMI,GIL,0.6629
BMI,GMD,0.6198
BMI,GTT,-0.6222
BMI,GVR,0.6667
BMI,HAH,0.7322
BMI,HAP,0.6003
BMI,HAX,0.7512
BMI,HCD,0.627
BMI,HCM,0.7531
BMI,HDB,0.6111
BMI,HDC,0.7176
BMI,HDG,0.7398
BMI,HHS,0.6102
BMI,HHV,0.6865
BMI,HLD,0.6037
BMI,HOM,0.618
BMI,HPG,0.7515
BMI,HQC,0.6465
BMI,HSG,0.7176
BMI,HT1,0.7305
BMI,HTG,0.696
BMI,HUB,0.6012
BMI,HUT,0.6434
BMI,IDC,0.7513
BMI,IDI,0.6943
BMI,IDV,0.6519
BMI,IJC,0.7096
BMI,IPA,0.6602
BMI,ITD,0.6047
BMI,JVC,0.6514
BMI,KBC,0.7111
BMI,KDH,0.6443
BMI,KHG,0.6577
BMI,KMR,0.6648
BMI,KSB,0.6911
BMI,L14,0.6046
BMI,L18,0.6674
BMI,LAS,0.6632
BMI,LCG,0.7359
BMI,LHC,0.6595
BMI,LHG,0.6953
BMI,LIG,0.6237
BMI,LPB,0.7807
BMI,LSS,0.631
BMI,MBB,0.7803
BMI,MBG,0.617
BMI,MBS,0.7016
BMI,MIG,0.8093
BMI,MSB,0.6707
BMI,MSN,0.6739
BMI,MWG,0.6022
BMI,NAB,0.6814
BMI,NBC,0.6695
BMI,NHA,0.7008
BMI,NKG,0.7213
BMI,NLG,0.6404
BMI,NT2,0.6757
BMI,OCB,0.642
BMI,ODE,0.6138
BMI,OGC,0.6348
BMI,OIL,0.6491
BMI,PAN,0.7546
BMI,PAT,0.6495
BMI,PBP,0.6519
BMI,PC1,0.7146
BMI,PET,0.7388
BMI,PGC,0.6926
BMI,PHC,0.6311
BMI,PHR,0.7049
BMI,PLC,0.7285
BMI,POW,0.7367
BMI,PSD,0.6481
BMI,PSI,0.6701
BMI,PSW,0.6163
BMI,PTB,0.7434
BMI,PVB,0.6886
BMI,PVC,0.703
BMI,PVD,0.7434
BMI,PVG,0.6115
BMI,PVP,0.664
BMI,PVS,0.7222
BMI,PVT,0.719
BMI,QNS,0.6033
BMI,QTP,0.7109
BMI,RBC,-0.6019
BMI,REE,0.6509
BMI,SBS,0.6624
BMI,SBT,0.6423
BMI,SCR,0.7229
BMI,SGT,0.6549
BMI,SHB,0.7507
BMI,SHS,0.6733
BMI,SKG,0.6697
BMI,SSI,0.7235
BMI,STB,0.7709
BMI,STK,0.6233
BMI,SZC,0.7222
BMI,TCB,0.6847
BMI,TCH,0.6271
BMI,TCI,0.7082
BMI,TCM,0.6536
BMI,TDG,0.6252
BMI,TIG,0.6063
BMI,TIP,0.6107
BMI,TLH,0.6861
BMI,TNG,0.7834
BMI,TNH,0.6278
BMI,TPB,0.6752
BMI,TTA,0.6103
BMI,TTF,0.649
BMI,TVB,0.6283
BMI,TVD,0.6234
BMI,TVT,0.6353
BMI,UDJ,0.6593
BMI,VCG,0.6086
BMI,VCI,0.7168
BMI,VCS,0.6039
BMI,VEA,0.6044
BMI,VGC,0.6434
BMI,VGS,0.6928
BMI,VGT,0.7162
BMI,VHC,0.6416
BMI,VIB,0.6976
BMI,VIG,0.6466
BMI,VIP,0.6338
BMI,VIX,0.6766
BMI,VLB,0.631
BMI,VLC,0.6386
BMI,VND,0.6988
BMI,VNL,0.6058
BMI,VNR,0.6783
BMI,VOS,0.6719
BMI,VPB,0.6484
BMI,VSH,0.6078
BMS,BSI,0.821
BMS,BVS,0.7293
BMS,C4G,0.6681
BMS,CCL,0.6258
BMS,CMX,0.6541
BMS,CSC,0.6586
BMS,CSI,0.7273
BMS,CTS,0.755
BMS,DAH,0.6338
BMS,DBC,0.6223
BMS,DBT,0.6158
BMS,DL1,0.6065
BMS,DPG,0.6044
BMS,DSC,0.6152
BMS,DTD,0.6268
BMS,DXG,0.6325
BMS,EVS,0.6284
BMS,FIT,0.6934
BMS,FTS,0.74
BMS,GIL,0.6813
BMS,HCM,0.6947
BMS,HHV,0.7197
BMS,HPG,0.6146
BMS,HSG,0.6763
BMS,IJC,0.6936
BMS,IN4,-0.6279
BMS,IPA,0.7027
BMS,IVS,0.7344
BMS,KHG,0.6059
BMS,KMR,0.6759
BMS,KSB,0.6064
BMS,L18,0.6637
BMS,LCG,0.6799
BMS,LHG,0.6191
BMS,LPB,0.6637
BMS,LSS,0.7366
BMS,MBS,0.7128
BMS,NAB,0.6684
BMS,NBC,0.6172
BMS,NDN,0.6206
BMS,NED,0.6645
BMS,NHA,0.7139
BMS,NKG,0.6612
BMS,ORS,0.6763
BMS,PAN,0.6654
BMS,PGB,0.6953
BMS,PHC,0.678
BMS,PSI,0.7906
BMS,QTP,0.6099
BMS,S99,0.6984
BMS,SBG,0.6028
BMS,SBS,0.7526
BMS,SBT,0.7141
BMS,SCI,0.6325
BMS,SCR,0.6483
BMS,SGB,0.6354
BMS,SGT,0.6282
BMS,SHB,0.6263
BMS,SHS,0.6727
BMS,SKG,0.6525
BMS,SSI,0.6811
BMS,SZC,0.6486
BMS,TCI,0.7646
BMS,TDC,0.7077
BMS,TLH,0.7281
BMS,TNG,0.6226
BMS,TOT,0.614
BMS,TSC,0.6463
BMS,TVB,0.753
BMS,VBB,0.6639
BMS,VC2,0.656
BMS,VC7,0.6111
BMS,VCI,0.7175
BMS,VDS,0.6188
BMS,VE2,-0.6073
BMS,VGS,0.6781
BMS,VGT,0.6066
BMS,VID,0.6244
BMS,VIG,0.7914
BMS,VIX,0.6444
BMS,VLB,0.6263
BMS,VND,0.6499
BMS,WSS,0.7393
BMV,CTW,0.7201
BMV,DDM,0.6668
BMV,DHB,0.783
BMV,HNM,0.6254
BMV,HSA,0.6256
BMV,MND,-0.6844
BMV,MPY,-0.6267
BMV,NGC,0.7125
BMV,PMT,0.6309
BMV,PNP,0.6353
BMV,SDG,0.6083
BMV,SGC,0.643
BMV,SNC,0.6011
BMV,TH1,0.6448
BMV,TVA,0.6688
BMV,VGL,0.6886
BMV,VGR,0.6165
BNA,PAS,0.6411
BNW,BTS,-0.7182
BNW,C21,0.6296
BNW,CBS,-0.6218
BNW,CCP,0.8217
BNW,CDG,0.6271
BNW,CHC,0.7411
BNW,CIG,-0.6314
BNW,CKD,-0.7146
BNW,CLM,-0.6644
BNW,CMD,-0.7532
BNW,CMN,-0.6389
BNW,CMX,-0.6112
BNW,CTA,0.6287
BNW,CTW,-0.694
BNW,DAC,0.608
BNW,DAH,-0.7505
BNW,DCT,0.614
BNW,DDH,0.801
BNW,DFC,-0.7709
BNW,DHB,-0.6338
BNW,DLR,0.6623
BNW,DNE,-0.645
BNW,DNL,0.7381
BNW,DP1,-0.6495
BNW,DRL,-0.7012
BNW,DSC,-0.642
BNW,DTE,0.7508
BNW,DTG,-0.7471
BNW,DUS,0.7273
BNW,DVW,0.7523
BNW,FIT,-0.6295
BNW,FRM,0.658
BNW,FSO,0.6417
BNW,FTI,0.7036
BNW,FTM,0.7649
BNW,GDA,-0.6175
BNW,GGG,0.6043
BNW,GH3,0.7872
BNW,GTT,0.7178
BNW,HAX,-0.656
BNW,HC1,0.8028
BNW,HCD,-0.6054
BNW,HDM,-0.6064
BNW,HEP,-0.7805
BNW,HFB,-0.663
BNW,HFX,0.7196
BNW,HHN,0.885
BNW,HLA,0.787
BNW,HLS,0.6906
BNW,HMS,-0.6172
BNW,HNM,-0.818
BNW,HNP,0.6917
BNW,HOT,0.7421
BNW,HPD,-0.6638
BNW,HQC,-0.6348
BNW,HSP,-0.6086
BNW,HTP,0.6011
BNW,HUB,-0.6192
BNW,ICN,-0.6963
BNW,IME,0.6304
BNW,IN4,0.8467
BNW,KGM,-0.6433
BNW,KHG,-0.6112
BNW,KMR,-0.7729
BNW,KTS,-0.607
BNW,L18,-0.6581
BNW,L35,0.7033
BNW,L40,-0.6251
BNW,L62,0.6671
BNW,LAF,-0.8233
BNW,LAI,-0.6752
BNW,LCC,0.7852
BNW,LCD,-0.656
BNW,LQN,0.6353
BNW,LSS,-0.657
BNW,LUT,0.8694
BNW,MCP,-0.7341
BNW,MDC,-0.6028
BNW,MEF,0.8258
BNW,MND,0.6903
BNW,MPY,0.8117
BNW,MRF,0.6887
BNW,NAC,0.7509
BNW,NBB,-0.6225
BNW,NBC,-0.7002
BNW,NDW,0.8554
BNW,NED,-0.6043
BNW,NUE,-0.673
BNW,ODE,-0.7575
BNW,PBP,-0.7084
BNW,PCE,-0.7093
BNW,PCH,-0.6801
BNW,PDN,-0.6612
BNW,PDV,-0.6321
BNW,PHH,0.6808
BNW,PMB,-0.6351
BNW,PMW,-0.6986
BNW,POM,0.6338
BNW,PPI,0.7675
BNW,PRC,-0.6408
BNW,PSG,0.6628
BNW,PTC,-0.7388
BNW,PTG,0.8439
BNW,PVX,-0.642
BNW,PXM,0.6217
BNW,QNP,-0.6227
BNW,QNW,0.8177
BNW,RBC,0.7289
BNW,SAL,0.7894
BNW,SBG,-0.7432
BNW,SBT,-0.6902
BNW,SCD,0.7094
BNW,SCR,-0.6109
BNW,SEB,-0.6362
BNW,SFN,0.658
BNW,SIV,-0.6012
BNW,SKG,-0.6362
BNW,SP2,-0.6225
BNW,SPH,0.6075
BNW,SSF,0.7243
BNW,STG,0.6214
BNW,STW,0.7031
BNW,TAN,-0.6437
BNW,TBR,0.6493
BNW,TCJ,0.688
BNW,TDB,-0.6848
BNW,TDC,-0.6209
BNW,TDT,-0.6071
BNW,TGG,-0.6656
BNW,THN,0.7312
BNW,THT,-0.6269
BNW,TKC,0.6331
BNW,TL4,0.6563
BNW,TLD,-0.6057
BNW,TMW,0.6881
BNW,TNW,-0.6224
BNW,TOT,-0.7404
BNW,TRT,0.6904
BNW,TSC,-0.6681
BNW,TTT,-0.638
BNW,TVB,-0.6307
BNW,TVD,-0.7295
BNW,TVH,0.7898
BNW,UMC,0.8122
BNW,V21,-0.6034
BNW,VCP,-0.6426
BNW,VCT,0.703
BNW,VE2,0.7894
BNW,VE3,0.6206
BNW,VE4,0.6189
BNW,VFG,-0.6536
BNW,VGP,-0.7903
BNW,VIG,-0.6107
BNW,VKC,0.7465
BNW,VLP,0.6712
BNW,VMT,0.7069
BNW,VNL,-0.6505
BNW,VNR,-0.6337
BNW,VNS,-0.6821
BNW,VSA,-0.6705
BNW,VSF,-0.6971
BNW,VSM,-0.6252
BNW,VTI,0.7298
BNW,VTZ,-0.6882
BNW,VVN,0.635
BNW,VXB,0.6634
BNW,X26,0.7102
BNW,XHC,0.7205
BOT,CVN,0.6539
BOT,MCG,0.6262
BOT,VIR,0.6365
BPC,HGT,0.6138
BPC,TR1,0.6418
BPC,TST,0.6443
BQP,CRV,-0.7249
BQP,DFF,0.6329
BQP,DMS,0.6305
BQP,DVT,0.682
BQP,HHB,0.8741
BQP,HLO,0.6384
BQP,HPA,-0.6111
BQP,HPO,0.6292
BQP,LNC,0.6207
BQP,NLS,-0.6772
BQP,PTM,0.6743
BQP,RGG,0.8419
BQP,SLD,0.8604
BQP,VMK,0.6414
BRC,CCP,-0.652
BRC,DRL,0.6326
BRC,DSN,0.6124
BRC,FTM,-0.6031
BRC,IN4,-0.6165
BRC,LAF,0.6103
BRC,NAC,-0.6251
BRC,NKG,0.6008
BRC,SBG,0.6065
BRC,SII,-0.6041
BRC,THN,-0.6108
BRR,VRG,0.6109
BRS,GCB,0.6281
BSD,CBS,-0.642
BSD,CH5,0.7007
BSD,CTA,0.785
BSD,CYC,0.6853
BSD,DCH,0.6332
BSD,DDH,0.6577
BSD,DKC,0.7065
BSD,DLR,0.7357
BSD,DNA,0.6416
BSD,DNT,0.7097
BSD,DSD,0.7414
BSD,DSG,0.667
BSD,DTE,0.6079
BSD,DTH,0.6072
BSD,DUS,0.8012
BSD,DVW,0.7548
BSD,DZM,0.6467
BSD,FBC,0.7958
BSD,FCC,0.6874
BSD,FHN,0.7223
BSD,FTI,0.7766
BSD,GH3,0.675
BSD,GMA,0.6753
BSD,HCI,0.7716
BSD,HD6,-0.6177
BSD,HEC,-0.6114
BSD,HFX,0.6984
BSD,HGT,0.6601
BSD,HKB,0.7955
BSD,HMG,0.6251
BSD,HNP,0.7975
BSD,HTC,0.6797
BSD,IBD,0.7884
BSD,IME,0.7893
BSD,LCC,0.6949
BSD,LG9,0.7017
BSD,LQN,0.687
BSD,MGR,0.7247
BSD,MIE,0.7584
BSD,MLC,0.6271
BSD,MRF,0.661
BSD,MTB,0.7177
BSD,PAI,0.6778
BSD,PHH,0.7906
BSD,PMJ,0.6967
BSD,PPH,-0.6028
BSD,PPT,-0.6535
BSD,PSG,0.6529
BSD,PSW,-0.6065
BSD,PTH,0.6398
BSD,PVY,0.7095
BSD,QNT,0.7069
BSD,QNU,0.6154
BSD,QST,0.6959
BSD,QTC,0.6278
BSD,RBC,0.6504
BSD,SAL,0.786
BSD,SCG,-0.6741
BSD,SFN,0.7215
BSD,SGD,0.6747
BSD,SPH,0.6651
BSD,SSF,0.7135
BSD,SSM,0.6481
BSD,STS,0.7502
BSD,TAW,0.6137
BSD,TCJ,0.7109
BSD,TVG,0.6525
BSD,TVH,0.7478
BSD,UCT,0.684
BSD,UMC,0.7171
BSD,UPC,0.6602
BSD,VCT,0.6262
BSD,VHF,0.6513
BSD,VTG,0.6723
BSD,VTI,0.7403
BSD,VVN,0.6503
BSD,VXB,0.7575
BSD,VXP,0.7045
BSD,XDH,0.6887
BSG,GMC,0.6225
BSH,BTV,0.6397
BSH,PNT,-0.6032
BSH,SSC,0.6064
BSH,STT,0.6173
BSI,BSR,0.6192
BSI,BTS,0.6007
BSI,BVB,0.6049
BSI,BVS,0.8119
BSI,C4G,0.6762
BSI,CEO,0.6066
BSI,CKG,0.6435
BSI,CMX,0.67
BSI,CSC,0.6048
BSI,CSI,0.722
BSI,CTG,0.6525
BSI,CTS,0.8853
BSI,DAH,0.6364
BSI,DBC,0.6953
BSI,DCM,0.6543
BSI,DGW,0.6935
BSI,DIG,0.6456
BSI,DPG,0.7017
BSI,DPM,0.6177
BSI,DSC,0.6868
BSI,DXG,0.7428
BSI,DXS,0.6804
BSI,ELC,0.6544
BSI,EVS,0.6644
BSI,FCN,0.6851
BSI,FIT,0.6924
BSI,FMC,0.6442
BSI,FRT,0.6138
BSI,FTS,0.8734
BSI,GEG,0.661
BSI,GIL,0.7016
BSI,GVR,0.6231
BSI,HAH,0.642
BSI,HAX,0.6231
BSI,HCD,0.6261
BSI,HCM,0.855
BSI,HDC,0.6921
BSI,HDG,0.6171
BSI,HEP,0.6022
BSI,HHV,0.8126
BSI,HPG,0.7088
BSI,HQC,0.6625
BSI,HSG,0.7848
BSI,HUT,0.607
BSI,IDC,0.6435
BSI,IDI,0.6653
BSI,IJC,0.7848
BSI,IN4,-0.6207
BSI,IPA,0.755
BSI,IVS,0.6617
BSI,KBC,0.7091
BSI,KHG,0.6941
BSI,KMR,0.6591
BSI,KSB,0.7189
BSI,L18,0.6381
BSI,LAS,0.6267
BSI,LCG,0.7544
BSI,LHG,0.6953
BSI,LPB,0.7494
BSI,LSS,0.6986
BSI,MBB,0.6638
BSI,MBS,0.8676
BSI,MIG,0.6077
BSI,MSB,0.7028
BSI,MSN,0.6256
BSI,NAB,0.6836
BSI,NBB,0.6172
BSI,NBC,0.6008
BSI,NHA,0.7216
BSI,NHH,0.6238
BSI,NKG,0.7852
BSI,OCB,0.6503
BSI,ODE,0.6049
BSI,ORS,0.772
BSI,PAN,0.7254
BSI,PC1,0.6706
BSI,PET,0.6288
BSI,PHC,0.6022
BSI,PSI,0.7897
BSI,PTC,0.648
BSI,PVD,0.6349
BSI,PVS,0.6228
BSI,PVT,0.647
BSI,S99,0.683
BSI,SBS,0.7905
BSI,SBT,0.7483
BSI,SCR,0.7419
BSI,SGB,0.6224
BSI,SHB,0.7396
BSI,SHS,0.8183
BSI,SKG,0.6409
BSI,SSI,0.8376
BSI,STB,0.6389
BSI,SZC,0.751
BSI,TCB,0.6555
BSI,TCI,0.788
BSI,TDC,0.6534
BSI,TIP,0.6576
BSI,TLH,0.767
BSI,TNG,0.729
BSI,TOT,0.6415
BSI,TPB,0.6442
BSI,TSC,0.6535
BSI,TTF,0.6104
BSI,TVB,0.7465
BSI,VBB,0.6458
BSI,VCG,0.6235
BSI,VCI,0.8388
BSI,VDS,0.7267
BSI,VGS,0.7568
BSI,VIB,0.735
BSI,VIG,0.7307
BSI,VIX,0.7327
BSI,VLB,0.6037
BSI,VND,0.8104
BSI,VOS,0.6462
BSI,WSS,0.7343
BSQ,HHB,0.663
BSQ,RGG,0.6345
BSQ,SLD,0.6295
BSQ,VCR,0.6018
BSR,BVB,0.616
BSR,BVH,0.7016
BSR,C47,0.6479
BSR,C4G,0.6577
BSR,CEO,0.6403
BSR,CII,0.6153
BSR,CTG,0.7508
BSR,CTS,0.6368
BSR,DCM,0.7355
BSR,DGC,0.6506
BSR,DGW,0.6431
BSR,DPM,0.6492
BSR,DXG,0.6321
BSR,DXS,0.6706
BSR,EIB,0.66
BSR,FCN,0.6179
BSR,FMC,0.6191
BSR,FRT,0.6423
BSR,G36,0.6824
BSR,GAS,0.7072
BSR,GEG,0.6062
BSR,GIL,0.616
BSR,GMD,0.7457
BSR,GVR,0.6956
BSR,HAH,0.6946
BSR,HAX,0.6199
BSR,HCM,0.7329
BSR,HDB,0.6418
BSR,HDC,0.6419
BSR,HDG,0.7344
BSR,HHV,0.6882
BSR,HPG,0.725
BSR,HSG,0.6708
BSR,HT1,0.6848
BSR,HUT,0.6591
BSR,IDC,0.6927
BSR,IPA,0.6573
BSR,KBC,0.6675
BSR,KDH,0.6343
BSR,LCG,0.6704
BSR,LPB,0.7646
BSR,MBB,0.7655
BSR,MBS,0.7396
BSR,MIG,0.6416
BSR,MPC,0.6323
BSR,MSB,0.6637
BSR,MSN,0.6814
BSR,MWG,0.6116
BSR,NKG,0.6689
BSR,NT2,0.6431
BSR,OIL,0.7679
BSR,PAN,0.7123
BSR,PAT,0.7079
BSR,PC1,0.7433
BSR,PET,0.7855
BSR,PHR,0.6867
BSR,PLC,0.6583
BSR,PLX,0.6889
BSR,POW,0.7097
BSR,PSI,0.6743
BSR,PTB,0.6228
BSR,PVB,0.6155
BSR,PVC,0.7686
BSR,PVD,0.803
BSR,PVS,0.848
BSR,PVT,0.7604
BSR,REE,0.6059
BSR,SBS,0.7032
BSR,SCR,0.665
BSR,SHB,0.6689
BSR,SHS,0.7395
BSR,SSI,0.7462
BSR,STB,0.8024
BSR,SZC,0.6428
BSR,TCB,0.7014
BSR,TCH,0.6267
BSR,TEG,0.6238
BSR,TNG,0.7659
BSR,TPB,0.6424
BSR,TTF,0.6512
BSR,TVM,-0.6503
BSR,VCB,0.6362
BSR,VCI,0.6694
BSR,VDS,0.6146
BSR,VGT,0.6398
BSR,VIB,0.7409
BSR,VIX,0.689
BSR,VND,0.6751
BSR,VNM,0.6271
BSR,VOS,0.6398
BSR,VPB,0.6929
BSR,WSS,0.6023
BT1,BTH,0.6506
BT1,CDG,-0.7416
BT1,DNC,0.6311
BT1,DSE,0.676
BT1,DWS,-0.6264
BT1,FSO,-0.7171
BT1,GKM,-0.6491
BT1,IN4,-0.6442
BT1,LCD,0.6662
BT1,MND,-0.7785
BT1,MPY,-0.6255
BT1,MTP,0.6349
BT1,MTS,0.6003
BT1,NAC,-0.7225
BT1,ND2,0.6294
BT1,NGC,0.7526
BT1,NNT,0.6182
BT1,NXT,-0.6523
BT1,PIV,0.6877
BT1,PNP,0.7854
BT1,PNT,-0.7302
BT1,PSN,0.6016
BT1,QNP,0.6011
BT1,SBG,0.6151
BT1,SCD,-0.6785
BT1,SDG,0.6012
BT1,SGC,0.7575
BT1,SII,-0.6208
BT1,TB8,-0.6616
BT1,TH1,0.6354
BT1,THN,-0.7331
BT1,TSA,0.6002
BT1,TVC,0.6093
BT1,VES,0.6614
BT1,VGL,0.62
BT1,VGR,0.6981
BT1,VLP,-0.6596
BT1,VTH,0.6338
BT6,NDF,0.727
BTB,DKG,-0.6493
BTB,HMD,-0.6148
BTB,LNC,-0.6282
BTB,MQB,-0.6316
BTD,DPC,0.6122
BTD,DTE,0.6939
BTD,FRM,0.6471
BTD,FTM,0.6266
BTD,SCD,0.6063
BTD,SII,0.6375
BTD,SPH,0.6553
BTD,TOW,0.6012
BTD,VTG,0.6314
BTG,ONW,0.6364
BTH,CDC,-0.6224
BTH,CDG,-0.6922
BTH,CJC,0.6944
BTH,CLW,0.6929
BTH,CVN,-0.6917
BTH,CX8,0.6908
BTH,DHN,0.7534
BTH,DP2,0.7098
BTH,DVG,-0.7347
BTH,EFI,0.8316
BTH,FSO,-0.6034
BTH,GKM,-0.6359
BTH,GMC,-0.6779
BTH,GSM,0.7404
BTH,HFC,0.736
BTH,HJS,0.6298
BTH,HTP,-0.7052
BTH,IRC,-0.6678
BTH,KHS,0.7018
BTH,KSD,-0.6588
BTH,L40,0.6149
BTH,L62,-0.7374
BTH,LCD,0.6036
BTH,LCM,-0.623
BTH,LDW,-0.6395
BTH,LKW,0.6367
BTH,LTG,-0.6017
BTH,MA1,0.7786
BTH,MGG,0.617
BTH,MND,-0.7424
BTH,MTS,0.7972
BTH,NAC,-0.6485
BTH,NGC,0.7191
BTH,NNT,0.6378
BTH,NQN,0.6745
BTH,NTH,0.6755
BTH,NVP,-0.7352
BTH,NXT,-0.6221
BTH,PIS,0.6211
BTH,PIV,0.7214
BTH,PSN,0.6054
BTH,PTE,0.6221
BTH,QBS,-0.7742
BTH,QPH,0.6066
BTH,RTB,0.6696
BTH,RYG,0.6412
BTH,S72,0.6478
BTH,SBV,-0.6214
BTH,SGC,0.6889
BTH,SPD,0.811
BTH,SRA,-0.614
BTH,TB8,-0.6942
BTH,THN,-0.6719
BTH,TNC,0.6142
BTH,TVA,0.6526
BTH,UXC,-0.6498
BTH,VBH,0.811
BTH,VDG,-0.6789
BTH,VE8,-0.611
BTH,VES,0.7333
BTH,VGL,0.6863
BTH,VIR,-0.6214
BTH,VIW,0.6901
BTH,VPR,0.7217
BTH,VUA,-0.7128
BTH,X20,0.7137
BTH,XPH,0.651
BTP,DUS,-0.6148
BTP,DVW,-0.6325
BTP,FIT,0.6289
BTP,HD6,0.6081
BTP,HQC,0.6021
BTP,HUB,0.6113
BTP,IDC,0.6008
BTP,KMR,0.6823
BTP,L18,0.6349
BTP,LAS,0.6012
BTP,LO5,-0.62
BTP,MSN,0.6136
BTP,NBB,0.6032
BTP,NED,0.6711
BTP,ODE,0.6421
BTP,PAN,0.6124
BTP,PHH,-0.6366
BTP,PPI,-0.622
BTP,PSG,-0.6254
BTP,QTP,0.6377
BTP,SAL,-0.6187
BTP,SHP,0.6507
BTP,SVT,0.6096
BTP,TCI,0.6893
BTP,TDT,0.62
BTP,TVH,-0.6287
BTP,VKC,-0.6013
BTP,VTI,-0.6159
BTP,VVN,-0.6211
BTP,X26,-0.6072
BTS,BWE,0.6052
BTS,C47,0.6223
BTS,C4G,0.7216
BTS,CBS,0.6326
BTS,CCP,-0.6542
BTS,CKG,0.6434
BTS,CLH,0.6349
BTS,CLM,0.6361
BTS,CLX,0.6342
BTS,CMX,0.7204
BTS,CSC,0.6705
BTS,CST,0.6673
BTS,CTI,0.6026
BTS,DAH,0.7692
BTS,DCM,0.6306
BTS,DDH,-0.7105
BTS,DDV,0.6534
BTS,DFC,0.6157
BTS,DID,0.6469
BTS,DIG,0.6148
BTS,DL1,0.6534
BTS,DPM,0.6123
BTS,DQC,0.6684
BTS,DRC,0.6029
BTS,DSC,0.6003
BTS,DTE,-0.6313
BTS,DTG,0.6478
BTS,DTI,0.6536
BTS,DUS,-0.6401
BTS,DVW,-0.6628
BTS,ELC,0.634
BTS,EVE,0.6448
BTS,FCN,0.6493
BTS,FIT,0.7255
BTS,FMC,0.6289
BTS,FRT,0.6514
BTS,FTI,-0.612
BTS,G36,0.667
BTS,GDA,0.6154
BTS,GEG,0.6278
BTS,GH3,-0.7004
BTS,GSP,0.6998
BTS,GTT,-0.6688
BTS,HAH,0.6956
BTS,HAP,0.6973
BTS,HAX,0.6688
BTS,HC1,-0.6981
BTS,HCD,0.6883
BTS,HCM,0.6535
BTS,HDM,0.6186
BTS,HEP,0.6389
BTS,HHN,-0.6772
BTS,HLA,-0.6484
BTS,HMC,0.6102
BTS,HNM,0.6905
BTS,HNP,-0.6222
BTS,HOM,0.705
BTS,HOT,-0.6743
BTS,HPG,0.6282
BTS,HQC,0.7508
BTS,HSG,0.7264
BTS,HT1,0.6892
BTS,HTG,0.6982
BTS,HUB,0.6313
BTS,HUT,0.6689
BTS,IDC,0.6854
BTS,IDI,0.6943
BTS,IDV,0.6128
BTS,IJC,0.6739
BTS,IN4,-0.6676
BTS,ITA,0.6177
BTS,JVC,0.7312
BTS,KHG,0.6772
BTS,KMR,0.7572
BTS,KSB,0.6691
BTS,L18,0.7003
BTS,L35,-0.6467
BTS,LAF,0.6207
BTS,LAI,0.6561
BTS,LAS,0.608
BTS,LCC,-0.6309
BTS,LCG,0.7333
BTS,LHG,0.6233
BTS,LIG,0.6792
BTS,LPB,0.6278
BTS,LQN,-0.6064
BTS,LSS,0.6923
BTS,LUT,-0.6539
BTS,MBG,0.7011
BTS,MCP,0.6309
BTS,MDC,0.7146
BTS,MEF,-0.6539
BTS,MIG,0.6195
BTS,MPY,-0.6506
BTS,MSN,0.6553
BTS,NAB,0.6194
BTS,NBC,0.7924
BTS,NDW,-0.6524
BTS,NED,0.658
BTS,NHA,0.6731
BTS,NHH,0.6123
BTS,NKG,0.7408
BTS,NUE,0.6106
BTS,OCH,0.618
BTS,ODE,0.6792
BTS,OGC,0.6542
BTS,PAN,0.6772
BTS,PAT,0.6395
BTS,PBP,0.6972
BTS,PC1,0.6069
BTS,PDV,0.6959
BTS,PGC,0.6975
BTS,PHC,0.6516
BTS,PLC,0.6082
BTS,PLP,0.6642
BTS,PMB,0.7194
BTS,PPH,0.7686
BTS,PPI,-0.6187
BTS,PSD,0.651
BTS,PSE,0.6737
BTS,PSI,0.6762
BTS,PSW,0.6662
BTS,PTC,0.624
BTS,PTG,-0.6617
BTS,PVC,0.6305
BTS,PVD,0.6145
BTS,PVG,0.6099
BTS,PVP,0.6738
BTS,PVS,0.6146
BTS,PVT,0.603
BTS,QTP,0.6144
BTS,RBC,-0.6161
BTS,REE,0.6211
BTS,SAL,-0.6973
BTS,SBG,0.6212
BTS,SBS,0.6236
BTS,SBT,0.7327
BTS,SCJ,0.6257
BTS,SCR,0.7088
BTS,SD5,0.6248
BTS,SEB,0.6297
BTS,SGT,0.6973
BTS,SHB,0.6315
BTS,SKG,0.6765
BTS,SLS,0.6032
BTS,SSF,-0.6933
BTS,SSI,0.6021
BTS,STW,-0.7083
BTS,SZC,0.6604
BTS,TAN,0.6176
BTS,TBR,-0.6494
BTS,TCI,0.653
BTS,TCJ,-0.6034
BTS,TCL,0.6063
BTS,TCM,0.6396
BTS,TDC,0.6373
BTS,TDG,0.7064
BTS,TDT,0.6613
BTS,TEG,0.643
BTS,TGG,0.6482
BTS,THT,0.7465
BTS,TIG,0.6379
BTS,TLD,0.6868
BTS,TLH,0.7295
BTS,TMB,0.6133
BTS,TNG,0.6792
BTS,TOS,0.609
BTS,TOT,0.7225
BTS,TSC,0.7404
BTS,TTF,0.6588
BTS,TVB,0.6417
BTS,TVD,0.7971
BTS,TVH,-0.6884
BTS,UMC,-0.6644
BTS,VGP,0.624
BTS,VGS,0.6736
BTS,VGT,0.6079
BTS,VHE,0.603
BTS,VHG,0.6534
BTS,VIB,0.6769
BTS,VID,0.6695
BTS,VIG,0.724
BTS,VIP,0.6836
BTS,VLB,0.6033
BTS,VMT,-0.7088
BTS,VNF,0.6163
BTS,VNL,0.7625
BTS,VNR,0.6797
BTS,VNS,0.6231
BTS,VOS,0.6773
BTS,VPH,0.6345
BTS,VSA,0.6587
BTS,VSH,0.6152
BTS,VTZ,0.6281
BTS,WSS,0.6471
BTS,WTC,0.6657
BTS,X26,-0.6051
BTT,LG9,0.6261
BTT,PTH,0.6591
BTT,VHL,0.6424
BTU,CCT,0.6059
BTU,CID,0.6245
BTU,CKD,0.6636
BTU,CMW,0.6233
BTU,CTB,0.6584
BTU,CX8,0.706
BTU,EMS,0.6332
BTU,FCS,0.6261
BTU,FIC,0.6435
BTU,HPD,0.7075
BTU,HSP,0.7136
BTU,HTL,0.6329
BTU,HU6,0.7208
BTU,KHS,0.6994
BTU,L40,0.6281
BTU,LCD,0.6606
BTU,MA1,0.6089
BTU,MGG,0.6102
BTU,MTS,0.6868
BTU,NQN,0.6196
BTU,NVP,-0.6156
BTU,SPD,0.7131
BTU,STL,0.63
BTU,TDS,0.6865
BTU,TPS,0.7187
BTU,TS3,0.621
BTU,TSD,0.7194
BTU,TUG,0.6428
BTU,VFC,0.6006
BTU,VPR,0.8024
BTU,VUA,-0.6043
BTU,XPH,0.625
BVB,BVS,0.713
BVB,CTG,0.6842
BVB,DBT,0.6425
BVB,HDB,0.665
BVB,HHV,0.6544
BVB,HPG,0.6252
BVB,LPB,0.6668
BVB,MBB,0.7496
BVB,MSB,0.6898
BVB,MSN,0.6047
BVB,NAB,0.7442
BVB,NTC,0.6398
BVB,OCB,0.6757
BVB,OIL,0.6112
BVB,PAN,0.6505
BVB,PSI,0.6444
BVB,SBS,0.6926
BVB,SGP,0.6437
BVB,SHB,0.725
BVB,STB,0.6079
BVB,TCB,0.7056
BVB,TCL,0.6624
BVB,TPB,0.7082
BVB,VAB,0.6673
BVB,VBB,0.6047
BVB,VGT,0.7642
BVB,VIB,0.6274
BVB,VND,0.6236
BVB,WSS,0.6716
BVG,CCL,0.6285
BVH,BWE,0.6637
BVH,CT3,-0.6333
BVH,CTG,0.6521
BVH,DCM,0.6143
BVH,DGC,0.6457
BVH,DPM,0.6125
BVH,DPR,0.6859
BVH,GAS,0.7443
BVH,GMD,0.67
BVH,HDB,0.6344
BVH,HDG,0.6201
BVH,HFC,-0.6277
BVH,HTV,0.6591
BVH,IDC,0.6081
BVH,MBB,0.6858
BVH,MIG,0.6712
BVH,MPC,0.6164
BVH,MSH,0.6294
BVH,NT2,0.6083
BVH,OIL,0.6541
BVH,PET,0.6551
BVH,PHR,0.6859
BVH,PLC,0.6246
BVH,PLX,0.6905
BVH,PNJ,0.6928
BVH,POW,0.623
BVH,PSD,0.6086
BVH,PTB,0.6291
BVH,PVC,0.6331
BVH,PVD,0.6514
BVH,PVI,0.7131
BVH,PVS,0.6952
BVH,STB,0.6205
BVH,TVM,-0.6316
BVH,VCB,0.6009
BVH,VEA,0.6149
BVH,VGI,0.6374
BVH,VHC,0.6041
BVH,VNM,0.7029
BVH,VPB,0.6675
BVL,TVA,0.6025
BVN,CPI,0.6097
BVN,DTG,0.6719
BVN,NAW,0.6558
BVN,PND,0.6309
BVN,SHG,0.6151
BVN,TNW,0.6495
BVN,TUG,0.6216
BVN,VGL,0.6422
BVN,VNI,0.6197
BVS,CCL,0.6318
BVS,CKG,0.6189
BVS,CMX,0.6546
BVS,CSC,0.6531
BVS,CSI,0.6456
BVS,CTG,0.6993
BVS,CTR,0.6557
BVS,CTS,0.8123
BVS,DBC,0.6972
BVS,DCM,0.605
BVS,DGW,0.6305
BVS,DPG,0.6996
BVS,DRC,0.603
BVS,DRI,0.679
BVS,DXG,0.6706
BVS,DXS,0.6712
BVS,ELC,0.6598
BVS,EVS,0.6575
BVS,FMC,0.6155
BVS,FTS,0.7592
BVS,GEG,0.6141
BVS,GIL,0.7005
BVS,GVR,0.6851
BVS,HAX,0.6276
BVS,HCM,0.7705
BVS,HDC,0.6242
BVS,HDG,0.6405
BVS,HHV,0.6769
BVS,HPG,0.6888
BVS,HSG,0.6918
BVS,IJC,0.7179
BVS,IPA,0.6641
BVS,IVS,0.6233
BVS,KBC,0.64
BVS,KHG,0.6067
BVS,KSB,0.6057
BVS,LAS,0.6847
BVS,LCG,0.6275
BVS,LHG,0.6781
BVS,LPB,0.7534
BVS,LSS,0.6347
BVS,MBB,0.7273
BVS,MBS,0.7937
BVS,MIG,0.6425
BVS,MSB,0.6316
BVS,NAB,0.6695
BVS,NDN,0.642
BVS,NED,0.6264
BVS,NHA,0.6765
BVS,NKG,0.6905
BVS,OCB,0.6149
BVS,ORS,0.6537
BVS,PAN,0.6775
BVS,PSI,0.7135
BVS,PTB,0.6207
BVS,PVS,0.6028
BVS,PVT,0.6209
BVS,S99,0.6329
BVS,SBS,0.7466
BVS,SBT,0.6644
BVS,SCR,0.6369
BVS,SHB,0.6724
BVS,SHS,0.7386
BVS,SSI,0.7398
BVS,STB,0.6053
BVS,SZC,0.6232
BVS,TCB,0.7165
BVS,TCH,0.6293
BVS,TCI,0.6637
BVS,TLH,0.6885
BVS,TNG,0.6885
BVS,TPB,0.6335
BVS,TVB,0.6817
BVS,VBB,0.6646
BVS,VCI,0.7329
BVS,VCS,0.6522
BVS,VDS,0.7633
BVS,VGS,0.7157
BVS,VGT,0.6992
BVS,VIB,0.633
BVS,VIX,0.662
BVS,VND,0.7248
BVS,WSS,0.6799
BWA,CCP,0.698
BWA,CHC,0.7118
BWA,CTA,0.7482
BWA,DCS,0.7216
BWA,DCT,0.6296
BWA,DDH,0.7389
BWA,DLR,0.6922
BWA,DTE,0.752
BWA,DUS,0.7206
BWA,DVW,0.7156
BWA,FBC,0.6838
BWA,FGL,0.6234
BWA,FHN,0.611
BWA,FRM,0.7842
BWA,FTI,0.7
BWA,GGG,0.6292
BWA,GH3,0.6583
BWA,GMA,0.6842
BWA,GTT,0.6917
BWA,HAP,-0.6145
BWA,HC1,0.6231
BWA,HCI,0.6318
BWA,HLA,0.6755
BWA,HLS,0.639
BWA,HMG,0.7634
BWA,KHW,0.6156
BWA,L35,0.6702
BWA,LAW,0.62
BWA,LMC,0.8037
BWA,MLC,0.6083
BWA,MTB,0.6259
BWA,NDW,0.6513
BWA,PGC,-0.6157
BWA,PLE,0.6852
BWA,POB,0.6489
BWA,PPI,0.6039
BWA,PSG,0.6233
BWA,PTG,0.6187
BWA,RBC,0.6409
BWA,RCD,0.6908
BWA,SAL,0.6948
BWA,SD7,0.6769
BWA,SHI,-0.6665
BWA,SPH,0.7346
BWA,SSF,0.6832
BWA,STS,0.7002
BWA,TAN,-0.6549
BWA,TRT,0.6896
BWA,TVG,0.6017
BWA,TVH,0.7247
BWA,TVM,0.7665
BWA,UDL,0.6101
BWA,UMC,0.7315
BWA,VBH,0.6103
BWA,VCT,0.6546
BWA,VMT,0.7359
BWA,VTG,0.7898
BWA,VVN,0.6812
BWA,VVS,0.6896
BWA,VW3,0.6043
BWA,VXP,0.6268
BWA,X26,0.6351
BWA,XHC,0.6959
BWA,XMP,0.6014
BWE,C4G,0.635
BWE,CHP,0.6128
BWE,CIA,0.6035
BWE,CKG,0.6699
BWE,CLX,0.6276
BWE,CMG,0.6236
BWE,CNG,0.6831
BWE,CSC,0.677
BWE,CTG,0.6496
BWE,CTR,0.6775
BWE,DCM,0.6474
BWE,DDV,0.6048
BWE,DGC,0.6439
BWE,DHA,0.6173
BWE,DPG,0.6457
BWE,DPM,0.6736
BWE,DPR,0.6584
BWE,DRC,0.6581
BWE,DRI,0.6334
BWE,ELC,0.6402
BWE,FMC,0.6653
BWE,FRT,0.6308
BWE,GEG,0.6752
BWE,GTT,-0.6117
BWE,HAH,0.6843
BWE,HAX,0.6485
BWE,HCM,0.6003
BWE,HDC,0.6119
BWE,HDG,0.6389
BWE,HLD,0.6515
BWE,HPG,0.618
BWE,HSG,0.61
BWE,HTG,0.6749
BWE,IDC,0.6286
BWE,IDV,0.608
BWE,ITD,0.6112
BWE,LAS,0.6242
BWE,LHG,0.6809
BWE,LPB,0.6541
BWE,MBB,0.6972
BWE,MIG,0.7959
BWE,MPC,0.6566
BWE,NAF,0.6762
BWE,NCT,0.6356
BWE,NT2,0.6963
BWE,PAN,0.6214
BWE,PAT,0.6395
BWE,PET,0.6086
BWE,PGC,0.6232
BWE,PHR,0.6361
BWE,POW,0.6575
BWE,PSD,0.6013
BWE,PTB,0.7506
BWE,PVB,0.6093
BWE,PVD,0.6263
BWE,PVG,0.6328
BWE,PVP,0.6369
BWE,PVS,0.6134
BWE,QNS,0.6139
BWE,QTP,0.7114
BWE,RAL,0.6271
BWE,REE,0.7369
BWE,SFI,0.7016
BWE,SHB,0.6159
BWE,SKG,0.6752
BWE,STB,0.6098
BWE,STK,0.6368
BWE,SZC,0.6044
BWE,TCB,0.6081
BWE,TCL,0.608
BWE,TCM,0.6851
BWE,TLG,0.653
BWE,TNG,0.6411
BWE,TNH,0.6514
BWE,UDJ,0.6481
BWE,VCS,0.6389
BWE,VEA,0.655
BWE,VGT,0.6299
BWE,VHC,0.6413
BWE,VIB,0.6085
BWE,VLC,0.6343
BWE,VNR,0.6668
BWE,VSH,0.7226
BXH,PVY,0.6059
BXH,TOW,0.6294
C21,CBI,0.6276
C21,CDG,0.63
C21,CTW,-0.6292
C21,CVN,0.7261
C21,DC1,0.6243
C21,DHB,-0.6521
C21,DKG,0.6887
C21,DNL,0.6579
C21,DSG,0.639
C21,DTC,0.7033
C21,DTH,0.6473
C21,DUS,0.6417
C21,DVG,0.719
C21,FSO,0.6242
C21,FTM,0.727
C21,GMC,0.6174
C21,HFX,0.6985
C21,HGM,-0.635
C21,HHN,0.6587
C21,HMD,0.6528
C21,HTP,0.6756
C21,IME,0.6606
C21,IN4,0.6743
C21,IRC,0.715
C21,L61,0.6239
C21,L62,0.7862
C21,LCC,0.68
C21,LDW,0.7696
C21,LM7,0.6235
C21,LNC,0.6819
C21,LO5,0.6271
C21,LTG,0.6034
C21,LUT,0.6361
C21,MND,0.6476
C21,MPY,0.7195
C21,MQB,0.704
C21,MRF,0.6307
C21,NAC,0.7231
C21,PHH,0.7552
C21,PIV,-0.6019
C21,POM,0.7502
C21,PPI,0.6184
C21,QBS,0.7546
C21,QNP,-0.6359
C21,QTC,0.6693
C21,SAL,0.6602
C21,SBG,-0.6784
C21,SCD,0.7656
C21,SD4,0.6003
C21,SGC,-0.7178
C21,TAB,0.6186
C21,TAR,0.6408
C21,TCK,0.6116
C21,THN,0.738
C21,TRT,0.6134
C21,TVA,-0.6337
C21,TVH,0.6552
C21,UMC,0.6474
C21,UXC,0.6095
C21,VDG,0.6671
C21,VE2,0.6918
C21,VE3,0.6269
C21,VGL,-0.6226
C21,VIR,0.6709
C21,VKC,0.6851
C21,VLP,0.6887
C21,VNH,0.61
C21,VTI,0.7291
C21,VUA,0.6065
C21,VXB,0.6203
C22,VIM,0.6558
C32,C4G,0.6268
C32,CII,0.6528
C32,CTI,0.6043
C32,D11,0.6223
C32,DPM,0.6322
C32,EVE,0.6452
C32,FIT,0.6002
C32,FRT,0.6218
C32,G36,0.6527
C32,GAS,0.6633
C32,GEX,0.6045
C32,GHC,0.6705
C32,HAR,0.6152
C32,HDM,0.6274
C32,HID,0.6656
C32,HII,0.7356
C32,HLD,0.6061
C32,IDC,0.7206
C32,JVC,0.6309
C32,L18,0.6097
C32,LHC,0.6349
C32,NDX,0.664
C32,PGC,0.6465
C32,PLP,0.614
C32,POW,0.6451
C32,QTP,0.6643
C32,SAM,0.6465
C32,SD5,0.6244
C32,SD9,0.6603
C32,SHI,0.6504
C32,SPH,-0.6265
C32,TNI,0.6141
C32,TST,-0.6076
C32,TTF,0.6247
C32,UDJ,0.6769
C32,VGC,0.6003
C32,VPI,0.6236
C47,C4G,0.6957
C47,CEO,0.689
C47,CII,0.7588
C47,CKG,0.608
C47,CMX,0.6055
C47,CRC,0.6505
C47,CRE,0.65
C47,CTI,0.6169
C47,CTS,0.6489
C47,DCM,0.6837
C47,DHA,0.6865
C47,DIG,0.6954
C47,DPG,0.64
C47,DPM,0.6622
C47,DQC,0.6407
C47,DXG,0.6177
C47,EVE,0.6745
C47,FCN,0.7522
C47,FIT,0.6378
C47,FRT,0.6429
C47,G36,0.6977
C47,GEG,0.6541
C47,GEX,0.6443
C47,GMD,0.6129
C47,HAG,0.6031
C47,HAH,0.6623
C47,HAR,0.6801
C47,HAX,0.6099
C47,HCM,0.6181
C47,HDC,0.6513
C47,HDG,0.7022
C47,HHS,0.6064
C47,HOM,0.6175
C47,HPG,0.6263
C47,HQC,0.666
C47,HSG,0.6292
C47,HT1,0.7799
C47,HUT,0.6691
C47,IDC,0.7067
C47,IDI,0.693
C47,IDJ,0.6191
C47,IPA,0.6637
C47,ITA,0.611
C47,JVC,0.7264
C47,KBC,0.616
C47,KSB,0.7023
C47,L14,0.6372
C47,LCG,0.7418
C47,LDG,0.6598
C47,LIG,0.6872
C47,LPB,0.653
C47,MBB,0.6442
C47,MBS,0.6082
C47,MSB,0.6158
C47,MSN,0.6214
C47,NHA,0.6403
C47,NHH,0.6085
C47,NKG,0.6805
C47,NLG,0.6156
C47,NT2,0.7189
C47,PAN,0.6576
C47,PAT,0.6292
C47,PC1,0.6864
C47,PET,0.6812
C47,POW,0.641
C47,PSD,0.6441
C47,PVD,0.6082
C47,PVS,0.6041
C47,S99,0.6488
C47,SAM,0.6619
C47,SCR,0.7176
C47,SDA,0.6359
C47,SHB,0.6767
C47,SHS,0.6407
C47,SSI,0.665
C47,STB,0.6332
C47,TCI,0.6394
C47,TDC,0.6322
C47,TEG,0.623
C47,THD,0.6466
C47,TIG,0.6974
C47,TLH,0.6188
C47,TNG,0.613
C47,TNI,0.6767
C47,TPB,0.6994
C47,TTF,0.6621
C47,VCI,0.6053
C47,VGC,0.6718
C47,VGS,0.6133
C47,VHC,0.6287
C47,VIB,0.7163
C47,VIX,0.7169
C47,VMT,-0.6174
C47,VND,0.6271
C47,VPB,0.6726
C47,WSS,0.652
C4G,CCL,0.666
C4G,CEO,0.8269
C4G,CIG,0.6214
C4G,CII,0.7547
C4G,CKG,0.8104
C4G,CLH,0.6641
C4G,CLX,0.6595
C4G,CMX,0.7694
C4G,CNG,0.6309
C4G,CRE,0.6152
C4G,CSC,0.791
C4G,CSI,0.6015
C4G,CTD,0.6564
C4G,CTG,0.617
C4G,CTI,0.7482
C4G,CTS,0.7305
C4G,D2D,0.646
C4G,DAH,0.6696
C4G,DBC,0.6533
C4G,DCM,0.722
C4G,DDV,0.6319
C4G,DGC,0.666
C4G,DGW,0.7323
C4G,DHA,0.6618
C4G,DID,0.6749
C4G,DIG,0.7983
C4G,DL1,0.6304
C4G,DLG,0.6684
C4G,DPG,0.7796
C4G,DPM,0.7375
C4G,DQC,0.6521
C4G,DRC,0.6118
C4G,DRH,0.6833
C4G,DRI,0.6496
C4G,DTD,0.6623
C4G,DXG,0.7504
C4G,ELC,0.7362
C4G,EVE,0.6672
C4G,FCM,0.6585
C4G,FCN,0.8382
C4G,FIT,0.7297
C4G,FMC,0.7156
C4G,FRT,0.7616
C4G,FTS,0.7128
C4G,G36,0.8681
C4G,GDA,0.6141
C4G,GEG,0.8213
C4G,GEX,0.688
C4G,GIL,0.6617
C4G,GMD,0.6476
C4G,GSP,0.63
C4G,HAG,0.7223
C4G,HAH,0.7642
C4G,HAP,0.6955
C4G,HAR,0.7081
C4G,HAX,0.6295
C4G,HBC,0.7426
C4G,HCM,0.7537
C4G,HDC,0.7647
C4G,HDG,0.6489
C4G,HDM,0.7154
C4G,HHS,0.7254
C4G,HHV,0.6039
C4G,HLD,0.73
C4G,HNM,0.6016
C4G,HOM,0.6088
C4G,HPG,0.7353
C4G,HQC,0.8194
C4G,HSG,0.7606
C4G,HT1,0.7765
C4G,HTG,0.6967
C4G,HTN,0.6227
C4G,HUB,0.6239
C4G,HUT,0.6568
C4G,IDC,0.8644
C4G,IDI,0.8294
C4G,IDJ,0.7126
C4G,IDV,0.6498
C4G,IJC,0.7113
C4G,IPA,0.7246
C4G,ITA,0.6845
C4G,ITC,0.7203
C4G,IVS,0.6255
C4G,JVC,0.766
C4G,KBC,0.7344
C4G,KDH,0.6546
C4G,KHG,0.657
C4G,KHP,0.6152
C4G,KMR,0.6867
C4G,KSB,0.8067
C4G,L14,0.8222
C4G,L18,0.8238
C4G,LAS,0.679
C4G,LCG,0.8567
C4G,LDG,0.725
C4G,LGL,0.6634
C4G,LHC,0.7106
C4G,LHG,0.7336
C4G,LIG,0.7587
C4G,LPB,0.6853
C4G,LSS,0.6134
C4G,MBB,0.6446
C4G,MBG,0.7159
C4G,MBS,0.6757
C4G,MDC,0.6327
C4G,MIG,0.6447
C4G,MPC,0.6592
C4G,MSB,0.619
C4G,MSN,0.6779
C4G,NAF,0.6118
C4G,NBB,0.6698
C4G,NBC,0.7625
C4G,NDN,0.6891
C4G,NDX,0.6675
C4G,NED,0.6106
C4G,NHA,0.7596
C4G,NHH,0.6656
C4G,NKG,0.7533
C4G,NLG,0.7726
C4G,NT2,0.7586
C4G,NTL,0.6285
C4G,OCH,0.6959
C4G,ODE,0.6503
C4G,OGC,0.7583
C4G,PAN,0.7558
C4G,PAT,0.6802
C4G,PC1,0.7329
C4G,PET,0.7068
C4G,PFL,0.747
C4G,PGC,0.6379
C4G,PHC,0.6933
C4G,PHR,0.7416
C4G,PLC,0.7658
C4G,PLP,0.6009
C4G,PMB,0.6241
C4G,POW,0.752
C4G,PSD,0.7093
C4G,PSI,0.7567
C4G,PTB,0.6768
C4G,PTC,0.6588
C4G,PTL,0.6003
C4G,PVB,0.6167
C4G,PVC,0.7305
C4G,PVD,0.738
C4G,PVG,0.7056
C4G,PVP,0.6457
C4G,PVS,0.672
C4G,PVT,0.708
C4G,PXL,0.7608
C4G,QTP,0.7317
C4G,REE,0.6333
C4G,S99,0.6481
C4G,SAM,0.7076
C4G,SBS,0.7303
C4G,SBT,0.6824
C4G,SCI,0.6387
C4G,SCR,0.8623
C4G,SD5,0.6032
C4G,SD9,0.6562
C4G,SGT,0.6197
C4G,SHA,0.607
C4G,SHB,0.6997
C4G,SHS,0.7223
C4G,SKG,0.7721
C4G,SSI,0.7494
C4G,STB,0.6925
C4G,SZC,0.7906
C4G,SZL,0.6266
C4G,TCD,0.6427
C4G,TCH,0.7095
C4G,TCI,0.7422
C4G,TDC,0.6984
C4G,TDG,0.6171
C4G,TEG,0.6199
C4G,THD,0.6869
C4G,THG,0.6904
C4G,THT,0.6331
C4G,TID,0.6683
C4G,TIG,0.7453
C4G,TIP,0.6898
C4G,TLD,0.7064
C4G,TLH,0.7039
C4G,TNG,0.772
C4G,TNI,0.6137
C4G,TNT,0.6037
C4G,TOS,0.6362
C4G,TPB,0.6472
C4G,TSC,0.7165
C4G,TTA,0.6483
C4G,TTF,0.7513
C4G,TTH,0.6264
C4G,TVB,0.6656
C4G,TVD,0.6963
C4G,UDJ,0.6529
C4G,VBB,0.6001
C4G,VC2,0.6049
C4G,VCG,0.7729
C4G,VCI,0.7487
C4G,VGC,0.7789
C4G,VGS,0.7333
C4G,VGT,0.7031
C4G,VHC,0.6887
C4G,VHE,0.6299
C4G,VHG,0.6704
C4G,VIB,0.7092
C4G,VIG,0.7327
C4G,VIX,0.698
C4G,VLB,0.7363
C4G,VMT,-0.6116
C4G,VND,0.7036
C4G,VNR,0.6244
C4G,VNS,0.6288
C4G,VOS,0.6658
C4G,VPH,0.6954
C4G,VRG,0.6343
C4G,WSS,0.6608
C69,IVS,0.6348
CAD,CLH,-0.6137
CAD,CMI,0.6114
CAD,DNL,0.6319
CAD,GGG,0.6541
CAD,GTT,0.612
CAD,STW,0.6046
CAR,FRM,-0.6321
CAR,HEV,0.6216
CAR,HFC,-0.6365
CAR,HMG,-0.6129
CAR,LAW,-0.6639
CAR,LMC,-0.6715
CAR,MLC,-0.6109
CAR,SD7,-0.6434
CAR,TOW,-0.7068
CAR,TRS,-0.6291
CAR,TVM,-0.7715
CAR,VBH,-0.6012
CAR,VMT,-0.6018
CAR,VVS,-0.6128
CAT,HD8,0.6661
CAT,VCP,0.6013
CBI,DSG,0.6985
CBI,SCD,0.6375
CBI,TCJ,0.6005
CBI,TST,0.6224
CBS,CLM,0.6174
CBS,CST,0.6242
CBS,CTA,-0.6325
CBS,CTW,0.7247
CBS,DAH,0.6636
CBS,DDH,-0.7023
CBS,DHB,0.6952
CBS,DTE,-0.6985
CBS,DTG,0.6803
CBS,DTI,0.6134
CBS,DUS,-0.7026
CBS,DVW,-0.6866
CBS,FIT,0.6148
CBS,FTI,-0.7155
CBS,FTM,-0.609
CBS,GH3,-0.7197
CBS,HC1,-0.6496
CBS,HD6,0.6627
CBS,HFX,-0.641
CBS,HGM,0.6021
CBS,HHN,-0.6159
CBS,HNM,0.7586
CBS,HNP,-0.7587
CBS,HOT,-0.6365
CBS,ICN,0.6709
CBS,IN4,-0.6319
CBS,KMR,0.6331
CBS,L18,0.6218
CBS,LCC,-0.683
CBS,LQN,-0.6452
CBS,MDC,0.6896
CBS,MEF,-0.6031
CBS,MPY,-0.6711
CBS,MRF,-0.6314
CBS,NBC,0.6705
CBS,ODE,0.6931
CBS,PDV,0.654
CBS,PGV,0.6025
CBS,PHC,0.625
CBS,PHH,-0.6817
CBS,PPH,0.7481
CBS,PTG,-0.6061
CBS,RBC,-0.6716
CBS,SAL,-0.7663
CBS,SBG,0.623
CBS,SBT,0.6007
CBS,SCD,-0.6658
CBS,SFN,-0.6459
CBS,SPH,-0.6118
CBS,SSF,-0.6211
CBS,SSG,0.6439
CBS,TCJ,-0.7291
CBS,TDG,0.6743
CBS,TDT,0.6059
CBS,THT,0.6982
CBS,TOS,0.6449
CBS,TOT,0.7277
CBS,TST,-0.602
CBS,TVD,0.6831
CBS,TVH,-0.6921
CBS,UMC,-0.6838
CBS,VFG,0.6397
CBS,VMT,-0.6346
CBS,VNL,0.6261
CBS,VNR,0.6383
CBS,VNS,0.6515
CBS,VTG,-0.6426
CBS,VTI,-0.6884
CBS,WTC,0.6486
CBS,XHC,-0.6142
CC1,CEO,0.6225
CC1,VCG,0.6118
CCC,RYG,0.6093
CCL,CKG,0.6105
CCL,CLX,0.6873
CCL,CMX,0.7499
CCL,CNG,0.6571
CCL,CSC,0.6706
CCL,CSV,0.6057
CCL,CTI,0.6185
CCL,CTS,0.606
CCL,D2D,0.6083
CCL,DCM,0.6303
CCL,DDV,0.6849
CCL,DPG,0.6351
CCL,DPM,0.6225
CCL,DRC,0.6631
CCL,DTD,0.6547
CCL,DXP,0.6152
CCL,ELC,0.6634
CCL,FMC,0.6335
CCL,G36,0.6468
CCL,GEG,0.6974
CCL,GSP,0.6046
CCL,HAX,0.652
CCL,HCD,0.7223
CCL,HTG,0.6011
CCL,IDC,0.6025
CCL,IDI,0.6177
CCL,IDJ,0.6482
CCL,ITD,0.6195
CCL,IVS,0.6141
CCL,KMR,0.6496
CCL,L18,0.6539
CCL,LAS,0.7076
CCL,LCG,0.6279
CCL,LHG,0.7389
CCL,LIG,0.6231
CCL,LPB,0.6371
CCL,LSS,0.7118
CCL,MBG,0.61
CCL,MCM,0.6498
CCL,NDN,0.7098
CCL,NED,0.6836
CCL,NHA,0.7317
CCL,NTL,0.6751
CCL,PAN,0.6895
CCL,PGC,0.6047
CCL,PHC,0.6125
CCL,PMB,0.6336
CCL,POW,0.6688
CCL,PPH,0.6023
CCL,PSI,0.6344
CCL,PSW,0.6843
CCL,QTP,0.6793
CCL,REE,0.6224
CCL,S99,0.6038
CCL,SAV,0.6344
CCL,SBT,0.6699
CCL,SD9,0.6338
CCL,SGT,0.6952
CCL,SKG,0.6174
CCL,STK,0.6358
CCL,SZC,0.6094
CCL,TCM,0.6205
CCL,TDC,0.6176
CCL,TDG,0.6937
CCL,TIG,0.6115
CCL,TIP,0.72
CCL,TLD,0.6119
CCL,TLH,0.643
CCL,TNA,0.7259
CCL,TNG,0.6468
CCL,TNH,0.6931
CCL,TTA,0.6255
CCL,TVS,0.7055
CCL,VCS,0.6017
CCL,VGS,0.6629
CCL,VGT,0.6646
CCL,VIP,0.6351
CCL,VLC,0.6455
CCL,VOS,0.6743
CCL,VPH,0.6949
CCL,VTO,0.6376
CCM,DBM,0.6977
CCM,DHN,0.6004
CCM,HAN,0.6048
CCM,HJS,0.6246
CCM,KGM,0.6637
CCM,PCE,0.6151
CCP,CHC,0.7001
CCP,CMD,-0.6277
CCP,CTA,0.7641
CCP,DAH,-0.6786
CCP,DCT,0.6736
CCP,DDH,0.8345
CCP,DLR,0.752
CCP,DNL,0.6417
CCP,DP1,-0.6393
CCP,DPC,0.6002
CCP,DRL,-0.7374
CCP,DSC,-0.6126
CCP,DSN,-0.6684
CCP,DTE,0.7901
CCP,DTG,-0.6676
CCP,DUS,0.7709
CCP,DVW,0.7972
CCP,DXL,0.696
CCP,FBC,0.6176
CCP,FGL,0.6899
CCP,FIT,-0.64
CCP,FRM,0.7872
CCP,FTI,0.7391
CCP,FTM,0.7764
CCP,G20,0.7017
CCP,GGG,0.6041
CCP,GH3,0.8032
CCP,GTT,0.8102
CCP,HAX,-0.6231
CCP,HC1,0.7899
CCP,HD6,-0.6344
CCP,HEP,-0.6756
CCP,HFX,0.7022
CCP,HHN,0.828
CCP,HLA,0.8971
CCP,HLS,0.794
CCP,HNM,-0.6993
CCP,HNP,0.6575
CCP,HOT,0.6689
CCP,HQC,-0.6185
CCP,ICN,-0.6419
CCP,IME,0.6568
CCP,IN4,0.7508
CCP,KMR,-0.7518
CCP,L18,-0.643
CCP,L35,0.7219
CCP,LAF,-0.7534
CCP,LCC,0.7515
CCP,LCG,-0.6091
CCP,LO5,0.6805
CCP,LQN,0.645
CCP,LUT,0.7531
CCP,MCP,-0.6304
CCP,MEF,0.7952
CCP,MPY,0.6966
CCP,MRF,0.6491
CCP,NAC,0.6981
CCP,NBB,-0.6324
CCP,NDF,0.6887
CCP,NDW,0.812
CCP,ODE,-0.759
CCP,PBP,-0.6442
CCP,PCE,-0.6037
CCP,PGC,-0.6114
CCP,PHH,0.6862
CCP,PLE,0.7047
CCP,PMB,-0.6195
CCP,PPI,0.8609
CCP,PSG,0.8036
CCP,PTC,-0.6595
CCP,PTG,0.8166
CCP,PXM,0.6454
CCP,QNW,0.7063
CCP,RBC,0.718
CCP,RCD,0.7183
CCP,SAL,0.8056
CCP,SBG,-0.7207
CCP,SBT,-0.6443
CCP,SCD,0.6304
CCP,SCG,-0.6043
CCP,SCR,-0.6141
CCP,SFN,0.6536
CCP,SHI,-0.613
CCP,SII,0.7066
CCP,SPH,0.6948
CCP,SSF,0.7192
CCP,STS,0.7269
CCP,STW,0.6958
CCP,TAN,-0.6864
CCP,TBR,0.7018
CCP,TCJ,0.6414
CCP,TDB,-0.6346
CCP,TGG,-0.6105
CCP,THN,0.6772
CCP,THU,0.607
CCP,TOT,-0.6605
CCP,TRT,0.7151
CCP,TSC,-0.6208
CCP,TST,0.695
CCP,TTF,-0.6281
CCP,TVH,0.8299
CCP,UMC,0.8129
CCP,UPC,0.6337
CCP,V21,-0.6278
CCP,VC3,-0.6649
CCP,VCT,0.7686
CCP,VE2,0.6994
CCP,VGP,-0.6324
CCP,VKC,0.776
CCP,VLP,0.6547
CCP,VMT,0.7457
CCP,VNL,-0.6226
CCP,VNR,-0.6119
CCP,VNS,-0.606
CCP,VSA,-0.626
CCP,VSF,-0.6396
CCP,VTG,0.6626
CCP,VTI,0.7405
CCP,VTZ,-0.6385
CCP,VVN,0.8051
CCP,VXB,0.7041
CCP,X26,0.8472
CCP,XHC,0.7041
CCR,DNT,-0.6236
CCR,PBC,0.6301
CCS,DCV,0.8994
CCS,F88,0.6143
CCS,STD,0.8319
CCT,CID,0.6179
CCT,CJC,0.69
CCT,CKV,0.6462
CCT,CMW,0.7461
CCT,CX8,0.6005
CCT,DCH,0.6701
CCT,DP2,0.6243
CCT,EFI,0.6575
CCT,FCC,0.6652
CCT,HCI,0.6644
CCT,HFC,0.6013
CCT,HMG,0.6923
CCT,ISG,0.6412
CCT,KHS,0.6269
CCT,LAW,0.6189
CCT,MGG,0.7655
CCT,MIE,0.6436
CCT,MQN,0.6971
CCT,MTS,0.6751
CCT,NQB,0.623
CCT,NQN,0.7982
CCT,NSG,-0.6599
CCT,NTT,0.6805
CCT,PLE,0.6074
CCT,SPD,0.7956
CCT,SSH,-0.6978
CCT,TOW,0.6629
CCT,TPS,0.6565
CCT,TVG,0.6735
CCT,UCT,0.6338
CCT,UDL,0.63
CCT,USC,0.6752
CCT,VBH,0.7086
CCT,VCM,0.6348
CCT,VIE,0.6561
CCT,VPR,0.6755
CCT,VTG,0.6673
CCT,VTQ,0.6655
CCT,XPH,0.7609
CCV,CYC,0.618
CCV,DAN,0.6233
CCV,DCH,0.7076
CCV,DKC,0.7193
CCV,FCC,0.7336
CCV,HCI,0.6809
CCV,NQB,0.8563
CCV,PMJ,0.7024
CCV,PTH,0.6492
CCV,PTO,0.6797
CCV,STL,0.6215
CCV,TAW,0.6104
CCV,TNM,0.6744
CCV,TNP,0.7232
CCV,TPS,0.633
CCV,TVG,0.7471
CCV,VHH,0.6699
CDC,CJC,-0.6459
CDC,EFI,-0.6347
CDC,MA1,-0.6852
CDC,NTH,-0.6267
CDC,NVP,0.6299
CDC,SPD,-0.7207
CDC,VBH,-0.6599
CDC,VTQ,-0.6081
CDC,VTS,-0.6199
CDC,VTX,-0.6468
CDG,CKA,-0.6567
CDG,CPC,-0.6009
CDG,CVN,0.6523
CDG,DHB,-0.6197
CDG,DPC,0.6821
CDG,DSE,-0.8396
CDG,DTG,-0.6132
CDG,DVG,0.7361
CDG,DWS,0.6025
CDG,FSO,0.8102
CDG,FTM,0.7361
CDG,GKM,0.7273
CDG,HC1,0.6026
CDG,HCD,-0.6089
CDG,HEJ,0.638
CDG,HEP,-0.6743
CDG,HFB,-0.6216
CDG,HFX,0.6248
CDG,HHN,0.667
CDG,HOT,0.7039
CDG,HTP,0.7897
CDG,IN4,0.7896
CDG,L61,0.6036
CDG,L62,0.7638
CDG,LAF,-0.6246
CDG,LAI,-0.6109
CDG,LBE,-0.6066
CDG,LCD,-0.7015
CDG,LCM,0.6607
CDG,LDW,0.6077
CDG,LMH,0.6114
CDG,LO5,0.7173
CDG,LSS,-0.6485
CDG,MND,0.7861
CDG,MPY,0.7591
CDG,MTS,-0.658
CDG,NAC,0.8793
CDG,NVP,0.6203
CDG,NXT,0.688
CDG,PCH,-0.6893
CDG,PDN,-0.6299
CDG,PHH,0.6188
CDG,PIV,-0.7049
CDG,PNT,0.6614
CDG,POM,0.6792
CDG,PPI,0.6358
CDG,QBS,0.7634
CDG,QNP,-0.722
CDG,SAL,0.6073
CDG,SBG,-0.6643
CDG,SCC,0.6721
CDG,SCD,0.8076
CDG,SGC,-0.6975
CDG,SGS,0.6265
CDG,SII,0.7129
CDG,STG,0.6133
CDG,TB8,0.8345
CDG,THM,0.6653
CDG,THN,0.8559
CDG,TNA,-0.6179
CDG,TSA,-0.8185
CDG,TUG,-0.6558
CDG,TVC,-0.6235
CDG,VDG,0.7437
CDG,VE2,0.6753
CDG,VE8,0.6699
CDG,VGL,-0.6935
CDG,VGP,-0.6992
CDG,VIR,0.6206
CDG,VKC,0.6055
CDG,VLP,0.7319
CDG,VMS,0.6329
CDG,VNC,-0.6213
CDG,VPR,-0.6785
CDG,VTH,-0.7038
CDG,VTI,0.6133
CDN,DAC,-0.6218
CDN,PVP,0.6053
CDN,VNL,0.6206
CDO,HFC,0.609
CDO,X20,0.6189
CDP,DRG,0.6175
CDP,HHV,0.6093
CDP,HMS,0.683
CDP,VKC,-0.603
CDR,GTD,0.6524
CDR,LMI,0.6409
CEO,CII,0.8654
CEO,CKG,0.728
CEO,CMX,0.6903
CEO,CRE,0.6346
CEO,CSC,0.6905
CEO,CTD,0.6989
CEO,CTI,0.7114
CEO,CTS,0.7409
CEO,DCM,0.6618
CEO,DGW,0.7043
CEO,DHA,0.6757
CEO,DIG,0.8965
CEO,DLG,0.6895
CEO,DPG,0.7547
CEO,DPM,0.6597
CEO,DQC,0.6682
CEO,DRH,0.6368
CEO,DTD,0.6104
CEO,DXG,0.8359
CEO,DXS,0.6315
CEO,ECI,0.6343
CEO,EIB,0.6297
CEO,ELC,0.6422
CEO,FCN,0.855
CEO,FIT,0.6505
CEO,FRT,0.7372
CEO,FTS,0.6548
CEO,G36,0.7993
CEO,GEG,0.7019
CEO,GEX,0.7872
CEO,HAG,0.7672
CEO,HAH,0.6547
CEO,HAR,0.7418
CEO,HBC,0.6714
CEO,HCM,0.714
CEO,HDC,0.8323
CEO,HDG,0.6135
CEO,HDM,0.6769
CEO,HHS,0.7551
CEO,HID,0.622
CEO,HLD,0.6582
CEO,HPG,0.6838
CEO,HQC,0.7885
CEO,HSG,0.723
CEO,HT1,0.7754
CEO,HUT,0.7228
CEO,IDC,0.8088
CEO,IDI,0.8084
CEO,IDJ,0.7204
CEO,IJC,0.6257
CEO,IPA,0.6767
CEO,ITA,0.7417
CEO,ITC,0.6352
CEO,JVC,0.6824
CEO,KBC,0.6729
CEO,KDH,0.6959
CEO,KHG,0.6743
CEO,KMR,0.6019
CEO,KSB,0.7572
CEO,L14,0.8579
CEO,L18,0.7485
CEO,LCG,0.8204
CEO,LDG,0.8211
CEO,LGL,0.6999
CEO,LHC,0.6497
CEO,LIG,0.744
CEO,LPB,0.6395
CEO,MBB,0.6041
CEO,MBG,0.6459
CEO,MBS,0.6783
CEO,MSN,0.6347
CEO,NBB,0.6452
CEO,NDN,0.6381
CEO,NHA,0.7699
CEO,NKG,0.7355
CEO,NLG,0.7678
CEO,NT2,0.6758
CEO,OCH,0.6542
CEO,OGC,0.7481
CEO,PAN,0.6468
CEO,PAT,0.6299
CEO,PC1,0.6889
CEO,PDB,0.6084
CEO,PET,0.6786
CEO,PFL,0.7155
CEO,PHC,0.6158
CEO,PHR,0.6901
CEO,PLC,0.6387
CEO,POW,0.6983
CEO,PSD,0.6234
CEO,PSI,0.6521
CEO,PTC,0.621
CEO,PVC,0.6929
CEO,PVD,0.6848
CEO,PVG,0.6025
CEO,PVS,0.6156
CEO,PVT,0.6086
CEO,PXL,0.6926
CEO,SAM,0.6253
CEO,SBS,0.6486
CEO,SBT,0.6131
CEO,SCR,0.8484
CEO,SDA,0.6613
CEO,SHB,0.6454
CEO,SHS,0.7688
CEO,SKG,0.6705
CEO,SSI,0.7725
CEO,STB,0.7208
CEO,SZC,0.7067
CEO,TCD,0.6527
CEO,TCH,0.7802
CEO,TCI,0.7004
CEO,TDC,0.6422
CEO,THD,0.7082
CEO,TID,0.6036
CEO,TIG,0.6728
CEO,TIP,0.6389
CEO,TLD,0.6182
CEO,TLH,0.6271
CEO,TNG,0.6569
CEO,TNI,0.7171
CEO,TPB,0.6421
CEO,TSC,0.6274
CEO,TTF,0.7189
CEO,VCG,0.7513
CEO,VCI,0.723
CEO,VGC,0.7262
CEO,VGS,0.7108
CEO,VHC,0.6191
CEO,VHG,0.6495
CEO,VIB,0.6441
CEO,VIG,0.6167
CEO,VIX,0.7606
CEO,VLB,0.6264
CEO,VND,0.7236
CEO,VPB,0.6147
CEO,VPH,0.6442
CET,HLO,0.6439
CET,NLS,-0.6179
CFM,CMX,-0.6015
CFM,DCM,-0.6784
CFM,DPM,-0.6872
CFM,IN4,0.619
CFM,PVT,-0.6322
CFM,SP2,-0.6641
CFV,DSD,0.6352
CFV,FHN,0.7188
CFV,FTI,0.6364
CFV,GMA,0.6128
CFV,HEC,-0.6128
CFV,IBD,0.6031
CFV,PMJ,0.6819
CFV,PPT,-0.6364
CFV,PTH,0.6177
CFV,PTX,0.6431
CFV,SGD,0.628
CFV,TCJ,0.6215
CFV,VHL,0.6133
CFV,VXP,0.6143
CFV,XDH,0.6744
CH5,CMW,0.6822
CH5,CTA,0.6583
CH5,DAN,0.6933
CH5,DCH,0.7494
CH5,DHN,0.629
CH5,DKC,0.651
CH5,DLD,0.6812
CH5,DLR,0.6269
CH5,DMN,0.6562
CH5,DNT,0.7641
CH5,DP2,0.6966
CH5,FBC,0.6951
CH5,FCC,0.685
CH5,GMA,0.6046
CH5,GVT,0.6198
CH5,HCI,0.8056
CH5,HKB,0.6977
CH5,HLT,0.6151
CH5,HMG,0.7446
CH5,HPI,0.8024
CH5,HPM,0.6512
CH5,HTM,0.604
CH5,IHK,0.6077
CH5,IST,0.6152
CH5,KTL,0.7371
CH5,LAW,0.6061
CH5,LG9,0.628
CH5,MIE,0.7418
CH5,MTB,0.6173
CH5,MTS,0.6167
CH5,NGC,0.646
CH5,NQB,0.6609
CH5,NQN,0.7509
CH5,NTT,0.6495
CH5,PIA,0.6007
CH5,PID,0.7293
CH5,POB,0.6519
CH5,PSN,0.658
CH5,PTH,0.606
CH5,PVY,0.8323
CH5,QNU,0.6476
CH5,QST,0.7438
CH5,SFN,0.6425
CH5,STL,0.6516
CH5,STS,0.6795
CH5,TAW,0.6113
CH5,TNM,0.6057
CH5,TOP,0.6179
CH5,TTD,0.6602
CH5,TVG,0.7518
CH5,UCT,0.755
CH5,VBH,0.7398
CH5,VES,0.7105
CH5,VTG,0.6144
CH5,VTX,0.6219
CHC,DCS,0.7283
CHC,DDH,0.6578
CHC,DTE,0.6131
CHC,FRM,0.6465
CHC,GH3,0.6322
CHC,HC1,0.6293
CHC,HEV,-0.6803
CHC,HHN,0.6713
CHC,HLA,0.6281
CHC,HNM,-0.6288
CHC,ICN,-0.6414
CHC,KHW,0.8092
CHC,L35,0.6774
CHC,LUT,0.7024
CHC,MEF,0.6794
CHC,NDW,0.7815
CHC,PTG,0.6949
CHC,QNW,0.8435
CHC,RBC,0.6042
CHC,STW,0.6422
CHC,TAN,-0.7669
CHC,TL4,0.6361
CHC,TRT,0.6272
CHC,TVM,0.6103
CHC,UMC,0.6545
CHC,VMT,0.7596
CHC,VVS,0.6639
CHC,XHC,0.7131
CHP,GHC,0.6115
CHP,NCT,0.6398
CHP,NSC,0.6033
CHP,REE,0.619
CHP,SBA,0.6057
CHP,SJD,0.6212
CHP,TCL,0.6803
CHP,TCW,0.6171
CHP,THG,0.6464
CID,CJC,0.6061
CID,CX8,0.6073
CID,ISG,0.608
CID,KHS,0.601
CID,L40,0.6797
CID,MTS,0.6331
CID,SPD,0.6632
CID,TPS,0.6189
CID,TSD,0.6647
CID,VPR,0.7059
CID,VTQ,0.7155
CIG,CKG,0.6147
CIG,DAH,0.6599
CIG,DIH,0.6265
CIG,GH3,-0.6454
CIG,HDM,0.6185
CIG,HHN,-0.6002
CIG,HQC,0.6173
CIG,KHP,0.6462
CIG,KMR,0.6957
CIG,L18,0.6349
CIG,LIG,0.6282
CIG,LUT,-0.6373
CIG,NBB,0.6372
CIG,NHA,0.6681
CIG,OGC,0.6115
CIG,PTC,0.719
CIG,RBC,-0.6175
CIG,SCR,0.6046
CIG,SKG,0.602
CIG,TGG,0.6145
CIG,TLD,0.6708
CIG,VOS,0.6042
CIG,VPH,0.6605
CII,CKG,0.634
CII,CRE,0.6849
CII,CTD,0.647
CII,CTI,0.6656
CII,CTS,0.6695
CII,DCM,0.681
CII,DGW,0.656
CII,DHA,0.7283
CII,DIG,0.8315
CII,DLG,0.6177
CII,DPG,0.6674
CII,DPM,0.6957
CII,DQC,0.6436
CII,DXG,0.7301
CII,ECI,0.6734
CII,EIB,0.6234
CII,FCN,0.8063
CII,FRT,0.7027
CII,G36,0.7394
CII,GEG,0.6496
CII,GEX,0.8381
CII,GMD,0.6423
CII,HAG,0.7327
CII,HAH,0.6324
CII,HAR,0.706
CII,HCM,0.6156
CII,HDC,0.7491
CII,HDG,0.6237
CII,HHS,0.7633
CII,HLD,0.653
CII,HPG,0.6255
CII,HQC,0.6959
CII,HSG,0.6182
CII,HSL,0.6127
CII,HT1,0.7672
CII,HUT,0.6994
CII,IDC,0.8025
CII,IDI,0.7515
CII,IDJ,0.6292
CII,IPA,0.6168
CII,ITA,0.646
CII,ITC,0.6128
CII,JVC,0.6614
CII,KBC,0.6558
CII,KDH,0.705
CII,KSB,0.7273
CII,L14,0.7337
CII,L18,0.6315
CII,LCG,0.7635
CII,LDG,0.7603
CII,LGL,0.6503
CII,LHC,0.635
CII,LIG,0.639
CII,NBB,0.6284
CII,NHA,0.6344
CII,NKG,0.6542
CII,NLG,0.7739
CII,NT2,0.6812
CII,OGC,0.7098
CII,PAN,0.6152
CII,PC1,0.7384
CII,PDB,0.6087
CII,PET,0.7276
CII,PFL,0.6362
CII,PHR,0.6518
CII,PLC,0.6117
CII,POW,0.6793
CII,PSD,0.6024
CII,PVC,0.6617
CII,PVD,0.672
CII,PXL,0.6677
CII,SAM,0.6353
CII,SCR,0.7646
CII,SDA,0.7254
CII,SHB,0.6182
CII,SHS,0.6987
CII,SSI,0.6998
CII,STB,0.6486
CII,SZC,0.6284
CII,TCD,0.6521
CII,TCH,0.7446
CII,TCI,0.6449
CII,THD,0.6753
CII,TIG,0.606
CII,TNI,0.7304
CII,TPB,0.6804
CII,TTF,0.6688
CII,VCG,0.7244
CII,VCI,0.6346
CII,VGC,0.7886
CII,VGS,0.614
CII,VHC,0.6305
CII,VIB,0.6359
CII,VIX,0.7422
CII,VND,0.6516
CII,VPB,0.6851
CJC,DCS,0.667
CJC,DVG,-0.6344
CJC,EFI,0.6475
CJC,GMC,-0.7146
CJC,IRC,-0.6129
CJC,ISG,0.6706
CJC,KHS,0.6486
CJC,KHW,0.6356
CJC,MA1,0.6836
CJC,MGG,0.6019
CJC,MTS,0.8159
CJC,NQN,0.6651
CJC,NSG,-0.6469
CJC,NTF,0.6131
CJC,NTH,0.656
CJC,NVP,-0.6678
CJC,QBS,-0.6152
CJC,SPD,0.8497
CJC,SSH,-0.6439
CJC,TDW,0.6089
CJC,TVM,0.6919
CJC,VBH,0.7223
CJC,VLW,0.7032
CJC,VPR,0.7249
CJC,VTQ,0.6646
CJC,VUA,-0.6141
CKA,DSE,0.6032
CKA,HTP,-0.6636
CKA,TA9,0.608
CKD,CKV,0.6206
CKD,CX8,0.62
CKD,DFC,0.7172
CKD,DTP,0.6262
CKD,FCS,0.6478
CKD,FIC,0.7533
CKD,GCB,0.6175
CKD,HAN,0.6667
CKD,HD8,0.6536
CKD,HEP,0.7007
CKD,HHN,-0.6582
CKD,HPD,0.7713
CKD,HSP,0.7144
CKD,IFS,0.6885
CKD,IN4,-0.6729
CKD,KDM,0.6138
CKD,KGM,0.7185
CKD,L40,0.6449
CKD,LAF,0.6442
CKD,LAI,0.7804
CKD,LCD,0.6802
CKD,LUT,-0.6362
CKD,MEF,-0.6668
CKD,MH3,0.6483
CKD,MND,-0.6872
CKD,MPY,-0.6212
CKD,ND2,0.6571
CKD,NWT,0.6579
CKD,PAP,0.6143
CKD,PCE,0.7013
CKD,PDN,0.6977
CKD,PTG,-0.66
CKD,PVX,0.6902
CKD,QPH,0.6125
CKD,RTB,0.6554
CKD,SBG,0.6691
CKD,SIV,0.7363
CKD,STL,0.6384
CKD,TDS,0.7283
CKD,TPS,0.6975
CKD,TS3,0.6045
CKD,TTT,0.6673
CKD,TUG,0.7017
CKD,TVA,0.6124
CKD,VE2,-0.6244
CKD,VGP,0.6444
CKD,VNC,0.6174
CKD,VPC,0.6795
CKD,VPR,0.6351
CKD,VSA,0.6403
CKD,VSM,0.6232
CKD,VSN,0.6672
CKD,VTZ,0.6715
CKG,CLH,0.6464
CKG,CLX,0.6392
CKG,CMX,0.7151
CKG,CNG,0.6628
CKG,CSC,0.768
CKG,CTD,0.6053
CKG,CTG,0.6726
CKG,CTI,0.6723
CKG,CTS,0.6649
CKG,D2D,0.6347
CKG,DAH,0.6154
CKG,DBC,0.661
CKG,DCM,0.7303
CKG,DGC,0.6061
CKG,DGW,0.6475
CKG,DHA,0.6148
CKG,DIG,0.6995
CKG,DIH,0.6596
CKG,DPG,0.7783
CKG,DPM,0.7243
CKG,DQC,0.6656
CKG,DRC,0.6205
CKG,DRI,0.6096
CKG,DSC,0.6188
CKG,DXG,0.6792
CKG,ELC,0.6937
CKG,FCN,0.7137
CKG,FIT,0.6142
CKG,FMC,0.7538
CKG,FRT,0.767
CKG,FTS,0.6655
CKG,G36,0.6751
CKG,GEG,0.7657
CKG,GEX,0.601
CKG,GH3,-0.6314
CKG,GIL,0.6431
CKG,GMD,0.6437
CKG,GTT,-0.6346
CKG,HAG,0.6909
CKG,HAH,0.7376
CKG,HAX,0.6733
CKG,HC1,-0.6322
CKG,HCM,0.7177
CKG,HDC,0.7831
CKG,HDG,0.6105
CKG,HDM,0.6541
CKG,HHS,0.6435
CKG,HLD,0.7163
CKG,HPG,0.7155
CKG,HQC,0.7063
CKG,HSG,0.7475
CKG,HT1,0.6489
CKG,HTG,0.6854
CKG,HUB,0.6214
CKG,HUT,0.6268
CKG,IDC,0.7836
CKG,IDI,0.7616
CKG,IDJ,0.6804
CKG,IJC,0.6862
CKG,IPA,0.631
CKG,ITC,0.6092
CKG,JVC,0.6462
CKG,KBC,0.6693
CKG,KMR,0.6133
CKG,KSB,0.7055
CKG,L14,0.7469
CKG,L18,0.7442
CKG,LAS,0.618
CKG,LCG,0.7134
CKG,LHC,0.6341
CKG,LHG,0.7379
CKG,LIG,0.628
CKG,LPB,0.699
CKG,MBB,0.6417
CKG,MBS,0.6378
CKG,MIG,0.645
CKG,MPC,0.624
CKG,MSN,0.627
CKG,NAF,0.6357
CKG,NBB,0.6506
CKG,NBC,0.6844
CKG,NHA,0.6823
CKG,NKG,0.7131
CKG,NLG,0.6555
CKG,NT2,0.7379
CKG,OCH,0.7274
CKG,OGC,0.7077
CKG,PAN,0.7231
CKG,PAT,0.6128
CKG,PBP,0.6165
CKG,PC1,0.6617
CKG,PET,0.6501
CKG,PFL,0.6314
CKG,PHR,0.7313
CKG,PLC,0.6502
CKG,POW,0.7019
CKG,PSD,0.6128
CKG,PSI,0.6616
CKG,PTB,0.6688
CKG,PTC,0.624
CKG,PVC,0.6471
CKG,PVD,0.671
CKG,PVS,0.649
CKG,PVT,0.6548
CKG,PXL,0.6507
CKG,QTP,0.6075
CKG,REE,0.677
CKG,S99,0.6265
CKG,SBS,0.6782
CKG,SBT,0.7084
CKG,SCI,0.6089
CKG,SCR,0.7607
CKG,SEB,0.6052
CKG,SHB,0.697
CKG,SHS,0.6337
CKG,SKG,0.7476
CKG,SLS,0.6054
CKG,SNZ,0.6265
CKG,SSI,0.6751
CKG,STB,0.6611
CKG,STK,0.6064
CKG,STW,-0.644
CKG,SZC,0.7693
CKG,TCH,0.6131
CKG,TCI,0.6746
CKG,TCM,0.6801
CKG,THD,0.7067
CKG,THG,0.6534
CKG,TID,0.6494
CKG,TIG,0.6253
CKG,TIP,0.6324
CKG,TLD,0.6021
CKG,TLH,0.6428
CKG,TNG,0.7015
CKG,TOT,0.6141
CKG,TPB,0.6173
CKG,TSC,0.6429
CKG,TTF,0.6209
CKG,TVB,0.6297
CKG,TVD,0.6232
CKG,VCG,0.6982
CKG,VCI,0.7032
CKG,VGC,0.6872
CKG,VGP,0.617
CKG,VGS,0.7047
CKG,VGT,0.6174
CKG,VHC,0.7114
CKG,VIB,0.6674
CKG,VIG,0.6713
CKG,VLB,0.6479
CKG,VLC,0.6005
CKG,VMT,-0.6355
CKG,VND,0.6536
CKG,VNR,0.6249
CKG,VNS,0.6053
CKG,VOS,0.6014
CKG,VPH,0.6357
CKG,VSH,0.6167
CKV,CX8,0.6162
CKV,DCG,0.693
CKV,FIC,0.6263
CKV,IFS,0.6131
CKV,LAI,0.6436
CKV,LCD,0.7473
CKV,MH3,0.6079
CKV,MND,-0.6479
CKV,MTH,0.6066
CKV,MTP,0.6002
CKV,NDC,0.6046
CKV,NGC,0.6069
CKV,NQB,0.6009
CKV,NQN,0.7004
CKV,NTT,0.6302
CKV,NWT,0.7716
CKV,PDN,0.6896
CKV,SIV,0.7161
CKV,STL,0.7287
CKV,TDB,0.6585
CKV,TNP,0.6077
CKV,TPS,0.7023
CKV,VPC,0.6581
CKV,VPR,0.6816
CLC,VNM,0.6822
CLH,CLX,0.6342
CLH,CSC,0.6137
CLH,D2D,0.6063
CLH,FMC,0.6193
CLH,GGG,-0.6175
CLH,GH3,-0.6095
CLH,GSP,0.6223
CLH,GTT,-0.6588
CLH,HBC,0.6267
CLH,HDM,0.6037
CLH,HLD,0.6059
CLH,HMC,0.6341
CLH,HPG,0.6287
CLH,HQC,0.6105
CLH,HSG,0.6173
CLH,HTG,0.6285
CLH,IDC,0.6578
CLH,IDV,0.6503
CLH,KSB,0.6234
CLH,L18,0.6841
CLH,NBC,0.6058
CLH,NDX,0.6453
CLH,NKG,0.6326
CLH,PAN,0.6194
CLH,PGC,0.6405
CLH,PMB,0.6644
CLH,PSG,-0.6001
CLH,SCR,0.6315
CLH,SKG,0.6525
CLH,STW,-0.6166
CLH,SZL,0.6272
CLH,TCL,0.6028
CLH,TCM,0.6129
CLH,TCT,0.6146
CLH,VMT,-0.639
CLH,VNL,0.6391
CLH,VPD,0.6366
CLL,DVP,0.6565
CLL,GSP,0.6368
CLL,LSS,0.629
CLL,PPH,0.6462
CLL,QNS,0.6453
CLL,STK,0.6417
CLM,CTW,0.6808
CLM,DDH,-0.6525
CLM,DFC,0.6029
CLM,DTE,-0.6239
CLM,DTG,0.6216
CLM,FTM,-0.6227
CLM,GH3,-0.6042
CLM,HC1,-0.6795
CLM,HDM,0.6185
CLM,HEP,0.6554
CLM,HHN,-0.6606
CLM,HNM,0.7201
CLM,HPD,0.6537
CLM,IN4,-0.6663
CLM,KTS,0.6102
CLM,LAI,0.6379
CLM,LMI,0.615
CLM,MCP,0.6524
CLM,MEF,-0.6461
CLM,MPY,-0.6798
CLM,NBC,0.66
CLM,NDW,-0.6382
CLM,NJC,0.642
CLM,NUE,0.7249
CLM,PCE,0.6165
CLM,PMW,0.6227
CLM,PRC,0.6577
CLM,PTG,-0.6595
CLM,SAL,-0.6056
CLM,SEB,0.6196
CLM,TCJ,-0.6263
CLM,THT,0.6303
CLM,TMB,0.6588
CLM,TMW,-0.6288
CLM,TRT,-0.608
CLM,TUG,0.6039
CLM,TVD,0.6667
CLM,UMC,-0.6441
CLM,VGP,0.6397
CLM,VMT,-0.6026
CLM,VSF,0.6692
CLW,CVN,-0.6626
CLW,DVT,-0.6016
CLW,EFI,0.6201
CLW,HFC,0.7176
CLW,HNB,0.6028
CLW,KHS,0.6059
CLW,L62,-0.6121
CLW,LNC,-0.6218
CLW,MIC,0.6416
CLW,NLS,0.6567
CLW,SB1,0.6303
CLW,VE2,-0.6046
CLX,CMX,0.7232
CLX,CNG,0.6582
CLX,CSC,0.6091
CLX,CTI,0.6192
CLX,DCM,0.6441
CLX,DPM,0.6435
CLX,DRC,0.6478
CLX,DRI,0.6227
CLX,ELC,0.6414
CLX,EVE,0.6207
CLX,FCM,0.6341
CLX,FMC,0.6734
CLX,GDA,0.6599
CLX,GEG,0.6283
CLX,GHC,0.6321
CLX,GSP,0.6432
CLX,HAH,0.6026
CLX,HAX,0.6339
CLX,HBC,0.6466
CLX,HCD,0.6466
CLX,HTG,0.7504
CLX,IDC,0.605
CLX,IDI,0.603
CLX,IDV,0.6592
CLX,ITD,0.606
CLX,KMR,0.6056
CLX,L18,0.6263
CLX,LAS,0.6336
CLX,LHC,0.6351
CLX,LHG,0.6843
CLX,LSS,0.6034
CLX,MBG,0.6003
CLX,MCM,0.6044
CLX,NDN,0.6172
CLX,NDX,0.6637
CLX,PAN,0.6271
CLX,PGC,0.6722
CLX,PHR,0.6229
CLX,PMB,0.6054
CLX,POW,0.6321
CLX,PPH,0.6385
CLX,PSW,0.6135
CLX,QTP,0.6442
CLX,REE,0.6828
CLX,SAS,0.6005
CLX,SGP,0.6988
CLX,SKG,0.6617
CLX,SLS,0.6117
CLX,STK,0.6453
CLX,TCL,0.6551
CLX,TCM,0.6784
CLX,TDG,0.6417
CLX,THG,0.6741
CLX,TIP,0.6395
CLX,TLH,0.6175
CLX,TNG,0.6095
CLX,TNH,0.6829
CLX,TTA,0.6244
CLX,VEA,0.6075
CLX,VGS,0.6003
CLX,VGT,0.6031
CLX,VIP,0.6007
CLX,VLC,0.6909
CLX,VNL,0.6423
CLX,VNR,0.6008
CLX,VTO,0.6491
CMD,CMN,0.6698
CMD,CMX,0.6285
CMD,CPI,0.602
CMD,DDH,-0.6188
CMD,DRL,0.6547
CMD,DTE,-0.6574
CMD,FTI,-0.6283
CMD,GH3,-0.743
CMD,HAX,0.601
CMD,HC1,-0.7316
CMD,HD8,0.6004
CMD,HDM,0.6466
CMD,HEP,0.6994
CMD,HGM,0.6445
CMD,HHN,-0.762
CMD,HNM,0.7893
CMD,HNP,-0.6153
CMD,HOT,-0.6805
CMD,ICN,0.7126
CMD,IN4,-0.7971
CMD,KMR,0.6479
CMD,L18,0.6522
CMD,LAF,0.6198
CMD,LAI,0.6527
CMD,LCC,-0.63
CMD,LCD,0.7189
CMD,LMI,0.6165
CMD,LQN,-0.6251
CMD,LUT,-0.7159
CMD,MCP,0.6435
CMD,MEF,-0.7342
CMD,MNB,0.6002
CMD,MND,-0.6814
CMD,MPY,-0.7957
CMD,MRF,-0.7011
CMD,NAW,0.604
CMD,NBB,0.6411
CMD,NDW,-0.7002
CMD,NWT,0.7284
CMD,OCH,0.6747
CMD,ODE,0.6877
CMD,PBP,0.6957
CMD,PCH,0.6395
CMD,PDN,0.6375
CMD,PMW,0.6883
CMD,PRC,0.6485
CMD,PTC,0.7283
CMD,PTG,-0.7355
CMD,PXL,0.6024
CMD,QNW,-0.6771
CMD,RBC,-0.6892
CMD,SAL,-0.601
CMD,SAM,0.6007
CMD,SBG,0.6622
CMD,SCD,-0.7049
CMD,SD9,0.6813
CMD,SIV,0.6293
CMD,SKG,0.6557
CMD,SP2,0.7332
CMD,STW,-0.6189
CMD,TCJ,-0.6586
CMD,TDB,0.7669
CMD,TDC,0.6096
CMD,TGG,0.6696
CMD,THW,0.7031
CMD,TMW,-0.6001
CMD,TSC,0.6065
CMD,TVA,0.6019
CMD,TVD,0.602
CMD,UMC,-0.644
CMD,VFG,0.6048
CMD,VGP,0.7325
CMD,VMT,-0.6252
CMD,VNR,0.649
CMD,VNS,0.6672
CMD,VPC,0.6482
CMD,VPH,0.6405
CMD,VSF,0.6858
CMF,HDM,0.6596
CMF,SD9,0.6234
CMF,TDB,0.6424
CMF,TET,0.6176
CMF,TKC,-0.6049
CMG,CTR,0.6058
CMG,DPR,0.6081
CMG,DRC,0.6139
CMG,LHG,0.6019
CMG,PTB,0.6231
CMG,TCM,0.6041
CMG,VCS,0.6205
CMG,VGI,0.6062
CMI,CVN,0.6447
CMI,DKG,0.8103
CMI,DNL,0.6965
CMI,DTC,0.7164
CMI,DVT,0.7543
CMI,GMC,0.6462
CMI,HLO,0.7912
CMI,HMD,0.7532
CMI,IRC,0.7108
CMI,LDW,0.6961
CMI,LNC,0.793
CMI,MQB,0.7283
CMI,NLS,-0.766
CMI,PCG,0.6434
CMI,PTM,0.7194
CMI,SPB,0.6466
CMI,TAB,0.757
CMI,TCK,0.7874
CMI,TCX,-0.6729
CMI,TD6,-0.7245
CMI,VE8,0.6017
CMI,VMK,0.6149
CMM,TCK,0.6413
CMN,CPI,0.6691
CMN,DFC,0.7253
CMN,DTG,0.6373
CMN,FRC,0.604
CMN,HC1,-0.6634
CMN,HEP,0.7784
CMN,HNM,0.6832
CMN,IN4,-0.6638
CMN,L40,0.6329
CMN,LCD,0.6625
CMN,LUT,-0.6286
CMN,MCP,0.6081
CMN,MND,-0.6256
CMN,MPY,-0.6643
CMN,NAW,0.7206
CMN,PMT,0.6512
CMN,PMW,0.7413
CMN,PRC,0.6138
CMN,PVX,0.73
CMN,SCD,-0.625
CMN,SIV,0.683
CMN,SP2,0.6343
CMN,THW,0.643
CMN,TVA,0.6029
CMN,VGP,0.7068
CMN,VPC,0.7582
CMW,DCH,0.693
CMW,DCL,-0.619
CMW,DSD,0.7418
CMW,FBC,0.708
CMW,FCC,0.8133
CMW,FCS,0.6122
CMW,FHN,0.6299
CMW,GMA,0.801
CMW,HCI,0.7114
CMW,HMG,0.6894
CMW,IBD,0.6333
CMW,KSF,-0.6087
CMW,KTL,0.6471
CMW,LAW,0.6038
CMW,MGG,0.6392
CMW,MIE,0.7274
CMW,MQN,0.7257
CMW,MTB,0.7035
CMW,NQB,0.6737
CMW,NQN,0.6297
CMW,NSG,-0.6045
CMW,PAI,0.608
CMW,PID,0.6554
CMW,PMJ,0.741
CMW,PTX,0.6633
CMW,QST,0.6162
CMW,SDK,0.6284
CMW,SGD,0.6271
CMW,SPD,0.6893
CMW,SPH,0.6356
CMW,TPS,0.7286
CMW,TVG,0.7026
CMW,UCT,0.6972
CMW,UDL,0.6229
CMW,VBH,0.683
CMW,VCM,0.6884
CMW,VTG,0.7289
CMW,VTX,0.6792
CMW,VXP,0.6688
CMW,XDH,0.627
CMW,XPH,0.7417
CMX,CNG,0.7729
CMX,CSC,0.7763
CMX,CSI,0.6116
CMX,CSV,0.6109
CMX,CTI,0.6938
CMX,CTS,0.7063
CMX,DAH,0.6332
CMX,DBC,0.6747
CMX,DCM,0.7628
CMX,DDV,0.6459
CMX,DGW,0.6765
CMX,DHA,0.6172
CMX,DID,0.6212
CMX,DIG,0.7266
CMX,DLG,0.6267
CMX,DPG,0.7862
CMX,DPM,0.7743
CMX,DPR,0.6262
CMX,DQC,0.6922
CMX,DRC,0.7055
CMX,DRI,0.6258
CMX,DSC,0.6132
CMX,DTD,0.6784
CMX,DXG,0.7061
CMX,DXP,0.6036
CMX,ELC,0.7516
CMX,EVE,0.6615
CMX,EVG,0.6016
CMX,FCM,0.6011
CMX,FCN,0.7294
CMX,FIT,0.7093
CMX,FMC,0.7347
CMX,FRT,0.6981
CMX,FTS,0.7009
CMX,G36,0.7087
CMX,GDA,0.6843
CMX,GEG,0.7765
CMX,GH3,-0.6425
CMX,GIL,0.6245
CMX,GSP,0.6459
CMX,GTT,-0.6002
CMX,HAG,0.6344
CMX,HAH,0.7267
CMX,HAP,0.6155
CMX,HAR,0.6909
CMX,HAX,0.7748
CMX,HBC,0.6505
CMX,HC1,-0.6409
CMX,HCD,0.6867
CMX,HCM,0.6779
CMX,HDC,0.6864
CMX,HDG,0.6163
CMX,HDM,0.6676
CMX,HHS,0.6544
CMX,HLD,0.6329
CMX,HNM,0.6176
CMX,HOT,-0.6599
CMX,HQC,0.7569
CMX,HSG,0.7051
CMX,HT1,0.6838
CMX,HTG,0.7383
CMX,HTN,0.6167
CMX,HUB,0.6938
CMX,HUT,0.6714
CMX,IDC,0.7555
CMX,IDI,0.8352
CMX,IDJ,0.7107
CMX,IJC,0.6904
CMX,IN4,-0.714
CMX,IPA,0.6289
CMX,ITA,0.674
CMX,ITC,0.6882
CMX,ITD,0.6103
CMX,IVS,0.6206
CMX,JVC,0.6494
CMX,KHG,0.6237
CMX,KMR,0.7153
CMX,KSB,0.7136
CMX,L14,0.6643
CMX,L18,0.7043
CMX,LAI,0.627
CMX,LAS,0.7572
CMX,LCG,0.7387
CMX,LDG,0.6675
CMX,LHC,0.6965
CMX,LHG,0.8022
CMX,LIG,0.7144
CMX,LPB,0.6481
CMX,LSS,0.7783
CMX,MBS,0.6304
CMX,MEF,-0.6082
CMX,MIG,0.7008
CMX,MPY,-0.6652
CMX,MSN,0.6083
CMX,NAF,0.6256
CMX,NBB,0.668
CMX,NBC,0.6684
CMX,NDN,0.7094
CMX,NED,0.6351
CMX,NHA,0.7612
CMX,NHH,0.717
CMX,NKG,0.7024
CMX,NLG,0.6305
CMX,NT2,0.6305
CMX,NVT,0.6253
CMX,OCH,0.6156
CMX,ODE,0.639
CMX,OGC,0.7128
CMX,PAN,0.7348
CMX,PBP,0.6993
CMX,PC1,0.7039
CMX,PET,0.6563
CMX,PGC,0.6394
CMX,PHC,0.6948
CMX,PHR,0.6859
CMX,PLC,0.6327
CMX,PMB,0.6595
CMX,POW,0.6876
CMX,PPH,0.6024
CMX,PSD,0.604
CMX,PSI,0.6692
CMX,PSW,0.7171
CMX,PTB,0.6619
CMX,PTC,0.6302
CMX,PTL,0.627
CMX,PVB,0.6097
CMX,PVC,0.6943
CMX,PVD,0.6717
CMX,PVG,0.6538
CMX,PVP,0.6588
CMX,PVS,0.637
CMX,PVT,0.6902
CMX,PXL,0.6632
CMX,QTP,0.6929
CMX,REE,0.7097
CMX,S99,0.6138
CMX,SAM,0.6181
CMX,SBT,0.7503
CMX,SCR,0.7078
CMX,SD9,0.6816
CMX,SGT,0.6744
CMX,SHB,0.6022
CMX,SKG,0.7713
CMX,SP2,0.6263
CMX,SSI,0.6496
CMX,STK,0.7052
CMX,SZC,0.7641
CMX,TCH,0.6162
CMX,TCI,0.682
CMX,TCM,0.6732
CMX,TDC,0.7374
CMX,TDG,0.6526
CMX,THD,0.6027
CMX,TID,0.6434
CMX,TIG,0.6759
CMX,TIP,0.7594
CMX,TLD,0.6585
CMX,TLH,0.7215
CMX,TNA,0.6528
CMX,TNG,0.754
CMX,TNH,0.7187
CMX,TSC,0.7438
CMX,TTA,0.6218
CMX,TTF,0.6437
CMX,TVB,0.6631
CMX,TVC,0.6138
CMX,TVD,0.6245
CMX,TVS,0.6834
CMX,VC9,0.6413
CMX,VCG,0.6291
CMX,VCI,0.6668
CMX,VGC,0.7211
CMX,VGS,0.7551
CMX,VGT,0.6661
CMX,VHC,0.6988
CMX,VIG,0.6535
CMX,VIP,0.6829
CMX,VIX,0.6539
CMX,VLB,0.6277
CMX,VLC,0.6284
CMX,VND,0.6352
CMX,VNR,0.6459
CMX,VNS,0.6352
CMX,VOS,0.7047
CMX,VPH,0.741
CMX,VSH,0.6234
CMX,VTO,0.6242
CMX,VTZ,0.6107
CMX,WSS,0.6183
CNG,CSC,0.6516
CNG,CSV,0.797
CNG,CTR,0.6004
CNG,DBC,0.6726
CNG,DCM,0.8013
CNG,DDV,0.7062
CNG,DGC,0.7182
CNG,DGW,0.6403
CNG,DHA,0.6664
CNG,DPG,0.7297
CNG,DPM,0.7847
CNG,DPR,0.6753
CNG,DRC,0.7084
CNG,DRI,0.6769
CNG,ELC,0.7446
CNG,FCN,0.6289
CNG,FMC,0.7126
CNG,FRT,0.6972
CNG,FTS,0.6516
CNG,GEG,0.7079
CNG,GIL,0.6051
CNG,GMD,0.6081
CNG,GSP,0.6505
CNG,GVR,0.6069
CNG,HAH,0.6849
CNG,HAX,0.6464
CNG,HCD,0.6288
CNG,HCM,0.6391
CNG,HDC,0.6445
CNG,HLD,0.6156
CNG,HSG,0.6244
CNG,HTG,0.6881
CNG,HUB,0.6757
CNG,IDC,0.6512
CNG,IDI,0.6756
CNG,L18,0.6016
CNG,LAS,0.7453
CNG,LCG,0.6301
CNG,LHG,0.7423
CNG,LSS,0.6159
CNG,MIG,0.6982
CNG,MSH,0.6552
CNG,NAF,0.6147
CNG,NBC,0.6084
CNG,NHA,0.6176
CNG,NKG,0.6195
CNG,NT2,0.6468
CNG,OGC,0.6182
CNG,PAN,0.6533
CNG,PBP,0.6075
CNG,PC1,0.7016
CNG,PET,0.6233
CNG,PGC,0.6509
CNG,PHC,0.6441
CNG,PHR,0.6581
CNG,PTB,0.74
CNG,PVB,0.686
CNG,PVC,0.6882
CNG,PVD,0.6895
CNG,PVG,0.7176
CNG,PVP,0.6496
CNG,PVS,0.6612
CNG,PVT,0.7419
CNG,QNS,0.627
CNG,QTP,0.6843
CNG,REE,0.7306
CNG,SBT,0.6451
CNG,SJD,0.6286
CNG,SKG,0.7614
CNG,STK,0.7479
CNG,SZC,0.6909
CNG,TIP,0.6837
CNG,TNA,0.6042
CNG,TNG,0.7106
CNG,TNH,0.696
CNG,TSC,0.6372
CNG,VCI,0.6037
CNG,VGC,0.6115
CNG,VGS,0.7247
CNG,VHC,0.6532
CNG,VNR,0.6293
CNG,VNS,0.6123
CNG,VOS,0.6078
CNG,VPH,0.6942
CNG,VSH,0.6306
CNN,CTW,0.6036
CNN,DNA,-0.6513
CNN,DSD,-0.6632
CNN,DTE,-0.6096
CNN,FHN,-0.6989
CNN,FHS,0.7786
CNN,FTI,-0.7172
CNN,GH3,-0.604
CNN,GMA,-0.6783
CNN,HEC,0.7016
CNN,IBD,-0.6376
CNN,LAW,-0.6135
CNN,MLC,-0.6271
CNN,NSG,0.6312
CNN,PMW,0.6921
CNN,QHD,0.7391
CNN,RBC,-0.6167
CNN,SPH,-0.6692
CNN,SSF,-0.6461
CNN,TCJ,-0.739
CNN,UMC,-0.6005
CNN,VHF,-0.6157
CNN,VXP,-0.6996
CNN,XDH,-0.6145
CNT,DP1,0.6555
CNT,HEP,0.6065
CNT,HQC,0.6
CNT,KMR,0.6133
CPA,NGC,0.6082
CPA,VLW,0.6028
CPC,FSO,-0.6061
CPC,FTM,-0.6784
CPC,L62,-0.6298
CPC,LAF,0.6095
CPC,MND,-0.6649
CPC,NAC,-0.6791
CPC,PCE,0.668
CPC,PNT,-0.6299
CPC,QBS,-0.6007
CPC,SBG,0.6692
CPC,SII,-0.66
CPC,SSC,0.6097
CPC,THN,-0.696
CPC,VLP,-0.6535
CPI,CTW,0.6218
CPI,DTG,0.6278
CPI,FHS,0.611
CPI,HOT,-0.6004
CPI,MNB,0.6003
CPI,MPY,-0.6027
CPI,PLO,0.6271
CPI,PMW,0.6083
CPI,PVR,0.6728
CPI,SHG,0.6161
CQN,DFC,0.6649
CQN,HC1,-0.6106
CQN,HEP,0.6618
CQN,HPD,0.6068
CQN,L40,0.6414
CQN,LCD,0.6288
CQN,LM7,-0.6108
CQN,LUT,-0.6591
CQN,MCP,0.7362
CQN,PDN,0.6037
CQN,PMW,0.6092
CQN,SIV,0.6204
CQN,THW,0.618
CQN,TOT,0.6267
CQN,VGP,0.7342
CQN,VSF,0.6055
CQT,QBS,0.6052
CQT,SCD,0.6045
CQT,SGC,-0.6093
CRC,CTG,0.6091
CRC,DCM,0.6736
CRC,DHA,0.6007
CRC,DPM,0.6475
CRC,DQC,0.6122
CRC,FMC,0.6686
CRC,FRT,0.6724
CRC,GMD,0.6451
CRC,HDG,0.6001
CRC,HT1,0.6052
CRC,IDC,0.6429
CRC,NT2,0.6419
CRC,PAN,0.6714
CRC,PHR,0.6292
CRC,PNJ,0.6344
CRC,PVS,0.6242
CRC,REE,0.6611
CRC,TCM,0.6185
CRC,THD,0.6398
CRC,TPB,0.6166
CRC,VHC,0.6282
CRC,VIB,0.6029
CRE,CTS,0.6273
CRE,DGW,0.6002
CRE,DHA,0.6921
CRE,DIG,0.6618
CRE,DXG,0.6397
CRE,FCN,0.6835
CRE,G36,0.6031
CRE,GEX,0.6927
CRE,HPG,0.6055
CRE,HQC,0.6407
CRE,HT1,0.6707
CRE,IDI,0.6086
CRE,IPA,0.6061
CRE,KDH,0.6065
CRE,KHG,0.6038
CRE,KSB,0.6326
CRE,L14,0.607
CRE,LCG,0.7158
CRE,NLG,0.613
CRE,PC1,0.6369
CRE,SCR,0.6541
CRE,SHS,0.6389
CRE,SSI,0.6959
CRE,TNT,0.6363
CRE,TTF,0.6031
CRE,VCG,0.636
CRE,VCI,0.6276
CRE,VGC,0.6082
CRE,VIB,0.7011
CRE,VIX,0.6922
CRE,VND,0.6402
CRV,HHB,-0.7647
CRV,RGG,-0.7551
CRV,SLD,-0.6793
CSC,CTI,0.6101
CSC,CTS,0.6679
CSC,D2D,0.6147
CSC,DBC,0.6734
CSC,DCM,0.6722
CSC,DDV,0.6705
CSC,DGW,0.6742
CSC,DIG,0.6845
CSC,DPG,0.7749
CSC,DPM,0.6547
CSC,DRC,0.6049
CSC,DRI,0.6213
CSC,DTD,0.6723
CSC,DXG,0.7121
CSC,DXS,0.643
CSC,ELC,0.6923
CSC,FCN,0.6786
CSC,FMC,0.6391
CSC,FRT,0.6081
CSC,FTS,0.6819
CSC,G36,0.6945
CSC,GEG,0.7299
CSC,GIL,0.6918
CSC,HAH,0.7146
CSC,HAX,0.6659
CSC,HBC,0.6208
CSC,HCM,0.6938
CSC,HDC,0.7468
CSC,HDG,0.6962
CSC,HDM,0.6224
CSC,HLD,0.7003
CSC,HPG,0.7029
CSC,HQC,0.691
CSC,HSG,0.7308
CSC,HT1,0.6409
CSC,HTG,0.6974
CSC,HUB,0.601
CSC,IDC,0.7164
CSC,IDI,0.7037
CSC,IDJ,0.7647
CSC,IDV,0.6108
CSC,IJC,0.6748
CSC,IPA,0.6871
CSC,ITC,0.6803
CSC,JVC,0.6311
CSC,KBC,0.6044
CSC,KHG,0.6053
CSC,KLB,0.6167
CSC,KSB,0.69
CSC,L14,0.7338
CSC,L18,0.7341
CSC,LAS,0.6933
CSC,LCG,0.7075
CSC,LHG,0.7363
CSC,LIG,0.6436
CSC,LPB,0.6774
CSC,LSS,0.6199
CSC,MBB,0.6157
CSC,MBS,0.6548
CSC,MIG,0.7132
CSC,MPC,0.6414
CSC,MSN,0.6043
CSC,NBC,0.646
CSC,NDN,0.616
CSC,NED,0.6266
CSC,NHA,0.7442
CSC,NKG,0.7166
CSC,NLG,0.6695
CSC,NT2,0.6624
CSC,NTL,0.6121
CSC,OGC,0.6434
CSC,PAN,0.6832
CSC,PBP,0.649
CSC,PC1,0.6713
CSC,PET,0.6577
CSC,PHC,0.6191
CSC,PHR,0.6391
CSC,PLC,0.6229
CSC,POW,0.6135
CSC,PSD,0.6246
CSC,PSI,0.6757
CSC,PTB,0.6834
CSC,PVB,0.601
CSC,PVC,0.6511
CSC,PVD,0.6424
CSC,PVG,0.6209
CSC,PVP,0.627
CSC,PVT,0.6154
CSC,PXL,0.6238
CSC,QTP,0.6279
CSC,S99,0.6144
CSC,SAM,0.6258
CSC,SBS,0.6737
CSC,SBT,0.6035
CSC,SCI,0.637
CSC,SCR,0.7186
CSC,SGT,0.6134
CSC,SHB,0.6501
CSC,SHS,0.6394
CSC,SKG,0.715
CSC,SSI,0.6489
CSC,STB,0.6069
CSC,STK,0.629
CSC,SZC,0.7231
CSC,TCH,0.6138
CSC,TCI,0.6911
CSC,TCM,0.6332
CSC,TDC,0.6772
CSC,TDG,0.6053
CSC,TIG,0.746
CSC,TIP,0.6363
CSC,TLD,0.6141
CSC,TLH,0.6363
CSC,TNG,0.6899
CSC,TVB,0.6066
CSC,VCG,0.6796
CSC,VCI,0.7055
CSC,VCS,0.6427
CSC,VGC,0.6427
CSC,VGS,0.7528
CSC,VGT,0.7081
CSC,VIG,0.6571
CSC,VIP,0.6622
CSC,VIX,0.6183
CSC,VLB,0.6494
CSC,VLC,0.6078
CSC,VND,0.6151
CSC,VNS,0.6161
CSC,VOS,0.6402
CSC,VPH,0.6392
CSC,VSH,0.6245
CSI,CTS,0.6393
CSI,CTW,0.6325
CSI,DAH,0.6527
CSI,DBT,0.6238
CSI,DDH,-0.6501
CSI,DL1,0.6098
CSI,DNE,0.6134
CSI,DTG,0.6218
CSI,DVW,-0.6672
CSI,FIT,0.6197
CSI,FTI,-0.601
CSI,FTS,0.6437
CSI,GH3,-0.6529
CSI,HCM,0.6419
CSI,HFX,-0.6278
CSI,HHV,0.6731
CSI,HNM,0.6399
CSI,IDI,0.6022
CSI,IME,-0.6069
CSI,KMR,0.6661
CSI,L18,0.6529
CSI,LAS,0.6369
CSI,LCC,-0.6459
CSI,LCG,0.6139
CSI,LIC,0.602
CSI,LQN,-0.6377
CSI,LSS,0.6094
CSI,MBS,0.6122
CSI,NAB,0.6073
CSI,NBC,0.6719
CSI,NED,0.692
CSI,NHA,0.6361
CSI,ODE,0.6585
CSI,PAN,0.6
CSI,PHC,0.6022
CSI,PSI,0.6349
CSI,PTC,0.6691
CSI,PTV,0.602
CSI,QNT,-0.6102
CSI,SAL,-0.6401
CSI,SBS,0.6281
CSI,SBT,0.6659
CSI,SCR,0.6007
CSI,SGT,0.6755
CSI,SSF,-0.6268
CSI,SSI,0.6078
CSI,SZC,0.6023
CSI,TCI,0.6751
CSI,TCJ,-0.6338
CSI,TLH,0.6543
CSI,TNG,0.6106
CSI,TOT,0.6189
CSI,TSC,0.6165
CSI,TVB,0.6515
CSI,TVD,0.6199
CSI,TVH,-0.647
CSI,UMC,-0.6282
CSI,VCI,0.6044
CSI,VGT,0.6224
CSI,VIG,0.6617
CSI,VKC,-0.6148
CSI,VOS,0.6245
CSI,VTI,-0.6463
CSI,VXB,-0.6239
CSI,WSS,0.6039
CST,CTA,-0.6184
CST,CTW,0.6356
CST,DAH,0.6603
CST,DDH,-0.7268
CST,DDV,0.64
CST,DLR,-0.6091
CST,DTE,-0.6261
CST,DTG,0.6122
CST,DUS,-0.7151
CST,DVM,0.6466
CST,DVW,-0.6783
CST,FBC,-0.6371
CST,FTI,-0.6234
CST,GH3,-0.6217
CST,GSP,0.6336
CST,HCD,0.6291
CST,HD6,0.6758
CST,HFX,-0.6596
CST,HKB,-0.6038
CST,HLC,0.667
CST,HMC,0.6366
CST,HNP,-0.6889
CST,KMR,0.6456
CST,L35,-0.6095
CST,LAS,0.6052
CST,LCC,-0.6192
CST,MDC,0.7349
CST,NBC,0.7249
CST,NED,0.621
CST,PDV,0.7665
CST,PGC,0.7085
CST,PGV,0.6085
CST,PHH,-0.6375
CST,PMB,0.6803
CST,POV,0.6523
CST,PPH,0.7343
CST,PSG,-0.6184
CST,PSW,0.645
CST,PTV,0.6945
CST,QNT,-0.6063
CST,SAL,-0.7049
CST,SCG,0.6386
CST,SFN,-0.7055
CST,SSF,-0.666
CST,TDT,0.605
CST,THT,0.8122
CST,TMB,0.6053
CST,TOT,0.6241
CST,TRT,-0.6322
CST,TVD,0.7436
CST,TVH,-0.6775
CST,UDL,-0.6044
CST,UMC,-0.7136
CST,VID,0.609
CST,VNL,0.6175
CST,VOS,0.6568
CST,VTG,-0.6364
CST,VTI,-0.6343
CST,VXB,-0.6444
CSV,DCM,0.7132
CSV,DDV,0.7315
CSV,DGC,0.6772
CSV,DPM,0.6943
CSV,DPR,0.6027
CSV,DRC,0.6214
CSV,GEG,0.6178
CSV,HTG,0.634
CSV,LAS,0.676
CSV,LHG,0.637
CSV,MIG,0.6165
CSV,PTB,0.6038
CSV,PVG,0.6293
CSV,REE,0.6389
CSV,SKG,0.6022
CSV,STK,0.6115
CSV,TIP,0.6029
CSV,TNH,0.6844
CSV,TV2,0.6114
CSV,VGS,0.6182
CT3,GAS,-0.706
CT3,HMG,0.6927
CT3,ISG,0.6111
CT3,LAW,0.6048
CT3,PTE,0.6301
CT3,SCO,0.6178
CT3,STS,0.6142
CT3,TVM,0.6905
CT3,USC,0.7482
CT3,VNM,-0.6099
CT6,HAM,0.6256
CT6,PJS,0.6434
CT6,PVX,0.6013
CTA,CYC,0.7654
CTA,DAH,-0.6354
CTA,DCH,0.7444
CTA,DCT,0.6903
CTA,DDH,0.8167
CTA,DKC,0.762
CTA,DLR,0.8849
CTA,DNA,0.6138
CTA,DNL,0.6353
CTA,DNT,0.6883
CTA,DSD,0.7594
CTA,DSG,0.6138
CTA,DTE,0.8037
CTA,DUS,0.9244
CTA,DVC,0.6046
CTA,DVW,0.8743
CTA,DXL,0.6862
CTA,DZM,0.6134
CTA,FBC,0.8474
CTA,FCC,0.7384
CTA,FGL,0.6722
CTA,FHN,0.7764
CTA,FRM,0.6172
CTA,FTI,0.8783
CTA,FTM,0.6435
CTA,G20,0.6372
CTA,GGG,0.6699
CTA,GH3,0.7858
CTA,GLW,0.6009
CTA,GMA,0.6991
CTA,GTT,0.7641
CTA,HAX,-0.6081
CTA,HC1,0.6854
CTA,HCD,-0.6285
CTA,HCI,0.7972
CTA,HD6,-0.6532
CTA,HEC,-0.6222
CTA,HFX,0.7844
CTA,HKB,0.7705
CTA,HLA,0.7812
CTA,HLS,0.7533
CTA,HMG,0.7555
CTA,HNP,0.8093
CTA,IBD,0.7337
CTA,IME,0.8363
CTA,KMR,-0.6934
CTA,L35,0.7163
CTA,LCC,0.7668
CTA,LMC,0.619
CTA,LO5,0.6896
CTA,LQN,0.7059
CTA,LUT,0.63
CTA,MGR,0.7323
CTA,MIE,0.7273
CTA,MLC,0.6665
CTA,MPT,0.6243
CTA,MRF,0.7054
CTA,MTB,0.7288
CTA,NDF,0.6941
CTA,NQB,0.6224
CTA,ODE,-0.6778
CTA,PDV,-0.6298
CTA,PGC,-0.649
CTA,PHH,0.8185
CTA,PLE,0.6879
CTA,PMJ,0.6224
CTA,POB,0.6937
CTA,PPH,-0.6226
CTA,PPI,0.7684
CTA,PPT,-0.7138
CTA,PSG,0.7766
CTA,PSW,-0.634
CTA,QNT,0.7095
CTA,QNU,0.6499
CTA,QST,0.722
CTA,RBC,0.7485
CTA,SAL,0.9119
CTA,SCG,-0.7227
CTA,SCO,0.6392
CTA,SFN,0.7907
CTA,SHI,-0.6523
CTA,SHP,-0.6341
CTA,SPH,0.8261
CTA,SSF,0.8249
CTA,STS,0.8806
CTA,STW,0.6022
CTA,TAW,0.6372
CTA,TCJ,0.7684
CTA,TCL,-0.608
CTA,TDT,-0.6755
CTA,THU,0.6147
CTA,TRT,0.6949
CTA,TST,0.751
CTA,TVG,0.7068
CTA,TVH,0.903
CTA,UCT,0.7234
CTA,UDL,0.6462
CTA,UMC,0.8331
CTA,UPC,0.7038
CTA,VC3,-0.614
CTA,VCT,0.7969
CTA,VHF,0.6928
CTA,VID,-0.6208
CTA,VKC,0.6711
CTA,VMT,0.6859
CTA,VNL,-0.6341
CTA,VNX,0.6588
CTA,VTG,0.8433
CTA,VTI,0.8192
CTA,VVN,0.8701
CTA,VXB,0.8373
CTA,VXP,0.7466
CTA,X26,0.7859
CTA,XDH,0.6906
CTA,XHC,0.7196
CTB,X20,0.6092
CTB,XPH,0.6138
CTD,CTS,0.606
CTD,DBC,0.6399
CTD,DGW,0.7004
CTD,DHA,0.6431
CTD,DIG,0.6541
CTD,DTD,0.6096
CTD,DXG,0.7499
CTD,ELC,0.686
CTD,FCN,0.6668
CTD,FRT,0.6075
CTD,FTS,0.6192
CTD,GEX,0.6956
CTD,GIL,0.6323
CTD,HAG,0.6302
CTD,HCM,0.6317
CTD,HDC,0.7157
CTD,HHS,0.6303
CTD,HLD,0.6002
CTD,HPG,0.6695
CTD,HQC,0.6229
CTD,HSG,0.6664
CTD,HUT,0.6054
CTD,IDC,0.6119
CTD,IDI,0.6642
CTD,IJC,0.6082
CTD,KBC,0.6298
CTD,KDH,0.7117
CTD,KSB,0.6135
CTD,L14,0.6297
CTD,LCG,0.6519
CTD,MSN,0.634
CTD,MWG,0.6694
CTD,NKG,0.6435
CTD,NLG,0.7667
CTD,NT2,0.6533
CTD,PHR,0.6464
CTD,PTB,0.6109
CTD,PVD,0.623
CTD,PXL,0.6086
CTD,SCR,0.6049
CTD,SHS,0.6617
CTD,SKG,0.6223
CTD,SSI,0.6637
CTD,STB,0.641
CTD,SZC,0.6891
CTD,TCH,0.6846
CTD,THD,0.6579
CTD,TIG,0.6111
CTD,TIP,0.6026
CTD,VCG,0.7719
CTD,VCI,0.6644
CTD,VGC,0.6799
CTD,VIX,0.684
CTD,VRG,0.6244
CTG,CTR,0.6606
CTG,CTS,0.6699
CTG,DBC,0.6691
CTG,DCM,0.6719
CTG,DGC,0.6508
CTG,DGW,0.6323
CTG,DHA,0.6176
CTG,DPG,0.6195
CTG,DPR,0.6024
CTG,DRC,0.6778
CTG,DRI,0.6574
CTG,DXG,0.6582
CTG,DXS,0.6306
CTG,EIB,0.6189
CTG,ELC,0.6378
CTG,EVS,0.608
CTG,FCN,0.6218
CTG,FMC,0.6691
CTG,FRT,0.6916
CTG,FTS,0.613
CTG,GIL,0.6468
CTG,GMD,0.6584
CTG,GTT,-0.6085
CTG,GVR,0.6958
CTG,HAH,0.639
CTG,HCD,0.6335
CTG,HCM,0.7994
CTG,HDB,0.6707
CTG,HDC,0.6504
CTG,HDG,0.7481
CTG,HHS,0.6063
CTG,HHV,0.673
CTG,HPG,0.7888
CTG,HSG,0.7145
CTG,HT1,0.6623
CTG,IDC,0.6686
CTG,IDV,0.6178
CTG,IJC,0.683
CTG,IPA,0.6506
CTG,KBC,0.732
CTG,KDH,0.6724
CTG,KSB,0.6494
CTG,LCG,0.6672
CTG,LHG,0.6732
CTG,LPB,0.837
CTG,MBB,0.8933
CTG,MBS,0.7597
CTG,MIG,0.6431
CTG,MSB,0.7634
CTG,MSN,0.7507
CTG,MWG,0.7103
CTG,NAB,0.6214
CTG,NDN,0.6075
CTG,NKG,0.712
CTG,NT2,0.6922
CTG,OCB,0.7447
CTG,PAN,0.7752
CTG,PAT,0.6395
CTG,PC1,0.6614
CTG,PET,0.651
CTG,PHR,0.7028
CTG,PLC,0.6274
CTG,POW,0.6399
CTG,PSI,0.6024
CTG,PTB,0.7062
CTG,PVC,0.6065
CTG,PVD,0.7322
CTG,PVS,0.7388
CTG,PVT,0.6881
CTG,REE,0.6271
CTG,SBS,0.7155
CTG,SBT,0.6095
CTG,SCR,0.6624
CTG,SGB,0.6037
CTG,SHB,0.741
CTG,SHS,0.7369
CTG,SLS,0.6132
CTG,SSI,0.7832
CTG,STB,0.8344
CTG,SZC,0.6543
CTG,TCB,0.8398
CTG,TCH,0.6484
CTG,TCI,0.6549
CTG,TCT,0.6105
CTG,TLH,0.6306
CTG,TNG,0.7516
CTG,TPB,0.7479
CTG,TRC,0.6568
CTG,TTF,0.6338
CTG,TVB,0.6023
CTG,VCB,0.68
CTG,VCI,0.7096
CTG,VCS,0.626
CTG,VDS,0.6217
CTG,VGS,0.6213
CTG,VGT,0.6163
CTG,VHC,0.6014
CTG,VIB,0.7419
CTG,VIX,0.6408
CTG,VND,0.6934
CTG,VNM,0.6123
CTG,VPB,0.6918
CTG,VRE,0.6666
CTI,DHA,0.6361
CTI,DIG,0.6524
CTI,DPG,0.6552
CTI,DPM,0.6185
CTI,DQC,0.6124
CTI,DRH,0.6416
CTI,ELC,0.6141
CTI,FCM,0.6708
CTI,FCN,0.7224
CTI,FMC,0.6637
CTI,FRT,0.6317
CTI,G36,0.694
CTI,GEG,0.7135
CTI,GEX,0.6489
CTI,HAG,0.6101
CTI,HAH,0.6241
CTI,HAP,0.6204
CTI,HAR,0.6189
CTI,HBC,0.6603
CTI,HDC,0.6425
CTI,HDM,0.6495
CTI,HHS,0.6535
CTI,HQC,0.6181
CTI,HT1,0.7104
CTI,HTG,0.6352
CTI,IDC,0.7316
CTI,IDI,0.7279
CTI,IDJ,0.6196
CTI,ITA,0.6374
CTI,ITC,0.6013
CTI,JVC,0.6732
CTI,KHP,0.6269
CTI,KMR,0.6295
CTI,KSB,0.7071
CTI,L14,0.7034
CTI,L18,0.6777
CTI,LCG,0.6884
CTI,LDG,0.6109
CTI,LGL,0.64
CTI,LHC,0.64
CTI,LIG,0.6886
CTI,MBG,0.6352
CTI,NBB,0.6209
CTI,NBC,0.6122
CTI,NDN,0.606
CTI,NDX,0.6184
CTI,NHA,0.6546
CTI,NLG,0.6446
CTI,NT2,0.6235
CTI,ODE,0.6005
CTI,OGC,0.6756
CTI,PAN,0.6652
CTI,PFL,0.6446
CTI,PGC,0.6163
CTI,PHC,0.6446
CTI,PHR,0.6833
CTI,PLC,0.6381
CTI,POW,0.7068
CTI,PTB,0.6078
CTI,PVG,0.6056
CTI,PXL,0.6108
CTI,QTP,0.6453
CTI,SAM,0.6311
CTI,SCR,0.696
CTI,SD5,0.6101
CTI,SD9,0.6567
CTI,SGT,0.6434
CTI,SKG,0.6402
CTI,SZC,0.6364
CTI,TCH,0.6165
CTI,TCI,0.6361
CTI,TCM,0.6536
CTI,THD,0.6985
CTI,THG,0.6317
CTI,TLH,0.6041
CTI,TPB,0.633
CTI,TSC,0.602
CTI,TVS,0.6011
CTI,VCG,0.6022
CTI,VGC,0.6458
CTI,VGS,0.6309
CTI,VHC,0.6455
CTI,VLB,0.6058
CTI,VND,0.6165
CTI,VNR,0.603
CTR,DBC,0.6418
CTR,DPR,0.656
CTR,DRI,0.7147
CTR,ELC,0.658
CTR,GIL,0.7076
CTR,GVR,0.6572
CTR,HAH,0.6021
CTR,HCM,0.6326
CTR,HPG,0.6087
CTR,HSG,0.6068
CTR,LHG,0.6501
CTR,MBB,0.6512
CTR,MIG,0.6257
CTR,MSH,0.6957
CTR,MWG,0.6746
CTR,PHR,0.6376
CTR,PLX,0.6016
CTR,PTB,0.7102
CTR,PVB,0.6381
CTR,PVS,0.6124
CTR,PVT,0.6076
CTR,REE,0.6192
CTR,SIP,0.6156
CTR,STK,0.6171
CTR,SZC,0.6029
CTR,TCB,0.6703
CTR,TNG,0.6408
CTR,VCS,0.7338
CTR,VEA,0.6284
CTR,VGI,0.7914
CTR,VTK,0.639
CTR,VTP,0.7196
CTS,DBC,0.7496
CTS,DCM,0.6702
CTS,DGW,0.7491
CTS,DIG,0.7638
CTS,DLG,0.6146
CTS,DPG,0.7628
CTS,DPM,0.642
CTS,DSC,0.6377
CTS,DTD,0.661
CTS,DXG,0.8185
CTS,DXS,0.7371
CTS,ELC,0.6812
CTS,EVS,0.6706
CTS,FCN,0.7739
CTS,FIT,0.714
CTS,FMC,0.6168
CTS,FRT,0.6459
CTS,FTS,0.8572
CTS,G36,0.6521
CTS,GEG,0.6605
CTS,GEX,0.6831
CTS,GIL,0.7052
CTS,GVR,0.6354
CTS,HAH,0.6587
CTS,HAR,0.6234
CTS,HAX,0.6276
CTS,HCD,0.6138
CTS,HCM,0.8803
CTS,HDC,0.7578
CTS,HDG,0.7087
CTS,HEP,0.6028
CTS,HHS,0.6222
CTS,HHV,0.7526
CTS,HPG,0.7327
CTS,HQC,0.7304
CTS,HSG,0.7868
CTS,HT1,0.6883
CTS,HUB,0.608
CTS,HUT,0.6684
CTS,IDC,0.7165
CTS,IDI,0.7301
CTS,IDJ,0.6445
CTS,IJC,0.8198
CTS,IN4,-0.6245
CTS,IPA,0.7738
CTS,ITC,0.6357
CTS,IVS,0.7359
CTS,KBC,0.7642
CTS,KDH,0.6467
CTS,KHG,0.7265
CTS,KMR,0.6193
CTS,KSB,0.7876
CTS,L14,0.6614
CTS,L18,0.6503
CTS,LCG,0.8315
CTS,LDG,0.6109
CTS,LHG,0.6879
CTS,LIG,0.6257
CTS,LPB,0.7649
CTS,LSS,0.6659
CTS,MBB,0.6771
CTS,MBS,0.888
CTS,MSB,0.6817
CTS,MSN,0.6653
CTS,MWG,0.6097
CTS,NDN,0.6633
CTS,NHA,0.7876
CTS,NHH,0.662
CTS,NKG,0.8105
CTS,NLG,0.6826
CTS,NT2,0.646
CTS,NTL,0.6158
CTS,OCB,0.6412
CTS,OGC,0.6178
CTS,ORS,0.6715
CTS,PAN,0.739
CTS,PC1,0.7313
CTS,PET,0.6887
CTS,PHC,0.6203
CTS,PLC,0.6024
CTS,PSI,0.7744
CTS,PVC,0.614
CTS,PVD,0.6822
CTS,PVS,0.631
CTS,PVT,0.6763
CTS,S99,0.7084
CTS,SBS,0.7515
CTS,SBT,0.7177
CTS,SCR,0.7979
CTS,SHB,0.7386
CTS,SHS,0.8783
CTS,SKG,0.6624
CTS,SSI,0.8921
CTS,STB,0.7035
CTS,SZC,0.7501
CTS,TCB,0.6724
CTS,TCH,0.7027
CTS,TCI,0.7815
CTS,TDC,0.6758
CTS,TID,0.6141
CTS,TIG,0.6342
CTS,TIP,0.6648
CTS,TLH,0.7306
CTS,TNG,0.7356
CTS,TNT,0.6312
CTS,TOT,0.6161
CTS,TPB,0.6733
CTS,TSC,0.6574
CTS,TTF,0.6691
CTS,TVB,0.7119
CTS,VBB,0.6435
CTS,VC2,0.6379
CTS,VCG,0.6909
CTS,VCI,0.8866
CTS,VDS,0.7461
CTS,VGC,0.6658
CTS,VGS,0.7559
CTS,VIB,0.7393
CTS,VIG,0.7328
CTS,VIX,0.8453
CTS,VLB,0.6543
CTS,VND,0.8278
CTS,VOS,0.6133
CTS,VPH,0.6198
CTS,WSS,0.7652
CTT,NDP,0.7614
CTT,SDU,0.725
CTT,SPB,0.6009
CTT,VPA,0.6501
CTW,DAH,0.6169
CTW,DDH,-0.7387
CTW,DDM,0.6274
CTW,DFC,0.6161
CTW,DHB,0.8269
CTW,DNE,0.6415
CTW,DTE,-0.7553
CTW,DTG,0.7947
CTW,DUS,-0.721
CTW,DVW,-0.6785
CTW,FBC,-0.6274
CTW,FHS,0.6568
CTW,FTI,-0.6737
CTW,FTM,-0.6365
CTW,GH3,-0.6476
CTW,GLW,-0.607
CTW,GMA,-0.6583
CTW,HC1,-0.642
CTW,HD6,0.6648
CTW,HFB,0.6212
CTW,HFX,-0.8091
CTW,HHN,-0.6912
CTW,HNM,0.7993
CTW,HNP,-0.6669
CTW,HOT,-0.6784
CTW,IBD,-0.6075
CTW,IME,-0.6465
CTW,IN4,-0.6636
CTW,KMR,0.6282
CTW,LBE,0.6174
CTW,LCC,-0.7946
CTW,LUT,-0.6125
CTW,MDC,0.6012
CTW,MEF,-0.6365
CTW,MGR,-0.6139
CTW,MPY,-0.7563
CTW,MTB,-0.648
CTW,MTL,0.6032
CTW,NAC,-0.6195
CTW,NBC,0.6201
CTW,NDW,-0.6614
CTW,NED,0.6156
CTW,NUE,0.7179
CTW,ODE,0.6597
CTW,PDV,0.6322
CTW,PHH,-0.686
CTW,PMT,0.6191
CTW,PMW,0.6601
CTW,PPH,0.6171
CTW,PTG,-0.6424
CTW,QHD,0.6447
CTW,QNT,-0.7237
CTW,QTC,-0.6793
CTW,RAT,0.6017
CTW,SAL,-0.7618
CTW,SCD,-0.6597
CTW,SFN,-0.6857
CTW,SPH,-0.6429
CTW,SSF,-0.7191
CTW,TCJ,-0.7447
CTW,TDT,0.643
CTW,THT,0.6497
CTW,TNW,0.6015
CTW,TOT,0.6461
CTW,TRT,-0.7586
CTW,TST,-0.6173
CTW,TUG,0.609
CTW,TV1,0.6786
CTW,TVD,0.6411
CTW,TVH,-0.6884
CTW,UMC,-0.7838
CTW,VE2,-0.6165
CTW,VE3,-0.6412
CTW,VFG,0.6178
CTW,VGL,0.716
CTW,VSF,0.6618
CTW,VTG,-0.708
CTW,VTI,-0.8052
CTW,VXB,-0.6624
CTW,VXP,-0.6227
CTW,XHC,-0.6713
CVN,DC1,0.6906
CVN,DFF,0.6168
CVN,DKG,0.813
CVN,DNL,0.6941
CVN,DTC,0.7692
CVN,DVG,0.7755
CVN,DVT,0.8202
CVN,GMC,0.7321
CVN,GSM,-0.6333
CVN,HGM,-0.6383
CVN,HLO,0.7307
CVN,HMD,0.7387
CVN,HTP,0.6706
CVN,IME,0.6024
CVN,IRC,0.7927
CVN,L61,0.6412
CVN,L62,0.8373
CVN,LCM,0.6212
CVN,LDW,0.8141
CVN,LEC,0.6203
CVN,LM7,0.6744
CVN,LNC,0.8468
CVN,LTG,0.6007
CVN,MND,0.6422
CVN,MQB,0.7867
CVN,NAC,0.6561
CVN,NLS,-0.798
CVN,NVP,0.6774
CVN,PCG,0.7075
CVN,PHH,0.6663
CVN,POM,0.698
CVN,PTM,0.7326
CVN,QBS,0.7915
CVN,QNP,-0.6202
CVN,RYG,-0.6988
CVN,SCD,0.6843
CVN,SD4,0.7021
CVN,SGC,-0.6019
CVN,SLD,0.6051
CVN,SPD,-0.6058
CVN,SRA,0.6238
CVN,TAB,0.7339
CVN,TB8,0.6317
CVN,TCK,0.699
CVN,TD6,-0.7269
CVN,THN,0.6652
CVN,TVA,-0.6009
CVN,UXC,0.719
CVN,VCR,0.6302
CVN,VDG,0.7393
CVN,VE2,0.6577
CVN,VE8,0.7468
CVN,VGL,-0.6339
CVN,VIR,0.7572
CVN,VMK,0.6253
CVN,VNH,0.6764
CVN,VUA,0.6446
CVN,X20,-0.6254
CX8,EMS,0.6136
CX8,HEP,0.661
CX8,HSP,0.6186
CX8,HTL,0.6597
CX8,HU6,0.6075
CX8,IN4,-0.6253
CX8,KHS,0.7783
CX8,L40,0.6288
CX8,LAI,0.701
CX8,LCD,0.7372
CX8,MGG,0.6295
CX8,MND,-0.7233
CX8,MQB,-0.6042
CX8,MTS,0.6928
CX8,NAW,0.6047
CX8,NDC,0.6151
CX8,NVP,-0.6975
CX8,PDN,0.6649
CX8,PMS,0.6069
CX8,QHW,0.6627
CX8,RYG,0.6065
CX8,SIV,0.6236
CX8,SP2,0.6118
CX8,SPD,0.6952
CX8,TB8,-0.6601
CX8,TPS,0.6565
CX8,TSD,0.6839
CX8,UXC,-0.6137
CX8,VDG,-0.6561
CX8,VE8,-0.6009
CX8,VPC,0.6338
CX8,VPR,0.8259
CX8,VRG,0.6264
CX8,VUA,-0.6558
CYC,DKC,0.6898
CYC,DLR,0.7559
CYC,DSD,0.7156
CYC,DSG,0.6068
CYC,DTE,0.6244
CYC,DUS,0.7632
CYC,DVW,0.7159
CYC,DXL,0.6102
CYC,FBC,0.7562
CYC,FCC,0.637
CYC,FHN,0.7135
CYC,FTI,0.7279
CYC,HCI,0.6502
CYC,HEC,-0.602
CYC,HKB,0.6037
CYC,HLS,0.6995
CYC,IBD,0.6589
CYC,IME,0.748
CYC,MGR,0.6452
CYC,MIE,0.6593
CYC,MTB,0.6338
CYC,PHH,0.6626
CYC,PMJ,0.6867
CYC,POB,0.6337
CYC,PPI,0.653
CYC,PPT,-0.67
CYC,PSG,0.6637
CYC,PTH,0.7178
CYC,QNU,0.6234
CYC,SAL,0.7157
CYC,SCG,-0.695
CYC,SCO,0.6878
CYC,SPH,0.7516
CYC,SSF,0.6706
CYC,STS,0.7428
CYC,TAW,0.6754
CYC,TCJ,0.651
CYC,TST,0.7211
CYC,TVG,0.716
CYC,TVH,0.7308
CYC,UMC,0.6086
CYC,USC,0.6482
CYC,VCT,0.6346
CYC,VIE,0.6105
CYC,VTG,0.663
CYC,VTI,0.6039
CYC,VVN,0.715
CYC,VXB,0.7897
CYC,VXP,0.6646
CYC,X26,0.6108
CYC,XDH,0.6901
D2D,DRC,0.634
D2D,HBC,0.6484
D2D,HDC,0.6015
D2D,IDC,0.6376
D2D,IJC,0.6099
D2D,KSB,0.6088
D2D,L18,0.6793
D2D,LCG,0.6423
D2D,LHG,0.6326
D2D,MSB,0.6084
D2D,NDN,0.6203
D2D,NDX,0.6214
D2D,NED,0.6201
D2D,NHA,0.6069
D2D,PAN,0.6444
D2D,PTB,0.6148
D2D,PXL,0.6022
D2D,QTP,0.6066
D2D,SBT,0.6112
D2D,SCR,0.6031
D2D,SKG,0.6658
D2D,TDC,0.6184
D2D,TIP,0.6305
D2D,TVB,0.6296
D2D,VIB,0.6114
DAC,GER,0.6045
DAC,GTT,0.6368
DAC,HPD,-0.6564
DAC,HPG,-0.6126
DAC,HSG,-0.6271
DAC,HSP,-0.6052
DAC,HTL,-0.615
DAC,ILB,-0.64
DAC,IN4,0.6244
DAC,KTS,-0.6415
DAC,LAF,-0.6439
DAC,LUT,0.6101
DAC,NAC,0.6108
DAC,NBE,-0.6771
DAC,NET,-0.6266
DAC,NKG,-0.6147
DAC,PCE,-0.6347
DAC,PPI,0.6233
DAC,PSG,0.6197
DAC,QNS,-0.6129
DAC,SBA,-0.64
DAC,SZL,-0.6382
DAC,TMB,-0.6223
DAC,TRA,-0.6222
DAC,VE2,0.6566
DAC,VE4,0.6794
DAC,VPD,-0.6349
DAC,VTZ,-0.6314
DAC,X26,0.6839
DAD,DHP,0.6019
DAD,HSP,0.604
DAD,KGM,0.6754
DAD,X20,0.6125
DAD,XPH,0.6541
DAG,DRH,0.651
DAG,LDG,0.6243
DAH,DDH,-0.7404
DAH,DHB,0.6113
DAH,DLR,-0.6985
DAH,DNE,0.6171
DAH,DPM,0.6017
DAH,DSC,0.6448
DAH,DTE,-0.7334
DAH,DTG,0.6521
DAH,DUS,-0.7262
DAH,DVM,0.602
DAH,DVW,-0.7566
DAH,EVE,0.6038
DAH,FBC,-0.6236
DAH,FCN,0.6166
DAH,FGL,-0.6161
DAH,FHN,-0.6041
DAH,FIT,0.7229
DAH,FRT,0.6224
DAH,FTI,-0.7027
DAH,FTM,-0.6466
DAH,GH3,-0.7504
DAH,GSP,0.6249
DAH,GTT,-0.6563
DAH,HAP,0.7641
DAH,HAX,0.6751
DAH,HC1,-0.7074
DAH,HCD,0.6709
DAH,HCM,0.614
DAH,HD6,0.6436
DAH,HDM,0.6228
DAH,HFX,-0.6339
DAH,HHN,-0.7123
DAH,HHV,0.6183
DAH,HLA,-0.6431
DAH,HLS,-0.6305
DAH,HMC,0.6396
DAH,HNM,0.7461
DAH,HNP,-0.6646
DAH,HQC,0.6875
DAH,HSG,0.6327
DAH,HTG,0.6224
DAH,ICN,0.6527
DAH,IDC,0.6353
DAH,IDI,0.6121
DAH,IJC,0.6294
DAH,IME,-0.6047
DAH,IN4,-0.7006
DAH,IPA,0.6224
DAH,JVC,0.7134
DAH,KHG,0.6693
DAH,KMR,0.7907
DAH,KSB,0.622
DAH,L18,0.7107
DAH,LAF,0.6924
DAH,LCC,-0.6807
DAH,LCG,0.6898
DAH,LIG,0.6589
DAH,LPB,0.6353
DAH,LQN,-0.6198
DAH,LSS,0.7112
DAH,LUT,-0.6589
DAH,MBG,0.6326
DAH,MCP,0.6092
DAH,MDC,0.6913
DAH,MEF,-0.712
DAH,MPY,-0.677
DAH,NAC,-0.6144
DAH,NBB,0.6951
DAH,NBC,0.7756
DAH,NDW,-0.6896
DAH,NHA,0.6468
DAH,NKG,0.6582
DAH,ODE,0.7443
DAH,OGC,0.6003
DAH,PAN,0.6855
DAH,PAT,0.6326
DAH,PBP,0.6487
DAH,PDV,0.6223
DAH,PGC,0.6285
DAH,PHC,0.7121
DAH,PHH,-0.6781
DAH,PLC,0.6222
DAH,PLP,0.6225
DAH,PMB,0.6844
DAH,POV,0.6013
DAH,PPH,0.6981
DAH,PPI,-0.7022
DAH,PPT,0.6045
DAH,PSG,-0.6341
DAH,PSI,0.6719
DAH,PSW,0.6446
DAH,PTC,0.7252
DAH,PTG,-0.7173
DAH,QNT,-0.6284
DAH,QNW,-0.6004
DAH,QTP,0.6169
DAH,RBC,-0.6687
DAH,SAL,-0.7673
DAH,SBG,0.6731
DAH,SBS,0.6529
DAH,SBT,0.7392
DAH,SCR,0.7353
DAH,SFN,-0.6305
DAH,SGT,0.6741
DAH,SHB,0.6201
DAH,SHI,0.6045
DAH,SKG,0.6115
DAH,SLS,0.6185
DAH,SPH,-0.6694
DAH,SSF,-0.7392
DAH,SSI,0.6112
DAH,STS,-0.6673
DAH,STW,-0.6527
DAH,TAN,0.6204
DAH,TBR,-0.6661
DAH,TCI,0.682
DAH,TCJ,-0.6895
DAH,TDC,0.6466
DAH,TDG,0.6248
DAH,TDT,0.6244
DAH,TGG,0.6349
DAH,THT,0.7181
DAH,TLD,0.6231
DAH,TLH,0.6915
DAH,TNG,0.6304
DAH,TOT,0.7463
DAH,TRT,-0.6491
DAH,TSC,0.7032
DAH,TTF,0.6726
DAH,TVB,0.6659
DAH,TVD,0.7831
DAH,TVH,-0.7803
DAH,UMC,-0.7483
DAH,VCT,-0.6994
DAH,VE2,-0.6373
DAH,VIB,0.6345
DAH,VID,0.6613
DAH,VIG,0.647
DAH,VKC,-0.6327
DAH,VMT,-0.6893
DAH,VND,0.6358
DAH,VNL,0.6522
DAH,VNR,0.6094
DAH,VNS,0.6117
DAH,VOS,0.6768
DAH,VTG,-0.6365
DAH,VTI,-0.6752
DAH,VVN,-0.623
DAH,VXB,-0.6656
DAH,VXP,-0.6007
DAH,WSS,0.6515
DAH,WTC,0.6756
DAH,XHC,-0.6654
DAN,DBM,0.6343
DAN,DCH,0.7053
DAN,DMN,0.6461
DAN,DOC,0.6069
DAN,DWC,0.6038
DAN,FCC,0.6216
DAN,FCS,0.6712
DAN,HCI,0.6141
DAN,HPI,0.6665
DAN,IST,0.6126
DAN,KTL,0.6371
DAN,MIE,0.6655
DAN,NQB,0.7385
DAN,NQN,0.6849
DAN,PID,0.6292
DAN,PMJ,0.6881
DAN,PTH,0.7318
DAN,PTX,0.607
DAN,PVY,0.6653
DAN,SJM,0.6553
DAN,STL,0.6751
DAN,TPS,0.6287
DAN,TVG,0.6138
DAN,XPH,0.6496
DAT,HEV,0.6101
DAT,VVS,-0.6453
DBC,DCM,0.641
DBC,DGC,0.6167
DBC,DGT,0.6261
DBC,DGW,0.7107
DBC,DPG,0.7262
DBC,DTD,0.6137
DBC,DXG,0.7019
DBC,DXS,0.6931
DBC,ELC,0.7138
DBC,EVS,0.6173
DBC,FCN,0.6475
DBC,FMC,0.6437
DBC,FRT,0.6193
DBC,FTS,0.7627
DBC,GEG,0.6567
DBC,GIL,0.7673
DBC,GVR,0.6232
DBC,HAH,0.6516
DBC,HCM,0.79
DBC,HDC,0.6999
DBC,HDG,0.6921
DBC,HPG,0.7161
DBC,HSG,0.8006
DBC,HUB,0.6361
DBC,IDI,0.6543
DBC,IJC,0.6949
DBC,IPA,0.6525
DBC,ITC,0.658
DBC,KSB,0.664
DBC,LCG,0.6707
DBC,LHG,0.7402
DBC,LPB,0.6891
DBC,LSS,0.6085
DBC,MBB,0.6395
DBC,MBS,0.7237
DBC,MIG,0.6687
DBC,MSH,0.624
DBC,MST,0.6218
DBC,MWG,0.6922
DBC,NHA,0.6231
DBC,NKG,0.757
DBC,NLG,0.6019
DBC,NT2,0.7085
DBC,PAN,0.6555
DBC,PC1,0.692
DBC,PET,0.6046
DBC,PHR,0.6159
DBC,PTB,0.6868
DBC,PVB,0.6161
DBC,PVD,0.6323
DBC,PVP,0.6136
DBC,PVT,0.6456
DBC,RAL,0.6164
DBC,REE,0.637
DBC,SBS,0.6302
DBC,SBT,0.6198
DBC,SCR,0.6083
DBC,SHS,0.6926
DBC,SIP,0.6425
DBC,SKG,0.6788
DBC,SLS,0.6286
DBC,SSI,0.7208
DBC,SZC,0.7195
DBC,SZL,0.6015
DBC,TCB,0.6564
DBC,TCH,0.6367
DBC,TDC,0.6373
DBC,TIG,0.6381
DBC,TIP,0.6118
DBC,TLH,0.6624
DBC,TNG,0.6847
DBC,VBB,0.6132
DBC,VC2,0.6192
DBC,VCG,0.7412
DBC,VCI,0.7646
DBC,VCP,0.6485
DBC,VCS,0.6721
DBC,VDS,0.6394
DBC,VGC,0.6153
DBC,VGS,0.7132
DBC,VIB,0.6457
DBC,VIX,0.6771
DBC,VLB,0.651
DBC,VND,0.6564
DBC,VSH,0.6379
DBM,DM7,0.6543
DBM,FCS,0.6691
DBM,MIE,0.6166
DBM,PID,0.6334
DBM,PTH,0.604
DBM,PTX,0.6454
DBM,SDK,0.6838
DBM,TNC,0.6195
DBM,TPS,0.6189
DBM,XPH,0.636
DBT,DDN,0.6858
DBT,DVN,0.6145
DBT,HHV,0.6298
DBT,NAB,0.6111
DBT,VGT,0.6055
DBT,VMD,0.6528
DBT,VTG,-0.6208
DC1,DKG,0.6313
DC1,DTC,0.6477
DC1,DTH,0.6491
DC1,DVG,0.6148
DC1,DVT,0.6022
DC1,GMC,0.6513
DC1,IRC,0.6334
DC1,L61,0.6861
DC1,L62,0.6409
DC1,LDW,0.6207
DC1,LNC,0.6196
DC1,QBS,0.6896
DC1,SCC,0.6588
DC1,VDG,0.6207
DC1,VE8,0.6412
DC1,VIR,0.6107
DC2,FGL,0.6036
DC4,ITC,0.6035
DC4,VC7,0.6188
DCG,DLD,0.7971
DCG,HLT,0.6067
DCG,HLY,0.674
DCG,LCD,0.7783
DCG,LMI,0.6786
DCG,MND,-0.6166
DCG,MTH,0.6048
DCG,NGC,0.6954
DCG,NQN,0.6513
DCG,NTT,0.6518
DCG,NWT,0.7677
DCG,STL,0.7143
DCG,TDB,0.7077
DCG,TET,0.617
DCG,TH1,0.6628
DCG,VLW,0.604
DCG,VPR,0.66
DCH,DKC,0.7272
DCH,DLR,0.6941
DCH,DNT,0.6319
DCH,DSD,0.6083
DCH,DUS,0.6666
DCH,DVW,0.6219
DCH,FBC,0.7167
DCH,FCC,0.8546
DCH,GMA,0.65
DCH,HCI,0.8452
DCH,HKB,0.6923
DCH,HMG,0.6259
DCH,HPI,0.6344
DCH,IME,0.6411
DCH,MIE,0.6698
DCH,MTB,0.6616
DCH,NQB,0.8779
DCH,PHH,0.602
DCH,PLE,0.6237
DCH,PMJ,0.6668
DCH,PVY,0.6651
DCH,QNT,0.6438
DCH,QNU,0.6038
DCH,QST,0.7318
DCH,SAL,0.6071
DCH,SFN,0.6534
DCH,STS,0.6718
DCH,TNM,0.6325
DCH,TRT,0.6116
DCH,TVG,0.7699
DCH,UCT,0.8646
DCH,UDL,0.6629
DCH,VTG,0.7896
DCH,VTI,0.6667
DCH,VVN,0.6139
DCH,XHC,0.623
DCL,MQN,-0.6433
DCL,SPD,-0.6659
DCM,DDV,0.6822
DCM,DGC,0.7762
DCM,DGW,0.7103
DCM,DHA,0.6779
DCM,DIG,0.6703
DCM,DLG,0.6284
DCM,DPG,0.7312
DCM,DPM,0.9336
DCM,DPR,0.6422
DCM,DQC,0.7029
DCM,DRC,0.6474
DCM,DRI,0.6539
DCM,DSC,0.6163
DCM,DVM,0.6217
DCM,DXG,0.6487
DCM,DXP,0.624
DCM,ELC,0.7281
DCM,EVE,0.6302
DCM,FCN,0.6959
DCM,FIT,0.6021
DCM,FMC,0.7659
DCM,FRT,0.803
DCM,FTS,0.6596
DCM,G36,0.6414
DCM,GAS,0.7356
DCM,GEG,0.7591
DCM,GEX,0.6264
DCM,GH3,-0.6586
DCM,GMD,0.7698
DCM,GTT,-0.6228
DCM,GVR,0.6621
DCM,HAG,0.6053
DCM,HAH,0.8089
DCM,HAR,0.6421
DCM,HAX,0.7236
DCM,HCD,0.6482
DCM,HCM,0.7405
DCM,HDC,0.735
DCM,HDG,0.7296
DCM,HDM,0.6019
DCM,HHS,0.6621
DCM,HLD,0.6453
DCM,HPG,0.6581
DCM,HQC,0.6851
DCM,HSG,0.6945
DCM,HT1,0.6924
DCM,HTG,0.6986
DCM,HUB,0.6821
DCM,HUT,0.7081
DCM,IDC,0.8067
DCM,IDI,0.7624
DCM,IJC,0.6083
DCM,IPA,0.6232
DCM,JVC,0.6518
DCM,KBC,0.6656
DCM,KMR,0.6048
DCM,KSB,0.6493
DCM,L14,0.6096
DCM,L18,0.6652
DCM,LAS,0.7817
DCM,LCG,0.7085
DCM,LHC,0.6243
DCM,LHG,0.7538
DCM,LIG,0.644
DCM,LPB,0.6516
DCM,MBB,0.6658
DCM,MBS,0.688
DCM,MIG,0.7146
DCM,MPC,0.6012
DCM,MSH,0.6666
DCM,MSN,0.7077
DCM,MWG,0.6004
DCM,NAF,0.618
DCM,NBB,0.6714
DCM,NBC,0.6496
DCM,NDN,0.6076
DCM,NHA,0.6667
DCM,NHH,0.6103
DCM,NKG,0.7085
DCM,NLG,0.6391
DCM,NT2,0.7162
DCM,OCH,0.6436
DCM,OGC,0.6447
DCM,OIL,0.6887
DCM,PAN,0.7442
DCM,PAT,0.6877
DCM,PBP,0.6375
DCM,PC1,0.8019
DCM,PDB,0.6017
DCM,PET,0.7847
DCM,PGC,0.6899
DCM,PHC,0.6349
DCM,PHR,0.7128
DCM,PLC,0.7264
DCM,PLX,0.6244
DCM,PNJ,0.6137
DCM,POW,0.7084
DCM,PSD,0.6619
DCM,PSI,0.6555
DCM,PSW,0.6573
DCM,PTB,0.6953
DCM,PTC,0.6181
DCM,PVB,0.6995
DCM,PVC,0.8167
DCM,PVD,0.8094
DCM,PVG,0.7086
DCM,PVO,0.6018
DCM,PVS,0.8175
DCM,PVT,0.8175
DCM,QTP,0.6704
DCM,RBC,-0.6425
DCM,REE,0.777
DCM,SAM,0.6305
DCM,SBT,0.6334
DCM,SCR,0.6681
DCM,SHB,0.6697
DCM,SHS,0.6603
DCM,SKG,0.7019
DCM,SSI,0.6962
DCM,STB,0.6535
DCM,STK,0.665
DCM,SZC,0.7841
DCM,TCH,0.6362
DCM,TCI,0.6566
DCM,TCM,0.6185
DCM,TDG,0.6038
DCM,THD,0.6001
DCM,TIP,0.7034
DCM,TLH,0.6256
DCM,TNG,0.7984
DCM,TNH,0.6856
DCM,TNT,0.6003
DCM,TPB,0.6269
DCM,TSC,0.6158
DCM,TVD,0.6151
DCM,VCG,0.6254
DCM,VCI,0.7096
DCM,VDS,0.6272
DCM,VGC,0.7166
DCM,VGS,0.7364
DCM,VGT,0.6085
DCM,VHC,0.7737
DCM,VHF,-0.6133
DCM,VIB,0.7082
DCM,VIX,0.6406
DCM,VND,0.6465
DCM,VOS,0.7124
DCM,VPH,0.6731
DCM,VSH,0.6258
DCS,EFI,0.6537
DCS,GPC,0.7061
DCS,HMG,0.6605
DCS,HNB,0.6617
DCS,KHW,0.6072
DCS,MA1,0.6799
DCS,MEC,0.6211
DCS,MTS,0.6148
DCS,RCD,0.6908
DCS,TVM,0.6868
DCS,VBH,0.6971
DCS,VTQ,0.6251
DCS,VTX,0.6657
DCS,VVS,0.6352
DCS,YTC,0.6993
DCT,DDH,0.6082
DCT,DLR,0.6769
DCT,DNL,0.7117
DCT,DRL,-0.6209
DCT,DTE,0.673
DCT,DUS,0.6867
DCT,DVW,0.6551
DCT,DXL,0.6946
DCT,EVE,-0.6145
DCT,FTI,0.6407
DCT,G20,0.769
DCT,GGG,0.635
DCT,GH3,0.6043
DCT,GTT,0.6667
DCT,HHN,0.605
DCT,HLA,0.75
DCT,HLS,0.6615
DCT,HNP,0.6586
DCT,IME,0.6054
DCT,IN4,0.6157
DCT,KMR,-0.6919
DCT,LCC,0.6823
DCT,MEF,0.6236
DCT,MRF,0.6526
DCT,NDF,0.6022
DCT,PHH,0.651
DCT,PMB,-0.6322
DCT,PPI,0.7168
DCT,PSG,0.6312
DCT,PSW,-0.6033
DCT,PTG,0.6304
DCT,PXM,0.6995
DCT,RCD,0.6022
DCT,SAL,0.6868
DCT,SBG,-0.652
DCT,SSF,0.6634
DCT,STS,0.6307
DCT,THU,0.602
DCT,TMW,0.6302
DCT,TVH,0.7252
DCT,UMC,0.6497
DCT,UPC,0.6492
DCT,VCT,0.6331
DCT,VE2,0.6246
DCT,VNL,-0.6066
DCT,VNX,0.6093
DCT,VTI,0.6657
DCT,VVN,0.7005
DCT,X26,0.684
DCT,XHC,0.6383
DCV,STD,0.8247
DDB,DNN,-0.6111
DDG,GH3,0.6034
DDG,HC1,0.6879
DDG,HEP,-0.6658
DDG,HNM,-0.6112
DDG,LQN,0.6472
DDG,MCP,-0.6126
DDG,PMW,-0.6141
DDG,SEB,-0.6291
DDG,STW,0.699
DDG,UEM,0.6657
DDH,DFC,-0.6242
DDH,DHB,-0.6444
DDH,DKC,0.6377
DDH,DLR,0.8216
DDH,DSD,0.685
DDH,DTE,0.8484
DDH,DTG,-0.7694
DDH,DUS,0.8978
DDH,DVC,0.6514
DDH,DVM,-0.6256
DDH,DVW,0.9255
DDH,DZM,0.6573
DDH,FBC,0.8324
DDH,FCC,0.6171
DDH,FGL,0.6479
DDH,FHN,0.685
DDH,FHS,-0.6477
DDH,FIT,-0.6277
DDH,FRM,0.7608
DDH,FTI,0.8453
DDH,FTM,0.7871
DDH,G20,0.6157
DDH,GGG,0.695
DDH,GH3,0.8773
DDH,GLW,0.6974
DDH,GMA,0.7116
DDH,GTT,0.761
DDH,HAX,-0.6646
DDH,HC1,0.7965
DDH,HCI,0.6875
DDH,HD6,-0.6757
DDH,HDM,-0.6313
DDH,HEP,-0.6012
DDH,HFX,0.8193
DDH,HHN,0.7648
DDH,HKB,0.6332
DDH,HLA,0.7861
DDH,HLC,-0.6197
DDH,HLS,0.7791
DDH,HMG,0.6867
DDH,HNM,-0.7858
DDH,HNP,0.7695
DDH,HOT,0.6902
DDH,HQC,-0.6002
DDH,IBD,0.6808
DDH,ICN,-0.6503
DDH,IME,0.7663
DDH,IN4,0.7121
DDH,JVC,-0.6059
DDH,KMR,-0.7451
DDH,L18,-0.6458
DDH,L35,0.7869
DDH,LAF,-0.6752
DDH,LCC,0.8366
DDH,LHC,-0.6059
DDH,LO5,0.6423
DDH,LQN,0.7574
DDH,LUT,0.7455
DDH,MCP,-0.704
DDH,MDC,-0.6794
DDH,MEF,0.7317
DDH,MGR,0.7401
DDH,MLC,0.6752
DDH,MPY,0.7047
DDH,MRF,0.6847
DDH,MTB,0.7895
DDH,NAC,0.6365
DDH,NBB,-0.6325
DDH,NBC,-0.7139
DDH,NDW,0.7749
DDH,ODE,-0.7852
DDH,PAT,-0.6088
DDH,PBP,-0.7156
DDH,PDV,-0.6571
DDH,PGC,-0.7344
DDH,PHH,0.7513
DDH,PLE,0.7573
DDH,PMB,-0.7058
DDH,PMW,-0.6348
DDH,PPH,-0.6731
DDH,PPI,0.783
DDH,PPT,-0.6138
DDH,PSE,-0.6248
DDH,PSG,0.8166
DDH,PSW,-0.6546
DDH,PTC,-0.6536
DDH,PTG,0.7378
DDH,QHD,-0.7104
DDH,QNT,0.7299
DDH,QNW,0.6869
DDH,QST,0.6485
DDH,QTC,0.6151
DDH,RBC,0.8007
DDH,SAL,0.9025
DDH,SBG,-0.642
DDH,SBT,-0.644
DDH,SCD,0.6335
DDH,SCG,-0.6754
DDH,SEB,-0.6248
DDH,SFN,0.8019
DDH,SHI,-0.7073
DDH,SII,0.6282
DDH,SPH,0.8342
DDH,SSF,0.8403
DDH,SSN,0.6958
DDH,STS,0.8091
DDH,STW,0.7359
DDH,TAN,-0.661
DDH,TBR,0.6975
DDH,TCJ,0.7783
DDH,TDT,-0.6987
DDH,TGG,-0.6802
DDH,THT,-0.7335
DDH,TKC,0.6409
DDH,TOT,-0.7085
DDH,TRT,0.8049
DDH,TSC,-0.638
DDH,TST,0.792
DDH,TTF,-0.6179
DDH,TVD,-0.6997
DDH,TVH,0.9182
DDH,UCT,0.6016
DDH,UDL,0.7636
DDH,UMC,0.9423
DDH,UPC,0.6809
DDH,V21,-0.6182
DDH,VCT,0.8176
DDH,VE2,0.6266
DDH,VFG,-0.6414
DDH,VGP,-0.6515
DDH,VHF,0.7209
DDH,VID,-0.6263
DDH,VKC,0.7954
DDH,VMT,0.7742
DDH,VNL,-0.6858
DDH,VNR,-0.6381
DDH,VSA,-0.6355
DDH,VTG,0.8516
DDH,VTI,0.8118
DDH,VVN,0.7985
DDH,VXB,0.8333
DDH,VXP,0.7473
DDH,X26,0.7635
DDH,XHC,0.7323
DDM,HSA,0.6815
DDM,NUE,0.6265
DDM,PMT,0.609
DDM,RAT,0.6081
DDM,VPC,0.6036
DDN,VMD,0.6256
DDV,DGC,0.6485
DDV,DPM,0.6764
DDV,DPR,0.6498
DDV,DRC,0.6869
DDV,DRI,0.6968
DDV,ELC,0.6105
DDV,EVE,0.6082
DDV,FMC,0.6174
DDV,GEG,0.609
DDV,GSP,0.6441
DDV,HAH,0.6462
DDV,HOM,0.6086
DDV,HTG,0.6312
DDV,IDC,0.6633
DDV,ITD,0.6052
DDV,JVC,0.6152
DDV,L18,0.6253
DDV,LAS,0.7625
DDV,LHG,0.6248
DDV,MBG,0.6352
DDV,MDC,0.6175
DDV,NBC,0.643
DDV,NED,0.6452
DDV,OIL,0.6004
DDV,PAN,0.6082
DDV,PGC,0.673
DDV,PGD,0.6571
DDV,PHC,0.6227
DDV,PLC,0.61
DDV,PMB,0.6187
DDV,PPH,0.7539
DDV,PSD,0.6447
DDV,PSI,0.6394
DDV,PSW,0.6449
DDV,PTB,0.6217
DDV,PVC,0.648
DDV,PVG,0.6732
DDV,PVO,0.656
DDV,PVS,0.6227
DDV,PXT,0.6114
DDV,QTP,0.6165
DDV,SKG,0.6281
DDV,STK,0.6773
DDV,TDG,0.6793
DDV,THT,0.6595
DDV,TNG,0.6305
DDV,TNH,0.6127
DDV,TOS,0.6393
DDV,TVD,0.6149
DDV,TVN,0.6147
DDV,VCS,0.6479
DDV,VGS,0.7015
DDV,VGT,0.6851
DDV,VIG,0.6057
DDV,VIP,0.6108
DDV,VOS,0.6485
DDV,VPH,0.6333
DDV,VTO,0.6157
DFC,DNE,0.7204
DFC,DP1,0.6458
DFC,DTG,0.7239
DFC,DTI,0.714
DFC,FIC,0.6587
DFC,HEP,0.7382
DFC,HFB,0.6271
DFC,HHN,-0.7082
DFC,HMS,0.6506
DFC,HNM,0.6699
DFC,HOT,-0.6022
DFC,HPD,0.704
DFC,HSP,0.6728
DFC,IN4,-0.641
DFC,KGM,0.6011
DFC,KTS,0.6953
DFC,L40,0.608
DFC,L62,-0.6177
DFC,LAF,0.7039
DFC,LAI,0.6543
DFC,LUT,-0.7627
DFC,MCP,0.7015
DFC,MEF,-0.6279
DFC,MNB,0.6347
DFC,MND,-0.6048
DFC,MPY,-0.6364
DFC,MVN,0.6061
DFC,NAW,0.6126
DFC,NBC,0.6295
DFC,NDW,-0.6736
DFC,NUE,0.6363
DFC,PBP,0.6127
DFC,PCE,0.7223
DFC,PMW,0.6363
DFC,PPY,0.6448
DFC,PTG,-0.6437
DFC,PVX,0.7614
DFC,QNW,-0.685
DFC,SBR,0.6371
DFC,SEB,0.658
DFC,SIV,0.616
DFC,SSC,0.6157
DFC,TDS,0.6001
DFC,TNW,0.7471
DFC,TOT,0.682
DFC,TTT,0.6723
DFC,TUG,0.6874
DFC,TVD,0.6427
DFC,VE2,-0.6841
DFC,VGP,0.7344
DFC,VKC,-0.632
DFC,VPC,0.6637
DFC,VSA,0.6898
DFC,VSM,0.6756
DFC,VTZ,0.6485
DFF,DMS,0.6164
DFF,DNL,0.6499
DFF,DVT,0.6859
DFF,HHB,0.7215
DFF,HNP,0.6108
DFF,IN4,0.6107
DFF,L62,0.6431
DFF,LDW,0.6401
DFF,LNC,0.6455
DFF,MPY,0.623
DFF,MRF,0.6407
DFF,NDP,0.6207
DFF,NLS,-0.6626
DFF,PHH,0.6026
DFF,POM,0.657
DFF,PTM,0.6112
DFF,RGG,0.6274
DFF,SCD,0.654
DFF,SLD,0.7366
DFF,VE8,0.6208
DFF,VMK,0.6233
DGC,DGW,0.7955
DGC,DHA,0.6626
DGC,DPG,0.6159
DGC,DPM,0.7437
DGC,DPR,0.6397
DGC,DRI,0.6235
DGC,ELC,0.6347
DGC,EVE,0.6168
DGC,FCN,0.6498
DGC,FMC,0.6
DGC,FRT,0.775
DGC,FTS,0.7102
DGC,G36,0.6296
DGC,GAS,0.7715
DGC,GEG,0.6487
DGC,GEX,0.6114
DGC,GMD,0.6612
DGC,GVR,0.6798
DGC,HAH,0.6942
DGC,HCM,0.7151
DGC,HDC,0.6509
DGC,HDG,0.6083
DGC,HHS,0.6042
DGC,HID,0.6339
DGC,HII,0.6586
DGC,HLD,0.689
DGC,HPG,0.6336
DGC,HQC,0.6041
DGC,HSG,0.6471
DGC,HT1,0.6166
DGC,IDC,0.7222
DGC,IDI,0.6342
DGC,KBC,0.6346
DGC,LAS,0.6682
DGC,LCG,0.6534
DGC,LHG,0.6494
DGC,MBB,0.6439
DGC,MIG,0.678
DGC,MSH,0.6202
DGC,MSN,0.6164
DGC,MWG,0.6693
DGC,NKG,0.645
DGC,NT2,0.6695
DGC,OIL,0.605
DGC,PAT,0.7181
DGC,PC1,0.7139
DGC,PDB,0.6083
DGC,PET,0.743
DGC,PHR,0.7078
DGC,PLC,0.6692
DGC,PLX,0.6237
DGC,POW,0.6042
DGC,PSD,0.6144
DGC,PTB,0.6936
DGC,PVB,0.6978
DGC,PVC,0.7265
DGC,PVD,0.777
DGC,PVG,0.6586
DGC,PVS,0.7191
DGC,PVT,0.7495
DGC,QTP,0.613
DGC,REE,0.638
DGC,SCR,0.6143
DGC,SHS,0.6097
DGC,SKG,0.6222
DGC,SSI,0.6778
DGC,STB,0.6476
DGC,SZC,0.6832
DGC,TNG,0.7022
DGC,TNT,0.6034
DGC,TTF,0.6216
DGC,UDJ,0.604
DGC,VCG,0.6041
DGC,VCI,0.685
DGC,VCS,0.6128
DGC,VGC,0.6147
DGC,VGS,0.6422
DGC,VHC,0.6629
DGC,VIB,0.6338
DGC,VIX,0.6111
DGC,VND,0.6193
DGC,VPH,0.6184
DGC,VRE,0.6026
DGT,VCS,0.649
DGW,DHA,0.6837
DGW,DIG,0.7065
DGW,DLG,0.614
DGW,DPG,0.7328
DGW,DPM,0.6824
DGW,DQC,0.6026
DGW,DXG,0.7317
DGW,DXS,0.6777
DGW,ELC,0.6704
DGW,EVE,0.6438
DGW,FCN,0.7062
DGW,FIT,0.6054
DGW,FMC,0.6485
DGW,FRT,0.7497
DGW,FTS,0.7691
DGW,G36,0.6691
DGW,GAS,0.6123
DGW,GEG,0.6529
DGW,GEX,0.687
DGW,GIL,0.7126
DGW,GMD,0.6615
DGW,GVR,0.7067
DGW,HAG,0.6025
DGW,HAH,0.7201
DGW,HCM,0.791
DGW,HDC,0.7461
DGW,HDG,0.6333
DGW,HHS,0.6193
DGW,HLD,0.629
DGW,HPG,0.7357
DGW,HQC,0.7444
DGW,HSG,0.7529
DGW,HT1,0.6538
DGW,HUB,0.6303
DGW,HUT,0.7012
DGW,IDC,0.7348
DGW,IDI,0.762
DGW,IJC,0.685
DGW,IPA,0.6467
DGW,ITC,0.6216
DGW,KBC,0.7193
DGW,KDH,0.6331
DGW,KHG,0.6694
DGW,KSB,0.6827
DGW,L18,0.6044
DGW,LAS,0.6274
DGW,LCG,0.7334
DGW,LDG,0.601
DGW,LHG,0.688
DGW,LPB,0.6211
DGW,MBB,0.6662
DGW,MBS,0.7118
DGW,MIG,0.6361
DGW,MSH,0.6403
DGW,MSN,0.7061
DGW,MWG,0.719
DGW,NHA,0.6321
DGW,NHH,0.6129
DGW,NKG,0.7336
DGW,NLG,0.7087
DGW,NT2,0.6331
DGW,OCH,0.6002
DGW,OGC,0.6416
DGW,PAN,0.6393
DGW,PC1,0.744
DGW,PET,0.7913
DGW,PHR,0.737
DGW,PLC,0.7049
DGW,PSI,0.6564
DGW,PTB,0.695
DGW,PVB,0.6689
DGW,PVC,0.7491
DGW,PVD,0.7624
DGW,PVS,0.7266
DGW,PVT,0.7282
DGW,SBS,0.6396
DGW,SCR,0.7312
DGW,SHB,0.6962
DGW,SHS,0.7409
DGW,SKG,0.6866
DGW,SSI,0.773
DGW,STB,0.6614
DGW,SZC,0.7899
DGW,TCB,0.6633
DGW,TCH,0.6585
DGW,TCI,0.6139
DGW,TIG,0.6253
DGW,TIP,0.6634
DGW,TLH,0.6263
DGW,TNG,0.7337
DGW,TSC,0.6123
DGW,TTF,0.6562
DGW,TVB,0.6103
DGW,TVT,0.6282
DGW,VCG,0.7254
DGW,VCI,0.7841
DGW,VGC,0.7261
DGW,VGS,0.6913
DGW,VHC,0.7219
DGW,VIB,0.6549
DGW,VIG,0.6203
DGW,VIX,0.7621
DGW,VND,0.7287
DGW,VRG,0.6024
DHA,DHC,0.6407
DHA,DIG,0.6654
DHA,DPG,0.6546
DHA,DPM,0.668
DHA,DQC,0.6895
DHA,DXG,0.6633
DHA,DXS,0.6067
DHA,ELC,0.6459
DHA,EVE,0.6799
DHA,EVS,0.6152
DHA,FCN,0.7324
DHA,FMC,0.6707
DHA,FRT,0.6447
DHA,GEG,0.6163
DHA,GEX,0.7156
DHA,GMD,0.6481
DHA,HAG,0.6155
DHA,HAH,0.7199
DHA,HAR,0.65
DHA,HCM,0.6467
DHA,HDC,0.6931
DHA,HDG,0.6515
DHA,HHS,0.6429
DHA,HLD,0.6248
DHA,HPG,0.6671
DHA,HQC,0.6164
DHA,HSG,0.6223
DHA,HT1,0.7252
DHA,HTG,0.6357
DHA,HUB,0.6215
DHA,HUT,0.6646
DHA,IDC,0.7037
DHA,IDI,0.6784
DHA,IPA,0.6038
DHA,KDH,0.6598
DHA,KSB,0.6518
DHA,L14,0.6405
DHA,LCG,0.6798
DHA,LGL,0.6067
DHA,LIG,0.6071
DHA,LPB,0.6027
DHA,MBB,0.6717
DHA,MSH,0.6526
DHA,MSN,0.654
DHA,MWG,0.6465
DHA,NAF,0.6262
DHA,NHH,0.6153
DHA,NKG,0.6515
DHA,NLG,0.6806
DHA,NT2,0.6846
DHA,OGC,0.6507
DHA,PAN,0.6477
DHA,PC1,0.7564
DHA,PET,0.6915
DHA,PHC,0.6686
DHA,PHR,0.6587
DHA,PSD,0.6506
DHA,PTB,0.6796
DHA,PVC,0.6106
DHA,PVD,0.6138
DHA,PVS,0.6216
DHA,PVT,0.6203
DHA,QTP,0.6011
DHA,REE,0.6048
DHA,SCR,0.6311
DHA,SHB,0.6201
DHA,SHS,0.6544
DHA,SKG,0.6593
DHA,SSI,0.6814
DHA,STB,0.6388
DHA,SZC,0.6383
DHA,TCD,0.6108
DHA,TCH,0.6292
DHA,THD,0.648
DHA,TIG,0.6423
DHA,TIP,0.6033
DHA,TNG,0.6178
DHA,TPB,0.6187
DHA,TTF,0.6019
DHA,TV4,0.6018
DHA,VCG,0.7047
DHA,VCI,0.6441
DHA,VGC,0.7149
DHA,VGS,0.6711
DHA,VHC,0.6681
DHA,VIB,0.6594
DHA,VIX,0.7106
DHA,VND,0.6355
DHA,VPB,0.7058
DHB,DNE,0.6167
DHB,DTE,-0.7126
DHB,DTG,0.7061
DHB,DUS,-0.674
DHB,DVW,-0.6283
DHB,DZM,-0.6212
DHB,FHN,-0.6403
DHB,FTI,-0.6899
DHB,FTM,-0.692
DHB,GH3,-0.603
DHB,HC1,-0.6429
DHB,HFX,-0.6649
DHB,HNM,0.7376
DHB,HNP,-0.6225
DHB,IBD,-0.604
DHB,IN4,-0.6421
DHB,LBE,0.6027
DHB,LCC,-0.6339
DHB,MCP,0.6081
DHB,MND,-0.6107
DHB,MPY,-0.735
DHB,NAC,-0.6766
DHB,NBC,0.6305
DHB,NUE,0.6657
DHB,ODE,0.614
DHB,PHH,-0.6675
DHB,PMW,0.7029
DHB,PNP,0.6369
DHB,PPT,0.6457
DHB,SAL,-0.7164
DHB,SCD,-0.7285
DHB,SGC,0.6598
DHB,SPH,-0.6683
DHB,SSF,-0.715
DHB,SSG,0.6328
DHB,TCJ,-0.8005
DHB,THN,-0.6621
DHB,THT,0.6151
DHB,TRT,-0.6499
DHB,TST,-0.6587
DHB,TVD,0.6494
DHB,TVH,-0.6597
DHB,UMC,-0.6984
DHB,VFG,0.6051
DHB,VGL,0.7272
DHB,VGP,0.6967
DHB,VLP,-0.6131
DHB,VSF,0.6314
DHB,VTH,0.6477
DHB,VTI,-0.6645
DHB,VXB,-0.6883
DHB,VXP,-0.6491
DHC,GIL,0.6271
DHC,HPG,0.6964
DHC,KDH,0.6048
DHC,MSN,0.6114
DHC,MWG,0.6355
DHC,PC1,0.6432
DHC,VIB,0.6057
DHC,VPB,0.6482
DHG,QNS,0.6365
DHG,QTP,0.6403
DHG,TNA,0.6452
DHN,DMN,0.6175
DHN,DP2,0.6708
DHN,EFI,0.7426
DHN,HJS,0.6736
DHN,HMG,0.6854
DHN,HPM,0.6532
DHN,KTL,0.6474
DHN,L63,0.6096
DHN,LAW,0.6827
DHN,MIE,0.615
DHN,MKV,0.6651
DHN,MQN,0.6046
DHN,MTS,0.6948
DHN,NGC,0.64
DHN,NQN,0.7122
DHN,NTH,0.6015
DHN,PIS,0.7275
DHN,PSN,0.7026
DHN,PWS,0.6587
DHN,QBS,-0.6208
DHN,SPD,0.7035
DHN,VBH,0.825
DHN,VES,0.7528
DHN,VIW,0.6627
DHN,VPR,0.6012
DHN,X20,0.6259
DHN,XPH,0.6317
DHP,FCS,0.6555
DHP,HSP,0.6351
DHP,NGC,0.6021
DHP,NQN,0.6631
DHP,PWS,0.6054
DHP,QPH,0.6396
DHP,TVA,0.6117
DHP,XPH,0.6684
DIC,HLY,0.6105
DIC,HSA,0.6712
DIC,NAW,0.6415
DIC,PVX,0.6319
DIC,PXA,0.611
DIC,STT,0.6015
DIC,VPC,0.6536
DIC,VSG,0.649
DIC,VST,0.633
DID,DL1,0.6091
DID,FIT,0.6018
DID,G36,0.6768
DID,GDA,0.6186
DID,HCD,0.6399
DID,HQC,0.6139
DID,KMR,0.7187
DID,L18,0.6332
DID,LCG,0.6134
DID,LIG,0.6058
DID,LSS,0.667
DID,MBG,0.6182
DID,NBC,0.6134
DID,NED,0.6375
DID,NHA,0.6851
DID,ODE,0.6207
DID,PTC,0.6153
DID,SBT,0.622
DID,SD9,0.663
DID,TDG,0.6461
DID,TLD,0.6275
DID,TLH,0.6289
DID,TNA,0.6205
DID,TVD,0.6186
DID,VPH,0.6661
DIG,DLG,0.6542
DIG,DPG,0.8002
DIG,DPM,0.6992
DIG,DQC,0.6837
DIG,DTD,0.6649
DIG,DXG,0.808
DIG,ECI,0.6574
DIG,ELC,0.6255
DIG,EVE,0.6139
DIG,EVG,0.6008
DIG,FCN,0.8302
DIG,FIT,0.6697
DIG,FRT,0.7134
DIG,FTS,0.7103
DIG,G36,0.7407
DIG,GEG,0.7073
DIG,GEX,0.7411
DIG,HAG,0.689
DIG,HAH,0.6832
DIG,HAR,0.7597
DIG,HC1,-0.6249
DIG,HCM,0.6859
DIG,HDC,0.7874
DIG,HDM,0.6877
DIG,HHS,0.6809
DIG,HLD,0.6272
DIG,HPG,0.6498
DIG,HQC,0.8311
DIG,HSG,0.6909
DIG,HT1,0.7514
DIG,HTN,0.6195
DIG,HUT,0.7073
DIG,IDC,0.7755
DIG,IDI,0.795
DIG,IDJ,0.7416
DIG,IJC,0.6508
DIG,IN4,-0.6406
DIG,IPA,0.6526
DIG,ITA,0.6527
DIG,ITC,0.6503
DIG,IVS,0.6155
DIG,JVC,0.6727
DIG,KBC,0.6407
DIG,KDH,0.6119
DIG,KHG,0.6595
DIG,KMR,0.6184
DIG,KSB,0.7527
DIG,L14,0.8175
DIG,L18,0.7342
DIG,LAI,0.6126
DIG,LCG,0.8229
DIG,LDG,0.7765
DIG,LGL,0.6708
DIG,LHC,0.6317
DIG,LIG,0.7491
DIG,MBS,0.6342
DIG,MSN,0.6341
DIG,NBB,0.643
DIG,NBC,0.6416
DIG,NDN,0.6372
DIG,NHA,0.7848
DIG,NHH,0.6115
DIG,NKG,0.7323
DIG,NLG,0.764
DIG,NT2,0.633
DIG,NWT,0.6084
DIG,OCH,0.6081
DIG,OGC,0.7756
DIG,PAN,0.6043
DIG,PC1,0.689
DIG,PET,0.6843
DIG,PFL,0.6969
DIG,PHC,0.6426
DIG,PHR,0.6006
DIG,PLC,0.6147
DIG,POW,0.6004
DIG,PSD,0.6317
DIG,PSI,0.6766
DIG,PTC,0.6361
DIG,PVC,0.6595
DIG,PVD,0.6216
DIG,PVG,0.6094
DIG,PVT,0.6018
DIG,PXL,0.6861
DIG,SAM,0.6391
DIG,SBT,0.6412
DIG,SCR,0.8376
DIG,SD9,0.6055
DIG,SDA,0.6082
DIG,SHB,0.6238
DIG,SHS,0.7241
DIG,SKG,0.7354
DIG,SSI,0.7239
DIG,STB,0.6086
DIG,SZC,0.7112
DIG,TCH,0.6589
DIG,TCI,0.6779
DIG,TDC,0.6813
DIG,THD,0.6528
DIG,TIG,0.6852
DIG,TIP,0.6631
DIG,TLD,0.6524
DIG,TNG,0.6211
DIG,TNI,0.6274
DIG,TPB,0.6195
DIG,TSC,0.6689
DIG,TTF,0.6761
DIG,TVB,0.6186
DIG,TVS,0.6024
DIG,VCG,0.7146
DIG,VCI,0.742
DIG,VGC,0.7503
DIG,VGS,0.7185
DIG,VHC,0.6526
DIG,VIB,0.6824
DIG,VIG,0.643
DIG,VIX,0.74
DIG,VND,0.7
DIG,VNS,0.6066
DIG,VPB,0.6057
DIG,VPH,0.6589
DIG,VRG,0.6289
DIH,HCD,0.6512
DIH,IN4,-0.604
DIH,KMR,0.6244
DIH,KSB,0.6
DIH,L18,0.6767
DIH,LCG,0.6031
DIH,MRF,-0.607
DIH,NED,0.6302
DIH,NHA,0.6393
DIH,ODE,0.6032
DIH,SBT,0.6332
DIH,SLS,0.6211
DIH,TLD,0.6147
DIH,TLH,0.6052
DIH,TOT,0.6464
DIH,VIG,0.6079
DIH,VPH,0.6748
DIH,VTZ,0.6221
DKC,DLD,0.7098
DKC,DLR,0.8322
DKC,DNT,0.6577
DKC,DUS,0.7505
DKC,DVW,0.6996
DKC,FBC,0.7502
DKC,FCC,0.7009
DKC,HCI,0.8708
DKC,HFX,0.6251
DKC,HKB,0.7497
DKC,HLT,0.6906
DKC,HRB,0.6931
DKC,IME,0.798
DKC,LCC,0.6045
DKC,LO5,0.6059
DKC,MTB,0.6318
DKC,NQB,0.7187
DKC,PBC,-0.6376
DKC,PHH,0.7204
DKC,PLE,0.6238
DKC,PPI,0.6415
DKC,PSG,0.6382
DKC,PVY,0.6061
DKC,QNT,0.6308
DKC,QNU,0.8776
DKC,QST,0.6261
DKC,QTC,0.6254
DKC,SAL,0.6994
DKC,SCG,-0.6726
DKC,SCO,0.684
DKC,SFN,0.6284
DKC,SHP,-0.604
DKC,STS,0.854
DKC,TAW,0.7806
DKC,TNM,0.6752
DKC,TVG,0.8427
DKC,TVH,0.7409
DKC,UCT,0.6658
DKC,UDL,0.6827
DKC,UMC,0.6229
DKC,VCT,0.7661
DKC,VHH,0.6172
DKC,VIR,0.6971
DKC,VTG,0.6757
DKC,VTI,0.6803
DKC,VVN,0.7306
DKC,VXB,0.6699
DKC,X26,0.6277
DKC,XHC,0.6327
DKG,DNL,0.7562
DKG,DTC,0.8252
DKG,DVG,0.6994
DKG,DVT,0.8208
DKG,EME,-0.6735
DKG,GMC,0.7675
DKG,HGM,-0.7183
DKG,HLO,0.7755
DKG,HMD,0.8961
DKG,HTP,0.7028
DKG,IRC,0.8756
DKG,L61,0.6567
DKG,L62,0.7688
DKG,LDW,0.8856
DKG,LEC,0.6299
DKG,LM7,0.672
DKG,LNC,0.9063
DKG,MIC,-0.6145
DKG,MQB,0.8762
DKG,MRF,0.6121
DKG,MTS,-0.6043
DKG,NLS,-0.8099
DKG,NVP,0.6869
DKG,PCG,0.6563
DKG,POM,0.6155
DKG,PTM,0.7625
DKG,QBS,0.7201
DKG,RGG,0.6457
DKG,RYG,-0.6787
DKG,SD4,0.6416
DKG,SPD,-0.653
DKG,TAB,0.8131
DKG,TCK,0.8573
DKG,TCX,-0.653
DKG,TD6,-0.8319
DKG,TVA,-0.6577
DKG,UXC,0.7484
DKG,VDG,0.7911
DKG,VE2,0.6115
DKG,VE8,0.7415
DKG,VIR,0.6451
DKG,VMK,0.668
DKG,VNI,-0.6036
DKG,VPR,-0.6019
DKG,VUA,0.6655
DKG,X20,-0.6401
DL1,FIT,0.7189
DL1,G36,0.6633
DL1,HAP,0.6231
DL1,IDC,0.6219
DL1,ITS,0.68
DL1,JVC,0.6226
DL1,KHG,0.6168
DL1,KMR,0.7392
DL1,L18,0.6469
DL1,MDC,0.6553
DL1,NBC,0.6028
DL1,NED,0.6594
DL1,NHA,0.634
DL1,ODE,0.6035
DL1,PHC,0.6202
DL1,PPH,0.6579
DL1,PSI,0.6085
DL1,SCR,0.6016
DL1,TDG,0.6182
DL1,TSC,0.6707
DL1,TVB,0.6182
DL1,VGT,0.6717
DL1,VHE,0.6703
DL1,VHG,0.6995
DL1,VIG,0.6569
DL1,WSS,0.6102
DLD,GTD,0.6758
DLD,HCI,0.6493
DLD,HLT,0.6451
DLD,HRB,0.6688
DLD,LCD,0.6331
DLD,NQN,0.656
DLD,NTT,0.6823
DLD,NWT,0.6453
DLD,PVV,0.616
DLD,QNU,0.7255
DLD,SCO,0.641
DLD,STL,0.7065
DLD,STS,0.6493
DLD,TAW,0.6185
DLD,TNP,0.6504
DLD,TOP,0.6144
DLD,TVG,0.7372
DLD,VLW,0.6201
DLG,DXG,0.6077
DLG,EVE,0.6517
DLG,FCN,0.6455
DLG,FIT,0.7013
DLG,G36,0.7062
DLG,HAR,0.7508
DLG,HBC,0.646
DLG,HCM,0.6408
DLG,HOM,0.6086
DLG,HQC,0.7179
DLG,HT1,0.6123
DLG,HTG,0.6025
DLG,IDC,0.7348
DLG,IDI,0.6553
DLG,ITA,0.6661
DLG,KBC,0.6241
DLG,KMR,0.6866
DLG,KSB,0.6106
DLG,L18,0.6833
DLG,LCG,0.6808
DLG,LDG,0.6707
DLG,LIG,0.7529
DLG,MBG,0.629
DLG,NBB,0.6451
DLG,NDN,0.606
DLG,NHA,0.6469
DLG,PHC,0.6429
DLG,PHR,0.6171
DLG,PVC,0.6031
DLG,SCR,0.638
DLG,SHB,0.6129
DLG,SHS,0.6079
DLG,SSI,0.6346
DLG,SZC,0.6443
DLG,TDC,0.6074
DLG,TIP,0.6538
DLG,TLD,0.6182
DLG,TLH,0.6093
DLG,TSC,0.6095
DLG,TTF,0.6991
DLG,TTH,0.6062
DLG,VGC,0.612
DLG,VGS,0.653
DLG,VHG,0.6967
DLG,VIX,0.6281
DLG,VND,0.6207
DLG,VOS,0.6107
DLG,VPH,0.6255
DLG,WSS,0.6126
DLR,DLT,0.6237
DLR,DNL,0.601
DLR,DNT,0.6776
DLR,DSD,0.7036
DLR,DSG,0.6143
DLR,DTE,0.785
DLR,DTG,-0.641
DLR,DTH,0.6235
DLR,DUS,0.9025
DLR,DVW,0.9136
DLR,DXL,0.7598
DLR,DZM,0.6689
DLR,FBC,0.8675
DLR,FCC,0.6982
DLR,FGL,0.7413
DLR,FHN,0.677
DLR,FRM,0.6864
DLR,FTI,0.7911
DLR,FTM,0.6956
DLR,G20,0.6734
DLR,GGG,0.6097
DLR,GH3,0.7383
DLR,GLW,0.6052
DLR,GMA,0.6516
DLR,GTT,0.6931
DLR,HC1,0.6487
DLR,HCD,-0.6033
DLR,HCI,0.7831
DLR,HD6,-0.6805
DLR,HEC,-0.6427
DLR,HFX,0.758
DLR,HHN,0.6555
DLR,HKB,0.726
DLR,HLA,0.7511
DLR,HLS,0.8022
DLR,HMG,0.6539
DLR,HNP,0.7471
DLR,HRB,0.6678
DLR,IBD,0.6783
DLR,IME,0.8909
DLR,IN4,0.6056
DLR,KMR,-0.7116
DLR,L35,0.6358
DLR,LCC,0.7779
DLR,LO5,0.7035
DLR,LQN,0.6266
DLR,LUT,0.6333
DLR,MEF,0.6475
DLR,MGR,0.7044
DLR,MPT,0.617
DLR,MTB,0.7428
DLR,NDW,0.6159
DLR,ODE,-0.6769
DLR,PBC,-0.674
DLR,PHH,0.854
DLR,PLE,0.7035
DLR,POB,0.6671
DLR,PPI,0.879
DLR,PPT,-0.664
DLR,PSG,0.8157
DLR,PSW,-0.629
DLR,PTD,0.6129
DLR,PTG,0.6576
DLR,PXM,0.64
DLR,QNT,0.7295
DLR,QNU,0.7165
DLR,QST,0.6459
DLR,QTC,0.6585
DLR,RBC,0.6994
DLR,SAL,0.8868
DLR,SBG,-0.6092
DLR,SBT,-0.6173
DLR,SCG,-0.8001
DLR,SCO,0.7955
DLR,SFN,0.7693
DLR,SHI,-0.6218
DLR,SHP,-0.6702
DLR,SPH,0.76
DLR,SSF,0.7897
DLR,STS,0.9263
DLR,TAW,0.7695
DLR,TBR,0.6439
DLR,TCJ,0.6857
DLR,TCL,-0.6034
DLR,TNM,0.6039
DLR,TRT,0.7631
DLR,TST,0.692
DLR,TVG,0.7941
DLR,TVH,0.9294
DLR,UCT,0.6474
DLR,UDL,0.6598
DLR,UMC,0.8368
DLR,UPC,0.6393
DLR,V21,-0.6104
DLR,VCT,0.9154
DLR,VE2,0.6619
DLR,VID,-0.6622
DLR,VIR,0.6851
DLR,VKC,0.736
DLR,VMT,0.6476
DLR,VNL,-0.6537
DLR,VTG,0.8045
DLR,VTI,0.8339
DLR,VVN,0.8792
DLR,VXB,0.8455
DLR,VXP,0.6904
DLR,WTC,-0.6464
DLR,X26,0.7823
DLR,XHC,0.7871
DLT,GER,0.7615
DLT,HRB,0.6335
DLT,IME,0.6466
DLT,SCO,0.6806
DLT,STS,0.6593
DLT,TAW,0.6651
DLT,VCT,0.7213
DLT,VKC,0.6093
DM7,VDN,0.6014
DMN,KTL,0.6235
DMN,MIE,0.6162
DMN,MQN,0.6207
DMN,NQB,0.6152
DMN,NQN,0.6927
DMN,PIA,0.6101
DMS,DNL,0.6059
DMS,DVT,0.6833
DMS,HHB,0.701
DMS,HLO,0.6274
DMS,HOT,0.66
DMS,LEC,0.6475
DMS,LNC,0.658
DMS,MPT,0.6309
DMS,NLS,-0.6989
DMS,PTM,0.6269
DMS,RGG,0.6595
DMS,SD4,0.6343
DMS,SLD,0.7201
DMS,SSM,0.6047
DMS,TTS,0.6457
DMS,TW3,0.6096
DMS,VE8,0.646
DMS,VMS,0.6279
DNA,DSD,0.6971
DNA,DVC,0.6303
DNA,DWC,0.6236
DNA,FBC,0.6648
DNA,FHN,0.6827
DNA,FHS,-0.637
DNA,FTI,0.7004
DNA,GMA,0.6835
DNA,HCI,0.6512
DNA,HEC,-0.6117
DNA,HGT,0.744
DNA,HKB,0.6038
DNA,HMG,0.7211
DNA,HPI,0.6346
DNA,HPM,0.6919
DNA,IBD,0.6588
DNA,LAW,0.6895
DNA,MIE,0.8004
DNA,MLC,0.6597
DNA,MQN,0.6268
DNA,MTB,0.6066
DNA,PMJ,0.6502
DNA,PTH,0.6078
DNA,PWS,0.6609
DNA,QHD,-0.6316
DNA,RBC,0.6315
DNA,SPH,0.7043
DNA,TOW,0.6966
DNA,TTC,0.6159
DNA,VBH,0.6507
DNA,VHF,0.7141
DNA,VIE,0.609
DNA,VTG,0.6926
DNA,VXB,0.6042
DNA,VXP,0.6719
DNA,XDH,0.6934
DNA,XPH,0.6357
DNC,NNT,0.6029
DND,SDU,0.6444
DNE,DP1,0.6577
DNE,DTG,0.6271
DNE,HEP,0.6078
DNE,LCC,-0.634
DNE,LUT,-0.6701
DNE,MPY,-0.6384
DNE,PBP,0.611
DNE,PMW,0.6769
DNE,SAL,-0.6151
DNE,SSF,-0.6181
DNE,SSG,0.6407
DNE,TCJ,-0.6269
DNE,UMC,-0.6286
DNE,VGP,0.6048
DNE,VXB,-0.615
DNH,DNL,0.695
DNH,DRL,-0.6316
DNH,DVG,0.6615
DNH,FSO,0.6025
DNH,FTM,0.6087
DNH,HNP,0.6355
DNH,HTP,0.6021
DNH,IN4,0.7242
DNH,IRC,0.6499
DNH,KHD,0.6123
DNH,L62,0.6544
DNH,LDW,0.6754
DNH,LM7,0.7291
DNH,LQN,0.6707
DNH,MND,0.7
DNH,MPY,0.689
DNH,MQB,0.6016
DNH,MRF,0.7167
DNH,NAC,0.6929
DNH,POM,0.612
DNH,QBS,0.6638
DNH,QNP,-0.6252
DNH,SAL,0.6207
DNH,SBG,-0.6538
DNH,SCD,0.7656
DNH,SKG,-0.6143
DNH,SP2,-0.6256
DNH,SVT,-0.6012
DNH,TCJ,0.6068
DNH,THN,0.6959
DNH,TTE,0.6476
DNH,UPC,0.6016
DNH,UXC,0.6053
DNH,VDG,0.6005
DNH,VE8,0.6291
DNH,VLP,0.6579
DNH,VNX,0.622
DNH,VUA,0.6063
DNL,DRL,-0.6564
DNL,DTC,0.6617
DNL,DUS,0.6976
DNL,DVG,0.6274
DNL,DVT,0.7357
DNL,DVW,0.6462
DNL,DXL,0.6106
DNL,FTI,0.6273
DNL,FTM,0.6006
DNL,G20,0.6516
DNL,GGG,0.6596
DNL,GH3,0.645
DNL,GND,0.6326
DNL,GTT,0.68
DNL,HC1,0.6409
DNL,HCD,-0.6365
DNL,HEP,-0.6133
DNL,HFX,0.6818
DNL,HGM,-0.6226
DNL,HHN,0.6999
DNL,HLA,0.7389
DNL,HLO,0.6637
DNL,HMD,0.7154
DNL,HNM,-0.6151
DNL,HNP,0.7613
DNL,HOT,0.6477
DNL,HTP,0.6125
DNL,IME,0.6873
DNL,IN4,0.7394
DNL,IRC,0.7531
DNL,KMR,-0.6703
DNL,L61,0.6514
DNL,L62,0.7573
DNL,LAF,-0.6188
DNL,LCC,0.735
DNL,LDW,0.8082
DNL,LM7,0.6657
DNL,LNC,0.7777
DNL,LO5,0.6763
DNL,LQN,0.66
DNL,LSS,-0.6292
DNL,LUT,0.768
DNL,MEF,0.615
DNL,MND,0.62
DNL,MPY,0.7417
DNL,MQB,0.7322
DNL,MRF,0.8012
DNL,NAC,0.6449
DNL,NDP,0.6548
DNL,NED,-0.6041
DNL,NLS,-0.7256
DNL,ODE,-0.6024
DNL,PCH,-0.6131
DNL,PHH,0.7479
DNL,POM,0.6545
DNL,PPI,0.7141
DNL,PSG,0.6593
DNL,PTG,0.6255
DNL,PTM,0.6774
DNL,PXM,0.7539
DNL,QBS,0.604
DNL,QNP,-0.6111
DNL,QNW,0.6668
DNL,RYG,-0.6614
DNL,SAL,0.733
DNL,SBG,-0.6339
DNL,SBT,-0.6421
DNL,SCD,0.7004
DNL,SD4,0.6176
DNL,SFN,0.669
DNL,SLS,-0.6023
DNL,SSF,0.6318
DNL,SSM,0.664
DNL,STW,0.6164
DNL,TAB,0.6884
DNL,TCJ,0.6214
DNL,TCK,0.6931
DNL,TD6,-0.6254
DNL,TDC,-0.6077
DNL,THN,0.6595
DNL,TLD,-0.6147
DNL,TMS,-0.6213
DNL,TMW,0.6041
DNL,TOT,-0.6047
DNL,TVH,0.7095
DNL,TW3,0.6992
DNL,UMC,0.6489
DNL,UPC,0.7364
DNL,UXC,0.6727
DNL,VDG,0.6559
DNL,VE2,0.7642
DNL,VE8,0.7093
DNL,VIR,0.6819
DNL,VKC,0.6408
DNL,VMS,0.6196
DNL,VNS,-0.6084
DNL,VNX,0.789
DNL,VTI,0.7388
DNL,VTZ,-0.6218
DNL,VVN,0.6277
DNL,X26,0.691
DNM,DTE,0.6935
DNM,DUS,0.6649
DNM,DVW,0.6448
DNM,FGL,0.6309
DNM,FSO,0.6123
DNM,FTI,0.647
DNM,FTM,0.6264
DNM,GH3,0.6234
DNM,GND,0.7066
DNM,HC1,0.6588
DNM,HFX,0.6199
DNM,HNM,-0.6266
DNM,IBD,0.6215
DNM,IME,0.6632
DNM,IN4,0.6773
DNM,LCC,0.673
DNM,MPY,0.696
DNM,MRF,0.6712
DNM,NAC,0.6424
DNM,NBB,-0.6258
DNM,NDP,0.6387
DNM,ODE,-0.6321
DNM,PHH,0.622
DNM,PPT,-0.6031
DNM,SAL,0.6939
DNM,SCD,0.7331
DNM,SPH,0.6222
DNM,SSF,0.6372
DNM,SVC,-0.62
DNM,TCJ,0.6804
DNM,THN,0.6388
DNM,TST,0.6129
DNM,TVH,0.63
DNM,UMC,0.6731
DNM,VTI,0.6816
DNM,VXB,0.6462
DNM,XHC,0.6054
DNN,VPL,-0.6619
DNT,DUS,0.6358
DNT,DVW,0.659
DNT,FBC,0.6177
DNT,HCI,0.7138
DNT,HKB,0.7831
DNT,HNP,0.6704
DNT,HPI,0.6997
DNT,HRB,0.6184
DNT,IME,0.6569
DNT,L35,0.6484
DNT,LQN,0.6363
DNT,MLC,0.6025
DNT,PHH,0.6242
DNT,PVY,0.772
DNT,QST,0.6414
DNT,SAL,0.6265
DNT,SCG,-0.6352
DNT,SFN,0.7171
DNT,STS,0.7142
DNT,STW,0.6245
DNT,TAW,0.6187
DNT,TTD,0.6738
DNT,UCT,0.6646
DNT,VCT,0.6113
DNT,VHF,0.6348
DOC,FCS,0.6078
DOC,GCB,0.6512
DOC,HPI,0.6485
DOC,MTH,0.6702
DOC,NQN,0.6141
DOC,NWT,0.7093
DOC,PNC,0.6544
DOC,PTH,0.623
DOC,PVY,0.6267
DOC,STL,0.6019
DOP,TSG,0.6093
DP1,DTG,0.6296
DP1,DTI,0.6185
DP1,DTP,0.643
DP1,FTM,-0.6079
DP1,GER,-0.6426
DP1,HC1,-0.6213
DP1,HEP,0.7293
DP1,HHN,-0.6654
DP1,HHV,0.6085
DP1,HLA,-0.6502
DP1,HLS,-0.6395
DP1,HMS,0.6944
DP1,IN4,-0.6798
DP1,KMR,0.6342
DP1,LAF,0.6408
DP1,LSS,0.6282
DP1,MEF,-0.662
DP1,MPY,-0.6159
DP1,NAC,-0.6441
DP1,PBP,0.7027
DP1,PPI,-0.7277
DP1,PTG,-0.6627
DP1,PVX,0.6045
DP1,SBG,0.6606
DP1,SBT,0.6209
DP1,SII,-0.6417
DP1,THN,-0.6367
DP1,TOT,0.6277
DP1,TVH,-0.6186
DP1,VCT,-0.6185
DP1,VE2,-0.6558
DP1,VIG,0.6193
DP1,VKC,-0.6222
DP1,VSA,0.6521
DP1,VSM,0.6196
DP2,EFI,0.7245
DP2,HFC,0.6137
DP2,HMG,0.7106
DP2,HPI,0.6989
DP2,HPM,0.6538
DP2,KTL,0.6033
DP2,MIE,0.67
DP2,NGC,0.7786
DP2,NOS,0.6179
DP2,NQN,0.7251
DP2,PID,0.717
DP2,POB,0.7055
DP2,PTE,0.8103
DP2,PWS,0.6322
DP2,S12,0.6052
DP2,SDU,0.6661
DP2,SPD,0.6205
DP2,STL,0.6335
DP2,TH1,0.6343
DP2,TVA,0.6274
DP2,UPH,0.6735
DP2,VBH,0.7579
DP2,VES,0.7611
DP2,VIW,0.6683
DP2,VTQ,0.6163
DP2,XPH,0.7188
DPC,DSE,-0.7041
DPC,FGL,0.6105
DPC,FSO,0.7769
DPC,FTM,0.738
DPC,LO5,0.6976
DPC,NAC,0.7802
DPC,PNT,0.6766
DPC,POM,0.604
DPC,QBS,0.6139
DPC,SBG,-0.6365
DPC,SCC,0.6493
DPC,SCD,0.61
DPC,SII,0.7663
DPC,TAR,0.6117
DPC,THN,0.7578
DPC,VLP,0.7561
DPG,DPM,0.7397
DPG,DPR,0.6152
DPG,DQC,0.6119
DPG,DTD,0.6636
DPG,DXG,0.766
DPG,DXS,0.6422
DPG,ELC,0.6795
DPG,FCN,0.8054
DPG,FMC,0.6819
DPG,FRT,0.6857
DPG,FTS,0.774
DPG,G36,0.6596
DPG,GEG,0.8102
DPG,GEX,0.6498
DPG,GIL,0.7227
DPG,GMD,0.6022
DPG,GVR,0.6058
DPG,HAG,0.6399
DPG,HAH,0.7563
DPG,HAR,0.6386
DPG,HAX,0.657
DPG,HCM,0.7552
DPG,HDC,0.8231
DPG,HDG,0.7028
DPG,HDM,0.6234
DPG,HHS,0.7059
DPG,HLD,0.6499
DPG,HPG,0.6997
DPG,HQC,0.6933
DPG,HSG,0.7423
DPG,HT1,0.7105
DPG,HTG,0.6751
DPG,HTN,0.6104
DPG,HUT,0.6403
DPG,IDC,0.729
DPG,IDI,0.7659
DPG,IDJ,0.7581
DPG,IJC,0.7048
DPG,IPA,0.6957
DPG,ITA,0.6002
DPG,ITC,0.656
DPG,JVC,0.6223
DPG,KBC,0.6311
DPG,KDH,0.6073
DPG,KHG,0.6107
DPG,KSB,0.7616
DPG,L14,0.7387
DPG,L18,0.6341
DPG,LAS,0.6701
DPG,LCG,0.7584
DPG,LDG,0.6564
DPG,LHG,0.7319
DPG,LIG,0.6682
DPG,LPB,0.7157
DPG,MBB,0.6627
DPG,MBS,0.6844
DPG,MIG,0.7185
DPG,MSB,0.604
DPG,MSH,0.6259
DPG,MSN,0.6155
DPG,NAF,0.6158
DPG,NBC,0.6131
DPG,NDN,0.6489
DPG,NHA,0.7598
DPG,NKG,0.7263
DPG,NLG,0.7365
DPG,NT2,0.7013
DPG,NTL,0.6196
DPG,OCH,0.6082
DPG,OGC,0.7035
DPG,PAN,0.6872
DPG,PC1,0.7507
DPG,PET,0.7351
DPG,PFL,0.6077
DPG,PHR,0.7046
DPG,PLC,0.6598
DPG,POW,0.6634
DPG,PSI,0.6694
DPG,PTB,0.7085
DPG,PVB,0.6065
DPG,PVC,0.6853
DPG,PVD,0.6517
DPG,PVS,0.6239
DPG,PVT,0.682
DPG,PXL,0.6284
DPG,QTP,0.616
DPG,REE,0.615
DPG,SBS,0.6407
DPG,SBT,0.6456
DPG,SCR,0.7575
DPG,SHB,0.6639
DPG,SHS,0.7046
DPG,SKG,0.7364
DPG,SSI,0.7077
DPG,STB,0.6321
DPG,STK,0.6355
DPG,SZC,0.7583
DPG,TCH,0.7273
DPG,TCI,0.6694
DPG,TDC,0.6624
DPG,TIG,0.7095
DPG,TIP,0.6516
DPG,TLH,0.6184
DPG,TNG,0.7492
DPG,TNH,0.6133
DPG,TPB,0.6252
DPG,TSC,0.6027
DPG,TVB,0.6016
DPG,VCG,0.7729
DPG,VCI,0.7785
DPG,VDS,0.6123
DPG,VGC,0.7098
DPG,VGS,0.7713
DPG,VGT,0.6288
DPG,VHC,0.7049
DPG,VIB,0.6787
DPG,VIG,0.6189
DPG,VIX,0.6996
DPG,VLB,0.6385
DPG,VND,0.7235
DPG,VOS,0.6452
DPG,VPB,0.6077
DPG,VPH,0.6213
DPG,VSH,0.6055
DPM,DPR,0.6916
DPM,DQC,0.7268
DPM,DRC,0.6482
DPM,DRI,0.6167
DPM,DSC,0.6119
DPM,DTE,-0.6091
DPM,DVM,0.6481
DPM,DXG,0.612
DPM,DXP,0.6067
DPM,ELC,0.6635
DPM,EVE,0.657
DPM,FCN,0.667
DPM,FIT,0.6057
DPM,FMC,0.7508
DPM,FRT,0.8277
DPM,FTI,-0.6329
DPM,FTS,0.646
DPM,G36,0.6393
DPM,GAS,0.7286
DPM,GEG,0.7754
DPM,GEX,0.653
DPM,GH3,-0.6782
DPM,GMD,0.7385
DPM,GTT,-0.6033
DPM,HAH,0.795
DPM,HAR,0.6473
DPM,HAX,0.7482
DPM,HC1,-0.6205
DPM,HCM,0.6702
DPM,HDC,0.7162
DPM,HDG,0.6662
DPM,HDM,0.6381
DPM,HHS,0.6401
DPM,HLD,0.6563
DPM,HQC,0.6633
DPM,HSG,0.61
DPM,HT1,0.6835
DPM,HTG,0.6831
DPM,HUB,0.6249
DPM,HUT,0.6767
DPM,IDC,0.8091
DPM,IDI,0.7501
DPM,JVC,0.6848
DPM,KBC,0.6108
DPM,KMR,0.6034
DPM,KSB,0.6071
DPM,L14,0.6021
DPM,L18,0.6564
DPM,LAS,0.747
DPM,LCG,0.6614
DPM,LHC,0.6981
DPM,LHG,0.7195
DPM,LIG,0.6212
DPM,LPB,0.6059
DPM,MBB,0.623
DPM,MIG,0.7151
DPM,MPC,0.6159
DPM,MSH,0.6594
DPM,MSN,0.6566
DPM,NAF,0.6031
DPM,NBB,0.654
DPM,NBC,0.6964
DPM,NHA,0.6351
DPM,NHH,0.6303
DPM,NKG,0.628
DPM,NLG,0.6635
DPM,NT2,0.7218
DPM,OCH,0.6429
DPM,OGC,0.6564
DPM,OIL,0.629
DPM,PAN,0.7052
DPM,PAT,0.6879
DPM,PBP,0.6063
DPM,PC1,0.7634
DPM,PDB,0.6538
DPM,PET,0.745
DPM,PGC,0.6958
DPM,PHC,0.6442
DPM,PHR,0.7025
DPM,PLC,0.7128
DPM,PNJ,0.6241
DPM,POW,0.7056
DPM,PSD,0.71
DPM,PSI,0.6738
DPM,PSW,0.652
DPM,PTB,0.6679
DPM,PTC,0.6335
DPM,PVB,0.6258
DPM,PVC,0.7808
DPM,PVD,0.7745
DPM,PVG,0.7387
DPM,PVS,0.7532
DPM,PVT,0.7735
DPM,QTP,0.7278
DPM,RBC,-0.6781
DPM,REE,0.7667
DPM,SAM,0.6526
DPM,SBT,0.6238
DPM,SCR,0.6881
DPM,SD9,0.644
DPM,SHB,0.6634
DPM,SHS,0.6153
DPM,SKG,0.7218
DPM,SPH,-0.6322
DPM,SSI,0.6515
DPM,STK,0.6578
DPM,SZC,0.7449
DPM,TCI,0.6332
DPM,TCJ,-0.603
DPM,THT,0.6042
DPM,TIP,0.6485
DPM,TNG,0.7434
DPM,TNH,0.7328
DPM,TPB,0.6275
DPM,TSC,0.6463
DPM,TVD,0.6545
DPM,TVS,0.621
DPM,VCG,0.6165
DPM,VCI,0.6631
DPM,VGC,0.7421
DPM,VGS,0.6771
DPM,VHC,0.8024
DPM,VHF,-0.6318
DPM,VIB,0.6571
DPM,VIX,0.6111
DPM,VND,0.6166
DPM,VNR,0.6453
DPM,VNS,0.604
DPM,VOS,0.6877
DPM,VPH,0.6537
DPM,VSH,0.6456
DPP,MTV,-0.6355
DPR,DRC,0.7652
DPR,DRI,0.7133
DPR,FMC,0.6892
DPR,FRT,0.6297
DPR,GAS,0.6407
DPR,GEG,0.6504
DPR,GMD,0.6812
DPR,GVR,0.713
DPR,HAH,0.6385
DPR,HHS,0.6419
DPR,HND,0.6038
DPR,IDC,0.6609
DPR,LAS,0.6441
DPR,LHG,0.6546
DPR,MBB,0.6753
DPR,MIG,0.6289
DPR,MPC,0.6622
DPR,MSH,0.7123
DPR,OIL,0.6008
DPR,PAN,0.6153
DPR,PC1,0.6306
DPR,PET,0.6018
DPR,PHR,0.7843
DPR,PLX,0.6252
DPR,PNJ,0.6831
DPR,PTB,0.7051
DPR,PVC,0.6344
DPR,PVD,0.624
DPR,PVS,0.6408
DPR,PVT,0.6306
DPR,QTP,0.628
DPR,REE,0.6134
DPR,STK,0.6499
DPR,TNG,0.6517
DPR,VCS,0.6726
DPR,VEA,0.6114
DPR,VGI,0.6221
DPR,VGT,0.6694
DPR,VHC,0.6853
DQC,EVE,0.6536
DQC,FCN,0.611
DQC,FIT,0.6181
DQC,FMC,0.7064
DQC,FRM,-0.6009
DQC,FRT,0.7628
DQC,G36,0.623
DQC,GAS,0.6065
DQC,GEG,0.6441
DQC,GEX,0.6116
DQC,GH3,-0.6054
DQC,GMD,0.716
DQC,GTT,-0.6622
DQC,HAH,0.7535
DQC,HAP,0.6431
DQC,HAX,0.6621
DQC,HC1,-0.6173
DQC,HDC,0.6129
DQC,HLA,-0.6067
DQC,HLD,0.6346
DQC,HLS,-0.6107
DQC,HQC,0.7066
DQC,HT1,0.6592
DQC,HTG,0.6541
DQC,HUB,0.6508
DQC,HUT,0.7481
DQC,IDC,0.7441
DQC,IDI,0.6942
DQC,JVC,0.6429
DQC,KMR,0.6209
DQC,LCG,0.6207
DQC,LIG,0.6416
DQC,MPC,0.6156
DQC,MSH,0.6019
DQC,MSN,0.6505
DQC,NBC,0.6162
DQC,NT2,0.613
DQC,OGC,0.6659
DQC,PAN,0.6414
DQC,PAT,0.6109
DQC,PC1,0.6242
DQC,PET,0.6482
DQC,PHR,0.656
DQC,PNJ,0.6426
DQC,PSD,0.6845
DQC,PVC,0.7046
DQC,PVD,0.6759
DQC,PVG,0.6498
DQC,PVS,0.7083
DQC,PVT,0.6393
DQC,REE,0.7013
DQC,SCR,0.6657
DQC,SKG,0.6338
DQC,STB,0.6291
DQC,SZC,0.6388
DQC,TCD,0.606
DQC,TCM,0.6252
DQC,THD,0.6491
DQC,TNG,0.6575
DQC,TSC,0.6882
DQC,VGC,0.6535
DQC,VHC,0.7322
DQC,VIB,0.6126
DQC,VMT,-0.6197
DQC,VND,0.6112
DRC,DRI,0.6956
DRC,ELC,0.6704
DRC,FMC,0.7162
DRC,FRT,0.6164
DRC,GEG,0.6503
DRC,GMD,0.6226
DRC,GVR,0.666
DRC,HAH,0.6557
DRC,HCD,0.6788
DRC,HCM,0.6128
DRC,HTG,0.6528
DRC,IDC,0.6447
DRC,IJC,0.6087
DRC,LAS,0.708
DRC,LHG,0.7759
DRC,LPB,0.6434
DRC,LSS,0.606
DRC,MBB,0.6466
DRC,MIG,0.6317
DRC,MSN,0.6393
DRC,NDN,0.6233
DRC,NED,0.6108
DRC,NHH,0.6136
DRC,NTL,0.6296
DRC,OCB,0.6246
DRC,PAN,0.7411
DRC,PC1,0.6067
DRC,PGD,0.6289
DRC,PHR,0.6646
DRC,PLC,0.6138
DRC,PPH,0.6504
DRC,PTB,0.6891
DRC,PVD,0.6132
DRC,PVS,0.6142
DRC,PVT,0.627
DRC,QTP,0.6861
DRC,RAL,0.6517
DRC,REE,0.6657
DRC,SBT,0.6075
DRC,SKG,0.6418
DRC,SLS,0.6102
DRC,STK,0.7277
DRC,SZC,0.6633
DRC,TCB,0.6017
DRC,TCM,0.644
DRC,TIP,0.6231
DRC,TNG,0.7092
DRC,TNH,0.6546
DRC,TVB,0.6139
DRC,VCS,0.658
DRC,VGS,0.6125
DRC,VGT,0.6615
DRC,VHC,0.6686
DRC,VNR,0.6572
DRC,VSH,0.654
DRC,VTO,0.6077
DRH,FCM,0.6116
DRH,HBC,0.6701
DRH,IDC,0.6364
DRH,L14,0.6654
DRH,L18,0.6074
DRH,LDG,0.6147
DRH,LIG,0.6226
DRH,NDX,0.6678
DRH,NRC,0.6256
DRH,OGC,0.6097
DRH,PFL,0.6106
DRH,SCR,0.6235
DRH,VHG,0.6606
DRI,ELC,0.7662
DRI,FMC,0.6264
DRI,FRT,0.631
DRI,GEG,0.6377
DRI,GIL,0.6385
DRI,GMD,0.6018
DRI,GVR,0.7031
DRI,HPG,0.6167
DRI,HSG,0.6201
DRI,IDC,0.6677
DRI,IDV,0.6258
DRI,L18,0.6179
DRI,LAS,0.7997
DRI,LHG,0.6508
DRI,LPB,0.6199
DRI,MBB,0.662
DRI,MIG,0.6071
DRI,MSN,0.6046
DRI,NBC,0.6244
DRI,NKG,0.62
DRI,NTC,0.605
DRI,OIL,0.6747
DRI,PAN,0.6296
DRI,PHR,0.7195
DRI,PLC,0.6391
DRI,PLX,0.6244
DRI,POS,0.6002
DRI,POW,0.6002
DRI,PTB,0.7132
DRI,PVB,0.7374
DRI,PVC,0.7025
DRI,PVD,0.7017
DRI,PVO,0.6122
DRI,PVP,0.6891
DRI,PVS,0.6826
DRI,PVT,0.7106
DRI,QTP,0.6304
DRI,REE,0.6222
DRI,SGP,0.6379
DRI,SKG,0.6246
DRI,STK,0.6862
DRI,SZC,0.6149
DRI,TIP,0.6032
DRI,TNG,0.7262
DRI,VCS,0.6914
DRI,VEA,0.607
DRI,VGI,0.6913
DRI,VGS,0.6378
DRI,VGT,0.7024
DRI,VLC,0.6057
DRL,DSN,0.6999
DRL,DTE,-0.6571
DRL,FTI,-0.6393
DRL,FTM,-0.7167
DRL,GH3,-0.65
DRL,GTT,-0.709
DRL,HC1,-0.7516
DRL,HHN,-0.6917
DRL,HLA,-0.748
DRL,HLS,-0.6433
DRL,HNM,0.6225
DRL,HOT,-0.6791
DRL,ICN,0.6351
DRL,IDI,0.6061
DRL,IN4,-0.7664
DRL,LAF,0.6306
DRL,LCC,-0.6036
DRL,LCD,0.6629
DRL,LM7,-0.6364
DRL,LUT,-0.6535
DRL,MEF,-0.6324
DRL,MND,-0.6405
DRL,MPY,-0.7353
DRL,MRF,-0.6919
DRL,NAC,-0.677
DRL,NDF,-0.6294
DRL,NDW,-0.6188
DRL,PCH,0.6035
DRL,PDN,0.7132
DRL,PPE,-0.6364
DRL,PPI,-0.644
DRL,PSG,-0.6147
DRL,PTG,-0.6521
DRL,PXM,-0.6388
DRL,RBC,-0.6313
DRL,SAL,-0.6329
DRL,SBG,0.6883
DRL,SCD,-0.7059
DRL,SD9,0.6076
DRL,SJD,0.6031
DRL,SKG,0.6641
DRL,SP2,0.6213
DRL,TCJ,-0.6035
DRL,TDB,0.7915
DRL,THN,-0.6649
DRL,TVH,-0.6145
DRL,TW3,-0.6013
DRL,UMC,-0.6101
DRL,VC3,0.6265
DRL,VGP,0.6519
DRL,VLP,-0.608
DRL,VNS,0.6568
DRL,VSF,0.6178
DRL,X26,-0.6364
DSC,FIT,0.6549
DSC,FRT,0.6135
DSC,GH3,-0.7063
DSC,HAX,0.6393
DSC,HC1,-0.6758
DSC,HCM,0.6383
DSC,HEC,0.6068
DSC,HEP,0.6217
DSC,HHN,-0.6033
DSC,HHV,0.6307
DSC,HNM,0.648
DSC,HSG,0.6323
DSC,ICN,0.6655
DSC,IJC,0.6084
DSC,IN4,-0.674
DSC,KMR,0.649
DSC,L18,0.6179
DSC,LQN,-0.612
DSC,LUT,-0.6155
DSC,MBS,0.638
DSC,MPY,-0.6024
DSC,NKG,0.6236
DSC,OCH,0.6835
DSC,PAN,0.6146
DSC,PBP,0.6969
DSC,PCH,0.6212
DSC,PPI,-0.6085
DSC,PSI,0.6563
DSC,PTC,0.6463
DSC,PVD,0.6171
DSC,PVS,0.6002
DSC,RBC,-0.6344
DSC,REE,0.6023
DSC,SAL,-0.6104
DSC,SBS,0.6074
DSC,SBT,0.6206
DSC,SCR,0.6009
DSC,SP2,0.6341
DSC,TCI,0.6337
DSC,TLH,0.6021
DSC,TSC,0.6424
DSC,TVB,0.7022
DSC,TVH,-0.6112
DSC,VCI,0.6098
DSC,VGS,0.6301
DSC,VIG,0.61
DSC,VMT,-0.609
DSC,VND,0.6006
DSC,WSS,0.6279
DSD,DSG,0.7255
DSD,DTE,0.7655
DSD,DTH,0.653
DSD,DUS,0.8103
DSD,DVW,0.7922
DSD,DZM,0.6171
DSD,FBC,0.8791
DSD,FCC,0.7429
DSD,FHN,0.8469
DSD,FHS,-0.6264
DSD,FTI,0.8285
DSD,GH3,0.6638
DSD,GLW,0.7123
DSD,GMA,0.8522
DSD,HCI,0.6988
DSD,HD6,-0.6098
DSD,HEC,-0.6815
DSD,HFX,0.675
DSD,HGT,0.7119
DSD,HKB,0.6156
DSD,HLS,0.6075
DSD,HMG,0.7182
DSD,HNP,0.6877
DSD,IBD,0.8377
DSD,ICI,0.6288
DSD,IME,0.6762
DSD,LAW,0.6631
DSD,LCC,0.6205
DSD,LG9,0.6131
DSD,MGR,0.7564
DSD,MIE,0.7898
DSD,MLC,0.6599
DSD,MTB,0.8537
DSD,NAP,0.6097
DSD,ODE,-0.6051
DSD,PAI,0.7619
DSD,PHH,0.6795
DSD,PID,0.6206
DSD,PMJ,0.7866
DSD,POB,0.6644
DSD,PPT,-0.7041
DSD,PSW,-0.6427
DSD,PTH,0.6528
DSD,PTX,0.6636
DSD,QHD,-0.7006
DSD,QNT,0.661
DSD,QST,0.7098
DSD,RBC,0.6641
DSD,SAL,0.7466
DSD,SCG,-0.6451
DSD,SFN,0.7048
DSD,SGD,0.6649
DSD,SHI,-0.6484
DSD,SPH,0.8607
DSD,SSF,0.8032
DSD,STS,0.678
DSD,TCJ,0.7682
DSD,TDT,-0.6113
DSD,TRT,0.6708
DSD,TST,0.7753
DSD,TVG,0.6594
DSD,TVH,0.7472
DSD,UCT,0.6304
DSD,UDL,0.6357
DSD,UMC,0.7551
DSD,UPC,0.6699
DSD,VCM,0.7178
DSD,VFC,0.6125
DSD,VHD,0.7017
DSD,VTG,0.8162
DSD,VTI,0.6674
DSD,VVN,0.627
DSD,VXB,0.7562
DSD,VXP,0.8878
DSD,XDH,0.786
DSD,XPH,0.621
DSE,DVG,-0.6328
DSE,FSO,-0.7648
DSE,FTM,-0.6467
DSE,HOT,-0.6443
DSE,HTP,-0.6632
DSE,IN4,-0.6928
DSE,L62,-0.6496
DSE,LAF,0.6137
DSE,LCD,0.6209
DSE,LO5,-0.6371
DSE,LSS,0.651
DSE,MND,-0.6898
DSE,MPY,-0.6708
DSE,NAC,-0.7912
DSE,PNT,-0.6131
DSE,QBS,-0.6237
DSE,QNP,0.6072
DSE,SBG,0.6153
DSE,SCD,-0.7115
DSE,SGC,0.6457
DSE,SII,-0.6934
DSE,SKG,0.6062
DSE,TB8,-0.7604
DSE,TCI,0.6435
DSE,THN,-0.763
DSE,TSA,0.696
DSE,TVB,0.6238
DSE,TVC,0.614
DSE,VDG,-0.6755
DSE,VGP,0.6339
DSE,VLP,-0.6577
DSE,VTH,0.6363
DSG,DTE,0.6309
DSG,DTH,0.6722
DSG,DUS,0.6882
DSG,DVW,0.6426
DSG,FBC,0.6816
DSG,FHN,0.6657
DSG,FTI,0.6926
DSG,GND,0.6043
DSG,HFX,0.654
DSG,HNP,0.6648
DSG,IBD,0.7032
DSG,IME,0.6645
DSG,KHD,0.6112
DSG,MGR,0.6386
DSG,MRF,0.6498
DSG,MTB,0.6541
DSG,NDP,0.6371
DSG,NO1,-0.6795
DSG,PAI,0.6988
DSG,PCC,0.6054
DSG,PHH,0.6913
DSG,PPT,-0.6451
DSG,PSW,-0.6058
DSG,RBC,0.6025
DSG,SAL,0.661
DSG,SCD,0.6486
DSG,SPH,0.6169
DSG,SSF,0.6612
DSG,SSM,0.6478
DSG,TCJ,0.6794
DSG,TST,0.6826
DSG,TVH,0.6695
DSG,UMC,0.6115
DSG,UPC,0.6961
DSG,USD,-0.6491
DSG,VTI,0.6565
DSG,VXB,0.6514
DSG,VXP,0.6912
DSG,XDH,0.6006
DSN,GTT,-0.6185
DSN,HLA,-0.6648
DSN,NSC,0.6552
DSN,PSG,-0.62
DSN,QTP,0.6064
DSN,THU,-0.6195
DSN,VVN,-0.662
DSN,X26,-0.6405
DSP,NJC,0.6
DST,FCM,0.6368
DST,HBC,0.6085
DST,ITQ,0.6742
DST,MBG,0.6641
DST,NDX,0.6063
DST,PV2,0.6303
DST,SHA,0.628
DTC,DVG,0.6588
DTC,DVT,0.754
DTC,GMC,0.7869
DTC,HLO,0.6844
DTC,HMD,0.7878
DTC,HTP,0.6369
DTC,IRC,0.8351
DTC,L61,0.6991
DTC,L62,0.728
DTC,LDW,0.8307
DTC,LM7,0.6174
DTC,LNC,0.8133
DTC,MQB,0.7926
DTC,NLS,-0.726
DTC,NVP,0.6485
DTC,PCG,0.6088
DTC,POM,0.6397
DTC,PTM,0.6532
DTC,QBS,0.7285
DTC,RYG,-0.6461
DTC,SD4,0.6185
DTC,SLD,0.6221
DTC,SPD,-0.6179
DTC,TAB,0.777
DTC,TCK,0.8326
DTC,TD6,-0.6238
DTC,TVA,-0.6074
DTC,UXC,0.6984
DTC,VDG,0.6409
DTC,VE8,0.7298
DTC,VIR,0.6024
DTC,VMK,0.7442
DTC,VUA,0.6458
DTD,DXG,0.6239
DTD,DXP,0.622
DTD,ELC,0.6314
DTD,EVG,0.7052
DTD,FCN,0.6859
DTD,FTS,0.6256
DTD,G36,0.6432
DTD,GEG,0.623
DTD,GIL,0.6137
DTD,HBC,0.6279
DTD,HDC,0.6068
DTD,HHS,0.6223
DTD,HT1,0.6093
DTD,IDI,0.6046
DTD,IDJ,0.7328
DTD,ITC,0.6361
DTD,IVS,0.658
DTD,KSB,0.6564
DTD,L14,0.6312
DTD,L18,0.6009
DTD,LAS,0.6019
DTD,LCG,0.6613
DTD,LHG,0.6491
DTD,LIG,0.6516
DTD,LSS,0.6658
DTD,NDN,0.7075
DTD,NHA,0.722
DTD,NLG,0.7034
DTD,NTL,0.6658
DTD,PC1,0.6101
DTD,PXL,0.6453
DTD,SHS,0.6041
DTD,SKG,0.6237
DTD,SZC,0.6722
DTD,TCH,0.6133
DTD,TCI,0.6002
DTD,TDC,0.6685
DTD,TIG,0.702
DTD,TIP,0.7283
DTD,TVC,0.6341
DTD,TVS,0.6621
DTD,VC2,0.6433
DTD,VC7,0.6764
DTD,VCI,0.6039
DTD,VGC,0.6338
DTD,VGS,0.6777
DTD,VIX,0.6164
DTD,VLB,0.604
DTD,WSS,0.605
DTE,DTG,-0.7
DTE,DTH,0.6003
DTE,DUS,0.8804
DTE,DVM,-0.6127
DTE,DVW,0.8736
DTE,DXL,0.6247
DTE,DZM,0.6769
DTE,EVE,-0.6107
DTE,FBC,0.8063
DTE,FCC,0.6298
DTE,FGL,0.7492
DTE,FHN,0.7961
DTE,FHS,-0.7163
DTE,FIT,-0.6847
DTE,FRM,0.7465
DTE,FSO,0.6179
DTE,FTI,0.8841
DTE,FTM,0.7813
DTE,G20,0.6777
DTE,GH3,0.8271
DTE,GLW,0.6339
DTE,GMA,0.8035
DTE,GND,0.6266
DTE,GTT,0.6625
DTE,HAP,-0.6631
DTE,HAR,-0.6038
DTE,HAX,-0.6296
DTE,HC1,0.801
DTE,HCD,-0.6033
DTE,HD6,-0.7195
DTE,HDM,-0.6713
DTE,HEC,-0.6844
DTE,HFX,0.7625
DTE,HHN,0.7715
DTE,HLA,0.7383
DTE,HLS,0.7405
DTE,HMG,0.6105
DTE,HNM,-0.7604
DTE,HNP,0.7667
DTE,HOT,0.7044
DTE,HQC,-0.635
DTE,IBD,0.713
DTE,ICN,-0.6494
DTE,IDC,-0.6002
DTE,IME,0.7026
DTE,IN4,0.7577
DTE,JVC,-0.6141
DTE,KMR,-0.7956
DTE,L35,0.6438
DTE,LAF,-0.606
DTE,LCC,0.7752
DTE,LHC,-0.6357
DTE,LMC,0.6826
DTE,LO5,0.6586
DTE,LQN,0.6465
DTE,LUT,0.6396
DTE,MDC,-0.617
DTE,MEF,0.7756
DTE,MGR,0.7406
DTE,MLC,0.6023
DTE,MPY,0.7589
DTE,MRF,0.6657
DTE,MTB,0.7767
DTE,NAC,0.6782
DTE,NBB,-0.7208
DTE,NBC,-0.6336
DTE,NDW,0.7376
DTE,ODE,-0.7745
DTE,PBP,-0.614
DTE,PDV,-0.6336
DTE,PGC,-0.6744
DTE,PHC,-0.6489
DTE,PHH,0.7824
DTE,PLE,0.686
DTE,PMB,-0.7134
DTE,PMW,-0.6504
DTE,PNP,-0.6365
DTE,PPH,-0.6333
DTE,PPI,0.7612
DTE,PPT,-0.7601
DTE,PSE,-0.6598
DTE,PSG,0.7251
DTE,PSW,-0.7322
DTE,PTC,-0.6946
DTE,PTG,0.7939
DTE,PTL,-0.6034
DTE,QHD,-0.6904
DTE,QNT,0.6985
DTE,RBC,0.7938
DTE,RCD,0.6643
DTE,SAL,0.8955
DTE,SBG,-0.716
DTE,SBT,-0.6142
DTE,SCD,0.7424
DTE,SCG,-0.6525
DTE,SD5,-0.6216
DTE,SD9,-0.6089
DTE,SFN,0.7115
DTE,SHI,-0.7046
DTE,SII,0.6745
DTE,SPH,0.8795
DTE,SRC,0.648
DTE,SSF,0.8752
DTE,STS,0.686
DTE,TAN,-0.6118
DTE,TAR,0.6149
DTE,TBR,0.7113
DTE,TCJ,0.8495
DTE,TDB,-0.6025
DTE,TDT,-0.6791
DTE,TGG,-0.6458
DTE,THN,0.661
DTE,THT,-0.684
DTE,TKC,0.649
DTE,TMW,0.6323
DTE,TNA,-0.6133
DTE,TOT,-0.6188
DTE,TRT,0.8439
DTE,TSC,-0.6802
DTE,TST,0.8062
DTE,TTF,-0.6222
DTE,TVD,-0.6599
DTE,TVH,0.8771
DTE,UMC,0.9037
DTE,UPC,0.6549
DTE,V21,-0.6259
DTE,VC3,-0.6244
DTE,VCT,0.7067
DTE,VE2,0.6078
DTE,VGP,-0.602
DTE,VKC,0.6453
DTE,VLP,0.6311
DTE,VMT,0.7388
DTE,VNR,-0.6121
DTE,VNS,-0.6471
DTE,VPH,-0.6165
DTE,VSF,-0.6114
DTE,VTG,0.8476
DTE,VTI,0.8123
DTE,VVN,0.7203
DTE,VXB,0.8031
DTE,VXP,0.8023
DTE,WTC,-0.6298
DTE,X26,0.6271
DTE,XDH,0.6332
DTE,XHC,0.7213
DTG,DTI,0.7284
DTG,DUS,-0.7116
DTG,DVW,-0.7272
DTG,FBC,-0.6051
DTG,FGL,-0.6545
DTG,FHS,0.6745
DTG,FIT,0.6406
DTG,FSO,-0.621
DTG,FTI,-0.6526
DTG,FTM,-0.707
DTG,GH3,-0.6816
DTG,HC1,-0.656
DTG,HD6,0.687
DTG,HEP,0.6866
DTG,HFX,-0.6977
DTG,HHN,-0.7455
DTG,HNM,0.7423
DTG,HNP,-0.6369
DTG,HOT,-0.6207
DTG,IME,-0.6794
DTG,IN4,-0.7024
DTG,KMR,0.7062
DTG,KTS,0.6385
DTG,L62,-0.6118
DTG,LAF,0.6716
DTG,LCC,-0.7405
DTG,LO5,-0.6211
DTG,LQN,-0.6104
DTG,LUT,-0.676
DTG,MCP,0.6456
DTG,MEF,-0.671
DTG,MND,-0.6111
DTG,MPY,-0.7365
DTG,NAC,-0.7116
DTG,NBC,0.6088
DTG,NDW,-0.7085
DTG,ODE,0.663
DTG,PBP,0.6765
DTG,PHH,-0.7069
DTG,PLA,0.6402
DTG,PLE,-0.6029
DTG,PMW,0.6717
DTG,PPI,-0.6678
DTG,PTC,0.6091
DTG,PTG,-0.6905
DTG,PVX,0.6058
DTG,QNP,0.6173
DTG,QNW,-0.6231
DTG,QTC,-0.6103
DTG,RBC,-0.6105
DTG,SAL,-0.7713
DTG,SBG,0.6603
DTG,SCD,-0.6752
DTG,SFN,-0.6535
DTG,SPH,-0.6305
DTG,SSF,-0.6969
DTG,TAR,-0.6094
DTG,TBR,-0.6035
DTG,TCJ,-0.6858
DTG,TDT,0.6162
DTG,TGG,0.6207
DTG,THN,-0.7039
DTG,TNW,0.6976
DTG,TOT,0.6571
DTG,TRT,-0.6877
DTG,TSC,0.6325
DTG,TVB,0.6108
DTG,TVD,0.6345
DTG,TVH,-0.7499
DTG,UMC,-0.7478
DTG,V21,0.6221
DTG,VCT,-0.6698
DTG,VDL,0.6381
DTG,VE2,-0.6694
DTG,VGL,0.7518
DTG,VGP,0.6473
DTG,VKC,-0.6781
DTG,VLP,-0.6495
DTG,VTG,-0.6234
DTG,VTI,-0.7256
DTG,VXB,-0.6714
DTG,WTC,0.6285
DTG,XHC,-0.6416
DTH,DUS,0.7063
DTH,DVW,0.6292
DTH,FBC,0.7819
DTH,FCC,0.6863
DTH,GLW,0.6697
DTH,GMA,0.6586
DTH,GND,0.6116
DTH,HFX,0.7131
DTH,HTC,0.6014
DTH,IBD,0.7005
DTH,IME,0.744
DTH,LCC,0.6695
DTH,LO5,0.6033
DTH,MGR,0.7284
DTH,MTB,0.8219
DTH,NDP,0.6629
DTH,NQB,0.6141
DTH,PAI,0.8751
DTH,PHH,0.7195
DTH,PMJ,0.6294
DTH,PSG,0.6006
DTH,QNT,0.7312
DTH,QTC,0.798
DTH,SAL,0.6197
DTH,SSF,0.6165
DTH,TED,0.6268
DTH,TNM,0.6106
DTH,TRT,0.6879
DTH,TVH,0.63
DTH,UMC,0.6793
DTH,UPC,0.6136
DTH,USD,-0.6043
DTH,VIR,0.6338
DTH,VTI,0.7559
DTH,VXB,0.6801
DTH,VXP,0.6377
DTI,HAM,0.6566
DTI,HEP,0.6184
DTI,HHV,0.6291
DTI,HMS,0.63
DTI,HNM,0.615
DTI,KTS,0.6156
DTI,PDV,0.6184
DTI,PLA,0.6964
DTI,PVX,0.6824
DTI,SAL,-0.6037
DTI,SBR,0.6777
DTI,SSC,0.6068
DTI,STW,-0.6319
DTI,TNW,0.773
DTI,TOT,0.6888
DTI,TVD,0.6056
DTI,VIG,0.6304
DTI,VMT,-0.6004
DTI,VSA,0.6279
DTP,FSO,-0.6144
DTP,HEP,0.7206
DTP,IN4,-0.6532
DTP,KGM,0.6182
DTP,LAF,0.6385
DTP,LAI,0.6104
DTP,MND,-0.6212
DTP,NAC,-0.6224
DTP,PCE,0.6039
DTP,THN,-0.6078
DTP,TMW,-0.6406
DTP,VE2,-0.6145
DTT,PIS,-0.7119
DTT,THB,-0.6549
DUS,DVC,0.6473
DUS,DVM,-0.6435
DUS,DVW,0.9448
DUS,DXL,0.6911
DUS,DZM,0.6689
DUS,FBC,0.9268
DUS,FCC,0.736
DUS,FGL,0.7268
DUS,FHN,0.8204
DUS,FHS,-0.6337
DUS,FIT,-0.6135
DUS,FRM,0.6384
DUS,FTI,0.909
DUS,FTM,0.7672
DUS,G20,0.6638
DUS,GGG,0.7134
DUS,GH3,0.8233
DUS,GLW,0.7394
DUS,GMA,0.7747
DUS,GND,0.6667
DUS,GTT,0.7494
DUS,HC1,0.7582
DUS,HCD,-0.6727
DUS,HCI,0.7624
DUS,HD6,-0.722
DUS,HEC,-0.656
DUS,HFX,0.869
DUS,HHN,0.7004
DUS,HKB,0.7772
DUS,HLA,0.8006
DUS,HLS,0.78
DUS,HMG,0.672
DUS,HNM,-0.6806
DUS,HNP,0.8445
DUS,HOT,0.7039
DUS,HTC,0.6099
DUS,IBD,0.8217
DUS,IME,0.8947
DUS,IN4,0.6813
DUS,KMR,-0.7717
DUS,L35,0.7155
DUS,LCC,0.8485
DUS,LO5,0.7842
DUS,LQN,0.7364
DUS,LSS,-0.6111
DUS,LUT,0.6931
DUS,MEF,0.6496
DUS,MGR,0.7931
DUS,MIE,0.6915
DUS,MLC,0.6088
DUS,MPT,0.608
DUS,MPY,0.7088
DUS,MRF,0.7478
DUS,MTB,0.8543
DUS,NAC,0.6579
DUS,NBB,-0.6512
DUS,NDW,0.6566
DUS,ODE,-0.7708
DUS,PAI,0.711
DUS,PBP,-0.611
DUS,PDV,-0.6641
DUS,PGC,-0.677
DUS,PHH,0.9019
DUS,PLE,0.6796
DUS,PMB,-0.6884
DUS,PMJ,0.6304
DUS,POB,0.6956
DUS,PPH,-0.6856
DUS,PPI,0.8116
DUS,PPT,-0.7723
DUS,PSE,-0.612
DUS,PSG,0.8473
DUS,PSW,-0.7094
DUS,PTD,0.6017
DUS,PTG,0.664
DUS,PXM,0.6319
DUS,QHD,-0.6181
DUS,QNT,0.8165
DUS,QNU,0.6229
DUS,QST,0.7246
DUS,QTC,0.7185
DUS,RBC,0.7723
DUS,SAL,0.9685
DUS,SBG,-0.6145
DUS,SBT,-0.6626
DUS,SCD,0.7109
DUS,SCG,-0.762
DUS,SFN,0.8281
DUS,SGT,-0.6166
DUS,SHI,-0.6788
DUS,SHP,-0.646
DUS,SPH,0.8678
DUS,SSF,0.9134
DUS,SSM,0.6396
DUS,SSN,0.6359
DUS,STS,0.8579
DUS,STW,0.6257
DUS,TAW,0.6531
DUS,TBR,0.687
DUS,TCJ,0.8416
DUS,TDT,-0.7322
DUS,THN,0.6316
DUS,THT,-0.6483
DUS,TKC,0.6567
DUS,TNA,-0.6433
DUS,TOT,-0.6675
DUS,TRT,0.8234
DUS,TST,0.8002
DUS,TVD,-0.611
DUS,TVG,0.6853
DUS,TVH,0.9587
DUS,TW3,0.6138
DUS,UCT,0.6715
DUS,UDL,0.6961
DUS,UMC,0.9395
DUS,UPC,0.7481
DUS,V21,-0.6591
DUS,VC3,-0.6235
DUS,VCT,0.8317
DUS,VE2,0.6364
DUS,VHF,0.6559
DUS,VID,-0.6719
DUS,VIR,0.6687
DUS,VKC,0.7342
DUS,VMS,0.6314
DUS,VMT,0.6846
DUS,VNL,-0.6523
DUS,VNX,0.6678
DUS,VTG,0.8552
DUS,VTI,0.8994
DUS,VVN,0.8641
DUS,VXB,0.915
DUS,VXP,0.8404
DUS,WTC,-0.6524
DUS,X26,0.7783
DUS,XDH,0.68
DUS,XHC,0.7376
DVC,DVW,0.669
DVC,FBC,0.6031
DVC,FTI,0.6707
DVC,GGG,0.6317
DVC,GH3,0.7082
DVC,GLW,0.603
DVC,GTT,0.7066
DVC,HC1,0.6925
DVC,HES,0.6325
DVC,HFX,0.6097
DVC,HLA,0.609
DVC,HLS,0.6094
DVC,HOT,0.6189
DVC,IBD,0.6616
DVC,L35,0.7093
DVC,LQN,0.6906
DVC,MIE,0.6151
DVC,MLC,0.6111
DVC,MRF,0.6555
DVC,PMW,-0.6067
DVC,PSG,0.6356
DVC,RBC,0.6164
DVC,SAL,0.632
DVC,SPH,0.6291
DVC,SSF,0.6553
DVC,SSN,0.6353
DVC,STW,0.6284
DVC,TTS,0.6998
DVC,TVH,0.6135
DVC,TW3,0.6015
DVC,UEM,0.6357
DVC,UMC,0.6708
DVC,VHF,0.7712
DVC,VMS,0.6014
DVC,VMT,0.6002
DVC,VXB,0.6525
DVC,VXP,0.6505
DVG,FSO,0.6823
DVG,FTM,0.6162
DVG,GMC,0.7495
DVG,GSM,-0.6051
DVG,HEJ,0.6667
DVG,HMD,0.6561
DVG,HTP,0.7662
DVG,IN4,0.6847
DVG,IRC,0.7964
DVG,KHD,0.6165
DVG,L40,-0.6029
DVG,L62,0.8165
DVG,LCD,-0.6827
DVG,LCM,0.7435
DVG,LDW,0.7374
DVG,LM7,0.7769
DVG,LNC,0.6641
DVG,LTG,0.6438
DVG,MND,0.7682
DVG,MPY,0.7022
DVG,MQB,0.6822
DVG,MRF,0.6316
DVG,MTS,-0.715
DVG,NAC,0.7815
DVG,NVP,0.7955
DVG,PIV,-0.6608
DVG,POM,0.6887
DVG,QBS,0.8565
DVG,QNP,-0.6173
DVG,RYG,-0.7246
DVG,SCD,0.7694
DVG,SGC,-0.6716
DVG,SPD,-0.7065
DVG,SRA,0.7868
DVG,TB8,0.7449
DVG,TCK,0.6347
DVG,THN,0.7898
DVG,TKU,0.6674
DVG,TVA,-0.6199
DVG,UXC,0.7746
DVG,VDG,0.792
DVG,VE2,0.6081
DVG,VE8,0.7112
DVG,VGL,-0.6345
DVG,VIR,0.6775
DVG,VLP,0.7018
DVG,VNH,0.6115
DVG,VNX,0.6095
DVG,VPR,-0.7139
DVG,VSF,-0.6071
DVG,VTH,-0.6018
DVG,VUA,0.7825
DVG,X20,-0.6112
DVM,FHN,-0.6515
DVM,FTI,-0.6648
DVM,HAX,0.6123
DVM,LAS,0.6037
DVM,PDV,0.6481
DVM,PGC,0.6548
DVM,RBC,-0.6018
DVM,SAL,-0.624
DVM,SPH,-0.6694
DVM,SSF,-0.659
DVM,TCJ,-0.6267
DVM,THT,0.6025
DVM,TVH,-0.6056
DVM,UMC,-0.6487
DVM,VOS,0.6351
DVM,VTG,-0.6006
DVM,VXB,-0.6437
DVM,VXP,-0.6201
DVM,XDH,-0.6405
DVN,PHP,0.6017
DVN,SGP,0.6107
DVP,QNS,0.6965
DVP,QTP,0.6572
DVP,TCL,0.6689
DVT,GMC,0.692
DVT,HHB,0.7703
DVT,HLO,0.8914
DVT,HMD,0.7635
DVT,IRC,0.7702
DVT,L61,0.6186
DVT,L62,0.7303
DVT,LDW,0.8289
DVT,LNC,0.8964
DVT,MQB,0.807
DVT,NLS,-0.8964
DVT,PCG,0.7076
DVT,POM,0.6395
DVT,PTM,0.832
DVT,QBS,0.6216
DVT,RGG,0.7377
DVT,RYG,-0.7143
DVT,SD4,0.6497
DVT,SLD,0.8005
DVT,SSH,0.6782
DVT,TAB,0.842
DVT,TCK,0.7605
DVT,TCX,-0.6422
DVT,TD6,-0.6882
DVT,UXC,0.6508
DVT,VCR,0.613
DVT,VE8,0.7703
DVT,VMK,0.7319
DVW,DXL,0.6698
DVW,DZM,0.6965
DVW,FBC,0.907
DVW,FCC,0.6774
DVW,FGL,0.7145
DVW,FHN,0.765
DVW,FHS,-0.6626
DVW,FIT,-0.6451
DVW,FRM,0.7119
DVW,FTI,0.8922
DVW,FTM,0.7622
DVW,G20,0.6334
DVW,GGG,0.7019
DVW,GH3,0.8836
DVW,GLW,0.7083
DVW,GMA,0.757
DVW,GND,0.6125
DVW,GTT,0.7674
DVW,HAP,-0.6009
DVW,HAX,-0.6527
DVW,HC1,0.7921
DVW,HCD,-0.6506
DVW,HCI,0.7256
DVW,HD6,-0.736
DVW,HDM,-0.6106
DVW,HEC,-0.6915
DVW,HFX,0.8223
DVW,HHN,0.7253
DVW,HKB,0.7087
DVW,HLA,0.7905
DVW,HLS,0.8356
DVW,HMG,0.6924
DVW,HNM,-0.7397
DVW,HNP,0.8214
DVW,HOT,0.6795
DVW,IBD,0.7738
DVW,ICN,-0.6155
DVW,IME,0.8549
DVW,IN4,0.7103
DVW,KMR,-0.7941
DVW,L18,-0.6182
DVW,L35,0.7404
DVW,LAF,-0.6145
DVW,LCC,0.8241
DVW,LO5,0.6986
DVW,LQN,0.7962
DVW,LUT,0.7148
DVW,MCP,-0.6355
DVW,MDC,-0.6457
DVW,MEF,0.6926
DVW,MGR,0.7753
DVW,MIE,0.6479
DVW,MLC,0.7057
DVW,MPY,0.6765
DVW,MRF,0.7027
DVW,MTB,0.8334
DVW,NAC,0.6414
DVW,NBB,-0.7087
DVW,NBC,-0.6432
DVW,NDW,0.6974
DVW,NED,-0.6159
DVW,ODE,-0.7929
DVW,PAI,0.6458
DVW,PBC,-0.6222
DVW,PBP,-0.7169
DVW,PGC,-0.6734
DVW,PHC,-0.6036
DVW,PHH,0.8545
DVW,PLE,0.6877
DVW,PMB,-0.7005
DVW,PMW,-0.6105
DVW,POB,0.625
DVW,PPH,-0.6301
DVW,PPI,0.8329
DVW,PPT,-0.7108
DVW,PSE,-0.6234
DVW,PSG,0.8529
DVW,PSW,-0.713
DVW,PTC,-0.6882
DVW,PTG,0.7069
DVW,QHD,-0.627
DVW,QNT,0.7841
DVW,QNU,0.6186
DVW,QNW,0.6366
DVW,QST,0.6648
DVW,QTC,0.6392
DVW,RBC,0.8059
DVW,SAL,0.9385
DVW,SBG,-0.6367
DVW,SBT,-0.6649
DVW,SCD,0.6834
DVW,SCG,-0.7794
DVW,SCO,0.6684
DVW,SFN,0.8163
DVW,SGT,-0.6495
DVW,SHI,-0.7086
DVW,SHP,-0.6321
DVW,SPH,0.859
DVW,SSF,0.8876
DVW,SSN,0.6527
DVW,STS,0.8707
DVW,STW,0.7164
DVW,TAN,-0.6294
DVW,TAW,0.6408
DVW,TBR,0.7067
DVW,TCI,-0.6091
DVW,TCJ,0.8212
DVW,TDT,-0.72
DVW,TGG,-0.6851
DVW,THN,0.6151
DVW,THT,-0.6686
DVW,TKC,0.6489
DVW,TNA,-0.6162
DVW,TOT,-0.6703
DVW,TRT,0.8064
DVW,TSC,-0.6387
DVW,TST,0.7874
DVW,TTF,-0.6146
DVW,TVD,-0.6497
DVW,TVG,0.6599
DVW,TVH,0.9563
DVW,UCT,0.6192
DVW,UDL,0.6852
DVW,UMC,0.9356
DVW,UPC,0.7393
DVW,V21,-0.6426
DVW,VCT,0.8493
DVW,VE2,0.6375
DVW,VHF,0.7028
DVW,VID,-0.6743
DVW,VKC,0.7764
DVW,VMT,0.781
DVW,VNL,-0.6677
DVW,VNR,-0.6111
DVW,VTG,0.8578
DVW,VTI,0.8549
DVW,VVN,0.8346
DVW,VXB,0.8914
DVW,VXP,0.8228
DVW,WTC,-0.6515
DVW,X26,0.7779
DVW,XHC,0.7467
DWC,HPI,0.6521
DWC,HPM,0.6294
DWC,MIE,0.6326
DWC,NQB,0.6044
DWC,NQN,0.6348
DWC,PTH,0.6341
DWC,PWS,0.6142
DWC,STC,0.6482
DWC,STL,0.6306
DWC,TTC,0.6048
DWC,UCT,0.6039
DWS,IN4,0.6174
DWS,MND,0.651
DWS,MPY,0.6468
DWS,NAC,0.611
DWS,PNP,-0.6263
DWS,PPE,0.6219
DWS,SCD,0.6114
DWS,SPV,0.6602
DWS,TB8,0.6516
DXG,DXS,0.7394
DXG,EIB,0.6339
DXG,ELC,0.6829
DXG,EVS,0.6306
DXG,FCN,0.7911
DXG,FIT,0.641
DXG,FRT,0.6628
DXG,FTS,0.7804
DXG,G36,0.6148
DXG,GEG,0.6675
DXG,GEX,0.733
DXG,GIL,0.6975
DXG,HAG,0.6558
DXG,HAH,0.6546
DXG,HAR,0.6114
DXG,HBC,0.6487
DXG,HCM,0.83
DXG,HDC,0.8423
DXG,HDG,0.6773
DXG,HHS,0.6822
DXG,HHV,0.7046
DXG,HLD,0.6194
DXG,HPG,0.7826
DXG,HQC,0.7395
DXG,HSG,0.8007
DXG,HT1,0.7209
DXG,HUT,0.6971
DXG,IDC,0.7393
DXG,IDI,0.7426
DXG,IDJ,0.6315
DXG,IJC,0.7475
DXG,IPA,0.732
DXG,ITA,0.6729
DXG,IVS,0.6029
DXG,KBC,0.7668
DXG,KDH,0.7139
DXG,KHG,0.7091
DXG,KSB,0.7801
DXG,L14,0.7842
DXG,L18,0.6455
DXG,LCG,0.825
DXG,LDG,0.6783
DXG,LHG,0.6278
DXG,LIG,0.6315
DXG,LPB,0.7021
DXG,MBB,0.6732
DXG,MBS,0.7989
DXG,MIG,0.6247
DXG,MSB,0.6563
DXG,MSN,0.6588
DXG,MWG,0.632
DXG,NAB,0.6053
DXG,NHA,0.7472
DXG,NKG,0.833
DXG,NLG,0.7725
DXG,NT2,0.6824
DXG,OGC,0.7097
DXG,PAN,0.6697
DXG,PC1,0.7199
DXG,PET,0.7158
DXG,PHC,0.6177
DXG,PHR,0.6342
DXG,PLC,0.6571
DXG,POW,0.6186
DXG,PSI,0.6688
DXG,PTB,0.6308
DXG,PVB,0.618
DXG,PVC,0.6569
DXG,PVD,0.6973
DXG,PVS,0.6126
DXG,PVT,0.6731
DXG,S99,0.6001
DXG,SBS,0.7491
DXG,SBT,0.6631
DXG,SCI,0.6097
DXG,SCR,0.8333
DXG,SHB,0.6696
DXG,SHS,0.8521
DXG,SKG,0.6863
DXG,SSI,0.8745
DXG,STB,0.7646
DXG,SZC,0.7286
DXG,TCB,0.6484
DXG,TCH,0.7763
DXG,TCI,0.7149
DXG,TDC,0.6629
DXG,THD,0.6396
DXG,TIG,0.6369
DXG,TLH,0.6619
DXG,TNG,0.7194
DXG,TPB,0.6272
DXG,TSC,0.6545
DXG,TTF,0.6718
DXG,VCG,0.8234
DXG,VCI,0.8626
DXG,VGC,0.718
DXG,VGS,0.7432
DXG,VHC,0.6007
DXG,VIB,0.6823
DXG,VIG,0.6363
DXG,VIX,0.8306
DXG,VLB,0.6772
DXG,VND,0.8007
DXG,VPB,0.6215
DXG,WSS,0.6137
DXL,FGL,0.7368
DXL,FTM,0.662
DXL,G20,0.6828
DXL,HLA,0.6852
DXL,HLS,0.6575
DXL,ICC,0.6097
DXL,IME,0.7621
DXL,IN4,0.6364
DXL,KMR,-0.6432
DXL,LCC,0.6634
DXL,LO5,0.701
DXL,LSS,-0.6021
DXL,NAC,0.6438
DXL,PHH,0.7268
DXL,PNT,0.6241
DXL,PPI,0.8227
DXL,PSG,0.7519
DXL,PXM,0.7174
DXL,SAL,0.7117
DXL,SBG,-0.6642
DXL,SBT,-0.6089
DXL,SII,0.6175
DXL,SLS,-0.6272
DXL,SSF,0.615
DXL,STS,0.6728
DXL,TAW,0.6297
DXL,THN,0.6712
DXL,TMW,0.6239
DXL,TVH,0.7341
DXL,UMC,0.6205
DXL,VCT,0.7258
DXL,VE2,0.6648
DXL,VIR,0.7058
DXL,VLP,0.625
DXL,VNX,0.6198
DXL,VTI,0.7381
DXL,VVN,0.7525
DXL,VXB,0.673
DXL,WTC,-0.6061
DXL,X26,0.6928
DXL,XHC,0.6305
DXP,FIT,0.6023
DXP,FMC,0.6101
DXP,GMD,0.6001
DXP,GVR,0.6075
DXP,HAH,0.6391
DXP,HHS,0.6038
DXP,IDC,0.6244
DXP,NDN,0.6098
DXP,PAN,0.646
DXP,PC1,0.6569
DXP,PHC,0.6305
DXP,PTL,0.6002
DXP,PVT,0.6073
DXP,QTP,0.6304
DXP,SZC,0.6468
DXP,TIP,0.6304
DXP,TNG,0.6216
DXP,TVC,0.6177
DXP,VGS,0.6174
DXP,VIB,0.6028
DXS,EIB,0.6061
DXS,EVS,0.691
DXS,FCN,0.6212
DXS,FTS,0.6717
DXS,GEX,0.6284
DXS,GIL,0.6808
DXS,HAH,0.6689
DXS,HCM,0.7507
DXS,HDC,0.7067
DXS,HDG,0.6639
DXS,HHV,0.6573
DXS,HPG,0.72
DXS,HSG,0.7112
DXS,HT1,0.6099
DXS,HUT,0.6484
DXS,IJC,0.6006
DXS,IPA,0.6789
DXS,KBC,0.6135
DXS,KDH,0.6158
DXS,KHG,0.6564
DXS,LCG,0.6212
DXS,LPB,0.6807
DXS,MBB,0.658
DXS,MBS,0.7669
DXS,MSN,0.6089
DXS,MST,0.6037
DXS,MWG,0.6706
DXS,NHA,0.6207
DXS,NKG,0.6991
DXS,ORS,0.6028
DXS,PAN,0.6223
DXS,PC1,0.6637
DXS,PET,0.6608
DXS,PSI,0.6355
DXS,PVS,0.6434
DXS,SBS,0.7074
DXS,SCR,0.6671
DXS,SHB,0.6468
DXS,SHS,0.7927
DXS,SSI,0.7979
DXS,STB,0.6989
DXS,SZC,0.6489
DXS,TCB,0.6952
DXS,TCH,0.6805
DXS,TIG,0.6112
DXS,TLH,0.6146
DXS,TNG,0.6322
DXS,VC2,0.6399
DXS,VCG,0.682
DXS,VCI,0.7451
DXS,VDS,0.6795
DXS,VGS,0.6444
DXS,VIB,0.6385
DXS,VIX,0.7385
DXS,VLB,0.6107
DXS,VND,0.7701
DXS,VPB,0.6447
DXS,WSS,0.6061
DZM,FBC,0.6737
DZM,FHN,0.6393
DZM,FTI,0.7228
DZM,GH3,0.6606
DZM,GMA,0.6642
DZM,HC1,0.6396
DZM,HEC,-0.6599
DZM,HFX,0.6391
DZM,HNM,-0.639
DZM,IBD,0.6345
DZM,ICN,-0.6511
DZM,IME,0.6174
DZM,LCC,0.6066
DZM,MGR,0.6399
DZM,MIE,0.6085
DZM,MTB,0.6192
DZM,PHH,0.6178
DZM,RBC,0.6383
DZM,SAL,0.6839
DZM,SPH,0.683
DZM,SSF,0.6462
DZM,SSN,0.6065
DZM,STS,0.6482
DZM,TCJ,0.702
DZM,TRT,0.6662
DZM,TST,0.6847
DZM,TVH,0.6919
DZM,UMC,0.7188
DZM,VCT,0.6539
DZM,VTG,0.6517
DZM,VTI,0.6455
DZM,VXB,0.7081
DZM,VXP,0.6229
E29,MA1,0.6081
EBS,EMS,0.6021
ECI,FRM,-0.7147
ECI,GCB,0.7342
ECI,GEX,0.617
ECI,HEV,0.8113
ECI,HUT,0.63
ECI,MEF,-0.6064
ECI,NWT,0.6451
ECI,PNP,0.693
ECI,PTG,-0.6245
ECI,QCC,0.6418
ECI,RCC,0.602
ECI,SD7,-0.6045
ECI,SDA,0.643
ECI,SPB,0.6409
ECI,STP,-0.6192
ECI,TDB,0.6176
ECI,TET,0.6689
ECI,VDL,0.6613
EFI,GSM,0.6653
EFI,HFC,0.7507
EFI,HJS,0.625
EFI,HMG,0.7152
EFI,HPM,0.6088
EFI,LAW,0.662
EFI,MA1,0.6152
EFI,MTS,0.6872
EFI,NGC,0.6047
EFI,NQN,0.6627
EFI,NTH,0.6773
EFI,PSN,0.7017
EFI,PTE,0.6445
EFI,QBS,-0.6104
EFI,SBV,-0.6181
EFI,SPD,0.7772
EFI,TVM,0.6738
EFI,VBH,0.8745
EFI,VCX,0.6249
EFI,VES,0.6583
EFI,VIW,0.6469
EFI,VPI,-0.6053
EFI,VTQ,0.6034
EFI,VW3,0.6301
EFI,X20,0.7227
EFI,XPH,0.6799
EFI,YTC,0.6173
EIB,FCN,0.6269
EIB,HPG,0.7114
EIB,HSG,0.6235
EIB,HT1,0.6672
EIB,HUT,0.6069
EIB,IDC,0.6284
EIB,KBC,0.6356
EIB,KDH,0.7894
EIB,KSB,0.6315
EIB,LCG,0.6527
EIB,LPB,0.6156
EIB,MBB,0.6701
EIB,MBS,0.6037
EIB,MSB,0.6161
EIB,NKG,0.6137
EIB,PET,0.6352
EIB,SBS,0.6014
EIB,SCR,0.6326
EIB,SHB,0.6106
EIB,SHS,0.6367
EIB,SSI,0.649
EIB,STB,0.7383
EIB,TCB,0.6163
EIB,TCH,0.6287
EIB,TPB,0.6034
EIB,TTF,0.6095
EIB,VIX,0.6231
EIB,VND,0.6246
EIB,VPB,0.6607
EIC,FCC,-0.6119
EIC,SCG,0.6032
EID,VNS,0.607
ELC,FCN,0.693
ELC,FMC,0.6776
ELC,FRT,0.6555
ELC,FTS,0.7068
ELC,G36,0.6407
ELC,GEG,0.7046
ELC,GIL,0.6842
ELC,GSP,0.6039
ELC,GVR,0.6839
ELC,HAG,0.6095
ELC,HAH,0.6705
ELC,HAX,0.6092
ELC,HBC,0.6078
ELC,HCD,0.6317
ELC,HCM,0.7543
ELC,HDC,0.6492
ELC,HHS,0.6375
ELC,HLD,0.6485
ELC,HPG,0.6738
ELC,HQC,0.6961
ELC,HSG,0.7476
ELC,HT1,0.6495
ELC,HTG,0.6373
ELC,HUB,0.6432
ELC,HUT,0.6001
ELC,IDC,0.7209
ELC,IDI,0.7416
ELC,IDV,0.6048
ELC,IJC,0.6677
ELC,ITA,0.6266
ELC,KBC,0.6367
ELC,KSB,0.7161
ELC,L14,0.6044
ELC,L18,0.6958
ELC,LAS,0.7487
ELC,LCG,0.7435
ELC,LHG,0.7441
ELC,LPB,0.6858
ELC,LSS,0.6429
ELC,MBB,0.6273
ELC,MBS,0.6783
ELC,MIG,0.6654
ELC,MSN,0.6366
ELC,MWG,0.6324
ELC,NAF,0.6254
ELC,NBC,0.6237
ELC,NDN,0.6182
ELC,NED,0.6165
ELC,NHA,0.6702
ELC,NHH,0.678
ELC,NKG,0.747
ELC,NLG,0.6524
ELC,NT2,0.6475
ELC,OGC,0.6246
ELC,PAN,0.6976
ELC,PC1,0.7005
ELC,PET,0.6482
ELC,PGC,0.6137
ELC,PHR,0.6854
ELC,PLC,0.6667
ELC,POW,0.6679
ELC,PTB,0.74
ELC,PVB,0.7176
ELC,PVC,0.6944
ELC,PVD,0.7061
ELC,PVP,0.7259
ELC,PVS,0.6689
ELC,PVT,0.7477
ELC,PXL,0.6496
ELC,QTP,0.6903
ELC,RAL,0.6063
ELC,REE,0.6794
ELC,SBS,0.6046
ELC,SBT,0.6645
ELC,SCR,0.6222
ELC,SGT,0.6421
ELC,SHS,0.6389
ELC,SKG,0.7477
ELC,SSI,0.6676
ELC,STB,0.6411
ELC,STK,0.6628
ELC,SZC,0.7622
ELC,TCH,0.6499
ELC,TCI,0.6437
ELC,TCM,0.608
ELC,TDC,0.6136
ELC,TIG,0.6302
ELC,TIP,0.7606
ELC,TLD,0.6055
ELC,TLH,0.6776
ELC,TNG,0.766
ELC,TNH,0.6064
ELC,TVB,0.6107
ELC,VBB,0.634
ELC,VCG,0.6793
ELC,VCI,0.6891
ELC,VCS,0.6558
ELC,VGC,0.6319
ELC,VGS,0.7401
ELC,VGT,0.6282
ELC,VIB,0.6265
ELC,VIX,0.6152
ELC,VLB,0.659
ELC,VND,0.6251
ELC,VOS,0.6435
ELC,VPD,0.6249
ELC,VPH,0.6113
EME,GMC,-0.7277
EME,HGM,0.6042
EME,HMD,-0.6242
EME,IRC,-0.7003
EME,ISG,0.6741
EME,LNC,-0.6419
EME,MQB,-0.6367
EME,TAB,-0.6195
EME,TCK,-0.7209
EME,USD,0.6993
EME,UXC,-0.6444
EME,VHM,-0.674
EME,VIC,-0.6865
EME,VMK,-0.633
EME,VNI,0.6107
EME,VTQ,0.6772
EMG,GER,0.6612
EMG,HSA,0.6074
EMG,ICC,0.6247
EMG,JOS,0.6793
EMG,PXA,0.6067
EMG,PXM,0.6063
EMG,SD8,0.6998
EMG,THU,0.6041
EMG,X26,0.6099
EMS,HSP,0.683
EMS,HTL,0.6671
EMS,HU6,0.6295
EMS,PAP,0.6104
EMS,VPR,0.6281
EMS,XPH,0.6064
EVE,FCN,0.6716
EVE,FIT,0.724
EVE,FRT,0.6344
EVE,G36,0.7062
EVE,GMD,0.606
EVE,HAH,0.6358
EVE,HAP,0.6761
EVE,HAR,0.6584
EVE,HBC,0.6169
EVE,HCD,0.6051
EVE,HLA,-0.6097
EVE,HLS,-0.6083
EVE,HOM,0.656
EVE,HQC,0.6513
EVE,HT1,0.6552
EVE,HTG,0.6459
EVE,HUB,0.6672
EVE,IDC,0.6795
EVE,IDI,0.6334
EVE,IDV,0.6136
EVE,KMR,0.7486
EVE,L18,0.6406
EVE,LCG,0.6533
EVE,LGL,0.6265
EVE,LHC,0.6489
EVE,LHG,0.6115
EVE,LIG,0.6019
EVE,LSS,0.6183
EVE,MSN,0.6447
EVE,NDN,0.6271
EVE,NHA,0.6026
EVE,NHH,0.6309
EVE,PBP,0.6079
EVE,PC1,0.6109
EVE,PGC,0.6096
EVE,PHC,0.6846
EVE,PHR,0.6408
EVE,PLP,0.6309
EVE,PMB,0.605
EVE,PPH,0.6469
EVE,PSD,0.6807
EVE,PSI,0.6254
EVE,PSW,0.6515
EVE,PVC,0.6005
EVE,PVD,0.6302
EVE,PVG,0.6056
EVE,PVS,0.6383
EVE,QNS,0.6393
EVE,QTP,0.6667
EVE,SBT,0.604
EVE,SD5,0.6586
EVE,SGT,0.6047
EVE,SHA,0.6161
EVE,SHB,0.6151
EVE,SKG,0.6709
EVE,SSI,0.6069
EVE,SZC,0.6059
EVE,TDC,0.6057
EVE,TDG,0.6366
EVE,TDT,0.6068
EVE,TIG,0.6116
EVE,TIP,0.6845
EVE,TLD,0.6023
EVE,TLH,0.6403
EVE,TSC,0.6959
EVE,TTF,0.6853
EVE,TVB,0.6286
EVE,TVH,-0.6094
EVE,TVT,0.6909
EVE,UDJ,0.651
EVE,VGC,0.6131
EVE,VGS,0.6213
EVE,VIB,0.6057
EVE,VIX,0.6613
EVE,VNL,0.6208
EVE,VPH,0.6345
EVE,WSS,0.6873
EVG,G36,0.6197
EVG,IDJ,0.6481
EVG,IVS,0.6379
EVG,NDN,0.617
EVG,NHA,0.6898
EVG,PHC,0.6037
EVG,QCG,0.6135
EVG,TVS,0.6489
EVG,VC2,0.6038
EVG,VC7,0.6089
EVS,FCN,0.6037
EVS,FIT,0.6178
EVS,FMC,0.6373
EVS,GIL,0.6312
EVS,HAH,0.6868
EVS,HCM,0.6982
EVS,HDC,0.6015
EVS,HDG,0.6332
EVS,HHV,0.622
EVS,HPG,0.6434
EVS,HSG,0.6476
EVS,IJC,0.6369
EVS,IPA,0.6836
EVS,LCG,0.6177
EVS,LPB,0.7105
EVS,MBB,0.6348
EVS,MBS,0.7272
EVS,MSB,0.6329
EVS,MWG,0.6099
EVS,NKG,0.6529
EVS,OCB,0.6306
EVS,ORS,0.6172
EVS,PAN,0.6821
EVS,PC1,0.6143
EVS,PSI,0.6632
EVS,S99,0.6129
EVS,SBS,0.7069
EVS,SCI,0.6161
EVS,SCR,0.6131
EVS,SHB,0.6246
EVS,SHS,0.7402
EVS,SSI,0.7165
EVS,TCB,0.6385
EVS,TCI,0.6134
EVS,TLH,0.6588
EVS,TNG,0.6118
EVS,TNT,0.6145
EVS,VCI,0.6771
EVS,VDS,0.708
EVS,VGS,0.6811
EVS,VIB,0.6789
EVS,VIG,0.6283
EVS,VIX,0.7
EVS,VND,0.6771
EVS,VPB,0.6159
EVS,WSS,0.706
FBC,FCC,0.821
FBC,FGL,0.633
FBC,FHN,0.8191
FBC,FHS,-0.6416
FBC,FTI,0.8334
FBC,FTM,0.6286
FBC,GGG,0.671
FBC,GH3,0.7039
FBC,GLW,0.7834
FBC,GMA,0.8622
FBC,GND,0.6205
FBC,GTT,0.6032
FBC,HC1,0.6193
FBC,HCI,0.8178
FBC,HD6,-0.6442
FBC,HEC,-0.6392
FBC,HFX,0.798
FBC,HKB,0.7694
FBC,HLA,0.6599
FBC,HLS,0.7004
FBC,HMG,0.7208
FBC,HNP,0.7315
FBC,IBD,0.8577
FBC,ICI,0.6486
FBC,IME,0.8459
FBC,KMR,-0.6688
FBC,L35,0.6144
FBC,LCC,0.7598
FBC,LO5,0.6392
FBC,LQN,0.6266
FBC,MGR,0.834
FBC,MIE,0.779
FBC,MTB,0.9562
FBC,NAP,0.603
FBC,NQB,0.6514
FBC,ODE,-0.6625
FBC,PAI,0.8153
FBC,PBC,-0.6051
FBC,PHH,0.815
FBC,PID,0.6658
FBC,PLE,0.6442
FBC,PMB,-0.6318
FBC,PMJ,0.7355
FBC,POB,0.7342
FBC,PPI,0.6721
FBC,PPT,-0.708
FBC,PSG,0.7658
FBC,PSW,-0.6598
FBC,QHD,-0.6236
FBC,QNT,0.8161
FBC,QNU,0.6764
FBC,QST,0.7469
FBC,QTC,0.7182
FBC,RBC,0.6801
FBC,SAL,0.8528
FBC,SCG,-0.764
FBC,SCO,0.6444
FBC,SFN,0.7826
FBC,SGD,0.6031
FBC,SHI,-0.6879
FBC,SHP,-0.6081
FBC,SPH,0.851
FBC,SSF,0.8595
FBC,SSN,0.6355
FBC,STS,0.8274
FBC,TAW,0.7065
FBC,TBR,0.6165
FBC,TCJ,0.7531
FBC,TDT,-0.6543
FBC,TKC,0.618
FBC,TNM,0.6281
FBC,TRT,0.8184
FBC,TST,0.7602
FBC,TVG,0.7972
FBC,TVH,0.874
FBC,UCT,0.7235
FBC,UDL,0.7623
FBC,UMC,0.8856
FBC,UPC,0.716
FBC,VCM,0.6774
FBC,VCT,0.7824
FBC,VKC,0.6176
FBC,VMT,0.6091
FBC,VTG,0.8687
FBC,VTI,0.8156
FBC,VVN,0.7873
FBC,VXB,0.8859
FBC,VXP,0.8749
FBC,X26,0.6475
FBC,XDH,0.7061
FBC,XHC,0.6761
FCC,FHN,0.6258
FCC,FTI,0.6146
FCC,GLW,0.633
FCC,GMA,0.7905
FCC,HCI,0.8573
FCC,HFX,0.7187
FCC,HKB,0.6851
FCC,HMG,0.6494
FCC,IBD,0.6785
FCC,ICI,0.6011
FCC,IME,0.6816
FCC,LCC,0.6353
FCC,MGR,0.7102
FCC,MIE,0.7707
FCC,MTB,0.7909
FCC,NQB,0.8371
FCC,PAI,0.7277
FCC,PHH,0.6518
FCC,PID,0.6701
FCC,PLE,0.6099
FCC,PMJ,0.8262
FCC,PTH,0.6011
FCC,QNT,0.7438
FCC,QNU,0.6015
FCC,QST,0.748
FCC,QTC,0.6185
FCC,SAL,0.6516
FCC,SCG,-0.6085
FCC,SFN,0.6243
FCC,SPH,0.6822
FCC,SSF,0.6336
FCC,STS,0.6659
FCC,TAW,0.6012
FCC,TDT,-0.6122
FCC,TNM,0.6618
FCC,TPS,0.7196
FCC,TRT,0.7012
FCC,TST,0.6513
FCC,TVG,0.8164
FCC,TVH,0.6475
FCC,UCT,0.8371
FCC,UDL,0.7071
FCC,UMC,0.6697
FCC,VCM,0.6024
FCC,VTG,0.8162
FCC,VTI,0.7337
FCC,VVN,0.65
FCC,VXB,0.6682
FCC,VXP,0.6673
FCC,XDH,0.6122
FCC,XMD,0.6153
FCM,FCN,0.6172
FCM,GSP,0.6045
FCM,HAP,0.6288
FCM,HBC,0.6637
FCM,IDI,0.6238
FCM,JVC,0.6084
FCM,KHP,0.6094
FCM,KMR,0.617
FCM,L14,0.6201
FCM,L18,0.624
FCM,LGL,0.632
FCM,MBG,0.6249
FCM,NDX,0.6608
FCM,OGC,0.6338
FCM,PHC,0.6098
FCM,PV2,0.6653
FCM,PVG,0.6391
FCM,PXL,0.6323
FCM,SAM,0.6051
FCM,SD5,0.6873
FCM,SD9,0.6305
FCM,SHA,0.634
FCM,SKG,0.6433
FCM,TDC,0.6289
FCM,TDG,0.6443
FCM,TDH,0.6774
FCM,THG,0.6804
FCM,TLH,0.6153
FCM,VPH,0.6445
FCN,FIT,0.7038
FCN,FMC,0.6171
FCN,FRT,0.6949
FCN,FTS,0.7235
FCN,G36,0.7813
FCN,GEG,0.7468
FCN,GEX,0.7327
FCN,GIL,0.6348
FCN,HAG,0.7199
FCN,HAH,0.7002
FCN,HAP,0.6231
FCN,HAR,0.7304
FCN,HBC,0.7023
FCN,HCM,0.7605
FCN,HDC,0.7704
FCN,HDG,0.6721
FCN,HDM,0.632
FCN,HHS,0.7183
FCN,HHV,0.6075
FCN,HLD,0.6405
FCN,HPG,0.7313
FCN,HQC,0.7784
FCN,HSG,0.7973
FCN,HT1,0.8062
FCN,HTG,0.639
FCN,HTN,0.6229
FCN,HUB,0.6407
FCN,HUT,0.694
FCN,IDC,0.7567
FCN,IDI,0.8272
FCN,IDJ,0.6873
FCN,IJC,0.6915
FCN,IPA,0.7262
FCN,ITA,0.7555
FCN,ITC,0.6597
FCN,IVS,0.6883
FCN,JVC,0.6898
FCN,KBC,0.6779
FCN,KDH,0.6712
FCN,KHG,0.6221
FCN,KMR,0.6261
FCN,KSB,0.8581
FCN,L14,0.7976
FCN,L18,0.7366
FCN,LAS,0.6184
FCN,LCG,0.9004
FCN,LDG,0.7178
FCN,LGL,0.6974
FCN,LHC,0.6103
FCN,LHG,0.6621
FCN,LIG,0.7177
FCN,LPB,0.7065
FCN,LSS,0.6071
FCN,MBB,0.6704
FCN,MBG,0.6482
FCN,MBS,0.7161
FCN,MSB,0.63
FCN,MSN,0.68
FCN,NBB,0.6764
FCN,NBC,0.6284
FCN,NDN,0.6786
FCN,NHA,0.8057
FCN,NHH,0.678
FCN,NKG,0.8077
FCN,NLG,0.7407
FCN,NT2,0.7057
FCN,OCH,0.6474
FCN,OGC,0.7811
FCN,PAN,0.6851
FCN,PAT,0.6323
FCN,PC1,0.7703
FCN,PET,0.7082
FCN,PFL,0.6874
FCN,PHC,0.6688
FCN,PHR,0.6775
FCN,PLC,0.6841
FCN,POW,0.6757
FCN,PSD,0.6176
FCN,PSI,0.6708
FCN,PTB,0.6025
FCN,PTC,0.6545
FCN,PTL,0.6002
FCN,PVB,0.6259
FCN,PVC,0.6619
FCN,PVD,0.6809
FCN,PVS,0.603
FCN,PVT,0.6652
FCN,PXL,0.7143
FCN,S99,0.6458
FCN,SAM,0.6718
FCN,SBS,0.6784
FCN,SBT,0.685
FCN,SCR,0.8112
FCN,SGT,0.6349
FCN,SHB,0.654
FCN,SHS,0.7753
FCN,SKG,0.7288
FCN,SSI,0.7836
FCN,STB,0.7055
FCN,SZC,0.7255
FCN,TCH,0.7404
FCN,TCI,0.7558
FCN,TCT,0.6126
FCN,TDC,0.7199
FCN,THD,0.6539
FCN,TIG,0.7066
FCN,TIP,0.7334
FCN,TLD,0.6805
FCN,TLH,0.7473
FCN,TNG,0.7153
FCN,TNI,0.6109
FCN,TNT,0.6555
FCN,TPB,0.6773
FCN,TSC,0.6804
FCN,TTF,0.7413
FCN,TTH,0.6147
FCN,TVB,0.6042
FCN,UDJ,0.6112
FCN,VCG,0.7765
FCN,VCI,0.769
FCN,VGC,0.7381
FCN,VGS,0.7936
FCN,VHC,0.6255
FCN,VHG,0.6206
FCN,VIB,0.7249
FCN,VIG,0.6703
FCN,VIX,0.7676
FCN,VLB,0.6743
FCN,VND,0.7431
FCN,VOS,0.6017
FCN,VPB,0.6334
FCN,VPH,0.6938
FCN,WSS,0.6634
FCN,YEG,0.6197
FCS,FIC,0.67
FCS,GCB,0.6536
FCS,HD8,0.6765
FCS,HPD,0.691
FCS,HSP,0.7557
FCS,IFS,0.6526
FCS,KGM,0.6022
FCS,MH3,0.7033
FCS,NQN,0.6014
FCS,NWT,0.6078
FCS,PID,0.6608
FCS,PMJ,0.7282
FCS,PTH,0.8058
FCS,PTX,0.7275
FCS,SDK,0.6079
FCS,SGD,0.6152
FCS,STL,0.7007
FCS,TPS,0.7216
FCS,XPH,0.7252
FGL,FIT,-0.6015
FGL,FRM,0.6266
FGL,FSO,0.6285
FGL,FTI,0.6159
FGL,FTM,0.719
FGL,G20,0.6158
FGL,GH3,0.6056
FGL,HD6,-0.6313
FGL,HHN,0.6423
FGL,HNP,0.6057
FGL,IME,0.659
FGL,IN4,0.6049
FGL,KMR,-0.6151
FGL,LBE,-0.6413
FGL,LCC,0.6003
FGL,LO5,0.7006
FGL,MEF,0.6514
FGL,NAC,0.6371
FGL,PHH,0.7597
FGL,PNT,0.6253
FGL,POM,0.6285
FGL,PPI,0.7135
FGL,PSG,0.6411
FGL,PTG,0.6888
FGL,RCD,0.6674
FGL,SAL,0.7602
FGL,SBG,-0.6642
FGL,SCD,0.6125
FGL,SII,0.6041
FGL,SPH,0.6078
FGL,SSF,0.6607
FGL,STS,0.6355
FGL,TBR,0.6795
FGL,THN,0.6813
FGL,TMW,0.6069
FGL,TRT,0.7198
FGL,TVH,0.7419
FGL,UMC,0.6937
FGL,VCT,0.7094
FGL,VE2,0.6423
FGL,VIR,0.6088
FGL,VLP,0.6491
FGL,VMT,0.6036
FGL,VTG,0.6416
FGL,VTI,0.7069
FGL,VVN,0.6429
FGL,VXB,0.6217
FGL,WTC,-0.6289
FGL,XHC,0.6874
FHN,FHS,-0.6658
FHN,FTI,0.8956
FHN,GH3,0.6895
FHN,GLW,0.6729
FHN,GMA,0.8092
FHN,GND,0.6352
FHN,GTT,0.6204
FHN,HC1,0.6844
FHN,HEC,-0.77
FHN,HFX,0.6664
FHN,HGT,0.6191
FHN,HKB,0.6383
FHN,HLA,0.6316
FHN,HLS,0.6698
FHN,HMG,0.6741
FHN,HNP,0.6909
FHN,IBD,0.8821
FHN,IME,0.6676
FHN,KMR,-0.6669
FHN,LAW,0.6236
FHN,LCC,0.627
FHN,LQN,0.6122
FHN,MGR,0.7491
FHN,MIE,0.7558
FHN,MLC,0.6106
FHN,MTB,0.7509
FHN,NBB,-0.6181
FHN,ODE,-0.671
FHN,PAI,0.6664
FHN,PHH,0.6923
FHN,PMJ,0.714
FHN,PMW,-0.6469
FHN,POB,0.6021
FHN,PPT,-0.8351
FHN,PSW,-0.6646
FHN,PTX,0.7031
FHN,QHD,-0.6693
FHN,QNT,0.6274
FHN,RBC,0.6888
FHN,SAL,0.7976
FHN,SCG,-0.6468
FHN,SFN,0.6622
FHN,SGD,0.6942
FHN,SHI,-0.6453
FHN,SPH,0.8896
FHN,SSF,0.8904
FHN,SSM,0.6182
FHN,STS,0.6437
FHN,TBR,0.6157
FHN,TCJ,0.8744
FHN,TKC,0.6862
FHN,TRT,0.6596
FHN,TST,0.7578
FHN,TVH,0.773
FHN,UMC,0.7734
FHN,UPC,0.6761
FHN,VCM,0.6864
FHN,VHF,0.6308
FHN,VTG,0.7478
FHN,VTI,0.6603
FHN,VVN,0.6095
FHN,VXB,0.8411
FHN,VXP,0.9059
FHN,XDH,0.8791
FHS,FTI,-0.7187
FHS,GH3,-0.6529
FHS,GMA,-0.7315
FHS,HC1,-0.6179
FHS,HD6,0.6105
FHS,HEC,0.7269
FHS,IBD,-0.6171
FHS,MGR,-0.6124
FHS,MTB,-0.6287
FHS,ODE,0.6014
FHS,PMW,0.6078
FHS,PSW,0.6209
FHS,QHD,0.6557
FHS,RBC,-0.6315
FHS,SAL,-0.6597
FHS,SCG,0.623
FHS,SPH,-0.6915
FHS,SSF,-0.6766
FHS,TCJ,-0.7076
FHS,TRT,-0.6744
FHS,TVH,-0.6207
FHS,UMC,-0.696
FHS,VTG,-0.6609
FHS,VXB,-0.6242
FHS,VXP,-0.6819
FIC,GCB,0.665
FIC,H11,0.6363
FIC,HD8,0.6084
FIC,HEP,0.6292
FIC,HPD,0.7027
FIC,HSP,0.6551
FIC,IFS,0.6567
FIC,KTS,0.6002
FIC,L40,0.6039
FIC,LAI,0.6958
FIC,LCD,0.7028
FIC,MNB,0.6964
FIC,MTP,0.6069
FIC,NAU,0.6584
FIC,NBE,0.6049
FIC,NJC,0.6036
FIC,NWT,0.6652
FIC,PCE,0.7053
FIC,PDN,0.68
FIC,PVX,0.6278
FIC,SIV,0.6507
FIC,STL,0.7381
FIC,TDB,0.6244
FIC,TDS,0.6357
FIC,THW,0.612
FIC,TNP,0.6322
FIC,TPS,0.705
FIC,TUG,0.6771
FIC,VCF,0.6041
FIC,VGP,0.652
FIC,VPR,0.6483
FIC,VRG,0.6428
FIC,VSM,0.6263
FID,LCM,0.6489
FID,QBS,0.6046
FID,SRA,0.7176
FIT,FMC,0.6153
FIT,FRM,-0.6066
FIT,FRT,0.6668
FIT,FSO,-0.6145
FIT,FTS,0.6706
FIT,G36,0.7261
FIT,GDA,0.6302
FIT,GH3,-0.633
FIT,HAH,0.64
FIT,HAP,0.6709
FIT,HAR,0.73
FIT,HAX,0.607
FIT,HBC,0.6397
FIT,HC1,-0.615
FIT,HCD,0.6635
FIT,HCM,0.6968
FIT,HD6,0.6253
FIT,HDC,0.6158
FIT,HDM,0.6117
FIT,HHN,-0.6563
FIT,HHV,0.673
FIT,HLS,-0.6138
FIT,HNM,0.6293
FIT,HOM,0.6245
FIT,HOT,-0.6257
FIT,HPG,0.6392
FIT,HQC,0.754
FIT,HSG,0.6606
FIT,HT1,0.6329
FIT,HUB,0.6632
FIT,HUT,0.6521
FIT,IDC,0.7274
FIT,IDI,0.6584
FIT,IJC,0.6793
FIT,IN4,-0.6951
FIT,IPA,0.6736
FIT,IVS,0.6579
FIT,JVC,0.652
FIT,KBC,0.644
FIT,KHG,0.6879
FIT,KMR,0.8213
FIT,KSB,0.64
FIT,L18,0.7034
FIT,LAF,0.6099
FIT,LCC,-0.6024
FIT,LCG,0.776
FIT,LDG,0.6094
FIT,LGL,0.6916
FIT,LHC,0.6113
FIT,LHG,0.6303
FIT,LIG,0.6854
FIT,LPB,0.6623
FIT,LSS,0.7539
FIT,MBS,0.6627
FIT,MCF,0.6281
FIT,MDC,0.6362
FIT,MEF,-0.6777
FIT,MPY,-0.639
FIT,MSB,0.6678
FIT,MSN,0.6478
FIT,NAB,0.6511
FIT,NAC,-0.6338
FIT,NBB,0.6548
FIT,NBC,0.6591
FIT,NDN,0.6299
FIT,NDW,-0.622
FIT,NED,0.6653
FIT,NHA,0.6766
FIT,NHH,0.7461
FIT,NKG,0.6606
FIT,OCB,0.6397
FIT,ODE,0.7085
FIT,OGC,0.6075
FIT,PAN,0.6695
FIT,PAT,0.6284
FIT,PC1,0.607
FIT,PHC,0.7316
FIT,PLP,0.6868
FIT,PPH,0.6422
FIT,PPI,-0.6731
FIT,PSI,0.7085
FIT,PSW,0.64
FIT,PTC,0.6823
FIT,PTG,-0.681
FIT,PTL,0.6611
FIT,PVD,0.6351
FIT,PVS,0.6276
FIT,PXL,0.6505
FIT,QNS,0.6288
FIT,QTP,0.6342
FIT,S99,0.6502
FIT,SAL,-0.6627
FIT,SBG,0.6964
FIT,SBS,0.7037
FIT,SBT,0.7524
FIT,SCR,0.7532
FIT,SD5,0.6099
FIT,SGT,0.6426
FIT,SHB,0.7134
FIT,SHS,0.6579
FIT,SII,-0.6202
FIT,SKG,0.6889
FIT,SLS,0.6598
FIT,SSF,-0.6465
FIT,SSI,0.7363
FIT,STB,0.6302
FIT,SZC,0.6794
FIT,TAL,0.6439
FIT,TBR,-0.603
FIT,TCI,0.7149
FIT,TDC,0.6621
FIT,TDG,0.6474
FIT,TDT,0.6003
FIT,THN,-0.6142
FIT,TID,0.6335
FIT,TIP,0.6304
FIT,TLD,0.6923
FIT,TLH,0.7313
FIT,TNA,0.6153
FIT,TNG,0.6515
FIT,TNT,0.6172
FIT,TOT,0.6478
FIT,TPB,0.6571
FIT,TSC,0.8959
FIT,TTF,0.7898
FIT,TTH,0.6556
FIT,TVB,0.7463
FIT,TVC,0.6023
FIT,TVD,0.6602
FIT,TVH,-0.6766
FIT,UMC,-0.6105
FIT,VC2,0.6284
FIT,VCI,0.6688
FIT,VGS,0.6608
FIT,VHC,0.6281
FIT,VHG,0.6704
FIT,VIB,0.7079
FIT,VID,0.6229
FIT,VIG,0.7205
FIT,VIX,0.6844
FIT,VLB,0.626
FIT,VND,0.7266
FIT,VNR,0.6331
FIT,VNS,0.6409
FIT,VPH,0.6659
FIT,VTI,-0.6072
FIT,WSS,0.75
FIT,WTC,0.641
FMC,FRT,0.748
FMC,FTS,0.6348
FMC,G36,0.6166
FMC,GAS,0.628
FMC,GEG,0.7204
FMC,GIL,0.6347
FMC,GMD,0.7589
FMC,GTT,-0.6151
FMC,GVR,0.6417
FMC,HAH,0.7661
FMC,HAP,0.6233
FMC,HAX,0.6641
FMC,HCD,0.6064
FMC,HCM,0.6832
FMC,HDC,0.6717
FMC,HDG,0.6045
FMC,HLD,0.6336
FMC,HMC,0.6008
FMC,HND,0.6215
FMC,HPG,0.6594
FMC,HQC,0.6334
FMC,HSG,0.6735
FMC,HT1,0.6215
FMC,HTG,0.7085
FMC,HUB,0.6436
FMC,HUT,0.6513
FMC,IDC,0.7661
FMC,IDI,0.7493
FMC,IJC,0.6252
FMC,JVC,0.6275
FMC,KBC,0.6269
FMC,KMR,0.6248
FMC,KSB,0.6388
FMC,L18,0.6174
FMC,LAS,0.6714
FMC,LCG,0.6437
FMC,LHC,0.604
FMC,LHG,0.7614
FMC,LPB,0.669
FMC,MBB,0.6342
FMC,MBS,0.6081
FMC,MPC,0.7269
FMC,MSB,0.6231
FMC,MSH,0.7139
FMC,MSN,0.6725
FMC,NAF,0.6219
FMC,NBC,0.6152
FMC,NKG,0.6519
FMC,NLG,0.6059
FMC,NT2,0.6531
FMC,OCB,0.6016
FMC,PAN,0.776
FMC,PC1,0.6743
FMC,PET,0.6148
FMC,PGC,0.6788
FMC,PHR,0.7489
FMC,PLC,0.6525
FMC,PNJ,0.645
FMC,POW,0.6473
FMC,PPH,0.6153
FMC,PSI,0.6953
FMC,PTB,0.7147
FMC,PVC,0.6929
FMC,PVD,0.702
FMC,PVG,0.6052
FMC,PVP,0.6385
FMC,PVS,0.733
FMC,PVT,0.7401
FMC,QNS,0.6042
FMC,QTP,0.7054
FMC,REE,0.7518
FMC,SBS,0.6561
FMC,SBT,0.6356
FMC,SCI,0.6007
FMC,SCR,0.6692
FMC,SHB,0.6734
FMC,SKG,0.7074
FMC,SLS,0.6341
FMC,SSI,0.6577
FMC,STB,0.6178
FMC,STK,0.6438
FMC,SZC,0.7812
FMC,TCB,0.602
FMC,TCI,0.6361
FMC,TCL,0.644
FMC,TCM,0.7479
FMC,TEG,0.6162
FMC,THD,0.6724
FMC,THG,0.6344
FMC,TIP,0.6429
FMC,TLH,0.6442
FMC,TNG,0.7834
FMC,TPB,0.613
FMC,TSC,0.6594
FMC,TVB,0.6626
FMC,VCG,0.6037
FMC,VCI,0.6455
FMC,VCS,0.6199
FMC,VDS,0.6285
FMC,VGC,0.6963
FMC,VGS,0.6502
FMC,VGT,0.6944
FMC,VHC,0.8127
FMC,VIB,0.6949
FMC,VIG,0.6529
FMC,VMT,-0.6191
FMC,VND,0.6157
FMC,VNR,0.6228
FMC,VOS,0.6005
FMC,VSH,0.6516
FMC,WSS,0.6097
FOC,MCM,0.6261
FOC,MFS,0.653
FOC,TYA,0.6013
FOX,PLX,0.6014
FOX,SAS,0.6053
FOX,VEA,0.6579
FOX,VGI,0.6465
FRC,HEP,0.6153
FRC,THW,0.6019
FRM,FTI,0.6207
FRM,FTM,0.6576
FRM,GCB,-0.6211
FRM,GH3,0.6723
FRM,GTT,0.6509
FRM,HC1,0.66
FRM,HEV,-0.7134
FRM,HHN,0.6765
FRM,HLA,0.6861
FRM,HLS,0.7287
FRM,HUT,-0.6099
FRM,ISG,0.6124
FRM,KHG,-0.6218
FRM,KMR,-0.6085
FRM,LMC,0.6662
FRM,MEF,0.7119
FRM,NDW,0.7428
FRM,ODE,-0.6158
FRM,PLE,0.8058
FRM,PPI,0.7244
FRM,PSG,0.6438
FRM,PTG,0.7346
FRM,PVD,-0.6168
FRM,PVS,-0.6036
FRM,RBC,0.6092
FRM,RCD,0.7309
FRM,SAL,0.6585
FRM,SCR,-0.6202
FRM,SD7,0.6493
FRM,SHB,-0.6161
FRM,SHI,-0.6412
FRM,SII,0.6707
FRM,SPH,0.7038
FRM,SSF,0.6156
FRM,STS,0.6543
FRM,TNS,0.661
FRM,TRS,0.652
FRM,TRT,0.6499
FRM,TTF,-0.6413
FRM,TVH,0.7143
FRM,TVM,0.7422
FRM,UMC,0.6907
FRM,VCT,0.6879
FRM,VDL,-0.7002
FRM,VMT,0.6852
FRM,VTG,0.7186
FRM,VVN,0.6496
FRM,VVS,0.6266
FRM,X26,0.6679
FRM,XHC,0.6233
FRT,FTI,-0.6011
FRT,FTS,0.6559
FRT,G36,0.6847
FRT,GAS,0.715
FRT,GEG,0.7092
FRT,GEX,0.6829
FRT,GH3,-0.6804
FRT,GMD,0.7172
FRT,GTT,-0.6557
FRT,HAG,0.6824
FRT,HAH,0.7203
FRT,HAP,0.6297
FRT,HAR,0.6285
FRT,HAX,0.6727
FRT,HC1,-0.6724
FRT,HCM,0.705
FRT,HDC,0.7251
FRT,HDG,0.6173
FRT,HDM,0.609
FRT,HHS,0.6377
FRT,HII,0.6019
FRT,HLD,0.6873
FRT,HPG,0.668
FRT,HQC,0.7161
FRT,HSG,0.6988
FRT,HT1,0.6825
FRT,HTG,0.6326
FRT,HUB,0.6258
FRT,HUT,0.6924
FRT,ICN,0.6505
FRT,IDC,0.8334
FRT,IDI,0.7483
FRT,IJC,0.6604
FRT,JVC,0.7139
FRT,KBC,0.6485
FRT,KHG,0.6297
FRT,KMR,0.6625
FRT,KSB,0.6339
FRT,L14,0.6605
FRT,L18,0.7128
FRT,LAS,0.6601
FRT,LCG,0.708
FRT,LDG,0.6174
FRT,LGL,0.6138
FRT,LHC,0.6374
FRT,LHG,0.6906
FRT,LPB,0.6268
FRT,MBB,0.6507
FRT,MIG,0.6434
FRT,MSH,0.6394
FRT,MSN,0.7042
FRT,NBB,0.6589
FRT,NBC,0.6708
FRT,NHA,0.6239
FRT,NKG,0.7089
FRT,NLG,0.6692
FRT,NT2,0.7521
FRT,OCH,0.7233
FRT,ODE,0.6293
FRT,OGC,0.652
FRT,PAN,0.7245
FRT,PAT,0.7411
FRT,PC1,0.6888
FRT,PDB,0.6102
FRT,PET,0.6871
FRT,PFL,0.617
FRT,PGC,0.6048
FRT,PHC,0.6109
FRT,PHR,0.7509
FRT,PLC,0.6949
FRT,PNJ,0.6564
FRT,POW,0.6816
FRT,PSD,0.6694
FRT,PSI,0.6323
FRT,PTB,0.664
FRT,PTC,0.6627
FRT,PVB,0.6141
FRT,PVC,0.7221
FRT,PVD,0.7967
FRT,PVG,0.6819
FRT,PVS,0.7369
FRT,PVT,0.7257
FRT,PXL,0.6272
FRT,QTP,0.6597
FRT,RBC,-0.616
FRT,REE,0.7255
FRT,SBS,0.6029
FRT,SBT,0.6411
FRT,SCR,0.7467
FRT,SHB,0.6723
FRT,SHS,0.6221
FRT,SKG,0.7249
FRT,SLS,0.6053
FRT,SSI,0.6932
FRT,STB,0.6485
FRT,SZC,0.7478
FRT,TCD,0.6145
FRT,TCH,0.6143
FRT,TCI,0.6348
FRT,THD,0.6914
FRT,THG,0.6066
FRT,THT,0.6022
FRT,TID,0.6148
FRT,TIP,0.6633
FRT,TNG,0.7172
FRT,TNH,0.6153
FRT,TNI,0.6294
FRT,TOT,0.6049
FRT,TPB,0.6184
FRT,TSC,0.696
FRT,TTF,0.6827
FRT,TVB,0.652
FRT,TVD,0.6406
FRT,VCG,0.6438
FRT,VCI,0.6771
FRT,VGC,0.7229
FRT,VGP,0.6098
FRT,VGS,0.6721
FRT,VHC,0.8087
FRT,VIB,0.696
FRT,VIX,0.6223
FRT,VMT,-0.6437
FRT,VND,0.6452
FRT,VNR,0.6617
FRT,VPH,0.6498
FRT,VSH,0.6789
FSO,FTM,0.7846
FSO,GKM,0.6396
FSO,HC1,0.6249
FSO,HEP,-0.706
FSO,HHN,0.6929
FSO,HOT,0.6454
FSO,HQC,-0.6188
FSO,HTP,0.6739
FSO,HUB,-0.6038
FSO,IN4,0.781
FSO,KMR,-0.6014
FSO,L62,0.7443
FSO,LAF,-0.6769
FSO,LAI,-0.6151
FSO,LBE,-0.6365
FSO,LCD,-0.7018
FSO,LCM,0.603
FSO,LMH,0.636
FSO,LO5,0.7687
FSO,MCP,-0.6138
FSO,MEF,0.627
FSO,MND,0.7827
FSO,MPY,0.7359
FSO,NAC,0.9181
FSO,NXT,0.6214
FSO,PCC,0.6162
FSO,PCH,-0.6364
FSO,PDN,-0.6651
FSO,PHH,0.6717
FSO,PNP,-0.6375
FSO,PNT,0.7343
FSO,POM,0.8141
FSO,PPI,0.6604
FSO,PTG,0.6705
FSO,QBS,0.7306
FSO,QNP,-0.6939
FSO,SAL,0.6284
FSO,SBG,-0.7248
FSO,SCC,0.6338
FSO,SCD,0.8126
FSO,SGC,-0.7204
FSO,SII,0.7268
FSO,TAR,0.6089
FSO,TB8,0.6869
FSO,THN,0.8891
FSO,TMW,0.6321
FSO,TOT,-0.6159
FSO,TSC,-0.6492
FSO,TVB,-0.6155
FSO,TVC,-0.6034
FSO,TVH,0.612
FSO,VDG,0.6012
FSO,VE2,0.6937
FSO,VE8,0.6473
FSO,VGL,-0.6556
FSO,VGP,-0.6902
FSO,VLP,0.861
FSO,VNC,-0.6176
FSO,VNH,0.6928
FSO,VNS,-0.6301
FSO,VTH,-0.6608
FSO,VTI,0.6113
FTI,FTM,0.6965
FTI,GH3,0.8875
FTI,GLW,0.6336
FTI,GMA,0.7915
FTI,GND,0.6303
FTI,GTT,0.7648
FTI,HAX,-0.6604
FTI,HC1,0.8486
FTI,HCD,-0.6151
FTI,HCI,0.6439
FTI,HD6,-0.6625
FTI,HEC,-0.8081
FTI,HFX,0.7711
FTI,HGT,0.682
FTI,HHN,0.6654
FTI,HKB,0.6606
FTI,HLA,0.761
FTI,HLS,0.7956
FTI,HMG,0.7369
FTI,HNM,-0.7318
FTI,HNP,0.8397
FTI,HOT,0.6617
FTI,IBD,0.8238
FTI,ICN,-0.7268
FTI,IME,0.7521
FTI,IN4,0.676
FTI,KMR,-0.7386
FTI,L35,0.7399
FTI,LAW,0.6486
FTI,LCC,0.7581
FTI,LMC,0.6301
FTI,LQN,0.7899
FTI,LUT,0.6931
FTI,MEF,0.6255
FTI,MGR,0.7722
FTI,MIE,0.7429
FTI,MLC,0.7554
FTI,MPY,0.7271
FTI,MRF,0.7595
FTI,MTB,0.7568
FTI,NBB,-0.7012
FTI,NBC,-0.6033
FTI,NDF,0.6018
FTI,NDW,0.6515
FTI,ODE,-0.782
FTI,PAI,0.6003
FTI,PBP,-0.6503
FTI,PDV,-0.6565
FTI,PGC,-0.6663
FTI,PHH,0.7844
FTI,PMB,-0.6436
FTI,PMJ,0.6114
FTI,PMW,-0.7195
FTI,PPH,-0.6373
FTI,PPI,0.7112
FTI,PPT,-0.7925
FTI,PSG,0.7102
FTI,PSW,-0.694
FTI,PTC,-0.671
FTI,PTG,0.6375
FTI,QHD,-0.7213
FTI,QNT,0.6759
FTI,QNW,0.6107
FTI,QST,0.6399
FTI,RBC,0.8574
FTI,SAL,0.9253
FTI,SBT,-0.6215
FTI,SCD,0.7174
FTI,SCG,-0.6966
FTI,SFN,0.7697
FTI,SGD,0.6067
FTI,SHI,-0.6741
FTI,SPH,0.9216
FTI,SSF,0.9025
FTI,SSM,0.6325
FTI,SSN,0.615
FTI,STS,0.7696
FTI,STW,0.671
FTI,TAN,-0.6124
FTI,TBR,0.6268
FTI,TCJ,0.9537
FTI,TDT,-0.6419
FTI,TGG,-0.6671
FTI,THT,-0.6205
FTI,TKC,0.6934
FTI,TNA,-0.6204
FTI,TOT,-0.6575
FTI,TRT,0.7266
FTI,TST,0.8226
FTI,TTS,0.6197
FTI,TVH,0.8894
FTI,UMC,0.8882
FTI,UPC,0.7268
FTI,VCT,0.7079
FTI,VHF,0.7983
FTI,VKC,0.6822
FTI,VMT,0.7678
FTI,VNR,-0.6112
FTI,VTG,0.8281
FTI,VTI,0.7706
FTI,VVN,0.7204
FTI,VXB,0.8675
FTI,VXP,0.8671
FTI,X26,0.665
FTI,XDH,0.7725
FTI,XHC,0.6625
FTM,GH3,0.7195
FTM,GTT,0.6527
FTM,HC1,0.7767
FTM,HEP,-0.7144
FTM,HFX,0.6586
FTM,HHN,0.7427
FTM,HLA,0.6983
FTM,HLS,0.7048
FTM,HNM,-0.7246
FTM,HNP,0.65
FTM,HOT,0.6856
FTM,HQC,-0.6081
FTM,ICN,-0.6126
FTM,IME,0.6764
FTM,IN4,0.7993
FTM,KMR,-0.6237
FTM,L35,0.6223
FTM,L62,0.6915
FTM,LAF,-0.737
FTM,LBE,-0.6635
FTM,LCC,0.6726
FTM,LCD,-0.6075
FTM,LM7,0.6509
FTM,LO5,0.7257
FTM,LQN,0.6437
FTM,LUT,0.6742
FTM,MCP,-0.7389
FTM,MEF,0.6872
FTM,MND,0.7156
FTM,MPY,0.7582
FTM,MRF,0.6268
FTM,MTB,0.6051
FTM,NAC,0.8625
FTM,NDW,0.6425
FTM,ODE,-0.6578
FTM,PCC,0.6241
FTM,PCE,-0.6268
FTM,PDN,-0.6289
FTM,PHH,0.7863
FTM,PNT,0.6181
FTM,POM,0.7476
FTM,PPI,0.7459
FTM,PRC,-0.6326
FTM,PSG,0.749
FTM,PTG,0.7226
FTM,QBS,0.6652
FTM,QNP,-0.7093
FTM,RBC,0.6583
FTM,SAL,0.8056
FTM,SBG,-0.7808
FTM,SCD,0.7958
FTM,SEB,-0.6009
FTM,SGC,-0.6239
FTM,SII,0.7736
FTM,SP2,-0.6038
FTM,SPH,0.6351
FTM,SSF,0.699
FTM,STS,0.6243
FTM,STW,0.6066
FTM,TAR,0.6599
FTM,TB8,0.6174
FTM,TBR,0.6738
FTM,TCJ,0.6855
FTM,TDB,-0.6626
FTM,THN,0.8549
FTM,TKC,0.6146
FTM,TMW,0.6377
FTM,TOT,-0.6675
FTM,TRT,0.7422
FTM,TSC,-0.6157
FTM,TST,0.6581
FTM,TVD,-0.6242
FTM,TVH,0.8002
FTM,UMC,0.7948
FTM,VCT,0.7202
FTM,VE2,0.6785
FTM,VFG,-0.6097
FTM,VGL,-0.6395
FTM,VGP,-0.7592
FTM,VKC,0.7945
FTM,VLP,0.8081
FTM,VMT,0.6195
FTM,VNH,0.6955
FTM,VNS,-0.6137
FTM,VSF,-0.6388
FTM,VTI,0.7413
FTM,VVN,0.7073
FTM,VXB,0.7297
FTM,WTC,-0.6012
FTM,X26,0.6664
FTS,GEG,0.726
FTS,GIL,0.748
FTS,GVR,0.6469
FTS,HAH,0.6984
FTS,HCM,0.8605
FTS,HDC,0.7421
FTS,HDG,0.6102
FTS,HHV,0.6927
FTS,HPG,0.7197
FTS,HQC,0.6966
FTS,HSG,0.7815
FTS,HUB,0.6005
FTS,HUT,0.6226
FTS,IDC,0.6685
FTS,IDI,0.6878
FTS,IJC,0.764
FTS,ILB,0.6018
FTS,IN4,-0.6006
FTS,IPA,0.7343
FTS,ITC,0.6073
FTS,IVS,0.6577
FTS,KBC,0.6838
FTS,KHG,0.6772
FTS,KSB,0.7323
FTS,L14,0.6199
FTS,L18,0.6426
FTS,LAS,0.6525
FTS,LCG,0.7677
FTS,LHG,0.7307
FTS,LPB,0.6812
FTS,LSS,0.6603
FTS,MBB,0.6226
FTS,MBS,0.7967
FTS,MIG,0.6585
FTS,MSB,0.6051
FTS,MSN,0.6249
FTS,MWG,0.6272
FTS,NBC,0.6132
FTS,NED,0.6169
FTS,NHA,0.7102
FTS,NHH,0.638
FTS,NKG,0.7897
FTS,NLG,0.6579
FTS,NT2,0.6333
FTS,OGC,0.6311
FTS,ORS,0.6654
FTS,PAN,0.6345
FTS,PAT,0.615
FTS,PC1,0.7014
FTS,PET,0.6616
FTS,PHR,0.6222
FTS,PSI,0.7116
FTS,PTB,0.6384
FTS,PVB,0.6062
FTS,PVC,0.6114
FTS,PVD,0.6376
FTS,PVT,0.6815
FTS,RAL,0.6031
FTS,SBS,0.7367
FTS,SBT,0.7047
FTS,SCR,0.7413
FTS,SHB,0.6911
FTS,SHS,0.7879
FTS,SKG,0.701
FTS,SSI,0.8204
FTS,STB,0.6195
FTS,SZC,0.783
FTS,TCB,0.6618
FTS,TCH,0.6237
FTS,TCI,0.7015
FTS,TDC,0.6328
FTS,TIG,0.6025
FTS,TIP,0.6449
FTS,TLH,0.6903
FTS,TNG,0.7246
FTS,TOT,0.6077
FTS,TSC,0.6893
FTS,TVB,0.691
FTS,VBB,0.6007
FTS,VC2,0.6009
FTS,VCG,0.7155
FTS,VCI,0.8692
FTS,VCS,0.603
FTS,VDS,0.6544
FTS,VGC,0.6322
FTS,VGS,0.7782
FTS,VHC,0.6201
FTS,VIB,0.693
FTS,VIG,0.6942
FTS,VIX,0.7272
FTS,VLB,0.6553
FTS,VND,0.7869
FTS,VOS,0.6134
FTS,VPH,0.6278
FTS,VRG,0.6464
FTS,WSS,0.6033
G20,GTT,0.607
G20,HHN,0.6469
G20,HLA,0.7147
G20,IN4,0.6394
G20,KMR,-0.6293
G20,LCC,0.6305
G20,LO5,0.6573
G20,MEF,0.7255
G20,MRF,0.6145
G20,PHH,0.6016
G20,PPI,0.7939
G20,PSG,0.6817
G20,PTG,0.7194
G20,PXM,0.6293
G20,RCD,0.6912
G20,SAL,0.6555
G20,SBG,-0.7028
G20,TMW,0.626
G20,TST,0.6044
G20,TTE,0.612
G20,TVH,0.7106
G20,UPC,0.6728
G20,VCT,0.6175
G20,VE2,0.6396
G20,VNX,0.6024
G20,VTI,0.6617
G20,VVN,0.7248
G20,X26,0.6585
G36,GEG,0.7055
G36,GEX,0.6862
G36,GMD,0.6061
G36,HAG,0.6669
G36,HAH,0.685
G36,HAP,0.6971
G36,HAR,0.6869
G36,HBC,0.6553
G36,HCM,0.6493
G36,HDC,0.6539
G36,HDM,0.6396
G36,HHS,0.6978
G36,HID,0.6274
G36,HLD,0.6873
G36,HOM,0.6407
G36,HPG,0.6221
G36,HQC,0.7438
G36,HSG,0.6592
G36,HT1,0.7171
G36,HUT,0.6321
G36,IDC,0.8162
G36,IDI,0.7576
G36,IDJ,0.6589
G36,IPA,0.6761
G36,ITA,0.6956
G36,ITC,0.662
G36,IVS,0.6325
G36,JVC,0.7268
G36,KBC,0.6054
G36,KHG,0.6101
G36,KMR,0.7094
G36,KSB,0.7065
G36,L14,0.7073
G36,L18,0.7444
G36,LCG,0.7729
G36,LDG,0.6928
G36,LGL,0.6826
G36,LHC,0.6939
G36,LHG,0.6135
G36,LIG,0.7217
G36,LPB,0.6425
G36,MBG,0.6704
G36,MBS,0.6049
G36,MPC,0.6288
G36,NBB,0.614
G36,NBC,0.6072
G36,NDN,0.6715
G36,NDX,0.6091
G36,NHA,0.6953
G36,NKG,0.6519
G36,NLG,0.6681
G36,NT2,0.648
G36,OCH,0.6031
G36,ODE,0.6262
G36,OGC,0.6665
G36,OIL,0.6218
G36,PAN,0.6942
G36,PAT,0.6825
G36,PC1,0.6831
G36,PET,0.6461
G36,PFL,0.7113
G36,PHC,0.6276
G36,PHR,0.7221
G36,PLC,0.6586
G36,PMB,0.601
G36,POW,0.7149
G36,PSD,0.631
G36,PSI,0.7179
G36,PSW,0.6035
G36,PVC,0.6781
G36,PVD,0.7008
G36,PVG,0.6468
G36,PVS,0.6597
G36,PVT,0.6056
G36,PXL,0.7087
G36,QTP,0.6549
G36,SAM,0.6796
G36,SBS,0.673
G36,SCR,0.7638
G36,SD5,0.628
G36,SD9,0.6646
G36,SDA,0.6547
G36,SGT,0.6002
G36,SHB,0.6217
G36,SHS,0.6491
G36,SKG,0.6402
G36,SSI,0.6665
G36,STB,0.6527
G36,SZC,0.6875
G36,TCD,0.6719
G36,TCH,0.6448
G36,TCI,0.6772
G36,TDC,0.6175
G36,TEG,0.6673
G36,THD,0.633
G36,TID,0.6615
G36,TIG,0.7007
G36,TIP,0.6451
G36,TLD,0.6999
G36,TLH,0.6665
G36,TNG,0.6825
G36,TNI,0.6786
G36,TSC,0.65
G36,TTF,0.7459
G36,TTH,0.6001
G36,TVB,0.6416
G36,TVT,0.6093
G36,UDJ,0.6333
G36,VCG,0.6131
G36,VCI,0.6082
G36,VGC,0.6827
G36,VGS,0.6642
G36,VGT,0.6846
G36,VHC,0.6199
G36,VHE,0.6781
G36,VHG,0.6823
G36,VIB,0.6602
G36,VIG,0.6692
G36,VIX,0.6727
G36,VLB,0.6674
G36,VND,0.6538
G36,VOS,0.6043
G36,VPH,0.6374
G36,WSS,0.6743
GAS,GMD,0.741
GAS,GVR,0.6193
GAS,HID,0.6432
GAS,HII,0.6396
GAS,HLD,0.6209
GAS,IDC,0.7096
GAS,L10,-0.6093
GAS,MSH,0.6195
GAS,OIL,0.7726
GAS,PAT,0.6106
GAS,PC1,0.6116
GAS,PET,0.6431
GAS,PGC,0.6812
GAS,PHR,0.7169
GAS,PLC,0.6813
GAS,PLX,0.7811
GAS,PNJ,0.7533
GAS,POW,0.6564
GAS,PTB,0.6112
GAS,PVC,0.7545
GAS,PVD,0.7538
GAS,PVG,0.666
GAS,PVS,0.7839
GAS,PVT,0.7566
GAS,QTP,0.6313
GAS,REE,0.619
GAS,TET,0.6317
GAS,TNG,0.6606
GAS,TRS,-0.6051
GAS,TVM,-0.6267
GAS,UDJ,0.6076
GAS,VCB,0.6598
GAS,VHC,0.708
GAS,VNM,0.6993
GCB,HEP,0.6125
GCB,HEV,0.7124
GCB,HFB,0.6064
GCB,HHN,-0.6294
GCB,HPD,0.606
GCB,KGM,0.6085
GCB,MEF,-0.6322
GCB,MNB,0.6037
GCB,MTP,0.6169
GCB,NDW,-0.682
GCB,NWT,0.7046
GCB,PCE,0.6454
GCB,PNP,0.6173
GCB,PSC,0.6179
GCB,PTG,-0.6569
GCB,PVX,0.6438
GCB,QCC,0.6214
GCB,SPB,0.6106
GCB,STL,0.6284
GCB,TBD,0.6252
GCB,TUG,0.6135
GCB,VDL,0.6275
GCB,VSM,0.6239
GDA,GSP,0.6113
GDA,HHN,-0.6547
GDA,HOT,-0.639
GDA,IN4,-0.6453
GDA,KMR,0.6496
GDA,LAI,0.6216
GDA,LBM,0.6125
GDA,LHC,0.6154
GDA,LSS,0.7139
GDA,MEF,-0.6772
GDA,NBC,0.6094
GDA,PSW,0.6109
GDA,PTG,-0.6509
GDA,QNS,0.6112
GDA,QTP,0.6163
GDA,SBG,0.6545
GDA,SBT,0.6381
GDA,SGT,0.607
GDA,SKG,0.6367
GDA,SLS,0.6033
GDA,STG,-0.6168
GDA,TAL,0.6888
GDA,TDC,0.6043
GDA,TDG,0.6214
GDA,TLH,0.6359
GDA,TSC,0.6852
GDA,TVD,0.6284
GDA,VE2,-0.6317
GDA,VIG,0.6104
GDA,VIP,0.6611
GDA,VNL,0.6007
GDA,VOS,0.6164
GDA,VPH,0.6291
GDA,VSA,0.6268
GDA,WSS,0.6064
GDT,IDV,0.6504
GDT,NTC,0.6013
GDT,QNS,0.6153
GDT,TCL,0.602
GDT,VNL,0.6517
GDW,VDL,0.7052
GEG,GEX,0.6348
GEG,GMD,0.6702
GEG,GVR,0.6364
GEG,HAH,0.7757
GEG,HAP,0.6169
GEG,HAR,0.6357
GEG,HAX,0.6661
GEG,HBC,0.6229
GEG,HCM,0.6881
GEG,HDC,0.7254
GEG,HDG,0.6521
GEG,HDM,0.61
GEG,HHS,0.6913
GEG,HLD,0.6248
GEG,HPG,0.6261
GEG,HQC,0.6676
GEG,HSG,0.6966
GEG,HT1,0.7044
GEG,HTG,0.7124
GEG,IDC,0.7301
GEG,IDI,0.7434
GEG,IDJ,0.6469
GEG,IJC,0.6282
GEG,IPA,0.6327
GEG,ITA,0.6221
GEG,ITC,0.6533
GEG,JVC,0.703
GEG,KBC,0.6194
GEG,KSB,0.7223
GEG,L14,0.6837
GEG,L18,0.677
GEG,LAS,0.7396
GEG,LCG,0.7036
GEG,LDG,0.6398
GEG,LHC,0.6527
GEG,LHG,0.783
GEG,LIG,0.6425
GEG,LPB,0.6656
GEG,MBB,0.6495
GEG,MBS,0.606
GEG,MIG,0.7115
GEG,MPC,0.6233
GEG,MSB,0.6129
GEG,MSH,0.6958
GEG,MSN,0.6331
GEG,NBC,0.6839
GEG,NDN,0.6201
GEG,NHA,0.701
GEG,NHH,0.6055
GEG,NKG,0.6614
GEG,NLG,0.6709
GEG,NT2,0.7468
GEG,NTL,0.6236
GEG,OGC,0.6515
GEG,OIL,0.6207
GEG,PAN,0.711
GEG,PAT,0.6054
GEG,PC1,0.7164
GEG,PET,0.7073
GEG,PFL,0.6207
GEG,PHR,0.7444
GEG,PLC,0.6766
GEG,POW,0.7844
GEG,PSD,0.6638
GEG,PSI,0.6293
GEG,PTB,0.7132
GEG,PVC,0.6568
GEG,PVD,0.6611
GEG,PVG,0.6507
GEG,PVP,0.6545
GEG,PVS,0.6464
GEG,PVT,0.7103
GEG,PXL,0.6076
GEG,QTP,0.7291
GEG,REE,0.7552
GEG,SBS,0.6057
GEG,SBT,0.6923
GEG,SCR,0.7309
GEG,SHB,0.6515
GEG,SHS,0.6376
GEG,SKG,0.6829
GEG,SNZ,0.6035
GEG,SSI,0.6643
GEG,STB,0.6107
GEG,STK,0.659
GEG,SZC,0.7458
GEG,TCH,0.6711
GEG,TCM,0.6363
GEG,TDC,0.6438
GEG,THD,0.658
GEG,THG,0.7251
GEG,TIG,0.6807
GEG,TIP,0.6545
GEG,TLH,0.6438
GEG,TNG,0.7653
GEG,TNH,0.6786
GEG,TPB,0.6268
GEG,TSC,0.6055
GEG,TTA,0.6843
GEG,TVD,0.6264
GEG,TVS,0.6388
GEG,VCG,0.7327
GEG,VCI,0.6791
GEG,VGC,0.6868
GEG,VGS,0.7195
GEG,VGT,0.6884
GEG,VHC,0.6941
GEG,VIB,0.6703
GEG,VIP,0.6081
GEG,VIX,0.6144
GEG,VLB,0.6576
GEG,VND,0.6496
GEG,VOS,0.6487
GEG,VPH,0.6425
GEG,VSH,0.6038
GER,GKM,0.6118
GER,HLS,0.6573
GER,PPI,0.706
GER,PXM,0.7108
GER,SCO,0.6389
GER,SIV,-0.6066
GER,THN,0.6011
GER,VE2,0.6098
GER,VE4,0.6451
GER,VKC,0.6025
GER,VNC,-0.6082
GER,X26,0.637
GEX,GMD,0.6234
GEX,HAG,0.6356
GEX,HAH,0.6473
GEX,HCM,0.6434
GEX,HDC,0.7561
GEX,HHS,0.7236
GEX,HLD,0.6463
GEX,HPG,0.6062
GEX,HQC,0.611
GEX,HT1,0.7202
GEX,HUT,0.653
GEX,IDC,0.7521
GEX,IDI,0.7011
GEX,KBC,0.6464
GEX,KDH,0.7035
GEX,KSB,0.625
GEX,L14,0.6584
GEX,LCG,0.6533
GEX,LDG,0.6775
GEX,LGL,0.6211
GEX,MBB,0.6019
GEX,MSH,0.6267
GEX,NLG,0.775
GEX,NT2,0.6742
GEX,OGC,0.6004
GEX,PC1,0.7109
GEX,PDB,0.6068
GEX,PET,0.6995
GEX,PHR,0.7116
GEX,PLC,0.6378
GEX,POW,0.6673
GEX,PVC,0.6444
GEX,PVD,0.6775
GEX,PVS,0.628
GEX,PVT,0.6455
GEX,SCR,0.6817
GEX,SDA,0.6984
GEX,SHS,0.7202
GEX,SSI,0.7532
GEX,STB,0.6588
GEX,SZC,0.6647
GEX,TCD,0.6547
GEX,TCH,0.7495
GEX,THD,0.6711
GEX,TNG,0.614
GEX,TNI,0.6192
GEX,TPB,0.6254
GEX,VCG,0.7431
GEX,VCI,0.6686
GEX,VGC,0.7751
GEX,VHC,0.6767
GEX,VIB,0.619
GEX,VIX,0.7511
GEX,VND,0.7029
GEX,VPB,0.6472
GEX,VRE,0.6111
GGG,GH3,0.6271
GGG,GLW,0.6116
GGG,GTT,0.7348
GGG,HFX,0.6531
GGG,HLA,0.6502
GGG,HNP,0.6211
GGG,IBD,0.6386
GGG,IME,0.6289
GGG,L35,0.628
GGG,LCC,0.6758
GGG,LUT,0.6046
GGG,MGR,0.6062
GGG,MRF,0.6589
GGG,MTB,0.6498
GGG,PGC,-0.6244
GGG,PHH,0.6075
GGG,PMB,-0.6328
GGG,PSG,0.7028
GGG,QNT,0.631
GGG,SAL,0.668
GGG,SFN,0.6128
GGG,SSF,0.6683
GGG,SSN,0.6011
GGG,STS,0.6068
GGG,THU,0.6015
GGG,TVH,0.7078
GGG,UMC,0.7267
GGG,UPC,0.7587
GGG,VCT,0.6129
GGG,VTI,0.663
GGG,VVN,0.7372
GGG,VXB,0.6216
GGG,VXP,0.6169
GGG,X26,0.6675
GH3,GMA,0.6396
GH3,GTT,0.818
GH3,HAD,0.602
GH3,HAP,-0.6156
GH3,HAR,-0.6008
GH3,HAX,-0.7465
GH3,HC1,0.8774
GH3,HCD,-0.6416
GH3,HD6,-0.694
GH3,HDM,-0.6617
GH3,HEC,-0.6897
GH3,HEP,-0.6527
GH3,HFX,0.7307
GH3,HHN,0.7445
GH3,HLA,0.7749
GH3,HLS,0.792
GH3,HMG,0.6561
GH3,HNM,-0.8161
GH3,HNP,0.829
GH3,HOT,0.7132
GH3,HQC,-0.6425
GH3,HUB,-0.6321
GH3,IBD,0.6613
GH3,ICN,-0.7756
GH3,IDC,-0.6582
GH3,IDI,-0.6272
GH3,IME,0.6861
GH3,IN4,0.7853
GH3,JVC,-0.6664
GH3,KMR,-0.762
GH3,L18,-0.744
GH3,L35,0.7948
GH3,LAF,-0.6562
GH3,LCC,0.752
GH3,LCG,-0.603
GH3,LHC,-0.6607
GH3,LQN,0.873
GH3,LUT,0.7747
GH3,MBG,-0.6217
GH3,MCP,-0.7024
GH3,MDC,-0.6279
GH3,MEF,0.7025
GH3,MGR,0.6561
GH3,MLC,0.8474
GH3,MPY,0.752
GH3,MRF,0.7932
GH3,MTB,0.6377
GH3,NAC,0.6387
GH3,NBB,-0.7526
GH3,NBC,-0.6935
GH3,NDW,0.728
GH3,NED,-0.6198
GH3,NKG,-0.6005
GH3,OCH,-0.6882
GH3,ODE,-0.819
GH3,OGC,-0.609
GH3,PAN,-0.6442
GH3,PAT,-0.6917
GH3,PBP,-0.7972
GH3,PCH,-0.7117
GH3,PDV,-0.6083
GH3,PGC,-0.6965
GH3,PHC,-0.6134
GH3,PHH,0.7216
GH3,PMB,-0.6926
GH3,PMW,-0.7321
GH3,PPH,-0.6101
GH3,PPI,0.7475
GH3,PPT,-0.6357
GH3,PRC,-0.6679
GH3,PSG,0.7623
GH3,PSW,-0.6898
GH3,PTC,-0.7496
GH3,PTG,0.7156
GH3,PVD,-0.6205
GH3,QHD,-0.64
GH3,QNT,0.6293
GH3,QNW,0.6805
GH3,RBC,0.8645
GH3,REE,-0.6011
GH3,SAL,0.8813
GH3,SAM,-0.6304
GH3,SBG,-0.6304
GH3,SBT,-0.6714
GH3,SCD,0.7199
GH3,SCG,-0.6202
GH3,SCR,-0.6689
GH3,SD9,-0.6002
GH3,SEB,-0.6413
GH3,SFN,0.7497
GH3,SGT,-0.6046
GH3,SHB,-0.6149
GH3,SHI,-0.6534
GH3,SKG,-0.6499
GH3,SP2,-0.646
GH3,SPH,0.7972
GH3,SSF,0.8084
GH3,SSN,0.605
GH3,STS,0.7447
GH3,STW,0.8131
GH3,TAN,-0.697
GH3,TBR,0.6514
GH3,TCI,-0.664
GH3,TCJ,0.8343
GH3,TDB,-0.6011
GH3,TDG,-0.6085
GH3,TDT,-0.6702
GH3,TGG,-0.7832
GH3,THN,0.6057
GH3,THT,-0.6578
GH3,THW,-0.6302
GH3,TID,-0.6142
GH3,TLD,-0.6133
GH3,TLH,-0.6015
GH3,TNA,-0.6518
GH3,TOT,-0.7322
GH3,TRT,0.6591
GH3,TSC,-0.6496
GH3,TST,0.7276
GH3,TTF,-0.6349
GH3,TTS,0.6827
GH3,TVB,-0.6436
GH3,TVD,-0.6751
GH3,TVH,0.8572
GH3,UEM,0.6564
GH3,UMC,0.8662
GH3,UPC,0.7019
GH3,VCT,0.7112
GH3,VFG,-0.681
GH3,VGP,-0.7092
GH3,VHF,0.8186
GH3,VIG,-0.6038
GH3,VKC,0.7546
GH3,VMT,0.8527
GH3,VNF,-0.6327
GH3,VNL,-0.6232
GH3,VNR,-0.6915
GH3,VNS,-0.6703
GH3,VPH,-0.625
GH3,VSF,-0.6252
GH3,VSH,-0.6219
GH3,VTG,0.7504
GH3,VTI,0.734
GH3,VVN,0.6857
GH3,VXB,0.742
GH3,VXP,0.7185
GH3,X26,0.7224
GH3,XHC,0.6641
GHC,HTG,0.6085
GHC,IDV,0.6063
GHC,NDX,0.6086
GHC,PGC,0.6235
GHC,PPH,0.6538
GHC,QTP,0.6525
GHC,SJD,0.663
GHC,TCL,0.7059
GIL,GVR,0.6623
GIL,HAH,0.71
GIL,HCM,0.7558
GIL,HDC,0.6795
GIL,HDG,0.695
GIL,HHV,0.6568
GIL,HPG,0.7642
GIL,HQC,0.6096
GIL,HSG,0.7752
GIL,HUB,0.6259
GIL,HUT,0.6353
GIL,IDI,0.6624
GIL,IJC,0.6868
GIL,IPA,0.6385
GIL,KBC,0.6599
GIL,KDH,0.6269
GIL,KLB,0.6097
GIL,KSB,0.6522
GIL,L14,0.6054
GIL,LCG,0.7051
GIL,LHG,0.6783
GIL,LPB,0.7118
GIL,MBB,0.684
GIL,MBS,0.7177
GIL,MIG,0.6113
GIL,MPC,0.6015
GIL,MSN,0.6585
GIL,MWG,0.6903
GIL,NAF,0.6188
GIL,NHA,0.621
GIL,NKG,0.7342
GIL,NLG,0.6352
GIL,NT2,0.6168
GIL,OGC,0.6029
GIL,PAN,0.6479
GIL,PC1,0.6988
GIL,PET,0.6693
GIL,PHR,0.6361
GIL,PSI,0.6249
GIL,PTB,0.7112
GIL,PVB,0.631
GIL,PVC,0.6321
GIL,PVD,0.6023
GIL,PVP,0.6362
GIL,PVS,0.6068
GIL,PVT,0.65
GIL,RAL,0.6043
GIL,SBS,0.6994
GIL,SCR,0.6297
GIL,SHB,0.6287
GIL,SHS,0.6897
GIL,SIP,0.6027
GIL,SKG,0.6334
GIL,SSI,0.692
GIL,STB,0.6255
GIL,SZC,0.7682
GIL,TCB,0.7297
GIL,TCH,0.6209
GIL,TIG,0.6474
GIL,TLH,0.654
GIL,TNG,0.6941
GIL,TVB,0.6515
GIL,VBB,0.6455
GIL,VCG,0.6605
GIL,VCI,0.7359
GIL,VCS,0.667
GIL,VDS,0.6559
GIL,VGC,0.615
GIL,VGS,0.7209
GIL,VIB,0.6748
GIL,VIG,0.658
GIL,VIX,0.7006
GIL,VLB,0.6298
GIL,VND,0.6447
GKM,GSM,-0.6022
GKM,HEP,-0.6203
GKM,HTP,0.6318
GKM,L62,0.6264
GKM,LCD,-0.6001
GKM,MND,0.6492
GKM,NAC,0.6788
GKM,NXT,0.6349
GKM,PNT,0.6373
GKM,POM,0.6326
GKM,QBS,0.6613
GKM,TB8,0.6178
GKM,THN,0.6774
GLW,GMA,0.6643
GLW,HFX,0.7039
GLW,IBD,0.7832
GLW,IME,0.7083
GLW,LCC,0.7167
GLW,MGR,0.6932
GLW,MIE,0.6088
GLW,MTB,0.7769
GLW,PAI,0.672
GLW,PMB,-0.6225
GLW,PPT,-0.6069
GLW,PSG,0.609
GLW,PSW,-0.6478
GLW,QNT,0.7143
GLW,QTC,0.6136
GLW,SAL,0.6665
GLW,SPH,0.7137
GLW,SSF,0.7721
GLW,TCJ,0.6178
GLW,TDT,-0.616
GLW,TKC,0.6073
GLW,TST,0.6504
GLW,TVH,0.6998
GLW,UDL,0.6616
GLW,UMC,0.7285
GLW,VTG,0.6888
GLW,VTI,0.6871
GLW,VXB,0.7531
GLW,VXP,0.7989
GMA,HCI,0.705
GMA,HEC,-0.6437
GMA,HFX,0.6587
GMA,HKB,0.6052
GMA,HMG,0.7297
GMA,HNP,0.6226
GMA,IBD,0.811
GMA,ICI,0.6119
GMA,LAW,0.6829
GMA,LCC,0.6017
GMA,LMC,0.6743
GMA,MGR,0.7872
GMA,MIE,0.808
GMA,MLC,0.6451
GMA,MQN,0.6058
GMA,MTB,0.8792
GMA,NSG,-0.6099
GMA,ODE,-0.6033
GMA,PAI,0.7263
GMA,PHH,0.6348
GMA,PID,0.6049
GMA,PMB,-0.621
GMA,PMJ,0.7652
GMA,POB,0.6079
GMA,PPT,-0.626
GMA,PSW,-0.6206
GMA,PTX,0.6448
GMA,QHD,-0.7157
GMA,QNT,0.7118
GMA,QST,0.6696
GMA,RBC,0.6397
GMA,SAL,0.7169
GMA,SCG,-0.632
GMA,SFN,0.698
GMA,SGD,0.6237
GMA,SHI,-0.7086
GMA,SPH,0.8375
GMA,SSF,0.7852
GMA,STS,0.6092
GMA,TCJ,0.7413
GMA,TRT,0.8243
GMA,TST,0.6971
GMA,TVG,0.6547
GMA,TVH,0.6878
GMA,UCT,0.659
GMA,UDL,0.6759
GMA,UMC,0.8169
GMA,UPC,0.6076
GMA,VBH,0.6087
GMA,VCM,0.6905
GMA,VMT,0.6444
GMA,VTG,0.8607
GMA,VTI,0.6543
GMA,VTX,0.616
GMA,VXB,0.7173
GMA,VXP,0.8584
GMA,XDH,0.6937
GMA,XPH,0.6535
GMC,GSM,-0.6121
GMC,HLO,0.6092
GMC,HMD,0.7118
GMC,HTP,0.6738
GMC,IRC,0.8327
GMC,ISG,-0.6037
GMC,KHS,-0.6076
GMC,L62,0.6755
GMC,LDW,0.7226
GMC,LNC,0.7565
GMC,LTG,0.6496
GMC,MQB,0.7655
GMC,MTS,-0.7419
GMC,NLS,-0.6409
GMC,NVP,0.8188
GMC,PCG,0.63
GMC,QBS,0.7264
GMC,RYG,-0.7323
GMC,S72,-0.6606
GMC,SPD,-0.7481
GMC,SRA,0.6223
GMC,TAB,0.7112
GMC,TCK,0.7747
GMC,TD6,-0.6275
GMC,TDW,-0.6893
GMC,TVM,-0.6052
GMC,UXC,0.781
GMC,VDG,0.7215
GMC,VE8,0.7203
GMC,VMK,0.7295
GMC,VPR,-0.6363
GMC,VUA,0.7359
GMC,WSB,0.6453
GMD,GVR,0.6654
GMD,HAH,0.7492
GMD,HCM,0.6437
GMD,HDC,0.6349
GMD,HDG,0.6301
GMD,HHS,0.6534
GMD,HPG,0.6677
GMD,HQC,0.6266
GMD,HSG,0.6078
GMD,HT1,0.6881
GMD,HTG,0.6154
GMD,HUT,0.6707
GMD,IDC,0.735
GMD,IDI,0.6607
GMD,KBC,0.6531
GMD,LAS,0.6134
GMD,LCG,0.6023
GMD,LHG,0.6091
GMD,MBB,0.6619
GMD,MPC,0.6623
GMD,MSB,0.6217
GMD,MSH,0.7129
GMD,MSN,0.7766
GMD,MWG,0.6075
GMD,NLG,0.6057
GMD,NT2,0.6317
GMD,OIL,0.6898
GMD,PAN,0.6641
GMD,PC1,0.7054
GMD,PET,0.7269
GMD,PHR,0.7421
GMD,PLC,0.6808
GMD,PLX,0.6722
GMD,PNJ,0.7884
GMD,POW,0.6348
GMD,PSD,0.6013
GMD,PSI,0.6081
GMD,PTB,0.6602
GMD,PVC,0.7425
GMD,PVD,0.7274
GMD,PVS,0.7935
GMD,PVT,0.7489
GMD,REE,0.6896
GMD,SCR,0.6315
GMD,SHB,0.6205
GMD,SSI,0.6466
GMD,STB,0.6696
GMD,SZC,0.6958
GMD,TCM,0.608
GMD,THD,0.6082
GMD,TNG,0.7469
GMD,TPB,0.6424
GMD,VCB,0.66
GMD,VGC,0.6392
GMD,VGT,0.6566
GMD,VHC,0.7948
GMD,VIB,0.6888
GMD,VND,0.611
GMD,VNM,0.6866
GMD,VPB,0.655
GMD,VSC,0.616
GMH,NDX,0.6265
GMH,SHA,0.6333
GMX,ISG,-0.6234
GND,HFX,0.6073
GND,IBD,0.7156
GND,IME,0.6534
GND,LCC,0.6334
GND,MPY,0.6123
GND,MRF,0.663
GND,MTB,0.6089
GND,NDP,0.7074
GND,PHH,0.6664
GND,PPT,-0.6542
GND,QTC,0.6291
GND,SAL,0.6537
GND,SCD,0.6108
GND,SSF,0.6949
GND,SSM,0.639
GND,TCJ,0.6681
GND,TVH,0.6224
GND,UMC,0.6293
GND,VTI,0.6726
GND,VXB,0.622
GND,VXP,0.6712
GPC,YTC,0.606
GSM,HFC,0.6279
GSM,HTP,-0.6075
GSM,IRC,-0.6294
GSM,L62,-0.663
GSM,MQB,-0.6023
GSM,NVP,-0.6161
GSM,QBS,-0.6419
GSM,TDW,0.6077
GSM,UXC,-0.612
GSM,VDG,-0.624
GSM,VE8,-0.6091
GSM,VIR,-0.6231
GSM,X20,0.6597
GSP,HAP,0.6072
GSP,HTG,0.6404
GSP,ITD,0.6049
GSP,KSB,0.6161
GSP,LAS,0.625
GSP,LSS,0.6566
GSP,MVC,0.6696
GSP,NBC,0.6888
GSP,PDV,0.6366
GSP,PGC,0.7437
GSP,PHC,0.6214
GSP,PMB,0.6336
GSP,PPH,0.676
GSP,PSW,0.6156
GSP,PVG,0.6406
GSP,PVP,0.6802
GSP,PVT,0.6579
GSP,QNS,0.7038
GSP,QTP,0.7015
GSP,SBT,0.6204
GSP,SGT,0.6106
GSP,SJD,0.6427
GSP,SKG,0.6311
GSP,TCL,0.6217
GSP,THT,0.6499
GSP,TTA,0.7203
GSP,TVD,0.6801
GSP,VIP,0.7584
GSP,VNL,0.615
GSP,VOS,0.7104
GSP,VTO,0.6888
GTD,LMI,0.8262
GTT,HAX,-0.6875
GTT,HC1,0.7974
GTT,HCD,-0.6158
GTT,HHN,0.6722
GTT,HLA,0.8788
GTT,HLS,0.8319
GTT,HMC,-0.6103
GTT,HMG,0.6257
GTT,HNP,0.6661
GTT,HOT,0.6325
GTT,HQC,-0.6185
GTT,HTG,-0.6311
GTT,HUB,-0.648
GTT,ICN,-0.6514
GTT,IDI,-0.6126
GTT,IME,0.6038
GTT,IN4,0.6688
GTT,KMR,-0.682
GTT,L18,-0.6156
GTT,L35,0.793
GTT,LCC,0.62
GTT,LQN,0.7396
GTT,LUT,0.7439
GTT,MCP,-0.6247
GTT,MEF,0.6225
GTT,MLC,0.6555
GTT,MPT,0.6227
GTT,MPY,0.6205
GTT,MRF,0.7104
GTT,NAF,-0.6137
GTT,NBB,-0.6463
GTT,NDF,0.8071
GTT,NDW,0.6671
GTT,OCH,-0.6073
GTT,ODE,-0.7031
GTT,PBP,-0.6812
GTT,PGC,-0.647
GTT,PHH,0.6063
GTT,PMB,-0.6368
GTT,POB,0.6162
GTT,PPI,0.7594
GTT,PSG,0.7817
GTT,PTC,-0.6006
GTT,PTG,0.6365
GTT,PVD,-0.6111
GTT,PXM,0.6648
GTT,QNW,0.626
GTT,RBC,0.7333
GTT,REE,-0.6725
GTT,SAL,0.7623
GTT,SBT,-0.6769
GTT,SCR,-0.6018
GTT,SDY,0.6099
GTT,SFN,0.6017
GTT,SKG,-0.6329
GTT,SPH,0.6792
GTT,SSF,0.7202
GTT,SSN,0.6039
GTT,STS,0.7523
GTT,STW,0.7459
GTT,TAN,-0.6424
GTT,TBR,0.6123
GTT,TCJ,0.6408
GTT,TCM,-0.6047
GTT,TGG,-0.6465
GTT,THD,-0.6358
GTT,THU,0.753
GTT,TIP,-0.6016
GTT,TKC,0.6359
GTT,TOT,-0.6276
GTT,TST,0.6123
GTT,TTF,-0.6038
GTT,TTS,0.7373
GTT,TTZ,0.6036
GTT,TVH,0.7963
GTT,TW3,0.6257
GTT,UEM,0.6246
GTT,UMC,0.7334
GTT,UPC,0.7043
GTT,VCT,0.7002
GTT,VGP,-0.6313
GTT,VHF,0.7304
GTT,VIB,-0.6019
GTT,VKC,0.6876
GTT,VMT,0.7504
GTT,VNL,-0.6008
GTT,VNR,-0.6057
GTT,VNX,0.6501
GTT,VSH,-0.6172
GTT,VVN,0.7751
GTT,VXB,0.6874
GTT,VXP,0.6135
GTT,X26,0.8635
GVR,HAH,0.6608
GVR,HCM,0.7274
GVR,HDG,0.6127
GVR,HHS,0.6095
GVR,HND,0.6001
GVR,HPG,0.6441
GVR,HSG,0.6504
GVR,HT1,0.6185
GVR,IDC,0.6657
GVR,IJC,0.608
GVR,KBC,0.7104
GVR,KDH,0.6506
GVR,LAS,0.6938
GVR,LHG,0.6857
GVR,LPB,0.6299
GVR,MBB,0.7128
GVR,MBS,0.6572
GVR,MSH,0.6427
GVR,MSN,0.6217
GVR,MWG,0.6936
GVR,NKG,0.6135
GVR,OIL,0.6987
GVR,PAN,0.6845
GVR,PC1,0.7163
GVR,PET,0.7165
GVR,PHR,0.794
GVR,PLC,0.7014
GVR,PLX,0.7513
GVR,PTB,0.7119
GVR,PVB,0.6534
GVR,PVC,0.6607
GVR,PVD,0.7148
GVR,PVS,0.7328
GVR,PVT,0.7922
GVR,SBS,0.6311
GVR,SHS,0.6536
GVR,SSI,0.6609
GVR,STB,0.6553
GVR,SZC,0.7161
GVR,TCB,0.727
GVR,TCH,0.6603
GVR,TNG,0.7931
GVR,VCG,0.6045
GVR,VCI,0.658
GVR,VCS,0.6562
GVR,VGI,0.7042
GVR,VGS,0.6516
GVR,VGT,0.7379
GVR,VIX,0.6319
GVR,VND,0.6052
GVR,VOS,0.6114
GVR,VRE,0.6043
GVT,PVY,0.6177
H11,NAU,0.61
HAD,HC1,0.6483
HAD,HEP,-0.6796
HAD,HHN,0.6097
HAD,HNM,-0.6198
HAD,HOT,0.6159
HAD,IN4,0.6641
HAD,LAI,-0.6087
HAD,LMI,-0.6143
HAD,MEF,0.6656
HAD,MPY,0.6422
HAD,PTG,0.6625
HAD,SEB,-0.6038
HAD,TOT,-0.645
HAD,VIG,-0.6262
HAD,VSF,-0.6137
HAG,HAR,0.6955
HAG,HBC,0.6142
HAG,HCM,0.6024
HAG,HDC,0.7101
HAG,HHS,0.7134
HAG,HLD,0.616
HAG,HQC,0.7405
HAG,HSG,0.6409
HAG,HT1,0.6005
HAG,HUT,0.6305
HAG,IDC,0.7212
HAG,IDI,0.7481
HAG,IDJ,0.6253
HAG,ITA,0.7016
HAG,ITC,0.6513
HAG,KDH,0.6124
HAG,KSB,0.6601
HAG,L14,0.7249
HAG,L18,0.6559
HAG,LCG,0.6717
HAG,LDG,0.7304
HAG,LHC,0.6388
HAG,LHG,0.6287
HAG,LIG,0.6008
HAG,NBB,0.6415
HAG,NHA,0.6324
HAG,NKG,0.6289
HAG,NLG,0.6208
HAG,NT2,0.6427
HAG,OCH,0.618
HAG,OGC,0.663
HAG,PC1,0.6036
HAG,POW,0.6369
HAG,PXL,0.7018
HAG,SAM,0.6119
HAG,SCR,0.6892
HAG,SKG,0.6475
HAG,SSI,0.6025
HAG,SZC,0.663
HAG,TCH,0.6678
HAG,THD,0.7044
HAG,TID,0.6378
HAG,TIG,0.6561
HAG,TIP,0.6618
HAG,TNI,0.6331
HAG,TTF,0.6812
HAG,VCG,0.6386
HAG,VGC,0.6859
HAG,VPH,0.6052
HAH,HAP,0.6157
HAH,HAX,0.6575
HAH,HCM,0.7407
HAH,HDC,0.7362
HAH,HDG,0.7433
HAH,HHS,0.6168
HAH,HLD,0.6122
HAH,HPG,0.6908
HAH,HQC,0.6798
HAH,HSG,0.719
HAH,HT1,0.7429
HAH,HTG,0.7284
HAH,HUT,0.7078
HAH,IDC,0.7483
HAH,IDI,0.7407
HAH,IDJ,0.6244
HAH,IJC,0.6389
HAH,IPA,0.6817
HAH,JVC,0.6619
HAH,KBC,0.6507
HAH,KDH,0.6149
HAH,KSB,0.6805
HAH,L14,0.6268
HAH,L18,0.6214
HAH,LAS,0.6534
HAH,LCG,0.7022
HAH,LHG,0.7166
HAH,LIG,0.661
HAH,LPB,0.6909
HAH,MBB,0.6792
HAH,MBS,0.6722
HAH,MIG,0.68
HAH,MPC,0.6967
HAH,MSH,0.6924
HAH,MSN,0.7102
HAH,MWG,0.6569
HAH,NBC,0.6726
HAH,NHA,0.6363
HAH,NHH,0.6576
HAH,NKG,0.696
HAH,NLG,0.6522
HAH,NT2,0.7189
HAH,OGC,0.6466
HAH,PAN,0.7436
HAH,PAT,0.6113
HAH,PC1,0.7996
HAH,PET,0.7876
HAH,PGC,0.6191
HAH,PHR,0.7032
HAH,PLC,0.716
HAH,POW,0.6243
HAH,PPH,0.6122
HAH,PSD,0.709
HAH,PSI,0.676
HAH,PTB,0.699
HAH,PVB,0.6451
HAH,PVC,0.7399
HAH,PVD,0.7254
HAH,PVG,0.6401
HAH,PVP,0.6431
HAH,PVS,0.7726
HAH,PVT,0.7697
HAH,QTP,0.6338
HAH,REE,0.752
HAH,SBS,0.6385
HAH,SCR,0.69
HAH,SHB,0.6689
HAH,SHS,0.6993
HAH,SKG,0.6652
HAH,SSI,0.7058
HAH,STB,0.6671
HAH,SZC,0.8082
HAH,TCB,0.6518
HAH,TCD,0.6201
HAH,TCI,0.6096
HAH,TCM,0.6739
HAH,TEG,0.6019
HAH,THD,0.6011
HAH,THG,0.6183
HAH,TIG,0.7065
HAH,TIP,0.606
HAH,TLH,0.628
HAH,TNG,0.7957
HAH,TPB,0.6013
HAH,TSC,0.6488
HAH,TVD,0.6385
HAH,VCG,0.6743
HAH,VCI,0.7292
HAH,VDS,0.6065
HAH,VGC,0.7223
HAH,VGS,0.7612
HAH,VGT,0.6601
HAH,VHC,0.7728
HAH,VIB,0.7025
HAH,VIG,0.6564
HAH,VIX,0.6872
HAH,VND,0.6773
HAH,VOS,0.7131
HAH,VPB,0.6712
HAH,VSH,0.6765
HAM,S74,0.6211
HAM,VTZ,0.6284
HAN,HPD,0.65
HAN,HPM,0.6206
HAN,HSP,0.6363
HAN,KGM,0.6067
HAN,LAI,0.6374
HAN,NBT,0.635
HAN,PCE,0.639
HAN,RTB,0.6782
HAN,TDS,0.6194
HAN,TUG,0.646
HAN,VGR,0.6139
HAP,HBC,0.6225
HAP,HD6,0.6173
HAP,HMC,0.6741
HAP,HOM,0.6471
HAP,HQC,0.6432
HAP,HT1,0.637
HAP,HTG,0.6503
HAP,IDC,0.6599
HAP,JVC,0.7071
HAP,KHG,0.6037
HAP,KMR,0.741
HAP,L18,0.698
HAP,LCG,0.6421
HAP,LGL,0.6646
HAP,LIG,0.6903
HAP,MBG,0.677
HAP,MEF,-0.603
HAP,MSN,0.6053
HAP,NBB,0.6054
HAP,NBC,0.662
HAP,NDX,0.6048
HAP,ODE,0.6688
HAP,PAN,0.7147
HAP,PAT,0.6338
HAP,PGC,0.6162
HAP,PHC,0.688
HAP,PLP,0.6436
HAP,PMB,0.6841
HAP,PPH,0.6835
HAP,PSD,0.6038
HAP,PSE,0.6427
HAP,PSI,0.6614
HAP,PSW,0.6142
HAP,PTG,-0.6085
HAP,PV2,0.6604
HAP,QTP,0.6217
HAP,SAL,-0.6073
HAP,SBS,0.6007
HAP,SBT,0.613
HAP,SCR,0.6692
HAP,SD5,0.6722
HAP,SHA,0.6585
HAP,SHI,0.653
HAP,SSF,-0.6345
HAP,TDG,0.6387
HAP,TDH,0.6308
HAP,TDT,0.6221
HAP,THT,0.6159
HAP,TLD,0.6249
HAP,TLH,0.6348
HAP,TNG,0.6014
HAP,TSC,0.6282
HAP,TTA,0.6144
HAP,TTF,0.6604
HAP,TTH,0.607
HAP,TVD,0.6359
HAP,TVH,-0.6261
HAP,UMC,-0.6006
HAP,VGS,0.6173
HAP,VHE,0.618
HAP,VID,0.6343
HAP,VMT,-0.6297
HAP,VNL,0.6298
HAP,VTG,-0.6068
HAP,WSS,0.6249
HAR,HBC,0.6179
HAR,HC1,-0.6086
HAR,HDC,0.6536
HAR,HDM,0.6814
HAR,HHS,0.6791
HAR,HQC,0.7683
HAR,HT1,0.6245
HAR,HTG,0.6141
HAR,HUB,0.6361
HAR,HUT,0.6257
HAR,IDC,0.7177
HAR,IDI,0.6693
HAR,IDJ,0.629
HAR,IPA,0.6121
HAR,ITA,0.6629
HAR,ITC,0.639
HAR,JVC,0.6047
HAR,KMR,0.661
HAR,KSB,0.6297
HAR,L14,0.6803
HAR,L18,0.7063
HAR,LCG,0.7147
HAR,LDG,0.7554
HAR,LGL,0.6625
HAR,LHC,0.6491
HAR,LIG,0.7236
HAR,MBG,0.6239
HAR,NBB,0.7505
HAR,NDN,0.6665
HAR,NHA,0.6986
HAR,NHH,0.6123
HAR,ODE,0.6378
HAR,OGC,0.6715
HAR,PC1,0.6058
HAR,PDB,0.6038
HAR,PFL,0.6402
HAR,PHC,0.7142
HAR,PLP,0.6196
HAR,PSW,0.6268
HAR,PTC,0.638
HAR,PXL,0.6703
HAR,SAM,0.7241
HAR,SCR,0.7064
HAR,SD9,0.665
HAR,SDA,0.6287
HAR,SHB,0.6692
HAR,SKG,0.6766
HAR,SSI,0.6039
HAR,TCI,0.6484
HAR,TDC,0.6494
HAR,THD,0.6164
HAR,TIG,0.6196
HAR,TIP,0.6529
HAR,TLD,0.6647
HAR,TNA,0.644
HAR,TNI,0.6536
HAR,TPB,0.6594
HAR,TSC,0.6783
HAR,TTF,0.7318
HAR,TVS,0.6214
HAR,VGC,0.6056
HAR,VGS,0.6321
HAR,VHG,0.6248
HAR,VIB,0.615
HAR,VIX,0.613
HAR,VPH,0.7365
HAR,WSS,0.6061
HAX,HC1,-0.6915
HAX,HCD,0.6189
HAX,HDC,0.617
HAX,HDG,0.6312
HAX,HHN,-0.6006
HAX,HHV,0.6193
HAX,HLA,-0.6605
HAX,HLS,-0.641
HAX,HNM,0.6074
HAX,HOT,-0.6309
HAX,HQC,0.627
HAX,HSG,0.628
HAX,HT1,0.6111
HAX,HTG,0.6532
HAX,HUT,0.6451
HAX,IDC,0.6625
HAX,IDI,0.689
HAX,IJC,0.6062
HAX,IN4,-0.6286
HAX,JVC,0.6295
HAX,KHG,0.6007
HAX,KMR,0.6966
HAX,L18,0.621
HAX,L35,-0.6797
HAX,LAS,0.6198
HAX,LCC,-0.6052
HAX,LHC,0.7158
HAX,LHG,0.6459
HAX,LPB,0.6753
HAX,LQN,-0.6137
HAX,LSS,0.6591
HAX,LUT,-0.6054
HAX,MBB,0.6066
HAX,MBS,0.6097
HAX,MEF,-0.6103
HAX,MIG,0.677
HAX,MLC,-0.6258
HAX,NAF,0.6055
HAX,NBB,0.6296
HAX,NBC,0.6001
HAX,NDW,-0.6198
HAX,NHA,0.6453
HAX,NKG,0.619
HAX,NT2,0.6285
HAX,ODE,0.6222
HAX,PAN,0.6885
HAX,PAT,0.6276
HAX,PBP,0.7349
HAX,PET,0.6264
HAX,PGC,0.645
HAX,PHR,0.6067
HAX,PMB,0.6625
HAX,POW,0.6457
HAX,PPI,-0.6155
HAX,PSI,0.6431
HAX,PSW,0.7244
HAX,PTC,0.6174
HAX,PVC,0.6531
HAX,PVD,0.6547
HAX,PVS,0.654
HAX,RBC,-0.7084
HAX,REE,0.6874
HAX,SAL,-0.6414
HAX,SBT,0.6975
HAX,SCR,0.6592
HAX,SHB,0.6479
HAX,SKG,0.6485
HAX,SPH,-0.6016
HAX,SSF,-0.6293
HAX,STS,-0.6053
HAX,STW,-0.6242
HAX,SZC,0.6297
HAX,TCI,0.6291
HAX,TCM,0.6496
HAX,TDC,0.6062
HAX,TID,0.6004
HAX,TLH,0.6531
HAX,TNG,0.67
HAX,TNH,0.6705
HAX,TSC,0.6166
HAX,TVH,-0.6493
HAX,UMC,-0.6414
HAX,VCT,-0.6031
HAX,VGC,0.6024
HAX,VGS,0.624
HAX,VGT,0.6039
HAX,VHF,-0.6477
HAX,VIG,0.6224
HAX,VLC,0.6119
HAX,VMT,-0.6856
HAX,VNL,0.6051
HAX,VOS,0.63
HAX,VSH,0.6372
HAX,X26,-0.6149
HBC,HPG,0.6128
HBC,HQC,0.6203
HBC,HSG,0.6179
HBC,HT1,0.6097
HBC,HTG,0.6814
HBC,IDC,0.6634
HBC,IDI,0.6516
HBC,ITA,0.6276
HBC,KMR,0.6148
HBC,KSB,0.6675
HBC,L14,0.7308
HBC,L18,0.7059
HBC,LAS,0.6016
HBC,LCG,0.6876
HBC,LDG,0.6362
HBC,LHG,0.6224
HBC,LIG,0.693
HBC,MBG,0.6438
HBC,NAB,0.6211
HBC,NDN,0.6627
HBC,NDX,0.656
HBC,NHA,0.6557
HBC,OGC,0.617
HBC,PAN,0.6169
HBC,PHC,0.6437
HBC,PHR,0.6087
HBC,PXL,0.6552
HBC,SBS,0.6568
HBC,SCI,0.6301
HBC,SCR,0.6448
HBC,SHA,0.6059
HBC,SKG,0.6246
HBC,SZC,0.6057
HBC,TDC,0.7015
HBC,THD,0.6009
HBC,THG,0.6202
HBC,TIG,0.6139
HBC,TIP,0.6194
HBC,TLH,0.6424
HBC,TSC,0.6239
HBC,TTA,0.6207
HBC,TTF,0.6196
HBC,TTH,0.6262
HBC,VCG,0.6113
HBC,VGC,0.6085
HBC,VGS,0.6784
HBC,VHE,0.6043
HBC,VHG,0.6959
HBC,VLB,0.6476
HBS,HID,0.6083
HBS,HVX,0.6066
HC1,HDM,-0.6374
HC1,HEC,-0.6904
HC1,HEP,-0.7553
HC1,HFX,0.6718
HC1,HHN,0.7795
HC1,HLA,0.783
HC1,HLS,0.7764
HC1,HNM,-0.8049
HC1,HNP,0.6997
HC1,HOT,0.7785
HC1,HQC,-0.6902
HC1,HUB,-0.6004
HC1,IBD,0.6312
HC1,ICN,-0.7829
HC1,IDI,-0.6552
HC1,IME,0.6171
HC1,IN4,0.8182
HC1,JVC,-0.6427
HC1,KDM,-0.6087
HC1,KHG,-0.6055
HC1,KMR,-0.715
HC1,L18,-0.6674
HC1,L35,0.7677
HC1,LAF,-0.6751
HC1,LAI,-0.6083
HC1,LCC,0.7106
HC1,LCD,-0.6015
HC1,LHC,-0.6354
HC1,LQN,0.7646
HC1,LUT,0.7792
HC1,MCP,-0.7524
HC1,MEF,0.7247
HC1,MLC,0.6362
HC1,MPT,0.609
HC1,MPY,0.8238
HC1,MRF,0.7212
HC1,NAC,0.6976
HC1,NBB,-0.7223
HC1,NBC,-0.6461
HC1,NDW,0.7505
HC1,NUE,-0.6045
HC1,OCH,-0.652
HC1,ODE,-0.7677
HC1,OGC,-0.6065
HC1,PBP,-0.7348
HC1,PCH,-0.6951
HC1,PDV,-0.6196
HC1,PHH,0.6721
HC1,PMB,-0.6416
HC1,PMW,-0.7996
HC1,PNP,-0.6004
HC1,PPI,0.718
HC1,PPT,-0.6403
HC1,PRC,-0.7541
HC1,PSG,0.6907
HC1,PSW,-0.6143
HC1,PTC,-0.7174
HC1,PTG,0.7443
HC1,PXM,0.6078
HC1,QNW,0.6974
HC1,RBC,0.7988
HC1,SAL,0.8223
HC1,SAM,-0.6032
HC1,SBG,-0.6612
HC1,SBT,-0.6609
HC1,SCD,0.7871
HC1,SCR,-0.6679
HC1,SEB,-0.7182
HC1,SFN,0.6104
HC1,SII,0.624
HC1,SKG,-0.6409
HC1,SP2,-0.6721
HC1,SPH,0.7425
HC1,SSF,0.7869
HC1,SSN,0.6513
HC1,STS,0.624
HC1,STW,0.7874
HC1,TAN,-0.7438
HC1,TBR,0.6659
HC1,TCJ,0.8308
HC1,TDB,-0.7555
HC1,TGG,-0.7271
HC1,THN,0.6602
HC1,THW,-0.6371
HC1,TKC,0.7105
HC1,TMW,0.6189
HC1,TNA,-0.6198
HC1,TOT,-0.7371
HC1,TRT,0.6622
HC1,TSC,-0.667
HC1,TST,0.6694
HC1,TTF,-0.6037
HC1,TTS,0.7689
HC1,TVD,-0.6374
HC1,TVH,0.7906
HC1,UEM,0.6176
HC1,UMC,0.8249
HC1,UPC,0.6082
HC1,VCT,0.6466
HC1,VFG,-0.6567
HC1,VGP,-0.7765
HC1,VHF,0.7398
HC1,VKC,0.6885
HC1,VLP,0.6025
HC1,VMT,0.8111
HC1,VNR,-0.6336
HC1,VNS,-0.6331
HC1,VPH,-0.6069
HC1,VSF,-0.7063
HC1,VTG,0.627
HC1,VTI,0.6743
HC1,VXB,0.7336
HC1,VXP,0.6917
HC1,X26,0.6748
HC1,XHC,0.6255
HC3,HFC,0.6542
HC3,SB1,0.6224
HC3,VDT,-0.6023
HCD,HCM,0.6261
HCD,HD6,0.6537
HCD,HFX,-0.6448
HCD,HLA,-0.6345
HCD,HNP,-0.6549
HCD,HOT,-0.6235
HCD,HQC,0.6039
HCD,HSG,0.6036
HCD,HTG,0.6003
HCD,HUB,0.6579
HCD,IDV,0.6043
HCD,IME,-0.6595
HCD,IN4,-0.6531
HCD,KMR,0.7499
HCD,L18,0.6286
HCD,LAS,0.6264
HCD,LCC,-0.6652
HCD,LCG,0.6415
HCD,LHG,0.6951
HCD,LIG,0.6001
HCD,LO5,-0.6426
HCD,LPB,0.6614
HCD,LQN,-0.6259
HCD,LSS,0.7355
HCD,MBG,0.6241
HCD,MBS,0.614
HCD,MCM,0.6025
HCD,MPY,-0.6261
HCD,MRF,-0.6385
HCD,MSN,0.6023
HCD,NAC,-0.6133
HCD,NBB,0.6725
HCD,NDN,0.6696
HCD,NED,0.6594
HCD,NHA,0.6689
HCD,NKG,0.6164
HCD,ODE,0.6349
HCD,PAN,0.7164
HCD,PBP,0.6101
HCD,PHC,0.6523
HCD,PHH,-0.6512
HCD,PMB,0.6031
HCD,PPH,0.6461
HCD,PPI,-0.6708
HCD,PPT,0.657
HCD,PSG,-0.6468
HCD,PSW,0.7058
HCD,PXM,-0.6084
HCD,RAL,0.6098
HCD,RBC,-0.6215
HCD,S99,0.633
HCD,SAL,-0.7011
HCD,SBT,0.7002
HCD,SCD,-0.6265
HCD,SGT,0.6907
HCD,SKG,0.6142
HCD,SLS,0.7126
HCD,SSF,-0.6143
HCD,STS,-0.6006
HCD,SZC,0.6204
HCD,TCI,0.6499
HCD,TDG,0.6865
HCD,TDT,0.6119
HCD,TEG,0.6043
HCD,TIP,0.7105
HCD,TIS,0.6148
HCD,TLD,0.6427
HCD,TLH,0.7031
HCD,TNA,0.6554
HCD,TNG,0.6452
HCD,TOT,0.6178
HCD,TSC,0.623
HCD,TTF,0.6051
HCD,TVB,0.6744
HCD,TVH,-0.6802
HCD,V21,0.6344
HCD,VCP,0.6198
HCD,VGS,0.614
HCD,VIB,0.624
HCD,VIG,0.6185
HCD,VMS,-0.6488
HCD,VNX,-0.6257
HCD,VPH,0.7067
HCD,VTI,-0.6611
HCD,VXB,-0.6071
HCD,WSS,0.619
HCD,WTC,0.6301
HCD,X26,-0.6561
HCI,HFX,0.6582
HCI,HKB,0.7817
HCI,HLT,0.6909
HCI,HMG,0.7417
HCI,HNP,0.613
HCI,HPI,0.6891
HCI,IBD,0.6427
HCI,IME,0.7213
HCI,LCC,0.6102
HCI,LG9,0.6122
HCI,MGR,0.6629
HCI,MIE,0.758
HCI,MTB,0.7293
HCI,NQB,0.7726
HCI,NQN,0.6456
HCI,PAI,0.6252
HCI,PBC,-0.6277
HCI,PHH,0.6746
HCI,PID,0.684
HCI,PLE,0.6449
HCI,PMJ,0.692
HCI,POB,0.6425
HCI,PSG,0.6205
HCI,PTH,0.6059
HCI,PVY,0.7229
HCI,QNT,0.6968
HCI,QNU,0.8498
HCI,QST,0.7722
HCI,SAL,0.6947
HCI,SCG,-0.7049
HCI,SCO,0.6068
HCI,SFN,0.7045
HCI,SPH,0.6693
HCI,SSF,0.6262
HCI,STS,0.8244
HCI,TAW,0.6873
HCI,TNM,0.6432
HCI,TRT,0.6505
HCI,TVG,0.8891
HCI,TVH,0.7076
HCI,UCT,0.8358
HCI,UDL,0.767
HCI,UMC,0.6831
HCI,VCT,0.6896
HCI,VHH,0.6328
HCI,VTG,0.8113
HCI,VTI,0.6696
HCI,VVN,0.6981
HCI,VXB,0.6798
HCI,VXP,0.6159
HCI,XHC,0.6518
HCM,HDC,0.7996
HCM,HDG,0.7401
HCM,HHS,0.6428
HCM,HHV,0.7705
HCM,HLD,0.6109
HCM,HPG,0.8317
HCM,HQC,0.7282
HCM,HSG,0.8632
HCM,HT1,0.6996
HCM,HUB,0.6124
HCM,HUT,0.677
HCM,IDC,0.7603
HCM,IDI,0.7438
HCM,IJC,0.8111
HCM,IPA,0.7642
HCM,ITA,0.6509
HCM,IVS,0.629
HCM,KBC,0.8088
HCM,KDH,0.6552
HCM,KHG,0.7158
HCM,KSB,0.7854
HCM,L14,0.6564
HCM,L18,0.6585
HCM,LAS,0.6233
HCM,LCG,0.8235
HCM,LHG,0.7471
HCM,LIG,0.6299
HCM,LPB,0.7865
HCM,LSS,0.6165
HCM,MBB,0.7577
HCM,MBS,0.9156
HCM,MIG,0.7001
HCM,MSB,0.7184
HCM,MSH,0.6278
HCM,MSN,0.7559
HCM,MWG,0.7381
HCM,NAB,0.6289
HCM,NAF,0.6292
HCM,NDN,0.6009
HCM,NHA,0.7071
HCM,NHH,0.6589
HCM,NKG,0.8555
HCM,NLG,0.6553
HCM,NT2,0.7225
HCM,NTL,0.6084
HCM,OCB,0.6609
HCM,OGC,0.6313
HCM,ORS,0.6448
HCM,PAN,0.7682
HCM,PAT,0.6511
HCM,PC1,0.7829
HCM,PET,0.7423
HCM,PHC,0.6093
HCM,PHR,0.7009
HCM,PLC,0.7121
HCM,POW,0.6252
HCM,PSI,0.7523
HCM,PTB,0.6874
HCM,PVB,0.6374
HCM,PVC,0.6948
HCM,PVD,0.7686
HCM,PVP,0.6211
HCM,PVS,0.7417
HCM,PVT,0.7766
HCM,REE,0.6376
HCM,S99,0.6229
HCM,SBS,0.7977
HCM,SBT,0.7122
HCM,SCR,0.7941
HCM,SHB,0.7593
HCM,SHS,0.8975
HCM,SKG,0.6836
HCM,SLS,0.6235
HCM,SSI,0.924
HCM,STB,0.8126
HCM,SZC,0.8232
HCM,TCB,0.7641
HCM,TCH,0.7205
HCM,TCI,0.752
HCM,TDC,0.6033
HCM,TIG,0.6263
HCM,TIP,0.6552
HCM,TLH,0.7499
HCM,TNG,0.8437
HCM,TNT,0.6293
HCM,TOT,0.6241
HCM,TPB,0.6797
HCM,TSC,0.6501
HCM,TTF,0.6725
HCM,TVB,0.6741
HCM,VBB,0.6275
HCM,VC2,0.6186
HCM,VCG,0.7739
HCM,VCI,0.9312
HCM,VCS,0.6123
HCM,VDS,0.6898
HCM,VGC,0.6776
HCM,VGS,0.778
HCM,VGT,0.6518
HCM,VHC,0.6938
HCM,VIB,0.8005
HCM,VIG,0.6957
HCM,VIX,0.7898
HCM,VLB,0.7036
HCM,VND,0.8505
HCM,VOS,0.6674
HCM,VPB,0.6626
HCM,VSH,0.6188
HCM,WSS,0.6736
HCT,HLY,0.674
HCT,SEP,0.6015
HD6,HFX,-0.6546
HD6,HHN,-0.6001
HD6,HNM,0.6401
HD6,HNP,-0.7446
HD6,IME,-0.6555
HD6,IN4,-0.6002
HD6,KMR,0.7469
HD6,L18,0.6601
HD6,LCC,-0.6873
HD6,MBG,0.6404
HD6,MTB,-0.6002
HD6,NBB,0.6625
HD6,NED,0.6105
HD6,ODE,0.659
HD6,PBP,0.6452
HD6,PDV,0.6307
HD6,PHC,0.6033
HD6,PHH,-0.7055
HD6,PMB,0.6202
HD6,PPH,0.6097
HD6,PPI,-0.6639
HD6,PSG,-0.6179
HD6,PSW,0.7365
HD6,QNT,-0.6322
HD6,RBC,-0.6328
HD6,SAL,-0.7491
HD6,SBG,0.6073
HD6,SCG,0.7085
HD6,SFN,-0.7277
HD6,SPH,-0.6255
HD6,SSF,-0.6791
HD6,TCI,0.6191
HD6,TCJ,-0.6145
HD6,TDG,0.6706
HD6,TDT,0.6997
HD6,TRT,-0.6416
HD6,TVH,-0.705
HD6,UMC,-0.7026
HD6,V21,0.6366
HD6,VID,0.678
HD6,VTG,-0.6811
HD6,VTI,-0.7193
HD6,VXB,-0.619
HD6,WTC,0.6539
HD6,XHC,-0.635
HD8,HEP,0.6113
HD8,HSP,0.6399
HD8,LAI,0.6461
HD8,MH3,0.6384
HD8,NWT,0.619
HD8,OCH,0.6096
HD8,THW,0.6621
HD8,TPS,0.6152
HD8,VCP,0.6112
HD8,VPC,0.6183
HDA,PAS,0.6677
HDB,HT1,0.6412
HDB,IDC,0.6038
HDB,KDH,0.6212
HDB,LPB,0.6351
HDB,MBB,0.7397
HDB,MSB,0.6685
HDB,OCB,0.6706
HDB,POW,0.6631
HDB,SCR,0.6061
HDB,SHB,0.6308
HDB,SSI,0.6144
HDB,STB,0.6886
HDB,TCB,0.656
HDB,TPB,0.7539
HDB,VCB,0.6185
HDB,VIB,0.6507
HDB,VPB,0.7199
HDB,VPI,0.6066
HDC,HDG,0.7189
HDC,HHS,0.7442
HDC,HHV,0.6039
HDC,HLD,0.6868
HDC,HPG,0.7469
HDC,HQC,0.6994
HDC,HSG,0.7632
HDC,HT1,0.7005
HDC,HUT,0.7015
HDC,IDC,0.7664
HDC,IDI,0.7588
HDC,IDJ,0.712
HDC,IJC,0.7185
HDC,IPA,0.6746
HDC,ITA,0.6377
HDC,ITC,0.6593
HDC,KBC,0.7211
HDC,KDH,0.6931
HDC,KHG,0.6527
HDC,KSB,0.7213
HDC,L14,0.7849
HDC,L18,0.6285
HDC,LCG,0.7545
HDC,LDG,0.7156
HDC,LHG,0.6663
HDC,LIG,0.6373
HDC,LPB,0.6865
HDC,MBB,0.6679
HDC,MBS,0.74
HDC,MIG,0.6584
HDC,MSB,0.6722
HDC,MSH,0.6031
HDC,MSN,0.663
HDC,MWG,0.6213
HDC,NAF,0.6349
HDC,NBB,0.6018
HDC,NHA,0.7316
HDC,NKG,0.7471
HDC,NLG,0.7963
HDC,NT2,0.7614
HDC,OCH,0.6396
HDC,OGC,0.6766
HDC,PAN,0.6756
HDC,PC1,0.7383
HDC,PDB,0.6084
HDC,PET,0.7282
HDC,PHR,0.7238
HDC,PLC,0.6373
HDC,POW,0.6798
HDC,PSI,0.6718
HDC,PTB,0.6565
HDC,PVC,0.6847
HDC,PVD,0.7115
HDC,PVS,0.6559
HDC,PVT,0.6679
HDC,PXL,0.615
HDC,REE,0.6084
HDC,S99,0.6092
HDC,SBS,0.6701
HDC,SBT,0.6086
HDC,SCR,0.7985
HDC,SHB,0.7475
HDC,SHS,0.778
HDC,SKG,0.7137
HDC,SSI,0.8062
HDC,STB,0.736
HDC,SZC,0.8064
HDC,TCB,0.6379
HDC,TCH,0.7827
HDC,TCI,0.6981
HDC,THD,0.7341
HDC,TIG,0.662
HDC,TLH,0.6292
HDC,TNG,0.7034
HDC,TNI,0.6175
HDC,TPB,0.6593
HDC,TTF,0.6239
HDC,VCG,0.8218
HDC,VCI,0.8259
HDC,VDS,0.6023
HDC,VGC,0.7439
HDC,VGS,0.7293
HDC,VHC,0.7154
HDC,VIB,0.6964
HDC,VIG,0.6523
HDC,VIX,0.7558
HDC,VLB,0.6095
HDC,VND,0.7436
HDC,VPB,0.6846
HDC,VPH,0.6132
HDG,HHS,0.6367
HDG,HPG,0.7178
HDG,HSG,0.7168
HDG,HT1,0.75
HDG,HUT,0.6026
HDG,IDC,0.6206
HDG,IDI,0.6169
HDG,IJC,0.6994
HDG,IPA,0.6727
HDG,KBC,0.6592
HDG,KDH,0.6933
HDG,KSB,0.6826
HDG,LCG,0.6949
HDG,LHG,0.6703
HDG,LPB,0.7498
HDG,MBB,0.7919
HDG,MBS,0.7473
HDG,MIG,0.7118
HDG,MSB,0.6924
HDG,MSN,0.7304
HDG,MWG,0.6797
HDG,NHA,0.6246
HDG,NKG,0.7135
HDG,NLG,0.6329
HDG,NT2,0.7409
HDG,NTL,0.6461
HDG,OCB,0.645
HDG,PAN,0.7316
HDG,PC1,0.7904
HDG,PET,0.7411
HDG,PHR,0.6034
HDG,POW,0.6532
HDG,PSI,0.6239
HDG,PTB,0.6536
HDG,PVC,0.6051
HDG,PVD,0.6732
HDG,PVS,0.6436
HDG,PVT,0.6664
HDG,REE,0.6227
HDG,SBS,0.6231
HDG,SCR,0.6451
HDG,SHB,0.6737
HDG,SHS,0.7391
HDG,SSI,0.7293
HDG,STB,0.7034
HDG,SZC,0.6595
HDG,TCB,0.7044
HDG,TCH,0.6881
HDG,TCI,0.642
HDG,TIG,0.7122
HDG,TLH,0.6055
HDG,TNG,0.7248
HDG,TPB,0.687
HDG,VCG,0.6166
HDG,VCI,0.7291
HDG,VCS,0.6036
HDG,VDS,0.6722
HDG,VGC,0.6339
HDG,VGS,0.7114
HDG,VIB,0.7299
HDG,VIX,0.7276
HDG,VND,0.6158
HDG,VPB,0.7396
HDG,WSS,0.6007
HDM,HLD,0.6186
HDM,HNM,0.7067
HDM,HQC,0.6994
HDM,HTG,0.6269
HDM,IDC,0.7349
HDM,IDI,0.6407
HDM,IN4,-0.6192
HDM,JVC,0.6275
HDM,KHP,0.6403
HDM,KMR,0.6526
HDM,L14,0.6767
HDM,L18,0.7339
HDM,LAS,0.6028
HDM,LCG,0.6576
HDM,LDG,0.6243
HDM,LHC,0.6773
HDM,LIG,0.6317
HDM,MBG,0.6049
HDM,MCP,0.641
HDM,MDC,0.643
HDM,NBB,0.7488
HDM,NBC,0.7239
HDM,NDX,0.7081
HDM,NHA,0.6248
HDM,ODE,0.6546
HDM,OGC,0.625
HDM,PAT,0.6125
HDM,PGC,0.6076
HDM,PHC,0.6334
HDM,PMB,0.6567
HDM,PMW,0.6178
HDM,PSE,0.6739
HDM,PSW,0.6373
HDM,PTC,0.7094
HDM,PTG,-0.6015
HDM,PXL,0.6582
HDM,SAM,0.6517
HDM,SCR,0.6902
HDM,SD9,0.7034
HDM,SKG,0.646
HDM,SSF,-0.6359
HDM,STW,-0.6029
HDM,TBR,-0.6014
HDM,TCI,0.6354
HDM,TCJ,-0.6252
HDM,TGG,0.6193
HDM,THT,0.6791
HDM,TID,0.6225
HDM,TLD,0.6087
HDM,TSC,0.6335
HDM,TTF,0.6811
HDM,TVD,0.6856
HDM,UMC,-0.6548
HDM,VGP,0.6199
HDM,VMT,-0.6513
HDM,VPH,0.6094
HEC,HGT,-0.6021
HEC,HLS,-0.6636
HEC,HNP,-0.6435
HEC,IBD,-0.6987
HEC,ICN,0.6361
HEC,KMR,0.6629
HEC,MLC,-0.6316
HEC,ODE,0.664
HEC,PBP,0.6092
HEC,PMW,0.6491
HEC,PPT,0.6845
HEC,PSW,0.6142
HEC,PTC,0.6183
HEC,QHD,0.6196
HEC,RBC,-0.6652
HEC,SAL,-0.7018
HEC,SCG,0.6663
HEC,SPH,-0.7333
HEC,SSF,-0.7177
HEC,STS,-0.6194
HEC,TCJ,-0.7991
HEC,TST,-0.6
HEC,TVH,-0.6919
HEC,UMC,-0.6572
HEC,VHF,-0.6211
HEC,VMT,-0.63
HEC,VTG,-0.6059
HEC,VXB,-0.6762
HEC,VXP,-0.7033
HEC,XDH,-0.6789
HEJ,KHD,0.6069
HEJ,LCM,0.6025
HEJ,MTS,-0.6254
HEJ,TB8,0.6985
HEJ,VLW,-0.6157
HEP,HHN,-0.7807
HEP,HLA,-0.6126
HEP,HMS,0.6874
HEP,HNM,0.7511
HEP,HOT,-0.7055
HEP,HPD,0.7139
HEP,HQC,0.6547
HEP,HSG,0.6415
HEP,HSP,0.6549
HEP,HTL,0.6044
HEP,IDI,0.6358
HEP,IN4,-0.8585
HEP,KDM,0.631
HEP,KGM,0.647
HEP,KHG,0.6081
HEP,KMR,0.649
HEP,KTS,0.6354
HEP,L18,0.6407
HEP,L40,0.708
HEP,L62,-0.6845
HEP,LAF,0.8133
HEP,LAI,0.7835
HEP,LCC,-0.6047
HEP,LCD,0.7771
HEP,LCG,0.6214
HEP,LDW,-0.6194
HEP,LQN,-0.6009
HEP,LSS,0.6102
HEP,LUT,-0.7235
HEP,MCP,0.6974
HEP,MEF,-0.736
HEP,MHL,0.6371
HEP,MNB,0.6287
HEP,MND,-0.7884
HEP,MPY,-0.7886
HEP,NAC,-0.7736
HEP,NAW,0.6492
HEP,NDW,-0.6791
HEP,NHA,0.6103
HEP,NKG,0.6466
HEP,NWT,0.6326
HEP,ODE,0.6138
HEP,PBP,0.7032
HEP,PCE,0.719
HEP,PCH,0.6763
HEP,PDN,0.6788
HEP,PMW,0.6445
HEP,POM,-0.6811
HEP,PPI,-0.6722
HEP,PRC,0.6368
HEP,PTC,0.6634
HEP,PTG,-0.7556
HEP,PVX,0.7129
HEP,QNP,0.6684
HEP,QNW,-0.6119
HEP,SBG,0.7388
HEP,SBT,0.6362
HEP,SCD,-0.7096
HEP,SCR,0.6021
HEP,SDN,0.6326
HEP,SEB,0.7359
HEP,SII,-0.6272
HEP,SIV,0.7491
HEP,SKG,0.6022
HEP,SP2,0.6866
HEP,STW,-0.6946
HEP,TB8,-0.6333
HEP,TCI,0.6033
HEP,TDB,0.6687
HEP,TDC,0.6528
HEP,TGG,0.6552
HEP,THN,-0.7542
HEP,THW,0.6622
HEP,TMB,0.6072
HEP,TMW,-0.7186
HEP,TOT,0.7224
HEP,TSC,0.6657
HEP,TUG,0.6736
HEP,TVA,0.6202
HEP,VE2,-0.7398
HEP,VGP,0.7704
HEP,VIG,0.632
HEP,VKC,-0.6642
HEP,VLP,-0.6953
HEP,VNC,0.6725
HEP,VPC,0.7523
HEP,VPR,0.6463
HEP,VRG,0.6062
HEP,VSA,0.6504
HEP,VSF,0.6991
HEP,VSM,0.6128
HEP,VTH,0.6031
HEP,VTZ,0.7348
HES,SDY,0.614
HEV,KHW,-0.7
HEV,NDW,-0.6428
HEV,PJS,0.6889
HEV,QCC,0.6328
HEV,SD7,-0.6032
HEV,SDA,0.684
HEV,SPB,0.6355
HEV,TDW,-0.6434
HEV,TET,0.614
HEV,TVM,-0.636
HEV,VDL,0.6555
HEV,VDT,0.7179
HEV,VVS,-0.6369
HFB,HHN,-0.6202
HFB,KGM,0.6322
HFB,LCD,0.6093
HFB,MND,-0.606
HFB,MPY,-0.6248
HFB,NDW,-0.6198
HFB,PCE,0.6184
HFB,QPH,0.608
HFB,RAT,0.6498
HFB,RTB,0.7005
HFB,SGC,0.622
HFB,TBD,0.6047
HFB,TUG,0.6048
HFC,HMG,0.6044
HFC,HPM,0.6425
HFC,LAW,0.6223
HFC,MTS,0.6063
HFC,NTH,0.6045
HFC,PWS,0.6533
HFC,SPD,0.6296
HFC,TVM,0.6851
HFC,VBH,0.7117
HFC,VIW,0.6385
HFC,X20,0.7256
HFX,HHN,0.7271
HFX,HKB,0.6685
HFX,HLA,0.6993
HFX,HLS,0.6236
HFX,HNM,-0.719
HFX,HNP,0.7439
HFX,HOT,0.6956
HFX,IBD,0.7435
HFX,IME,0.8518
HFX,IN4,0.6869
HFX,KMR,-0.716
HFX,LCC,0.9121
HFX,LO5,0.7233
HFX,LQN,0.6751
HFX,LSS,-0.6218
HFX,LUT,0.6949
HFX,MEF,0.6186
HFX,MGR,0.7231
HFX,MPY,0.7418
HFX,MRF,0.7208
HFX,MTB,0.7593
HFX,NAC,0.6423
HFX,NDP,0.62
HFX,NDW,0.687
HFX,NED,-0.6701
HFX,ODE,-0.762
HFX,PAI,0.6762
HFX,PCH,-0.6086
HFX,PHH,0.8069
HFX,PMB,-0.6013
HFX,PPI,0.7257
HFX,PPT,-0.6733
HFX,PSG,0.7487
HFX,PSW,-0.6437
HFX,PTG,0.6227
HFX,QHD,-0.6118
HFX,QNT,0.8436
HFX,QST,0.7087
HFX,QTC,0.7084
HFX,RBC,0.6691
HFX,SAL,0.8503
HFX,SBT,-0.642
HFX,SCD,0.6805
HFX,SFN,0.7572
HFX,SGT,-0.6489
HFX,SPH,0.7101
HFX,SSF,0.7965
HFX,SSM,0.6296
HFX,SSN,0.6003
HFX,STS,0.7011
HFX,TB8,0.6001
HFX,TBR,0.6
HFX,TCJ,0.751
HFX,TDT,-0.7171
HFX,THN,0.6081
HFX,TNA,-0.6937
HFX,TOT,-0.6295
HFX,TRT,0.7496
HFX,TST,0.7568
HFX,TVH,0.8423
HFX,TW3,0.6371
HFX,UCT,0.7063
HFX,UDL,0.6097
HFX,UMC,0.8667
HFX,UPC,0.6646
HFX,V21,-0.6385
HFX,VC3,-0.6212
HFX,VCT,0.7162
HFX,VDG,0.618
HFX,VE2,0.6942
HFX,VE3,0.6647
HFX,VIR,0.6573
HFX,VKC,0.7184
HFX,VMS,0.7104
HFX,VSF,-0.6002
HFX,VTG,0.7212
HFX,VTI,0.9246
HFX,VVN,0.7452
HFX,VXB,0.8218
HFX,VXP,0.7198
HFX,X26,0.6658
HFX,XHC,0.707
HGM,HMD,-0.6673
HGM,HNM,0.6516
HGM,HNP,-0.6698
HGM,HTP,-0.6176
HGM,ICN,0.6082
HGM,IRC,-0.6903
HGM,L62,-0.6137
HGM,LDW,-0.7125
HGM,LNC,-0.6993
HGM,MPY,-0.6579
HGM,MQB,-0.688
HGM,MRF,-0.6788
HGM,NLS,0.6106
HGM,SCD,-0.6541
HGM,SD4,-0.6347
HGM,SP2,0.6007
HGM,TAB,-0.6151
HGM,TCJ,-0.618
HGM,TCK,-0.6196
HGM,TD6,0.6514
HGM,VDG,-0.6426
HGM,VFG,0.6235
HGM,VNI,0.7007
HGM,VTI,-0.6005
HGT,HNP,0.6138
HGT,HPM,0.6581
HGT,LAW,0.6361
HGT,MIE,0.6744
HGT,MLC,0.7115
HGT,NBT,0.674
HGT,NO1,-0.6064
HGT,PMJ,0.6475
HGT,PTH,0.623
HGT,PWS,0.6679
HGT,RBC,0.6478
HGT,SD2,0.6675
HGT,SPH,0.6109
HGT,TOW,0.6866
HGT,VHF,0.6804
HGT,XDH,0.6635
HHB,HLO,0.7175
HHB,HMD,0.6262
HHB,HPA,-0.6691
HHB,HPO,0.6601
HHB,LDW,0.6259
HHB,LNC,0.6973
HHB,NDP,0.6421
HHB,NLS,-0.7607
HHB,PMT,-0.6332
HHB,PTM,0.7511
HHB,RGG,0.8685
HHB,SLD,0.9681
HHB,TAB,0.6247
HHB,TCX,-0.6374
HHB,VCK,-0.7158
HHB,VCR,0.6034
HHB,VE8,0.6462
HHB,VMK,0.6952
HHB,VPX,-0.7749
HHC,HLO,0.612
HHC,SPB,0.642
HHG,KVC,0.621
HHN,HLA,0.7648
HHN,HLS,0.6765
HHN,HNM,-0.7769
HHN,HNP,0.6393
HHN,HOT,0.7782
HHN,HPD,-0.6759
HHN,HQC,-0.6098
HHN,HSP,-0.6332
HHN,HTP,0.6028
HHN,ICN,-0.6467
HHN,IME,0.626
HHN,IN4,0.8788
HHN,KGM,-0.6832
HHN,KHG,-0.6102
HHN,KMR,-0.7589
HHN,KTS,-0.6054
HHN,L18,-0.6105
HHN,L35,0.6173
HHN,L40,-0.6118
HHN,L62,0.6884
HHN,LAF,-0.8114
HHN,LAI,-0.7557
HHN,LCC,0.7842
HHN,LCD,-0.6783
HHN,LO5,0.6338
HHN,LSS,-0.6515
HHN,LUT,0.8211
HHN,MCP,-0.6559
HHN,MEF,0.91
HHN,MND,0.753
HHN,MPY,0.8685
HHN,MRF,0.6482
HHN,NAC,0.7895
HHN,NBC,-0.6391
HHN,NDW,0.9231
HHN,NSL,0.6363
HHN,NWT,-0.6562
HHN,ODE,-0.7143
HHN,PBP,-0.7085
HHN,PCE,-0.7256
HHN,PCH,-0.7158
HHN,PDN,-0.6357
HHN,PHH,0.6641
HHN,PMB,-0.6328
HHN,PMW,-0.6324
HHN,PNP,-0.635
HHN,POM,0.6569
HHN,PPI,0.8207
HHN,PSG,0.64
HHN,PTC,-0.6765
HHN,PTG,0.9344
HHN,PXM,0.6639
HHN,QNP,-0.6861
HHN,QNW,0.7285
HHN,RBC,0.6366
HHN,SAL,0.7654
HHN,SBG,-0.8053
HHN,SBT,-0.6822
HHN,SCD,0.765
HHN,SII,0.6744
HHN,SKG,-0.629
HHN,SRC,0.6306
HHN,SSF,0.697
HHN,STG,0.6452
HHN,STW,0.6174
HHN,TAR,0.678
HHN,TB8,0.6049
HHN,TBR,0.7018
HHN,TCJ,0.6664
HHN,TDB,-0.656
HHN,TDC,-0.6008
HHN,TGG,-0.6168
HHN,THM,0.6296
HHN,THN,0.7793
HHN,THT,-0.6023
HHN,TKC,0.6128
HHN,TL4,0.6518
HHN,TMB,-0.6211
HHN,TMW,0.7344
HHN,TNA,-0.6179
HHN,TOT,-0.6866
HHN,TRT,0.6637
HHN,TSC,-0.7098
HHN,TST,0.6072
HHN,TUG,-0.601
HHN,TVA,-0.6049
HHN,TVB,-0.6018
HHN,TVD,-0.6721
HHN,TVH,0.7827
HHN,UMC,0.7632
HHN,V21,-0.6022
HHN,VC3,-0.6007
HHN,VCP,-0.6264
HHN,VCT,0.6846
HHN,VE2,0.8928
HHN,VE3,0.6592
HHN,VGP,-0.7649
HHN,VKC,0.699
HHN,VLP,0.7177
HHN,VMT,0.6204
HHN,VNR,-0.6274
HHN,VNS,-0.7055
HHN,VSA,-0.6562
HHN,VSF,-0.7901
HHN,VTI,0.7397
HHN,VTZ,-0.6726
HHN,VVN,0.6199
HHN,VXB,0.6323
HHN,X26,0.6732
HHN,XHC,0.7305
HHP,PLE,-0.6606
HHS,HPG,0.6029
HHS,HQC,0.647
HHS,HSG,0.614
HHS,HT1,0.7183
HHS,HUT,0.6253
HHS,IDC,0.7566
HHS,IDI,0.6929
HHS,IDJ,0.6211
HHS,IJC,0.6135
HHS,ITA,0.6324
HHS,ITC,0.6448
HHS,KBC,0.6196
HHS,KDH,0.6851
HHS,KSB,0.6833
HHS,L14,0.6803
HHS,LCG,0.688
HHS,LDG,0.6693
HHS,MBB,0.616
HHS,MSB,0.6333
HHS,MSN,0.6146
HHS,NDN,0.6453
HHS,NHA,0.6218
HHS,NKG,0.6186
HHS,NLG,0.7426
HHS,NT2,0.6583
HHS,OGC,0.6044
HHS,PAN,0.6186
HHS,PC1,0.7033
HHS,PDB,0.6229
HHS,PET,0.6436
HHS,PHR,0.7064
HHS,POW,0.7239
HHS,PVC,0.6057
HHS,PXL,0.6729
HHS,SAM,0.6082
HHS,SCR,0.6667
HHS,SDA,0.6263
HHS,SHB,0.6032
HHS,SHS,0.6391
HHS,SSI,0.6435
HHS,STB,0.6391
HHS,SZC,0.6589
HHS,TCH,0.8875
HHS,TCI,0.6068
HHS,THD,0.6324
HHS,TIG,0.6552
HHS,TNG,0.6262
HHS,TNI,0.6549
HHS,TPB,0.671
HHS,TVS,0.6148
HHS,VCG,0.6866
HHS,VGC,0.6573
HHS,VGS,0.6122
HHS,VGT,0.6122
HHS,VIB,0.6251
HHS,VIX,0.6491
HHS,VND,0.6019
HHS,VPB,0.6458
HHS,VPH,0.6102
HHV,HPG,0.7415
HHV,HSG,0.6966
HHV,HUT,0.6204
HHV,IDC,0.6103
HHV,IJC,0.6924
HHV,IPA,0.7559
HHV,KBC,0.678
HHV,KHG,0.6358
HHV,KMR,0.6087
HHV,KSB,0.6754
HHV,LCG,0.7296
HHV,LPB,0.7577
HHV,MBB,0.6908
HHV,MBS,0.8007
HHV,MSB,0.7036
HHV,NAB,0.7722
HHV,NKG,0.7127
HHV,OCB,0.6483
HHV,ORS,0.7485
HHV,PAN,0.6814
HHV,PC1,0.6222
HHV,PET,0.6111
HHV,PGB,0.6665
HHV,PPI,-0.6186
HHV,PSI,0.6936
HHV,PVD,0.6593
HHV,PVS,0.6582
HHV,PVT,0.6205
HHV,SBS,0.7846
HHV,SBT,0.6162
HHV,SCR,0.6988
HHV,SGB,0.6164
HHV,SHB,0.6932
HHV,SHS,0.7691
HHV,SSI,0.8073
HHV,STB,0.7012
HHV,SZC,0.6224
HHV,TCB,0.6525
HHV,TCI,0.7365
HHV,TLH,0.6546
HHV,TNG,0.6752
HHV,TPB,0.6224
HHV,TSC,0.6278
HHV,TTF,0.6083
HHV,TVB,0.6736
HHV,VBB,0.6892
HHV,VCI,0.7496
HHV,VGS,0.6142
HHV,VIB,0.6897
HHV,VIG,0.6859
HHV,VIX,0.6954
HHV,VND,0.8029
HHV,WSS,0.6908
HID,HII,0.7692
HID,HVX,0.6245
HID,IDC,0.6254
HID,LGL,0.6183
HID,PAT,0.65
HID,PLE,-0.6212
HID,PLP,0.6096
HID,SDA,0.6152
HID,SHI,0.6398
HID,TNI,0.6673
HID,TTF,0.6205
HII,IDC,0.6116
HII,PLP,0.6485
HII,POW,0.6003
HII,TTF,0.6609
HII,UDJ,0.6182
HJS,HPI,0.6047
HJS,HPM,0.6648
HJS,NQN,0.6133
HJS,PNT,-0.7016
HJS,VBH,0.6536
HJS,VGR,0.6215
HJS,X20,0.6474
HKB,HNP,0.7085
HKB,HPI,0.6851
HKB,IBD,0.7039
HKB,IME,0.778
HKB,LQN,0.6386
HKB,MGR,0.6419
HKB,MIE,0.6665
HKB,MTB,0.6819
HKB,NQB,0.6596
HKB,PAI,0.6643
HKB,PHH,0.7766
HKB,PID,0.6125
HKB,PMJ,0.643
HKB,PSG,0.6465
HKB,PTH,0.6503
HKB,PVY,0.7549
HKB,QNT,0.6743
HKB,QNU,0.6106
HKB,QST,0.6834
HKB,QTC,0.6084
HKB,SAL,0.7418
HKB,SCG,-0.6389
HKB,SFN,0.7181
HKB,SSF,0.6744
HKB,STS,0.7358
HKB,TAW,0.6915
HKB,TCJ,0.6
HKB,TVG,0.6894
HKB,TVH,0.7082
HKB,UCT,0.7162
HKB,UMC,0.6754
HKB,VCT,0.6533
HKB,VIR,0.6254
HKB,VTG,0.6503
HKB,VTI,0.7063
HKB,VVN,0.6456
HKB,VXB,0.7195
HKB,VXP,0.6392
HLA,HLS,0.8576
HLA,HNP,0.6658
HLA,HOT,0.6842
HLA,HQC,-0.6217
HLA,HUB,-0.6735
HLA,IME,0.7051
HLA,IN4,0.7291
HLA,KMR,-0.7625
HLA,L35,0.737
HLA,LAF,-0.6471
HLA,LCC,0.7365
HLA,LO5,0.7196
HLA,LQN,0.6416
HLA,LUT,0.7664
HLA,MEF,0.7277
HLA,MPY,0.6855
HLA,MRF,0.7093
HLA,NAC,0.6483
HLA,NBB,-0.629
HLA,NDF,0.7809
HLA,NDW,0.7448
HLA,ODE,-0.7215
HLA,PBP,-0.6779
HLA,PGC,-0.6263
HLA,PHH,0.7005
HLA,PMB,-0.6321
HLA,POB,0.6828
HLA,PPI,0.8647
HLA,PPT,-0.6101
HLA,PSG,0.8205
HLA,PTC,-0.6091
HLA,PTG,0.7383
HLA,PXM,0.7924
HLA,QNW,0.6896
HLA,RBC,0.7185
HLA,RCD,0.6521
HLA,SAL,0.7963
HLA,SBG,-0.6449
HLA,SBT,-0.6694
HLA,SCD,0.6278
HLA,SCG,-0.65
HLA,SDY,0.6526
HLA,SFN,0.652
HLA,SII,0.6153
HLA,SPH,0.6847
HLA,SSF,0.7662
HLA,STS,0.7472
HLA,STW,0.6553
HLA,TAN,-0.6103
HLA,TBR,0.6577
HLA,TCJ,0.637
HLA,TDB,-0.6009
HLA,TGG,-0.6082
HLA,THN,0.6241
HLA,THU,0.7342
HLA,TKC,0.6666
HLA,TOT,-0.6184
HLA,TRT,0.6314
HLA,TST,0.6422
HLA,TTS,0.6157
HLA,TVH,0.8365
HLA,TW3,0.7035
HLA,UMC,0.7884
HLA,UPC,0.7172
HLA,V21,-0.6522
HLA,VC3,-0.6449
HLA,VCT,0.7422
HLA,VE2,0.6682
HLA,VID,-0.6061
HLA,VKC,0.7207
HLA,VMT,0.6777
HLA,VNL,-0.6211
HLA,VNX,0.6806
HLA,VTG,0.6021
HLA,VTI,0.7143
HLA,VVN,0.8091
HLA,VXB,0.7305
HLA,VXP,0.6424
HLA,X26,0.9153
HLA,XHC,0.6533
HLB,HLY,0.6402
HLC,MDC,0.7372
HLC,NBC,0.702
HLC,THT,0.7248
HLC,TVD,0.6948
HLD,HQC,0.6372
HLD,IDC,0.7676
HLD,IDI,0.6891
HLD,IDJ,0.6109
HLD,ITC,0.6154
HLD,L14,0.6348
HLD,L18,0.6652
HLD,LCG,0.6315
HLD,LHG,0.6245
HLD,MPC,0.6182
HLD,NLG,0.7079
HLD,NT2,0.6367
HLD,OCH,0.642
HLD,OGC,0.6019
HLD,PAN,0.6153
HLD,PC1,0.6354
HLD,PET,0.6351
HLD,PHR,0.743
HLD,POW,0.6267
HLD,PSD,0.6087
HLD,PTB,0.6384
HLD,PVB,0.6208
HLD,PVC,0.6891
HLD,PVD,0.7265
HLD,PVG,0.6489
HLD,PVS,0.6091
HLD,PVT,0.6191
HLD,PXL,0.6764
HLD,SCR,0.6422
HLD,SKG,0.6977
HLD,STB,0.6019
HLD,SZC,0.6629
HLD,TCD,0.6005
HLD,THD,0.622
HLD,TNG,0.6359
HLD,TTF,0.622
HLD,UDJ,0.681
HLD,VCG,0.6816
HLD,VCI,0.6183
HLD,VGC,0.7247
HLD,VHC,0.6222
HLO,HMD,0.7342
HLO,IRC,0.6792
HLO,LDW,0.7437
HLO,LNC,0.8793
HLO,MQB,0.7418
HLO,NLS,-0.9463
HLO,PCG,0.6904
HLO,PTM,0.8719
HLO,RGG,0.6949
HLO,SBM,-0.6193
HLO,SLD,0.7599
HLO,SSH,0.7007
HLO,TAB,0.8224
HLO,TCK,0.74
HLO,TCX,-0.6178
HLO,TD6,-0.6874
HLO,TSG,0.6143
HLO,VCR,0.6261
HLO,VE8,0.6692
HLO,VMK,0.7087
HLS,HNP,0.6615
HLS,HOT,0.6277
HLS,HUB,-0.6611
HLS,IME,0.7034
HLS,IN4,0.6863
HLS,KMR,-0.7308
HLS,L35,0.7
HLS,LCC,0.6467
HLS,LO5,0.6086
HLS,LQN,0.6794
HLS,LUT,0.6519
HLS,MEF,0.6483
HLS,MGR,0.6052
HLS,MPT,0.6564
HLS,MPY,0.61
HLS,MRF,0.6081
HLS,NAC,0.6249
HLS,NBB,-0.64
HLS,NDF,0.771
HLS,NDW,0.6488
HLS,NSC,-0.6015
HLS,ODE,-0.7136
HLS,PBP,-0.7153
HLS,PHH,0.697
HLS,POB,0.6363
HLS,PPI,0.8403
HLS,PPT,-0.6416
HLS,PSG,0.7914
HLS,PTC,-0.6393
HLS,PTG,0.6629
HLS,PVD,-0.6082
HLS,PXM,0.6876
HLS,RBC,0.739
HLS,RCD,0.617
HLS,SAL,0.7887
HLS,SBG,-0.6212
HLS,SBT,-0.6279
HLS,SCD,0.6365
HLS,SCG,-0.7241
HLS,SCO,0.682
HLS,SHI,-0.6037
HLS,SII,0.6503
HLS,SPH,0.7328
HLS,SSF,0.7512
HLS,STS,0.7855
HLS,STW,0.6187
HLS,TCJ,0.6853
HLS,TGG,-0.6275
HLS,THU,0.627
HLS,TKC,0.6493
HLS,TRT,0.6006
HLS,TSC,-0.6246
HLS,TST,0.6652
HLS,TVH,0.8431
HLS,TW3,0.6585
HLS,UMC,0.7604
HLS,UPC,0.6314
HLS,VCT,0.7361
HLS,VHF,0.6471
HLS,VKC,0.7211
HLS,VMT,0.7062
HLS,VTG,0.6267
HLS,VTI,0.6419
HLS,VVN,0.7931
HLS,VXB,0.7616
HLS,VXP,0.6694
HLS,X26,0.8279
HLT,HLY,0.6454
HLT,HRB,0.6791
HLT,QNU,0.6924
HLT,TNM,0.6281
HLT,TVG,0.6583
HLT,VLW,0.6535
HLY,HSA,0.719
HLY,LCD,0.6447
HLY,NAW,0.7211
HLY,NGC,0.6734
HLY,NOS,0.658
HLY,SEP,0.6079
HLY,STL,0.683
HLY,TH1,0.7733
HLY,THS,0.676
HLY,THW,0.6014
HLY,TNM,0.7224
HLY,TOP,0.6919
HLY,TSD,0.6331
HLY,VES,0.6117
HLY,VLW,0.6108
HLY,VPC,0.6571
HLY,VPR,0.6294
HLY,VSG,0.6712
HLY,VST,0.6354
HMC,HNP,-0.6055
HMC,HTG,0.6054
HMC,KMR,0.6067
HMC,PAN,0.6211
HMC,PPH,0.6154
HMC,SLS,0.6255
HMC,STS,-0.6451
HMC,TCL,0.6353
HMC,TCM,0.6162
HMC,TVH,-0.6033
HMC,VNL,0.6153
HMD,HTP,0.6684
HMD,IRC,0.8263
HMD,L61,0.6258
HMD,L62,0.7376
HMD,LDW,0.8497
HMD,LEC,0.6518
HMD,LM7,0.6319
HMD,LNC,0.8906
HMD,MQB,0.8678
HMD,NDP,0.6047
HMD,NLS,-0.7834
HMD,NVP,0.6565
HMD,PTM,0.7298
HMD,QBS,0.671
HMD,RGG,0.6308
HMD,RYG,-0.6968
HMD,SD4,0.6242
HMD,SLD,0.6529
HMD,SPD,-0.6144
HMD,TAB,0.8074
HMD,TCK,0.8135
HMD,TCX,-0.6349
HMD,TD6,-0.6682
HMD,TVA,-0.6109
HMD,UXC,0.6927
HMD,VDG,0.7435
HMD,VE8,0.714
HMD,VIR,0.6128
HMD,VMK,0.7025
HMD,VUA,0.6152
HMD,X20,-0.6081
HMG,HPM,0.6129
HMG,IBD,0.6454
HMG,LAW,0.7899
HMG,LMC,0.6455
HMG,MGR,0.645
HMG,MIE,0.8081
HMG,MLC,0.8051
HMG,MTB,0.643
HMG,NQN,0.6389
HMG,PID,0.6046
HMG,PLE,0.6295
HMG,POB,0.6699
HMG,PSN,0.6648
HMG,PTE,0.6077
HMG,QHD,-0.6376
HMG,QNU,0.6357
HMG,QST,0.708
HMG,RBC,0.6475
HMG,SAL,0.6279
HMG,SCG,-0.6146
HMG,SFN,0.6706
HMG,SHI,-0.6441
HMG,SPD,0.6025
HMG,SPH,0.7632
HMG,SSF,0.6344
HMG,STS,0.7171
HMG,TST,0.6335
HMG,TVG,0.6569
HMG,TVH,0.6472
HMG,TVM,0.7305
HMG,UCT,0.6771
HMG,UDL,0.6709
HMG,UMC,0.6631
HMG,UPC,0.621
HMG,USC,0.6183
HMG,VBH,0.843
HMG,VHF,0.6837
HMG,VMT,0.6467
HMG,VTG,0.7948
HMG,VVN,0.6104
HMG,VW3,0.609
HMG,VXP,0.6667
HMG,XDH,0.6417
HMG,XHC,0.6238
HMG,XMP,0.6069
HMG,XPH,0.6283
HMG,YTC,0.6439
HMS,KGM,0.649
HMS,LAF,0.6634
HMS,MVN,0.6011
HMS,PCE,0.6025
HMS,PPI,-0.6305
HMS,PPY,0.6295
HMS,TNW,0.6516
HMS,VE2,-0.6448
HMS,VKC,-0.6158
HMS,VSA,0.6674
HMS,VSM,0.6205
HMS,VTZ,0.6084
HNB,MA1,0.6275
HNB,PTE,0.6377
HNB,SKN,0.6202
HNB,VTQ,0.6161
HND,IDV,0.6481
HND,MWG,0.638
HND,NCT,0.6573
HND,PLX,0.6466
HND,PPC,0.6834
HND,PTB,0.652
HND,PVT,0.6593
HND,QNS,0.664
HND,QTP,0.7454
HND,RAL,0.6808
HND,SAB,0.6293
HND,SJD,0.6087
HND,VCS,0.6752
HND,VEA,0.6302
HND,VGT,0.6092
HND,VLB,0.6029
HNF,PWA,0.6241
HNI,THW,0.6639
HNI,VCF,0.6167
HNM,HNP,-0.74
HNM,HOT,-0.6886
HNM,ICN,0.7811
HNM,IDC,0.6059
HNM,IN4,-0.7993
HNM,JVC,0.6358
HNM,KHG,0.6115
HNM,KMR,0.6928
HNM,L18,0.6885
HNM,L35,-0.6221
HNM,L62,-0.603
HNM,LAF,0.7502
HNM,LAI,0.642
HNM,LCC,-0.7521
HNM,LCD,0.6005
HNM,LQN,-0.7311
HNM,LUT,-0.7572
HNM,MCP,0.7201
HNM,MDC,0.6563
HNM,MEF,-0.7338
HNM,MND,-0.6513
HNM,MPY,-0.8003
HNM,MRF,-0.6666
HNM,NAC,-0.6647
HNM,NBB,0.6806
HNM,NBC,0.726
HNM,NDW,-0.7356
HNM,NED,0.653
HNM,NJC,0.6302
HNM,NUE,0.6734
HNM,OCH,0.6377
HNM,ODE,0.7575
HNM,PBP,0.6528
HNM,PCH,0.6741
HNM,PDV,0.616
HNM,PHH,-0.6559
HNM,PMB,0.6274
HNM,PMW,0.7105
HNM,PPH,0.6237
HNM,PPI,-0.6212
HNM,PRC,0.687
HNM,PTC,0.7303
HNM,PTG,-0.7426
HNM,PVX,0.6127
HNM,QNW,-0.6997
HNM,RBC,-0.7468
HNM,SAL,-0.782
HNM,SAM,0.607
HNM,SBG,0.6843
HNM,SBT,0.6185
HNM,SCD,-0.7108
HNM,SCR,0.6415
HNM,SD9,0.6191
HNM,SEB,0.6566
HNM,SFN,-0.6683
HNM,SKG,0.6056
HNM,SP2,0.693
HNM,SPH,-0.619
HNM,SSF,-0.6706
HNM,SSG,0.604
HNM,STW,-0.7916
HNM,TAN,0.6265
HNM,TBR,-0.621
HNM,TCI,0.629
HNM,TCJ,-0.7671
HNM,TDB,0.631
HNM,TDT,0.6325
HNM,TGG,0.668
HNM,THN,-0.6454
HNM,THT,0.6896
HNM,THW,0.7018
HNM,TMW,-0.6236
HNM,TNW,0.6002
HNM,TOT,0.7368
HNM,TRT,-0.6817
HNM,TSC,0.6707
HNM,TST,-0.6267
HNM,TVB,0.6014
HNM,TVD,0.7465
HNM,TVH,-0.7237
HNM,UMC,-0.7879
HNM,VCP,0.6095
HNM,VE2,-0.657
HNM,VE3,-0.6003
HNM,VFG,0.7139
HNM,VGP,0.7488
HNM,VHF,-0.6578
HNM,VIG,0.604
HNM,VKC,-0.6954
HNM,VMT,-0.7507
HNM,VNI,0.6233
HNM,VNR,0.6795
HNM,VNS,0.6996
HNM,VSA,0.6179
HNM,VSF,0.7297
HNM,VTG,-0.6355
HNM,VTI,-0.7282
HNM,VTZ,0.6571
HNM,VXB,-0.6237
HNM,XHC,-0.6554
HNP,HOT,0.6573
HNP,IBD,0.7062
HNP,ICN,-0.6624
HNP,IME,0.7551
HNP,IN4,0.6704
HNP,KMR,-0.7043
HNP,L18,-0.612
HNP,L35,0.6806
HNP,LCC,0.7573
HNP,LQN,0.7871
HNP,LUT,0.6974
HNP,MDC,-0.6252
HNP,MGR,0.6797
HNP,MLC,0.6789
HNP,MPY,0.6803
HNP,MRF,0.8097
HNP,MTB,0.6668
HNP,NBB,-0.6348
HNP,NED,-0.6422
HNP,NO1,-0.6647
HNP,ODE,-0.7063
HNP,PBP,-0.6468
HNP,PDV,-0.7038
HNP,PGC,-0.6578
HNP,PHH,0.8398
HNP,PMB,-0.6682
HNP,PPH,-0.6768
HNP,PPI,0.6873
HNP,PPT,-0.6822
HNP,PSG,0.6888
HNP,PSW,-0.6844
HNP,QNT,0.6732
HNP,QNW,0.613
HNP,QST,0.6315
HNP,RBC,0.7611
HNP,SAL,0.8915
HNP,SCD,0.6899
HNP,SCG,-0.6575
HNP,SD4,0.6127
HNP,SFN,0.8425
HNP,SPH,0.6873
HNP,SSF,0.7739
HNP,SSM,0.7151
HNP,STS,0.695
HNP,STW,0.6907
HNP,TBR,0.6254
HNP,TCJ,0.8001
HNP,TDG,-0.628
HNP,TDT,-0.6828
HNP,TGG,-0.6203
HNP,THT,-0.6499
HNP,TMS,-0.6118
HNP,TOT,-0.6621
HNP,TRT,0.6559
HNP,TST,0.639
HNP,TVD,-0.6499
HNP,TVH,0.8229
HNP,TW3,0.62
HNP,UMC,0.8006
HNP,UPC,0.7159
HNP,VCT,0.642
HNP,VE2,0.6072
HNP,VFG,-0.6932
HNP,VHF,0.7002
HNP,VID,-0.61
HNP,VIR,0.6372
HNP,VKC,0.6918
HNP,VMT,0.6969
HNP,VNF,-0.6078
HNP,VNR,-0.6424
HNP,VNX,0.6317
HNP,VTG,0.6942
HNP,VTI,0.8042
HNP,VVN,0.6877
HNP,VXB,0.7333
HNP,VXP,0.6913
HNP,WTC,-0.6244
HNP,X26,0.6333
HNP,XDH,0.6051
HNP,XHC,0.6522
HOM,HT1,0.6805
HOM,HUT,0.6086
HOM,IDC,0.6011
HOM,JVC,0.6031
HOM,KMR,0.6273
HOM,LCG,0.6051
HOM,LIG,0.6455
HOM,MBG,0.6971
HOM,PHC,0.6741
HOM,PLP,0.6313
HOM,PPH,0.6435
HOM,PSD,0.6137
HOM,PSW,0.6251
HOM,TDG,0.6782
HOM,TDT,0.6357
HOM,TLD,0.6154
HOM,TNI,0.604
HOM,VHE,0.6383
HOM,VIG,0.6021
HOM,VNL,0.6001
HOM,WSS,0.6011
HOT,HQC,-0.6089
HOT,HTP,0.6365
HOT,IME,0.6706
HOT,IN4,0.8176
HOT,KMR,-0.7109
HOT,L35,0.6806
HOT,L62,0.6066
HOT,LAF,-0.6683
HOT,LAI,-0.6512
HOT,LCC,0.7652
HOT,LCD,-0.6069
HOT,LO5,0.6148
HOT,LSS,-0.6827
HOT,LUT,0.6657
HOT,MCP,-0.6101
HOT,MEF,0.704
HOT,MND,0.6751
HOT,MPT,0.6436
HOT,MPY,0.8406
HOT,MRF,0.7188
HOT,NAC,0.7123
HOT,NDW,0.7012
HOT,NED,-0.6161
HOT,NUE,-0.6028
HOT,ODE,-0.6594
HOT,PBP,-0.6501
HOT,PCH,-0.6869
HOT,PHH,0.64
HOT,PMB,-0.6263
HOT,PPI,0.689
HOT,PRC,-0.6492
HOT,PSG,0.6387
HOT,PTG,0.7165
HOT,PXM,0.67
HOT,QNP,-0.6348
HOT,SAL,0.7417
HOT,SBG,-0.7121
HOT,SBT,-0.6928
HOT,SCD,0.7708
HOT,SD4,0.6772
HOT,SEB,-0.613
HOT,SGS,0.6314
HOT,SII,0.641
HOT,SKG,-0.6684
HOT,SP2,-0.6233
HOT,SSF,0.6821
HOT,TB8,0.7296
HOT,TCJ,0.6557
HOT,TDC,-0.6514
HOT,THM,0.6245
HOT,THN,0.6821
HOT,TNA,-0.6631
HOT,TOT,-0.6647
HOT,TSC,-0.6801
HOT,TTS,0.658
HOT,TVD,-0.609
HOT,TVH,0.7098
HOT,UMC,0.7275
HOT,VE2,0.7271
HOT,VFG,-0.6224
HOT,VGP,-0.6878
HOT,VMS,0.6139
HOT,VNL,-0.6063
HOT,VNR,-0.6482
HOT,VNS,-0.6791
HOT,VPH,-0.6143
HOT,VSF,-0.6036
HOT,VTI,0.7223
HOT,VTZ,-0.6447
HOT,VXB,0.635
HOT,X26,0.6168
HOT,XHC,0.62
HPA,HPO,-0.8409
HPA,SLD,-0.7301
HPA,VMK,-0.7067
HPB,VTE,0.6688
HPD,HSP,0.8383
HPD,HTL,0.6021
HPD,IFS,0.6791
HPD,IN4,-0.6216
HPD,KTS,0.6661
HPD,L40,0.6812
HPD,LAF,0.7134
HPD,LAI,0.7824
HPD,LCD,0.6964
HPD,LUT,-0.626
HPD,MEF,-0.6172
HPD,MH3,0.6479
HPD,MND,-0.6604
HPD,NBE,0.6858
HPD,NBT,0.629
HPD,NDW,-0.6426
HPD,NUE,0.6118
HPD,NWT,0.6842
HPD,PCE,0.7845
HPD,PDN,0.6426
HPD,PRE,0.6092
HPD,PTG,-0.6335
HPD,PVX,0.6196
HPD,RTB,0.6076
HPD,SIV,0.6074
HPD,STL,0.7049
HPD,TDF,0.6096
HPD,TDS,0.6687
HPD,TMB,0.6664
HPD,TNP,0.6009
HPD,TPS,0.663
HPD,TS3,0.6412
HPD,TUG,0.6802
HPD,TVA,0.6525
HPD,VCF,0.7175
HPD,VE2,-0.6532
HPD,VGP,0.6449
HPD,VIF,0.6296
HPD,VMC,0.6203
HPD,VPC,0.6665
HPD,VPR,0.6218
HPD,VRG,0.6368
HPD,VSF,0.6663
HPD,VSN,0.6008
HPD,VTZ,0.7005
HPG,HQC,0.659
HPG,HSG,0.8591
HPG,HT1,0.7275
HPG,HUT,0.6654
HPG,IDC,0.7194
HPG,IDI,0.6874
HPG,IDV,0.6564
HPG,IJC,0.7614
HPG,IPA,0.73
HPG,KBC,0.7537
HPG,KDH,0.7238
HPG,KHG,0.6752
HPG,KLB,0.6057
HPG,KSB,0.7459
HPG,L14,0.6709
HPG,L18,0.6309
HPG,LCG,0.7737
HPG,LHG,0.6187
HPG,LPB,0.7633
HPG,MBB,0.8175
HPG,MBS,0.792
HPG,MIG,0.6258
HPG,MSB,0.7164
HPG,MSN,0.7756
HPG,MST,0.6305
HPG,MWG,0.7525
HPG,NAB,0.6618
HPG,NAF,0.6193
HPG,NBC,0.6228
HPG,NHA,0.6289
HPG,NHH,0.6184
HPG,NKG,0.8504
HPG,NLG,0.6905
HPG,NT2,0.6998
HPG,OCB,0.631
HPG,OGC,0.6222
HPG,PAN,0.7211
HPG,PAT,0.618
HPG,PC1,0.7296
HPG,PET,0.7071
HPG,PHR,0.6754
HPG,PLC,0.6577
HPG,POW,0.6073
HPG,PSI,0.6653
HPG,PTB,0.698
HPG,PVB,0.6286
HPG,PVC,0.6566
HPG,PVD,0.7043
HPG,PVP,0.635
HPG,PVS,0.6759
HPG,PVT,0.7146
HPG,SBS,0.7893
HPG,SBT,0.6203
HPG,SCI,0.6036
HPG,SCR,0.7686
HPG,SHB,0.7662
HPG,SHS,0.8159
HPG,SKG,0.642
HPG,SLS,0.625
HPG,SSI,0.8454
HPG,STB,0.7906
HPG,SZC,0.7468
HPG,SZL,0.6732
HPG,TCB,0.7821
HPG,TCH,0.6793
HPG,TCI,0.716
HPG,TCT,0.657
HPG,TIG,0.651
HPG,TLH,0.7274
HPG,TNG,0.7284
HPG,TNT,0.6217
HPG,TPB,0.7029
HPG,TRC,0.6943
HPG,TSC,0.6101
HPG,TTF,0.6656
HPG,TVB,0.6383
HPG,VBB,0.6522
HPG,VCB,0.7095
HPG,VCG,0.7672
HPG,VCI,0.8384
HPG,VCS,0.6451
HPG,VGC,0.6397
HPG,VGS,0.7006
HPG,VGT,0.6268
HPG,VHC,0.6396
HPG,VIB,0.7539
HPG,VIG,0.6234
HPG,VIX,0.7305
HPG,VLB,0.7165
HPG,VND,0.7867
HPG,VPB,0.7229
HPG,VTD,0.6028
HPG,WSS,0.631
HPI,HPM,0.7664
HPI,MIE,0.731
HPI,NGC,0.7
HPI,NQN,0.7033
HPI,PID,0.7368
HPI,PSN,0.6121
HPI,PVY,0.7507
HPI,PWS,0.6959
HPI,SBV,-0.6472
HPI,STL,0.6089
HPI,TNC,0.6019
HPI,TTD,0.7027
HPI,UCT,0.6898
HPI,VBH,0.6851
HPI,VES,0.6951
HPM,LAW,0.6172
HPM,MIE,0.654
HPM,MLC,0.6727
HPM,NBT,0.6202
HPM,NGC,0.7106
HPM,NQN,0.7018
HPM,PIS,0.6723
HPM,PSN,0.6356
HPM,PVY,0.6117
HPM,PWS,0.902
HPM,VBH,0.7184
HPM,VES,0.6078
HPM,VGR,0.6591
HPM,VHF,0.6582
HPM,VIW,0.6453
HPM,XPH,0.6119
HPO,SLD,0.7092
HPO,UPS,0.6205
HPO,VMK,0.7084
HPT,PTH,0.6613
HQC,HSG,0.7148
HQC,HT1,0.7153
HQC,HTG,0.6751
HQC,HUB,0.6802
HQC,HUT,0.7577
HQC,IDC,0.7972
HQC,IDI,0.8116
HQC,IDJ,0.6781
HQC,IJC,0.701
HQC,IN4,-0.7034
HQC,IPA,0.6253
HQC,ITA,0.6788
HQC,ITC,0.6271
HQC,IVS,0.6056
HQC,JVC,0.7016
HQC,KBC,0.6773
HQC,KHG,0.7285
HQC,KMR,0.7344
HQC,KSB,0.7514
HQC,L14,0.7349
HQC,L18,0.7649
HQC,LAF,0.643
HQC,LAI,0.6481
HQC,LAS,0.6287
HQC,LCG,0.8408
HQC,LDG,0.7063
HQC,LGL,0.6356
HQC,LHC,0.6322
HQC,LHG,0.6454
HQC,LIG,0.7501
HQC,LPB,0.6103
HQC,LSS,0.6677
HQC,MBG,0.6645
HQC,MBS,0.674
HQC,MCP,0.6497
HQC,MEF,-0.6151
HQC,MPY,-0.6305
HQC,MSN,0.7116
HQC,NAC,-0.6383
HQC,NBB,0.7287
HQC,NBC,0.6899
HQC,NDN,0.6502
HQC,NHA,0.7264
HQC,NHH,0.698
HQC,NKG,0.7412
HQC,NLG,0.6853
HQC,NT2,0.6025
HQC,ODE,0.6649
HQC,OGC,0.7304
HQC,PAN,0.6357
HQC,PAT,0.6242
HQC,PBP,0.6124
HQC,PC1,0.6811
HQC,PET,0.6877
HQC,PHC,0.6562
HQC,PHR,0.6037
HQC,PLC,0.6346
HQC,PMB,0.6594
HQC,POW,0.6028
HQC,PRC,0.6005
HQC,PSD,0.6224
HQC,PSI,0.6895
HQC,PSW,0.6007
HQC,PTC,0.6505
HQC,PTG,-0.6276
HQC,PVC,0.6882
HQC,PVD,0.656
HQC,PVS,0.6324
HQC,PVT,0.6326
HQC,PXL,0.6609
HQC,SAM,0.647
HQC,SBG,0.647
HQC,SBS,0.6461
HQC,SBT,0.7227
HQC,SCR,0.8392
HQC,SD9,0.6117
HQC,SEB,0.6108
HQC,SGT,0.6045
HQC,SHB,0.682
HQC,SHS,0.6649
HQC,SII,-0.6263
HQC,SKG,0.7509
HQC,SSF,-0.6178
HQC,SSI,0.722
HQC,STB,0.652
HQC,SZC,0.7544
HQC,TCI,0.6933
HQC,TDC,0.6633
HQC,TGG,0.6401
HQC,THD,0.6246
HQC,THN,-0.6052
HQC,TID,0.6564
HQC,TIG,0.6772
HQC,TIP,0.714
HQC,TLD,0.7114
HQC,TLH,0.6641
HQC,TNG,0.6962
HQC,TOT,0.6564
HQC,TPB,0.6092
HQC,TSC,0.7418
HQC,TTF,0.7817
HQC,TVB,0.6089
HQC,TVD,0.6589
HQC,VCG,0.6244
HQC,VCI,0.6886
HQC,VGC,0.6878
HQC,VGP,0.6515
HQC,VGS,0.6652
HQC,VHC,0.6691
HQC,VHG,0.6336
HQC,VIB,0.6761
HQC,VIG,0.6957
HQC,VIX,0.6846
HQC,VND,0.6783
HQC,VNS,0.6184
HQC,VOS,0.634
HQC,VPH,0.7179
HQC,WSS,0.6389
HRB,PBC,-0.6259
HRB,QNU,0.6338
HRB,SCO,0.8057
HRB,STS,0.6721
HRB,TAW,0.7141
HRB,VCT,0.6164
HSA,NAW,0.6067
HSA,NOS,0.6377
HSA,PTE,0.7245
HSA,SD8,0.7406
HSA,STT,0.6764
HSA,TH1,0.73
HSA,THS,0.6952
HSA,THU,0.7098
HSA,TOP,0.6107
HSG,HT1,0.6929
HSG,HTG,0.6187
HSG,HUB,0.6335
HSG,HUT,0.7203
HSG,IDC,0.6971
HSG,IDI,0.783
HSG,IJC,0.7874
HSG,IN4,-0.6262
HSG,IPA,0.7102
HSG,ITA,0.6767
HSG,ITC,0.626
HSG,JVC,0.6253
HSG,KBC,0.6968
HSG,KDH,0.6296
HSG,KHG,0.6918
HSG,KLB,0.6081
HSG,KMR,0.6123
HSG,KSB,0.8052
HSG,L14,0.6929
HSG,L18,0.6907
HSG,LAF,0.6187
HSG,LAI,0.615
HSG,LAS,0.6315
HSG,LCG,0.8058
HSG,LHG,0.7253
HSG,LPB,0.7593
HSG,LSS,0.6576
HSG,MBB,0.7192
HSG,MBS,0.8184
HSG,MIG,0.6529
HSG,MSB,0.6344
HSG,MSN,0.723
HSG,MWG,0.6824
HSG,NAB,0.6059
HSG,NAF,0.6159
HSG,NBC,0.6345
HSG,NHA,0.742
HSG,NHH,0.6241
HSG,NKG,0.9479
HSG,NLG,0.645
HSG,NSH,0.6007
HSG,NT2,0.6993
HSG,OCH,0.6877
HSG,OGC,0.6964
HSG,PAN,0.728
HSG,PAT,0.6333
HSG,PBP,0.6343
HSG,PC1,0.755
HSG,PET,0.7255
HSG,PHR,0.6651
HSG,PLC,0.627
HSG,POW,0.601
HSG,PSI,0.6853
HSG,PTB,0.6623
HSG,PTC,0.639
HSG,PVB,0.685
HSG,PVC,0.6793
HSG,PVD,0.7247
HSG,PVP,0.6779
HSG,PVS,0.6698
HSG,PVT,0.7256
HSG,REE,0.6159
HSG,S99,0.6122
HSG,SBS,0.7805
HSG,SBT,0.719
HSG,SCI,0.6324
HSG,SCR,0.7757
HSG,SHB,0.6991
HSG,SHS,0.7981
HSG,SKG,0.7288
HSG,SLS,0.6409
HSG,SSI,0.8158
HSG,STB,0.7298
HSG,SZC,0.8107
HSG,TCB,0.6908
HSG,TCH,0.6899
HSG,TCI,0.7369
HSG,TDC,0.6985
HSG,TID,0.61
HSG,TIG,0.705
HSG,TIP,0.6835
HSG,TLD,0.617
HSG,TLH,0.8501
HSG,TNG,0.7731
HSG,TOT,0.6172
HSG,TPB,0.6059
HSG,TRC,0.6181
HSG,TSC,0.665
HSG,TTF,0.6599
HSG,TVB,0.6648
HSG,VBB,0.6027
HSG,VC2,0.6274
HSG,VCG,0.7673
HSG,VCI,0.8485
HSG,VCS,0.6188
HSG,VGC,0.6658
HSG,VGS,0.8035
HSG,VHC,0.6277
HSG,VIB,0.7257
HSG,VIG,0.7215
HSG,VIX,0.7331
HSG,VLB,0.7053
HSG,VND,0.7481
HSG,VOS,0.6587
HSG,VPB,0.6068
HSG,VPH,0.606
HSG,VRG,0.6005
HSG,VSA,0.6661
HSG,VTZ,0.6299
HSG,WSS,0.6584
HSL,TNI,0.6099
HSP,HTL,0.6748
HSP,HU6,0.7312
HSP,IFS,0.6772
HSP,IN4,-0.6004
HSP,KGM,0.6965
HSP,KHS,0.6304
HSP,L40,0.7113
HSP,L62,-0.618
HSP,LAF,0.6533
HSP,LAI,0.7591
HSP,LCD,0.6984
HSP,MH3,0.7447
HSP,MND,-0.692
HSP,MTA,0.6225
HSP,NBE,0.6018
HSP,NGC,0.6162
HSP,NQN,0.631
HSP,NWT,0.6743
HSP,PAP,0.7348
HSP,PCE,0.7623
HSP,PDN,0.6506
HSP,PLO,0.609
HSP,PTH,0.6578
HSP,RTB,0.6342
HSP,SIV,0.6316
HSP,SPD,0.6045
HSP,STL,0.7448
HSP,TDF,0.6388
HSP,TDS,0.6279
HSP,THW,0.6224
HSP,TMB,0.6116
HSP,TPS,0.6741
HSP,TSD,0.6544
HSP,TUG,0.6631
HSP,TVA,0.7842
HSP,VE2,-0.6714
HSP,VE3,-0.6147
HSP,VPC,0.7356
HSP,VPR,0.6958
HSP,VSF,0.6238
HSP,VTZ,0.6432
HSP,VUA,-0.6362
HSP,XPH,0.7174
HT1,HTG,0.6414
HT1,HUT,0.6797
HT1,IDC,0.7641
HT1,IDI,0.7535
HT1,IDJ,0.6341
HT1,IJC,0.6585
HT1,IPA,0.6393
HT1,JVC,0.6627
HT1,KBC,0.7176
HT1,KDH,0.7568
HT1,KHG,0.6028
HT1,KSB,0.7927
HT1,L14,0.6841
HT1,L18,0.6093
HT1,LCG,0.7988
HT1,LDG,0.6677
HT1,LGL,0.625
HT1,LHC,0.6036
HT1,LIG,0.7046
HT1,LPB,0.6581
HT1,MBB,0.7125
HT1,MBG,0.6218
HT1,MBS,0.6348
HT1,MSB,0.6426
HT1,MSN,0.7511
HT1,NDN,0.6529
HT1,NHA,0.6558
HT1,NHH,0.6247
HT1,NKG,0.7218
HT1,NLG,0.7513
HT1,NNC,0.6553
HT1,NT2,0.7194
HT1,NTL,0.6038
HT1,OCB,0.6626
HT1,PAN,0.7164
HT1,PC1,0.7708
HT1,PET,0.7225
HT1,PFL,0.6234
HT1,PHR,0.6894
HT1,PLC,0.729
HT1,POW,0.7013
HT1,PSD,0.6635
HT1,PSI,0.6136
HT1,PTB,0.6324
HT1,PVC,0.687
HT1,PVD,0.6843
HT1,PVS,0.6657
HT1,PVT,0.7076
HT1,QTP,0.6187
HT1,SBT,0.6023
HT1,SCR,0.7412
HT1,SHB,0.6454
HT1,SHS,0.7116
HT1,SKG,0.6154
HT1,SSI,0.7376
HT1,STB,0.7262
HT1,SZC,0.6771
HT1,TCB,0.6211
HT1,TCH,0.6969
HT1,TCI,0.6326
HT1,TCM,0.6214
HT1,TCT,0.636
HT1,TEG,0.6187
HT1,THD,0.6408
HT1,TIG,0.7026
HT1,TLH,0.6393
HT1,TNG,0.7299
HT1,TNI,0.6282
HT1,TPB,0.707
HT1,TTF,0.675
HT1,UDJ,0.6596
HT1,VCG,0.6767
HT1,VCI,0.6866
HT1,VGC,0.7071
HT1,VGS,0.6869
HT1,VGT,0.6104
HT1,VHC,0.6421
HT1,VIB,0.6915
HT1,VIX,0.7334
HT1,VLB,0.6235
HT1,VND,0.672
HT1,VPB,0.7376
HT1,VRE,0.603
HT1,WSS,0.6229
HTC,IBD,0.6953
HTC,KHD,0.727
HTC,MGR,0.6017
HTC,NDP,0.6692
HTC,PHH,0.6341
HTC,SGD,0.6521
HTC,SIG,0.6118
HTC,TCJ,0.613
HTC,VMS,0.6953
HTC,VTI,0.6314
HTC,VXB,0.6235
HTC,VXP,0.63
HTG,HUB,0.607
HTG,IDC,0.6956
HTG,IDI,0.6827
HTG,IDV,0.6338
HTG,ITD,0.6271
HTG,JVC,0.6176
HTG,KMR,0.6291
HTG,KSB,0.6394
HTG,L14,0.6471
HTG,L18,0.6959
HTG,LAS,0.6817
HTG,LCG,0.6339
HTG,LHG,0.7249
HTG,LIG,0.671
HTG,MBG,0.6551
HTG,MIG,0.6401
HTG,MSN,0.626
HTG,NAF,0.6101
HTG,NBB,0.617
HTG,NBC,0.6542
HTG,NDX,0.6287
HTG,NHA,0.6029
HTG,NKG,0.6129
HTG,PAN,0.6567
HTG,PBP,0.621
HTG,PC1,0.6069
HTG,PGC,0.6653
HTG,PHR,0.6496
HTG,PLC,0.6094
HTG,PMB,0.6491
HTG,PPH,0.7032
HTG,PSD,0.6311
HTG,PSE,0.6559
HTG,PSW,0.6111
HTG,PTB,0.6442
HTG,PVC,0.6013
HTG,PVG,0.6103
HTG,PVP,0.6422
HTG,QTP,0.6154
HTG,REE,0.7164
HTG,SBT,0.6146
HTG,SCR,0.6206
HTG,SJD,0.618
HTG,SKG,0.7028
HTG,STK,0.6648
HTG,SZC,0.6792
HTG,TCM,0.6934
HTG,TDC,0.6048
HTG,TDH,0.6084
HTG,THG,0.6347
HTG,TIG,0.6245
HTG,TIP,0.6469
HTG,TLH,0.6166
HTG,TNG,0.668
HTG,TNH,0.6496
HTG,TTA,0.6082
HTG,TVD,0.6402
HTG,VGC,0.616
HTG,VGS,0.7224
HTG,VGT,0.624
HTG,VHC,0.6772
HTG,VMT,-0.6204
HTG,VNR,0.6529
HTG,VNS,0.6057
HTG,VOS,0.6307
HTG,VPH,0.6123
HTG,VSH,0.7031
HTL,IN4,-0.6237
HTL,KHS,0.64
HTL,LCD,0.6679
HTL,MND,-0.6705
HTL,NVP,-0.6114
HTL,PCE,0.6072
HTL,PDN,0.6497
HTL,QNP,0.6181
HTL,SPD,0.6351
HTL,THN,-0.6115
HTL,VPR,0.6809
HTL,VTZ,0.616
HTN,IDI,0.6103
HTN,L14,0.6795
HTN,LCG,0.6362
HTN,NLG,0.6282
HTN,SCR,0.6065
HTN,SKG,0.6179
HTN,TDC,0.6276
HTN,VC7,0.6121
HTP,IN4,0.7486
HTP,IRC,0.7565
HTP,L40,-0.6392
HTP,L61,0.6482
HTP,L62,0.7493
HTP,LCD,-0.7037
HTP,LDW,0.7197
HTP,LM7,0.6755
HTP,LNC,0.6629
HTP,LSS,-0.6337
HTP,MND,0.7393
HTP,MPY,0.7444
HTP,MQB,0.6607
HTP,MRF,0.6469
HTP,MTS,-0.6751
HTP,NAC,0.7744
HTP,NVP,0.6906
HTP,PCH,-0.6985
HTP,PDN,-0.6471
HTP,PIV,-0.6988
HTP,POM,0.6962
HTP,QBS,0.7701
HTP,QNP,-0.6332
HTP,RYG,-0.6521
HTP,SCD,0.7548
HTP,SD4,0.6075
HTP,SGC,-0.6585
HTP,SPD,-0.6092
HTP,STG,0.6027
HTP,TB8,0.7372
HTP,THN,0.7688
HTP,TNA,-0.6033
HTP,TSA,-0.6092
HTP,TVA,-0.6558
HTP,UXC,0.7093
HTP,VDG,0.7771
HTP,VE2,0.6578
HTP,VE8,0.6877
HTP,VFG,-0.6085
HTP,VGL,-0.6034
HTP,VGP,-0.6503
HTP,VIR,0.6173
HTP,VLP,0.6672
HTP,VMS,0.6108
HTP,VPR,-0.7074
HTP,VUA,0.6935
HTT,S12,0.7777
HTT,STT,0.6068
HU4,MCF,0.6365
HU4,PHC,0.6673
HU4,PSW,0.6071
HU4,S99,0.6034
HU4,SCI,0.6127
HU4,VPH,0.6185
HU6,KHS,0.6006
HU6,MA1,0.6137
HU6,S72,0.6014
HU6,SPD,0.6259
HU6,TSD,0.6509
HU6,VPR,0.6762
HU6,VUA,-0.6207
HU6,XPH,0.6151
HUB,HUT,0.6529
HUB,IDC,0.6482
HUB,IDI,0.7198
HUB,IN4,-0.6764
HUB,KMR,0.6853
HUB,L18,0.6421
HUB,LAS,0.6054
HUB,LCG,0.6786
HUB,LHG,0.6848
HUB,LSS,0.6235
HUB,MSN,0.6139
HUB,NAC,-0.6324
HUB,NAF,0.6123
HUB,NBB,0.6627
HUB,NED,0.6177
HUB,NHA,0.6079
HUB,NKG,0.657
HUB,NT2,0.6178
HUB,OGC,0.6774
HUB,PAN,0.6253
HUB,PBP,0.6643
HUB,PCH,0.6073
HUB,PHC,0.6202
HUB,PPI,-0.6223
HUB,PSD,0.6139
HUB,PTB,0.6522
HUB,PTC,0.6356
HUB,PVB,0.6094
HUB,PVC,0.649
HUB,PVD,0.6569
HUB,PVS,0.6117
HUB,PXL,0.6334
HUB,REE,0.6628
HUB,SBT,0.6183
HUB,SD9,0.6319
HUB,SKG,0.7679
HUB,SZC,0.6297
HUB,TCI,0.617
HUB,TID,0.6094
HUB,TIP,0.6891
HUB,TLD,0.6689
HUB,TLH,0.6413
HUB,TSC,0.7021
HUB,TTF,0.6313
HUB,TVB,0.6273
HUB,VGC,0.6622
HUB,VGS,0.6184
HUB,VIB,0.6128
HUB,VIG,0.6064
HUB,VNS,0.6216
HUB,VPH,0.6387
HUB,X26,-0.6571
HUT,IDC,0.7107
HUT,IDI,0.7632
HUT,IJC,0.6044
HUT,IN4,-0.6012
HUT,IPA,0.6537
HUT,ITA,0.6107
HUT,JVC,0.6304
HUT,KHG,0.6709
HUT,KLB,0.6128
HUT,KMR,0.6026
HUT,KSB,0.6123
HUT,LCG,0.711
HUT,LDG,0.6131
HUT,LIG,0.6061
HUT,LPB,0.6444
HUT,MBS,0.6786
HUT,MSN,0.6601
HUT,NHH,0.6195
HUT,NKG,0.746
HUT,NLG,0.6162
HUT,OGC,0.7023
HUT,PAN,0.6136
HUT,PAT,0.6011
HUT,PC1,0.7537
HUT,PET,0.7317
HUT,PSD,0.6166
HUT,PSI,0.6592
HUT,PVB,0.6097
HUT,PVC,0.7596
HUT,PVD,0.682
HUT,PVS,0.7098
HUT,PVT,0.6405
HUT,SBS,0.6215
HUT,SCR,0.7397
HUT,SHB,0.6581
HUT,SHS,0.7059
HUT,SII,-0.6357
HUT,SKG,0.6388
HUT,SSI,0.7252
HUT,STB,0.6454
HUT,SZC,0.6995
HUT,TCI,0.6403
HUT,TIG,0.6177
HUT,TLH,0.629
HUT,TNG,0.6642
HUT,TNI,0.6159
HUT,TSC,0.6991
HUT,TTF,0.6621
HUT,VCI,0.6495
HUT,VGC,0.6545
HUT,VGS,0.6187
HUT,VHC,0.6576
HUT,VIB,0.6481
HUT,VIG,0.6075
HUT,VIX,0.725
HUT,VND,0.7218
HUT,VPB,0.6046
HVH,SGP,0.6336
HVH,VTO,0.6722
HVX,PLP,0.6398
HWS,ICN,0.6008
IBD,IME,0.7559
IBD,KMR,-0.6403
IBD,LCC,0.7229
IBD,LQN,0.645
IBD,MGR,0.7951
IBD,MIE,0.805
IBD,MRF,0.6653
IBD,MTB,0.8179
IBD,NDP,0.6806
IBD,ODE,-0.6887
IBD,PAI,0.7464
IBD,PHH,0.7131
IBD,PJC,0.6321
IBD,PMB,-0.63
IBD,PMJ,0.7175
IBD,PMW,-0.6154
IBD,POB,0.6117
IBD,PPT,-0.7684
IBD,PSG,0.6102
IBD,PSW,-0.6927
IBD,PTX,0.6563
IBD,QHD,-0.6035
IBD,QNT,0.7446
IBD,QST,0.6762
IBD,QTC,0.64
IBD,RBC,0.6421
IBD,SAL,0.7742
IBD,SCG,-0.641
IBD,SFN,0.6996
IBD,SGD,0.6955
IBD,SPH,0.809
IBD,SSF,0.8786
IBD,SSM,0.6936
IBD,SSN,0.6064
IBD,STS,0.6444
IBD,TCJ,0.8057
IBD,TDT,-0.6036
IBD,TKC,0.6709
IBD,TNA,-0.6101
IBD,TRT,0.6702
IBD,TST,0.703
IBD,TVH,0.7593
IBD,UCT,0.6237
IBD,UMC,0.798
IBD,UPC,0.749
IBD,VHF,0.6066
IBD,VMS,0.6207
IBD,VTG,0.7117
IBD,VTI,0.7312
IBD,VXB,0.8352
IBD,VXP,0.9053
IBD,XDH,0.7717
ICC,LO5,0.623
ICC,PCC,0.6187
ICC,PNT,0.6048
ICC,VIR,0.655
ICI,MGR,0.6055
ICI,MIE,0.6087
ICI,MQN,0.6193
ICI,MTB,0.6322
ICI,NAP,0.6243
ICI,SPH,0.6153
ICI,TMX,0.6117
ICI,UDL,0.6786
ICI,USC,0.635
ICI,VTG,0.6555
ICN,IN4,-0.6568
ICN,L18,0.6103
ICN,L35,-0.6192
ICN,LAF,0.6143
ICN,LQN,-0.6431
ICN,LUT,-0.6889
ICN,MEF,-0.6329
ICN,MLC,-0.6631
ICN,MPY,-0.6602
ICN,MRF,-0.6341
ICN,NBC,0.6313
ICN,NDW,-0.6372
ICN,OCH,0.7396
ICN,ODE,0.6394
ICN,PBP,0.6044
ICN,PCH,0.6129
ICN,PMW,0.6364
ICN,PRC,0.6173
ICN,PTC,0.698
ICN,PTG,-0.6372
ICN,QNW,-0.6571
ICN,RBC,-0.7336
ICN,SAL,-0.6531
ICN,SCD,-0.6143
ICN,STW,-0.7019
ICN,TAN,0.6632
ICN,TCJ,-0.7016
ICN,TDB,0.6701
ICN,THW,0.6286
ICN,TOT,0.6679
ICN,TVD,0.6071
ICN,TVH,-0.6309
ICN,UMC,-0.6524
ICN,VFG,0.6577
ICN,VGP,0.6383
ICN,VHF,-0.6675
ICN,VKC,-0.6307
ICN,VMT,-0.717
ICN,VNS,0.6018
IDC,IDI,0.8112
IDC,IDJ,0.6396
IDC,IDV,0.658
IDC,IJC,0.6856
IDC,IPA,0.656
IDC,ITA,0.672
IDC,ITC,0.6541
IDC,JVC,0.7518
IDC,KBC,0.7697
IDC,KDH,0.6776
IDC,KHG,0.6787
IDC,KMR,0.6901
IDC,KSB,0.7463
IDC,L14,0.7309
IDC,L18,0.7922
IDC,LAS,0.6978
IDC,LCG,0.8016
IDC,LDG,0.6879
IDC,LGL,0.6521
IDC,LHC,0.6931
IDC,LHG,0.7195
IDC,LIG,0.7387
IDC,LPB,0.6521
IDC,MBB,0.6725
IDC,MBG,0.6846
IDC,MBS,0.6622
IDC,MDC,0.6161
IDC,MIG,0.6293
IDC,MPC,0.6505
IDC,MSB,0.6351
IDC,MSN,0.6854
IDC,NBB,0.712
IDC,NBC,0.7013
IDC,NDN,0.6278
IDC,NDX,0.6635
IDC,NHA,0.6791
IDC,NHH,0.6525
IDC,NKG,0.7246
IDC,NLG,0.7467
IDC,NT2,0.702
IDC,OCH,0.6868
IDC,ODE,0.654
IDC,OGC,0.7309
IDC,OIL,0.6374
IDC,PAN,0.7715
IDC,PAT,0.6954
IDC,PC1,0.7545
IDC,PDB,0.658
IDC,PET,0.7387
IDC,PFL,0.6658
IDC,PGC,0.6759
IDC,PHC,0.7015
IDC,PHR,0.8175
IDC,PLC,0.7876
IDC,PMB,0.6426
IDC,PNJ,0.6168
IDC,POV,0.6077
IDC,POW,0.753
IDC,PSD,0.6889
IDC,PSE,0.6235
IDC,PSI,0.728
IDC,PSW,0.6141
IDC,PTB,0.668
IDC,PTC,0.6646
IDC,PVB,0.613
IDC,PVC,0.7836
IDC,PVD,0.7944
IDC,PVG,0.698
IDC,PVS,0.7521
IDC,PVT,0.732
IDC,PXL,0.7332
IDC,QTP,0.7035
IDC,REE,0.6284
IDC,S99,0.6219
IDC,SAM,0.6837
IDC,SBS,0.7031
IDC,SBT,0.6082
IDC,SCR,0.8198
IDC,SD5,0.6078
IDC,SD9,0.6634
IDC,SGT,0.6151
IDC,SHB,0.7542
IDC,SHS,0.7001
IDC,SKG,0.7419
IDC,SSI,0.7505
IDC,STB,0.7309
IDC,SZC,0.8037
IDC,TCB,0.605
IDC,TCD,0.652
IDC,TCH,0.7066
IDC,TCI,0.7299
IDC,TCM,0.6219
IDC,TEG,0.6076
IDC,THD,0.696
IDC,THT,0.6326
IDC,TID,0.7011
IDC,TIG,0.6423
IDC,TIP,0.6697
IDC,TLD,0.6851
IDC,TLH,0.6402
IDC,TNG,0.784
IDC,TNI,0.6677
IDC,TNT,0.6349
IDC,TPB,0.7005
IDC,TSC,0.7076
IDC,TTF,0.7482
IDC,TVB,0.6668
IDC,TVD,0.6462
IDC,UDJ,0.7075
IDC,VCG,0.7001
IDC,VCI,0.7067
IDC,VGC,0.8177
IDC,VGS,0.7194
IDC,VGT,0.723
IDC,VHC,0.7892
IDC,VHE,0.6373
IDC,VHG,0.6179
IDC,VIB,0.7068
IDC,VIG,0.6648
IDC,VIX,0.7001
IDC,VLB,0.607
IDC,VMT,-0.6769
IDC,VND,0.7296
IDC,VNR,0.6356
IDC,VOS,0.6364
IDC,VPB,0.6329
IDC,VPH,0.6573
IDC,WSS,0.6481
IDI,IDJ,0.6714
IDI,IJC,0.6724
IDI,IN4,-0.672
IDI,IPA,0.6406
IDI,ITA,0.7323
IDI,ITC,0.6908
IDI,IVS,0.6235
IDI,JVC,0.6715
IDI,KBC,0.6896
IDI,KDH,0.611
IDI,KDM,0.6224
IDI,KHG,0.6421
IDI,KMR,0.6551
IDI,KSB,0.793
IDI,L14,0.7334
IDI,L18,0.7204
IDI,LAI,0.6206
IDI,LAS,0.6549
IDI,LCG,0.824
IDI,LDG,0.7261
IDI,LGL,0.6151
IDI,LHC,0.6776
IDI,LHG,0.7382
IDI,LIG,0.7296
IDI,LPB,0.6392
IDI,LSS,0.6199
IDI,MBB,0.61
IDI,MBG,0.6172
IDI,MBS,0.6685
IDI,MSN,0.6546
IDI,NAF,0.6031
IDI,NBB,0.6532
IDI,NBC,0.6545
IDI,NDN,0.6399
IDI,NHA,0.727
IDI,NHH,0.6802
IDI,NKG,0.7681
IDI,NLG,0.7037
IDI,NT2,0.7069
IDI,OCH,0.7123
IDI,OGC,0.784
IDI,PAN,0.7028
IDI,PBP,0.6219
IDI,PC1,0.7385
IDI,PET,0.7177
IDI,PFL,0.6365
IDI,PGC,0.6372
IDI,PHC,0.6349
IDI,PHR,0.7315
IDI,PLC,0.6735
IDI,PMB,0.6132
IDI,POW,0.6663
IDI,PSD,0.6258
IDI,PSI,0.6675
IDI,PTB,0.6513
IDI,PTC,0.6713
IDI,PTL,0.6197
IDI,PVB,0.6394
IDI,PVC,0.7672
IDI,PVD,0.7401
IDI,PVG,0.6551
IDI,PVP,0.6183
IDI,PVS,0.6585
IDI,PVT,0.6985
IDI,PXL,0.7219
IDI,REE,0.6537
IDI,S99,0.6002
IDI,SAM,0.6354
IDI,SBS,0.619
IDI,SBT,0.6705
IDI,SCR,0.7931
IDI,SD9,0.65
IDI,SHB,0.6436
IDI,SHS,0.6856
IDI,SKG,0.7779
IDI,SSI,0.723
IDI,STB,0.6378
IDI,SZC,0.8142
IDI,TCH,0.6784
IDI,TCI,0.6972
IDI,TCM,0.6476
IDI,TCT,0.612
IDI,TDC,0.7051
IDI,THD,0.6699
IDI,TID,0.6688
IDI,TIG,0.7148
IDI,TIP,0.723
IDI,TLD,0.6704
IDI,TLH,0.7367
IDI,TNG,0.7421
IDI,TPB,0.6553
IDI,TSC,0.698
IDI,TTF,0.6833
IDI,TVB,0.6326
IDI,TVD,0.6038
IDI,VCG,0.7236
IDI,VCI,0.7114
IDI,VGC,0.8406
IDI,VGS,0.7311
IDI,VHC,0.7385
IDI,VIB,0.6815
IDI,VIG,0.7243
IDI,VIX,0.7017
IDI,VMT,-0.6188
IDI,VND,0.6833
IDI,VNR,0.6076
IDI,VOS,0.618
IDI,VPH,0.6755
IDI,WSS,0.625
IDJ,ITC,0.6378
IDJ,IVS,0.6118
IDJ,KSB,0.6327
IDJ,L14,0.69
IDJ,L18,0.6159
IDJ,LCG,0.6664
IDJ,LDG,0.6757
IDJ,LIG,0.7221
IDJ,NDN,0.628
IDJ,NHA,0.7424
IDJ,NLG,0.674
IDJ,NT2,0.613
IDJ,OGC,0.6144
IDJ,PET,0.6108
IDJ,PFL,0.6676
IDJ,PHC,0.6061
IDJ,PXL,0.6964
IDJ,SAM,0.6498
IDJ,SCR,0.6354
IDJ,SD9,0.6201
IDJ,SKG,0.6806
IDJ,SZC,0.6131
IDJ,TCI,0.6077
IDJ,TDC,0.6654
IDJ,TIG,0.7457
IDJ,TIP,0.6289
IDJ,TLD,0.609
IDJ,TVC,0.6016
IDJ,VGC,0.6144
IDJ,VGS,0.6398
IDJ,VIG,0.6
IDJ,VNS,0.6109
IDJ,VPH,0.6574
IDV,KBC,0.6228
IDV,L18,0.6202
IDV,LHG,0.609
IDV,MBB,0.6066
IDV,MSN,0.6574
IDV,NTC,0.6934
IDV,OIL,0.6046
IDV,PGC,0.6175
IDV,PHR,0.6195
IDV,PPH,0.6224
IDV,PTB,0.6443
IDV,QNS,0.6325
IDV,QTP,0.6348
IDV,RAL,0.6649
IDV,SHB,0.6085
IDV,SLS,0.6181
IDV,SZC,0.6302
IDV,TDG,0.6078
IDV,TNG,0.6305
IDV,TRC,0.6269
IDV,TVT,0.6169
IDV,VCS,0.6602
IDV,VGT,0.6661
IDV,VLB,0.6051
IFS,KGM,0.626
IFS,L40,0.6365
IFS,LAI,0.6058
IFS,LCD,0.7035
IFS,MND,-0.6042
IFS,MTP,0.6152
IFS,NQN,0.6404
IFS,NWT,0.6017
IFS,PDN,0.6872
IFS,RTB,0.6059
IFS,SIV,0.6653
IFS,STL,0.6418
IFS,TVA,0.6017
IFS,VGP,0.618
IFS,VNC,0.6198
IFS,VPR,0.6505
IFS,VRG,0.6055
IFS,VSM,0.6213
IHK,PIS,0.6384
IHK,PSN,0.6283
IJC,IPA,0.6831
IJC,ITC,0.6005
IJC,IVS,0.6614
IJC,JVC,0.6543
IJC,KBC,0.7238
IJC,KDH,0.654
IJC,KHG,0.6994
IJC,KSB,0.7517
IJC,L14,0.636
IJC,L18,0.6356
IJC,LAF,0.6249
IJC,LCG,0.7933
IJC,LHG,0.6659
IJC,LPB,0.7463
IJC,LSS,0.685
IJC,MBB,0.6983
IJC,MBS,0.7907
IJC,MIG,0.6372
IJC,MSB,0.716
IJC,MSN,0.6635
IJC,MWG,0.6558
IJC,NAB,0.6445
IJC,NBC,0.6036
IJC,NDN,0.6274
IJC,NHA,0.6868
IJC,NHH,0.6788
IJC,NKG,0.7966
IJC,NLG,0.6451
IJC,NT2,0.6287
IJC,OCB,0.619
IJC,PAN,0.7609
IJC,PC1,0.6765
IJC,PET,0.631
IJC,PLC,0.6115
IJC,POW,0.6038
IJC,PSI,0.7263
IJC,PVD,0.6175
IJC,PVT,0.6135
IJC,S99,0.6716
IJC,SBS,0.727
IJC,SBT,0.7079
IJC,SCR,0.7912
IJC,SEB,0.6167
IJC,SGT,0.6214
IJC,SHB,0.7618
IJC,SHS,0.7629
IJC,SKG,0.6415
IJC,SSI,0.7801
IJC,STB,0.6831
IJC,SZC,0.7226
IJC,TCB,0.7203
IJC,TCH,0.644
IJC,TCI,0.7862
IJC,TDC,0.6681
IJC,TID,0.6165
IJC,TIG,0.6121
IJC,TIP,0.6072
IJC,TLH,0.7116
IJC,TNG,0.6908
IJC,TOT,0.6339
IJC,TPB,0.6658
IJC,TSC,0.6117
IJC,TTF,0.6332
IJC,TVB,0.7138
IJC,VBB,0.6371
IJC,VCG,0.6871
IJC,VCI,0.8177
IJC,VDS,0.6301
IJC,VGC,0.6181
IJC,VGS,0.6789
IJC,VIB,0.7255
IJC,VIG,0.698
IJC,VIX,0.7254
IJC,VLB,0.6295
IJC,VND,0.7422
IJC,VPB,0.6325
IJC,VSA,0.6152
IJC,WSS,0.6892
ILA,MBG,0.6141
ILB,NBC,0.6017
ILB,RAL,0.6236
ILB,TCW,0.6109
ILB,TVD,0.6173
IME,IN4,0.6429
IME,KMR,-0.6893
IME,L62,0.6116
IME,LCC,0.8538
IME,LO5,0.7675
IME,LQN,0.6694
IME,LSS,-0.6401
IME,LUT,0.634
IME,MGR,0.7281
IME,MIE,0.6051
IME,MPY,0.6546
IME,MRF,0.7132
IME,MTB,0.7498
IME,NAC,0.6481
IME,NDP,0.6014
IME,NQB,0.6053
IME,ODE,-0.6591
IME,PAI,0.6595
IME,PBC,-0.6543
IME,PHH,0.8812
IME,PPI,0.8095
IME,PPT,-0.7077
IME,PSG,0.7921
IME,PSW,-0.6319
IME,PXM,0.6799
IME,QNT,0.7967
IME,QNU,0.6101
IME,QST,0.6425
IME,QTC,0.7721
IME,RBC,0.6195
IME,SAL,0.8758
IME,SBT,-0.6354
IME,SCD,0.688
IME,SCG,-0.721
IME,SCO,0.6573
IME,SD4,0.6313
IME,SFN,0.7236
IME,SHP,-0.6865
IME,SPH,0.6784
IME,SSF,0.7839
IME,SSN,0.6056
IME,STS,0.8331
IME,TAW,0.7751
IME,TB8,0.6042
IME,TBR,0.6025
IME,TCJ,0.707
IME,TDT,-0.6528
IME,THN,0.6354
IME,TOT,-0.6041
IME,TRT,0.6834
IME,TST,0.6616
IME,TVG,0.6846
IME,TVH,0.8843
IME,TW3,0.6588
IME,UCT,0.6533
IME,UMC,0.8158
IME,UPC,0.6749
IME,V21,-0.6364
IME,VCT,0.8376
IME,VE2,0.6902
IME,VGL,-0.6362
IME,VID,-0.6226
IME,VIR,0.8045
IME,VKC,0.7124
IME,VMS,0.6736
IME,VNX,0.6725
IME,VTG,0.692
IME,VTI,0.9036
IME,VVN,0.8008
IME,VXB,0.8759
IME,VXP,0.6914
IME,WTC,-0.6035
IME,X26,0.7265
IME,XHC,0.7221
IN4,IRC,0.6371
IN4,KDM,-0.614
IN4,KGM,-0.6372
IN4,KHG,-0.6401
IN4,KMR,-0.768
IN4,L18,-0.6791
IN4,L40,-0.7074
IN4,L62,0.7658
IN4,LAF,-0.8067
IN4,LAI,-0.784
IN4,LCC,0.7705
IN4,LCD,-0.8074
IN4,LCG,-0.6489
IN4,LDW,0.7024
IN4,LM7,0.6927
IN4,LMI,-0.6464
IN4,LO5,0.6647
IN4,LQN,0.6787
IN4,LSS,-0.7469
IN4,LUT,0.766
IN4,MCP,-0.7019
IN4,MEF,0.8547
IN4,MND,0.8965
IN4,MPY,0.9352
IN4,MRF,0.7743
IN4,NAC,0.8825
IN4,NAW,-0.6311
IN4,NBB,-0.6872
IN4,NBC,-0.6254
IN4,NDW,0.7548
IN4,NED,-0.6217
IN4,NHA,-0.6764
IN4,NKG,-0.6469
IN4,NVP,0.6009
IN4,NWT,-0.6323
IN4,OCH,-0.6171
IN4,ODE,-0.7393
IN4,OGC,-0.6041
IN4,PBP,-0.7365
IN4,PCE,-0.6735
IN4,PCH,-0.8136
IN4,PDN,-0.7216
IN4,PHC,-0.6508
IN4,PHH,0.674
IN4,PIV,-0.6366
IN4,PMB,-0.613
IN4,PMW,-0.6572
IN4,PNP,-0.6889
IN4,PNT,0.6251
IN4,POM,0.7255
IN4,PPI,0.806
IN4,PPT,-0.6174
IN4,PRC,-0.6333
IN4,PSG,0.673
IN4,PSW,-0.64
IN4,PTC,-0.7455
IN4,PTG,0.8649
IN4,PTL,-0.6104
IN4,PXM,0.6939
IN4,QBS,0.6495
IN4,QNP,-0.7675
IN4,QNW,0.6093
IN4,RBC,0.6675
IN4,RYG,-0.6239
IN4,SAL,0.7683
IN4,SBG,-0.8704
IN4,SBT,-0.744
IN4,SCD,0.8879
IN4,SCR,-0.6151
IN4,SD4,0.6271
IN4,SDN,-0.6183
IN4,SEB,-0.6049
IN4,SGC,-0.6132
IN4,SII,0.7258
IN4,SIV,-0.6769
IN4,SKG,-0.7363
IN4,SP2,-0.7537
IN4,SSF,0.6887
IN4,STG,0.6967
IN4,STW,0.616
IN4,SZC,-0.6028
IN4,TB8,0.76
IN4,TBR,0.6386
IN4,TCI,-0.6551
IN4,TCJ,0.7171
IN4,TDB,-0.7356
IN4,TDC,-0.7144
IN4,TGG,-0.6635
IN4,THM,0.6451
IN4,THN,0.8779
IN4,THW,-0.608
IN4,TIP,-0.6478
IN4,TL4,0.6096
IN4,TLD,-0.6847
IN4,TLH,-0.6155
IN4,TMB,-0.6132
IN4,TMW,0.8141
IN4,TNA,-0.6902
IN4,TOT,-0.7219
IN4,TSA,-0.6072
IN4,TSC,-0.7478
IN4,TUG,-0.6117
IN4,TVA,-0.6575
IN4,TVB,-0.6307
IN4,TVC,-0.6251
IN4,TVD,-0.6576
IN4,TVH,0.76
IN4,UMC,0.7269
IN4,UXC,0.6333
IN4,VCP,-0.6131
IN4,VCT,0.613
IN4,VDG,0.718
IN4,VE2,0.8155
IN4,VE3,0.6004
IN4,VE8,0.6753
IN4,VFG,-0.6225
IN4,VGL,-0.6163
IN4,VGP,-0.7843
IN4,VIG,-0.622
IN4,VKC,0.7133
IN4,VLP,0.7885
IN4,VMS,0.6034
IN4,VNH,0.6319
IN4,VNR,-0.6211
IN4,VNS,-0.7615
IN4,VPC,-0.6591
IN4,VPH,-0.7124
IN4,VPR,-0.6608
IN4,VSF,-0.7556
IN4,VTH,-0.6629
IN4,VTI,0.7391
IN4,VTZ,-0.6842
IN4,VUA,0.6186
IN4,VXB,0.6322
IN4,X26,0.6344
IN4,XHC,0.6046
INC,TTS,0.6502
IPA,IVS,0.693
IPA,KBC,0.6578
IPA,KHG,0.6077
IPA,KSB,0.7245
IPA,L14,0.6615
IPA,L18,0.6418
IPA,LCG,0.7675
IPA,LIG,0.6141
IPA,LPB,0.7628
IPA,MBB,0.6843
IPA,MBS,0.781
IPA,MSB,0.685
IPA,MSN,0.6298
IPA,NAB,0.6499
IPA,NBB,0.6113
IPA,NDN,0.603
IPA,NHA,0.6966
IPA,NKG,0.7481
IPA,NLG,0.6134
IPA,NT2,0.6017
IPA,OCB,0.61
IPA,ORS,0.6634
IPA,PAN,0.729
IPA,PC1,0.6743
IPA,PET,0.617
IPA,PHC,0.6814
IPA,PSI,0.7251
IPA,PVD,0.6277
IPA,PVS,0.6165
IPA,S99,0.7013
IPA,SBS,0.7794
IPA,SCI,0.6121
IPA,SCR,0.7571
IPA,SHB,0.7147
IPA,SHS,0.8214
IPA,SSI,0.8186
IPA,STB,0.6618
IPA,SZC,0.6248
IPA,TCB,0.644
IPA,TCH,0.6092
IPA,TCI,0.7751
IPA,TDC,0.6607
IPA,TIG,0.632
IPA,TLH,0.6689
IPA,TNG,0.66
IPA,TNT,0.6586
IPA,TPB,0.6176
IPA,TSC,0.6477
IPA,TTF,0.6496
IPA,TVB,0.6911
IPA,VC2,0.6548
IPA,VCG,0.6486
IPA,VCI,0.7871
IPA,VDS,0.6279
IPA,VGC,0.603
IPA,VGS,0.7189
IPA,VIB,0.6936
IPA,VIG,0.6776
IPA,VIX,0.7474
IPA,VLB,0.6385
IPA,VND,0.8508
IPA,WSS,0.7288
IRC,KHD,0.6244
IRC,L40,-0.6272
IRC,L61,0.6542
IRC,L62,0.8212
IRC,LDW,0.8816
IRC,LM7,0.7498
IRC,LNC,0.8652
IRC,LUT,0.6081
IRC,MND,0.6751
IRC,MPY,0.6657
IRC,MQB,0.8695
IRC,MRF,0.6866
IRC,MTS,-0.6577
IRC,NAC,0.6283
IRC,NDP,0.621
IRC,NLS,-0.7308
IRC,NVP,0.8357
IRC,PCG,0.6213
IRC,POM,0.6348
IRC,PTM,0.673
IRC,QBS,0.7997
IRC,RYG,-0.8147
IRC,S72,-0.6573
IRC,SCD,0.6681
IRC,SD4,0.6631
IRC,SPD,-0.7384
IRC,SRA,0.6372
IRC,SSH,0.6592
IRC,TAB,0.8048
IRC,TB8,0.6317
IRC,TCK,0.9156
IRC,TD6,-0.6918
IRC,THN,0.6494
IRC,TVA,-0.6903
IRC,USD,-0.6164
IRC,UXC,0.8753
IRC,VDG,0.792
IRC,VE2,0.6363
IRC,VE8,0.7892
IRC,VIC,0.6428
IRC,VIR,0.7136
IRC,VMK,0.8179
IRC,VNX,0.6232
IRC,VPR,-0.6365
IRC,VUA,0.82
IRC,WSB,0.608
IRC,X20,-0.6684
ISG,NTF,0.6395
ISG,PLE,0.6317
ISG,SPD,0.6453
ISG,SSH,-0.664
ISG,TVM,0.6631
ISG,USC,0.6659
ISG,VHM,-0.6231
ISG,VMK,-0.6001
ISG,VTQ,0.7137
IST,VDN,0.609
IST,VTX,0.627
ITA,JVC,0.615
ITA,KMR,0.6321
ITA,KSB,0.6612
ITA,L14,0.6884
ITA,L18,0.6603
ITA,LCG,0.7025
ITA,LDG,0.7081
ITA,LGL,0.6445
ITA,LIG,0.7187
ITA,NHA,0.6741
ITA,NKG,0.6736
ITA,OCH,0.6687
ITA,OGC,0.7013
ITA,PHC,0.6236
ITA,PTC,0.6684
ITA,PXL,0.6289
ITA,SBT,0.6125
ITA,SCR,0.6587
ITA,SD9,0.6176
ITA,SSI,0.6312
ITA,SZC,0.6338
ITA,TCH,0.655
ITA,TDC,0.6925
ITA,TGG,0.6209
ITA,THD,0.6328
ITA,TIP,0.6249
ITA,TLD,0.7414
ITA,TLH,0.6397
ITA,TSC,0.6056
ITA,TTF,0.6506
ITA,VCG,0.6562
ITA,VGS,0.6657
ITA,VHE,0.6265
ITA,VHG,0.6547
ITA,VND,0.624
ITA,VPH,0.678
ITC,KSB,0.6102
ITC,L14,0.6764
ITC,L18,0.634
ITC,LCG,0.6325
ITC,LDG,0.6612
ITC,LHG,0.6553
ITC,NDN,0.6241
ITC,NHA,0.6555
ITC,NKG,0.6176
ITC,NLG,0.6786
ITC,NT2,0.6099
ITC,NTL,0.6011
ITC,PAN,0.6034
ITC,PDB,0.6199
ITC,PFL,0.6007
ITC,PXL,0.6981
ITC,S99,0.6233
ITC,SAM,0.6377
ITC,SCR,0.656
ITC,SKG,0.6849
ITC,SZC,0.6467
ITC,SZL,0.6015
ITC,TA9,0.6239
ITC,TCH,0.6182
ITC,TCI,0.6223
ITC,TDC,0.6436
ITC,THG,0.6013
ITC,TID,0.6102
ITC,TIG,0.6809
ITC,TIP,0.6325
ITC,TLD,0.6239
ITC,TVC,0.6041
ITC,VCG,0.6636
ITC,VGC,0.6768
ITC,VNS,0.6019
ITC,VPH,0.6568
ITD,MIG,0.6173
ITD,NED,0.6049
ITD,PPH,0.6228
ITD,SGP,0.6067
ITD,SGT,0.6269
ITD,TNH,0.6689
ITD,VIP,0.6728
ITD,VOS,0.6638
ITD,VTO,0.6425
ITQ,KMR,0.6355
ITQ,MBG,0.6282
ITQ,PFL,0.6152
ITQ,VHG,0.6126
IVS,KHG,0.6023
IVS,KMR,0.6193
IVS,KSB,0.6376
IVS,LCG,0.7193
IVS,LGL,0.6128
IVS,LPB,0.6124
IVS,LSS,0.657
IVS,MBS,0.6178
IVS,NDN,0.6904
IVS,NED,0.6078
IVS,NHA,0.714
IVS,NHH,0.6011
IVS,NKG,0.6031
IVS,PAN,0.6053
IVS,PHC,0.7188
IVS,PSI,0.7013
IVS,S99,0.6621
IVS,SBS,0.6555
IVS,SBT,0.6199
IVS,SCR,0.6334
IVS,SGT,0.6796
IVS,SHS,0.6466
IVS,SSI,0.6683
IVS,TCI,0.7109
IVS,TDC,0.6413
IVS,TIP,0.6121
IVS,TLD,0.6125
IVS,TLH,0.6505
IVS,TNT,0.6491
IVS,TSC,0.6094
IVS,TTF,0.6119
IVS,TTH,0.6113
IVS,TVB,0.7001
IVS,TVC,0.6493
IVS,TVS,0.6367
IVS,VC2,0.6397
IVS,VC7,0.6489
IVS,VCI,0.6491
IVS,VGS,0.6202
IVS,VIG,0.695
IVS,VIX,0.6434
IVS,VLB,0.6169
IVS,VND,0.6799
IVS,VPH,0.6093
IVS,WSS,0.7156
JOS,MCC,0.6002
JVC,KHG,0.6119
JVC,KMR,0.662
JVC,KSB,0.6502
JVC,L14,0.6549
JVC,L18,0.6903
JVC,LCG,0.7082
JVC,LDG,0.6238
JVC,LGL,0.6199
JVC,LHC,0.6132
JVC,LIG,0.667
JVC,MBG,0.689
JVC,MDC,0.6592
JVC,MIG,0.6141
JVC,NBC,0.7205
JVC,NHA,0.6161
JVC,NKG,0.643
JVC,NT2,0.661
JVC,NVT,0.6019
JVC,OCH,0.6546
JVC,ODE,0.6547
JVC,OGC,0.6622
JVC,PAN,0.6603
JVC,PAT,0.696
JVC,PET,0.6208
JVC,PFL,0.6116
JVC,PGC,0.6306
JVC,PHR,0.6031
JVC,PLC,0.6807
JVC,PLP,0.6766
JVC,PMB,0.6172
JVC,POW,0.6781
JVC,PPH,0.648
JVC,PSD,0.6728
JVC,PSI,0.6455
JVC,PTC,0.6297
JVC,PVC,0.6188
JVC,PVG,0.6429
JVC,PXL,0.6039
JVC,QTP,0.6056
JVC,SAM,0.7224
JVC,SCR,0.7924
JVC,SD5,0.6314
JVC,SHB,0.6303
JVC,SHI,0.6022
JVC,STW,-0.618
JVC,SZC,0.6143
JVC,TAN,0.679
JVC,TCD,0.6125
JVC,TCI,0.6449
JVC,TDC,0.6091
JVC,TDG,0.6428
JVC,TEG,0.6622
JVC,TGG,0.6206
JVC,THT,0.6551
JVC,TIG,0.619
JVC,TLH,0.6341
JVC,TNG,0.6483
JVC,TNI,0.6739
JVC,TSC,0.613
JVC,TTF,0.6379
JVC,TVD,0.6806
JVC,VGC,0.6053
JVC,VGS,0.6171
JVC,VHC,0.6625
JVC,VIB,0.6407
JVC,VIG,0.6139
JVC,VMT,-0.7216
JVC,VNR,0.6141
JVC,VOS,0.6069
JVC,VPH,0.6198
JVC,WSS,0.6002
KBC,KDH,0.7463
KBC,KHG,0.6334
KBC,KSB,0.7375
KBC,L18,0.6503
KBC,LCG,0.7989
KBC,LHG,0.6718
KBC,LIG,0.6109
KBC,LPB,0.6962
KBC,MBB,0.7005
KBC,MBS,0.7744
KBC,MSB,0.6912
KBC,MSN,0.7108
KBC,MWG,0.6574
KBC,NHA,0.6324
KBC,NKG,0.7065
KBC,NLG,0.7017
KBC,NT2,0.6312
KBC,NTL,0.6216
KBC,OCB,0.652
KBC,PAN,0.705
KBC,PC1,0.6687
KBC,PET,0.7025
KBC,PHR,0.7112
KBC,PLC,0.7522
KBC,POW,0.6211
KBC,PSI,0.6886
KBC,PTB,0.645
KBC,PVC,0.638
KBC,PVD,0.7293
KBC,PVS,0.6697
KBC,PVT,0.6893
KBC,S99,0.6121
KBC,SBS,0.6955
KBC,SBT,0.6139
KBC,SCR,0.7634
KBC,SHB,0.7153
KBC,SHS,0.7697
KBC,SSI,0.8224
KBC,STB,0.7555
KBC,SZC,0.7765
KBC,TCB,0.7093
KBC,TCH,0.6781
KBC,TCI,0.6533
KBC,TCT,0.6274
KBC,TIP,0.601
KBC,TLH,0.6428
KBC,TNG,0.749
KBC,TPB,0.6946
KBC,TTF,0.6503
KBC,VCB,0.6031
KBC,VCG,0.6607
KBC,VCI,0.7751
KBC,VDS,0.607
KBC,VGC,0.6923
KBC,VGS,0.6529
KBC,VHC,0.6258
KBC,VIB,0.7085
KBC,VIG,0.6606
KBC,VIX,0.7306
KBC,VND,0.7282
KBC,VPB,0.6304
KBC,VRE,0.6134
KBC,WSS,0.659
KCB,KSV,0.6026
KDH,KSB,0.6664
KDH,LCG,0.6885
KDH,LPB,0.6495
KDH,MBB,0.7143
KDH,MBS,0.6394
KDH,MSB,0.6143
KDH,MSN,0.6676
KDH,MWG,0.648
KDH,NDN,0.6165
KDH,NKG,0.6251
KDH,NLG,0.7935
KDH,NTL,0.6649
KDH,PAN,0.6325
KDH,PC1,0.6839
KDH,PET,0.651
KDH,PHR,0.6506
KDH,PVD,0.6203
KDH,PVT,0.6019
KDH,SCR,0.6357
KDH,SHB,0.6326
KDH,SHS,0.7113
KDH,SSI,0.7086
KDH,STB,0.7516
KDH,SZC,0.6575
KDH,TCB,0.7291
KDH,TCH,0.7368
KDH,TCT,0.6669
KDH,TIG,0.6527
KDH,TNG,0.6216
KDH,TPB,0.6343
KDH,VCB,0.613
KDH,VCG,0.6852
KDH,VCI,0.6529
KDH,VGC,0.653
KDH,VHM,0.6097
KDH,VIX,0.726
KDH,VPB,0.7383
KDH,VRE,0.7227
KDM,LAI,0.6685
KDM,MEF,-0.6041
KDM,NWT,0.6142
KDM,OCH,0.6689
KDM,PTG,-0.6047
KDM,PVC,0.6188
KGM,L62,-0.6001
KGM,LAF,0.6551
KGM,LAI,0.6776
KGM,MEF,-0.6601
KGM,MH3,0.6849
KGM,MND,-0.6584
KGM,NAC,-0.6233
KGM,ND2,0.6394
KGM,NDW,-0.6291
KGM,PCE,0.6551
KGM,PDN,0.6162
KGM,PNT,-0.6425
KGM,PTG,-0.6607
KGM,QPH,0.7525
KGM,RTB,0.7245
KGM,S72,0.6404
KGM,SBG,0.6617
KGM,SIV,0.6135
KGM,THN,-0.6269
KGM,TNW,0.6067
KGM,TTT,0.6697
KGM,VCP,0.6102
KGM,VE2,-0.7646
KGM,VSM,0.6349
KHD,LCM,0.6043
KHD,LM7,0.6951
KHD,MRF,0.633
KHD,NDP,0.6649
KHD,SCD,0.6298
KHD,SD4,0.6188
KHD,TB8,0.6156
KHD,TNA,-0.6043
KHD,UXC,0.6002
KHD,VDG,0.637
KHD,VE8,0.6788
KHD,VMS,0.6466
KHG,KMR,0.6834
KHG,L14,0.6251
KHG,L18,0.6017
KHG,LAF,0.6552
KHG,LCG,0.6917
KHG,LIG,0.619
KHG,LSS,0.6269
KHG,MBS,0.7
KHG,MEF,-0.6546
KHG,NAB,0.6054
KHG,NBC,0.6387
KHG,NHA,0.6389
KHG,NKG,0.691
KHG,ODE,0.622
KHG,PAN,0.6348
KHG,PHC,0.61
KHG,PPI,-0.6186
KHG,PSI,0.6945
KHG,PTG,-0.6603
KHG,PTL,0.6305
KHG,SBG,0.6394
KHG,SBS,0.6656
KHG,SBT,0.6839
KHG,SCR,0.7736
KHG,SHB,0.7052
KHG,SHS,0.697
KHG,SSI,0.7571
KHG,STB,0.6098
KHG,SZC,0.6752
KHG,TCI,0.6317
KHG,TLH,0.6502
KHG,TNG,0.6226
KHG,TOT,0.626
KHG,TSC,0.6953
KHG,TTF,0.6544
KHG,TVB,0.6053
KHG,TVD,0.6136
KHG,TVH,-0.6044
KHG,VCI,0.6945
KHG,VIB,0.6486
KHG,VIG,0.6294
KHG,VIX,0.6697
KHG,VLB,0.6059
KHG,VND,0.7532
KHG,VSA,0.6038
KHG,WSS,0.6294
KHP,L14,0.6412
KHP,NDX,0.7268
KHP,SAM,0.6366
KHP,SD9,0.6661
KHP,SHA,0.6276
KHS,L40,0.6329
KHS,LAI,0.6247
KHS,LCD,0.6654
KHS,MA1,0.6738
KHS,MGG,0.6069
KHS,MND,-0.6786
KHS,MTS,0.75
KHS,NQN,0.6682
KHS,NTF,0.605
KHS,NVP,-0.6863
KHS,RYG,0.6224
KHS,SPD,0.7433
KHS,TB8,-0.7002
KHS,TSD,0.6883
KHS,VDG,-0.6703
KHS,VE8,-0.64
KHS,VPR,0.8023
KHS,VUA,-0.6448
KHS,XPH,0.6134
KHW,LMC,0.6363
KHW,NTH,0.6159
KHW,QNW,0.6044
KHW,TAN,-0.6871
KHW,TDW,0.6647
KHW,TVM,0.7149
KHW,VMT,0.652
KHW,VVS,0.665
KKC,PMJ,0.6086
KLB,PBP,0.6019
KLB,TIG,0.624
KMR,L18,0.7664
KMR,LAF,0.6792
KMR,LAS,0.6217
KMR,LBM,0.6139
KMR,LCC,-0.7709
KMR,LCG,0.6943
KMR,LGL,0.6581
KMR,LHC,0.6805
KMR,LHG,0.6232
KMR,LIG,0.6894
KMR,LO5,-0.6446
KMR,LPB,0.6082
KMR,LQN,-0.6336
KMR,LSS,0.7819
KMR,LUT,-0.6966
KMR,MBG,0.6475
KMR,MDC,0.6416
KMR,MEF,-0.7616
KMR,MPY,-0.7398
KMR,MRF,-0.6376
KMR,NAB,0.6462
KMR,NAC,-0.657
KMR,NBB,0.7377
KMR,NBC,0.6898
KMR,NDN,0.6157
KMR,NDW,-0.7157
KMR,NDX,0.6548
KMR,NED,0.7233
KMR,NHA,0.73
KMR,NKG,0.629
KMR,ODE,0.8202
KMR,OGC,0.6147
KMR,PAN,0.6371
KMR,PAT,0.6584
KMR,PBP,0.7341
KMR,PCH,0.6215
KMR,PDV,0.6446
KMR,PGC,0.6518
KMR,PHC,0.7347
KMR,PHH,-0.7224
KMR,PLP,0.6321
KMR,PMB,0.7289
KMR,PPH,0.6477
KMR,PPI,-0.7801
KMR,PPT,0.6922
KMR,PSE,0.6344
KMR,PSG,-0.6762
KMR,PSI,0.6752
KMR,PSW,0.7553
KMR,PTC,0.777
KMR,PTG,-0.7606
KMR,PTL,0.62
KMR,PV2,0.6259
KMR,PXL,0.617
KMR,PXM,-0.659
KMR,QNS,0.6421
KMR,QNT,-0.6674
KMR,QNW,-0.6274
KMR,QTP,0.6607
KMR,RBC,-0.6797
KMR,S99,0.612
KMR,SAL,-0.7929
KMR,SAM,0.6128
KMR,SBG,0.7434
KMR,SBS,0.6219
KMR,SBT,0.7819
KMR,SCD,-0.652
KMR,SCG,0.664
KMR,SCJ,0.6061
KMR,SCR,0.6826
KMR,SD5,0.6948
KMR,SD9,0.6966
KMR,SFN,-0.6495
KMR,SGT,0.7147
KMR,SHA,0.6845
KMR,SHB,0.6409
KMR,SHI,0.6363
KMR,SHP,0.603
KMR,SII,-0.603
KMR,SKG,0.6879
KMR,SLS,0.657
KMR,SPH,-0.6862
KMR,SSF,-0.8055
KMR,SSI,0.6036
KMR,STS,-0.6576
KMR,SZC,0.6311
KMR,TBR,-0.6903
KMR,TCI,0.6755
KMR,TCJ,-0.7132
KMR,TDC,0.6885
KMR,TDG,0.6982
KMR,TDT,0.7138
KMR,TGG,0.7045
KMR,THN,-0.6512
KMR,THT,0.6291
KMR,TID,0.6394
KMR,TIP,0.6873
KMR,TLD,0.7467
KMR,TLH,0.7248
KMR,TMW,-0.6058
KMR,TNA,0.7235
KMR,TOT,0.7024
KMR,TRT,-0.6732
KMR,TSC,0.7944
KMR,TTF,0.7416
KMR,TTH,0.6225
KMR,TVB,0.7256
KMR,TVD,0.6907
KMR,TVH,-0.8214
KMR,TVT,0.6387
KMR,UMC,-0.78
KMR,UPC,-0.6199
KMR,V21,0.6943
KMR,VC3,0.6379
KMR,VCT,-0.6871
KMR,VE2,-0.6878
KMR,VGS,0.6104
KMR,VHE,0.6311
KMR,VHG,0.6734
KMR,VIB,0.6269
KMR,VID,0.7242
KMR,VIG,0.7021
KMR,VKC,-0.6559
KMR,VMT,-0.6752
KMR,VNL,0.6675
KMR,VNR,0.6129
KMR,VNS,0.6455
KMR,VPH,0.7202
KMR,VTG,-0.6291
KMR,VTI,-0.7549
KMR,VVN,-0.6758
KMR,VXB,-0.7142
KMR,VXP,-0.6801
KMR,WSS,0.7224
KMR,WTC,0.6667
KMR,X26,-0.6924
KMR,XHC,-0.656
KOS,THU,-0.6366
KSB,L14,0.7138
KSB,L18,0.7352
KSB,LCG,0.8927
KSB,LHG,0.6798
KSB,LIG,0.6631
KSB,LPB,0.6954
KSB,LSS,0.6102
KSB,MBB,0.6628
KSB,MBG,0.6393
KSB,MBS,0.7344
KSB,MSB,0.652
KSB,MSN,0.6787
KSB,NBB,0.6475
KSB,NBC,0.6029
KSB,NDN,0.6224
KSB,NHA,0.7622
KSB,NHH,0.6487
KSB,NKG,0.8209
KSB,NLG,0.6962
KSB,NT2,0.6953
KSB,NTL,0.6422
KSB,OGC,0.7305
KSB,PAN,0.7284
KSB,PC1,0.732
KSB,PET,0.6757
KSB,PHC,0.6357
KSB,PHR,0.6344
KSB,PLC,0.6916
KSB,POW,0.6672
KSB,PSI,0.6402
KSB,PTB,0.619
KSB,PVC,0.6183
KSB,PVD,0.6562
KSB,PVP,0.6022
KSB,PVT,0.6837
KSB,PXL,0.6051
KSB,S99,0.6475
KSB,SBS,0.6847
KSB,SBT,0.6666
KSB,SCR,0.7882
KSB,SGT,0.6282
KSB,SHB,0.6285
KSB,SHS,0.7399
KSB,SKG,0.6975
KSB,SSI,0.7669
KSB,STB,0.6987
KSB,SZC,0.7545
KSB,TCH,0.6812
KSB,TCI,0.7473
KSB,TCT,0.6303
KSB,TDC,0.7176
KSB,THD,0.6119
KSB,TIG,0.6801
KSB,TIP,0.7021
KSB,TLD,0.6267
KSB,TLH,0.7399
KSB,TNG,0.7342
KSB,TPB,0.6744
KSB,TSC,0.6205
KSB,TTA,0.6014
KSB,TTF,0.6535
KSB,TTH,0.617
KSB,TVB,0.6193
KSB,VCG,0.7303
KSB,VCI,0.7787
KSB,VGC,0.712
KSB,VGS,0.7697
KSB,VHC,0.6196
KSB,VHG,0.6053
KSB,VIB,0.7077
KSB,VIG,0.7218
KSB,VIX,0.718
KSB,VLB,0.6951
KSB,VND,0.7006
KSB,VOS,0.6262
KSB,VPH,0.6163
KSB,WSS,0.6636
KSD,MTS,-0.62
KSD,SPD,-0.6156
KSF,LMC,-0.6567
KSF,TRT,-0.6363
KSF,VCM,-0.6221
KSF,VTG,-0.6154
KTC,NAW,0.6639
KTL,LCD,0.6143
KTL,MTS,0.6393
KTL,NQN,0.6861
KTL,NTT,0.6649
KTL,PIA,0.6009
KTL,PSN,0.6399
KTL,QHW,0.691
KTL,STL,0.6818
KTL,TNC,0.6571
KTL,TOP,0.6384
KTL,TPS,0.6127
KTL,VBH,0.6553
KTL,VES,0.6513
KTL,VPR,0.6677
KTS,LAF,0.6712
KTS,LAI,0.6075
KTS,NBC,0.6036
KTS,NDW,-0.6089
KTS,PCE,0.6856
KTS,SEB,0.6061
KTS,TMB,0.6685
KTS,TNW,0.6477
KTS,TUG,0.6547
KTS,VGP,0.6057
KTS,VSA,0.6573
KTS,VSM,0.6038
L10,TRS,0.7255
L12,MVC,0.6298
L12,VGT,0.612
L14,L18,0.7414
L14,LCG,0.7653
L14,LDG,0.7486
L14,LGL,0.6113
L14,LIG,0.7357
L14,LPB,0.6063
L14,MBG,0.6629
L14,MBS,0.6201
L14,NBB,0.6768
L14,NDN,0.6246
L14,NHA,0.7693
L14,NKG,0.7111
L14,NLG,0.7398
L14,NT2,0.6589
L14,NWT,0.6073
L14,OCH,0.6662
L14,OGC,0.7229
L14,PAN,0.6302
L14,PC1,0.6049
L14,PFL,0.6762
L14,PHC,0.6063
L14,PHR,0.6026
L14,PLC,0.606
L14,POW,0.6257
L14,PSI,0.6208
L14,PXL,0.6612
L14,S99,0.632
L14,SAM,0.6739
L14,SBS,0.6476
L14,SCI,0.6373
L14,SCR,0.818
L14,SHB,0.6414
L14,SHS,0.6936
L14,SKG,0.6888
L14,SSI,0.6962
L14,STB,0.6156
L14,SZC,0.6588
L14,TCH,0.7013
L14,TCI,0.6727
L14,TDC,0.692
L14,THD,0.7193
L14,THG,0.645
L14,TIG,0.6567
L14,TIP,0.618
L14,TLD,0.6154
L14,TTF,0.646
L14,VC7,0.63
L14,VCG,0.7444
L14,VCI,0.6949
L14,VGC,0.7055
L14,VGS,0.6926
L14,VIB,0.6127
L14,VIG,0.6155
L14,VIX,0.6701
L14,VLB,0.6387
L14,VND,0.6476
L14,VPH,0.6139
L18,LAF,0.6476
L18,LAS,0.6899
L18,LCG,0.7945
L18,LDG,0.6354
L18,LHC,0.6299
L18,LHG,0.6643
L18,LIC,0.6085
L18,LIG,0.7345
L18,LPB,0.6059
L18,LQN,-0.6642
L18,LSS,0.6006
L18,MBG,0.7466
L18,MBS,0.6013
L18,MCP,0.678
L18,MDC,0.6438
L18,MPY,-0.6355
L18,MSN,0.6037
L18,NAF,0.6097
L18,NBB,0.7526
L18,NBC,0.7488
L18,NDN,0.6239
L18,NDX,0.6749
L18,NED,0.719
L18,NHA,0.7733
L18,NKG,0.72
L18,NLG,0.6034
L18,NSH,0.6472
L18,NT2,0.6026
L18,OCH,0.7021
L18,ODE,0.7611
L18,OGC,0.7101
L18,PAN,0.7057
L18,PAT,0.6721
L18,PBP,0.704
L18,PFL,0.7116
L18,PGC,0.6452
L18,PHC,0.7046
L18,PHR,0.6368
L18,PLC,0.6423
L18,PMB,0.7058
L18,POW,0.623
L18,PPH,0.6195
L18,PRC,0.6324
L18,PSD,0.6458
L18,PSI,0.6654
L18,PSW,0.6507
L18,PTC,0.7163
L18,PV2,0.6138
L18,PVD,0.6508
L18,PVG,0.6407
L18,PXL,0.7186
L18,QTP,0.6278
L18,S99,0.6721
L18,SAL,-0.6186
L18,SAM,0.6679
L18,SBG,0.6183
L18,SBS,0.6386
L18,SBT,0.6783
L18,SCI,0.6692
L18,SCR,0.7513
L18,SD9,0.6496
L18,SGT,0.673
L18,SHA,0.6371
L18,SHB,0.6351
L18,SKG,0.7527
L18,SSF,-0.602
L18,SSI,0.6259
L18,STW,-0.6589
L18,SZC,0.7024
L18,TCI,0.7417
L18,TDC,0.727
L18,TDG,0.6638
L18,TDT,0.643
L18,TGG,0.7034
L18,THD,0.6033
L18,TID,0.6733
L18,TIG,0.6145
L18,TIP,0.7435
L18,TLD,0.7226
L18,TLH,0.6934
L18,TMB,0.6291
L18,TNA,0.6929
L18,TNG,0.6417
L18,TOS,0.6711
L18,TOT,0.7073
L18,TSC,0.6717
L18,TTF,0.6895
L18,TTH,0.6772
L18,TVB,0.6902
L18,TVD,0.6765
L18,TVH,-0.6
L18,UMC,-0.6346
L18,VCI,0.6413
L18,VFG,0.6127
L18,VGC,0.6607
L18,VGP,0.6385
L18,VGS,0.7516
L18,VHE,0.6243
L18,VHG,0.7497
L18,VIB,0.6174
L18,VID,0.6041
L18,VIG,0.6952
L18,VLB,0.6077
L18,VMT,-0.6712
L18,VNR,0.6079
L18,VNS,0.6755
L18,VPH,0.702
L18,VRG,0.6122
L18,WSS,0.6166
L35,LCC,0.61
L35,LQN,0.6698
L35,LUT,0.7352
L35,MCP,-0.6541
L35,MDC,-0.6325
L35,MLC,0.6691
L35,MRF,0.6046
L35,NBC,-0.6098
L35,NDW,0.6775
L35,ODE,-0.6325
L35,PBP,-0.617
L35,PGC,-0.6191
L35,PMW,-0.6477
L35,PRC,-0.6246
L35,PSG,0.6479
L35,QNW,0.7144
L35,RBC,0.7089
L35,SAL,0.7362
L35,SEB,-0.7162
L35,SFN,0.6661
L35,SPH,0.6408
L35,SSF,0.6919
L35,SSN,0.6496
L35,STS,0.6738
L35,STW,0.7774
L35,TAN,-0.7482
L35,TBR,0.6087
L35,TCJ,0.6423
L35,TGG,-0.6056
L35,THT,-0.6118
L35,TOT,-0.6317
L35,TRT,0.607
L35,TTS,0.7239
L35,TVH,0.7168
L35,TVM,0.6017
L35,TW3,0.6066
L35,UMC,0.7721
L35,VCT,0.6578
L35,VFG,-0.6291
L35,VGP,-0.6601
L35,VHF,0.7495
L35,VKC,0.648
L35,VMT,0.8093
L35,VNL,-0.618
L35,VNR,-0.6242
L35,VTG,0.6403
L35,VVN,0.6177
L35,VXB,0.664
L35,VXP,0.6059
L35,X26,0.6901
L40,L62,-0.6687
L40,LAF,0.6107
L40,LAI,0.7063
L40,LCD,0.7943
L40,LDW,-0.6114
L40,MGG,0.6861
L40,MND,-0.7735
L40,MPY,-0.7185
L40,MTS,0.6405
L40,NAC,-0.6409
L40,NAW,0.6702
L40,NGC,0.6518
L40,NQN,0.6492
L40,NWT,0.6306
L40,PAP,0.6088
L40,PCE,0.6261
L40,PDN,0.63
L40,RYG,0.6157
L40,SBD,0.6013
L40,SCD,-0.612
L40,SP2,0.6606
L40,SPD,0.6145
L40,STL,0.6392
L40,TB8,-0.6238
L40,TDF,0.6178
L40,THN,-0.6521
L40,THW,0.6302
L40,TPS,0.6151
L40,TS3,0.6187
L40,TSD,0.6226
L40,TVA,0.7279
L40,UXC,-0.6015
L40,VGP,0.6529
L40,VPC,0.7237
L40,VPR,0.7507
L40,VSF,0.604
L40,VTH,0.6297
L40,VUA,-0.6366
L61,L62,0.6585
L61,LDW,0.7189
L61,LNC,0.6883
L61,LO5,0.6242
L61,MCP,-0.6382
L61,MQB,0.6495
L61,NAC,0.638
L61,NLS,-0.6299
L61,PHH,0.6446
L61,POM,0.6493
L61,QBS,0.6958
L61,SCD,0.6068
L61,THN,0.6424
L61,VDG,0.6002
L61,VE8,0.6811
L62,LAF,-0.6602
L62,LAI,-0.6126
L62,LCC,0.6049
L62,LCD,-0.674
L62,LCM,0.6119
L62,LDW,0.8706
L62,LM7,0.686
L62,LNC,0.7994
L62,LO5,0.6723
L62,LSS,-0.623
L62,LUT,0.6869
L62,MEF,0.6061
L62,MND,0.8254
L62,MPY,0.7608
L62,MQB,0.7847
L62,MRF,0.6107
L62,MTS,-0.654
L62,NAC,0.8178
L62,NLS,-0.7034
L62,NNT,-0.627
L62,NVP,0.6886
L62,PCH,-0.6199
L62,PDN,-0.6341
L62,PHH,0.7186
L62,PIV,-0.6507
L62,PMT,-0.617
L62,PNT,0.6509
L62,POM,0.8346
L62,PPI,0.6401
L62,PTG,0.6288
L62,PTM,0.6491
L62,PXM,0.621
L62,QBS,0.8675
L62,QNP,-0.7326
L62,QPH,-0.6128
L62,RTB,-0.6389
L62,RYG,-0.7003
L62,SAL,0.6122
L62,SBG,-0.7132
L62,SCD,0.7866
L62,SD4,0.6199
L62,SGC,-0.7285
L62,SPD,-0.6145
L62,SSC,-0.64
L62,TAB,0.6982
L62,TB8,0.6763
L62,TCK,0.6885
L62,TD6,-0.6208
L62,THM,0.6266
L62,THN,0.8359
L62,TMW,0.6267
L62,TVA,-0.7571
L62,UXC,0.7342
L62,VDG,0.7628
L62,VE2,0.8055
L62,VE3,0.61
L62,VE8,0.7451
L62,VGL,-0.6807
L62,VGP,-0.6509
L62,VIR,0.7806
L62,VKC,0.6387
L62,VLP,0.7373
L62,VMK,0.623
L62,VNH,0.7334
L62,VNX,0.6098
L62,VPR,-0.6441
L62,VSF,-0.6085
L62,VTH,-0.6287
L62,VTI,0.6803
L62,VUA,0.7264
L62,X20,-0.7051
L63,RTB,0.6011
LAF,LAI,0.715
LAF,LCC,-0.6668
LAF,LCD,0.6605
LAF,LCG,0.6256
LAF,LSS,0.6019
LAF,LUT,-0.7168
LAF,MCP,0.6792
LAF,MEF,-0.779
LAF,MND,-0.7178
LAF,MPY,-0.7312
LAF,NAC,-0.7554
LAF,NBC,0.6061
LAF,NBE,0.6213
LAF,NDW,-0.7531
LAF,NKG,0.6429
LAF,ODE,0.6185
LAF,PBP,0.6172
LAF,PCE,0.7644
LAF,PCH,0.6654
LAF,PDN,0.6352
LAF,PMS,0.613
LAF,POM,-0.6554
LAF,PPI,-0.7224
LAF,PSG,-0.6348
LAF,PTC,0.6773
LAF,PTG,-0.7933
LAF,PVX,0.6092
LAF,QNP,0.638
LAF,QNW,-0.6655
LAF,SAL,-0.643
LAF,SBD,0.6271
LAF,SBG,0.7769
LAF,SBT,0.6341
LAF,SCD,-0.6403
LAF,SCR,0.6066
LAF,SEB,0.6394
LAF,SII,-0.6472
LAF,STW,-0.6282
LAF,TDC,0.6319
LAF,THN,-0.7513
LAF,TMB,0.622
LAF,TMW,-0.6558
LAF,TOT,0.7513
LAF,TSC,0.6425
LAF,TTF,0.6095
LAF,TUG,0.6169
LAF,TVD,0.6198
LAF,TVH,-0.6465
LAF,UMC,-0.6515
LAF,VCP,0.6622
LAF,VCT,-0.6406
LAF,VE2,-0.7927
LAF,VE3,-0.6055
LAF,VGP,0.7064
LAF,VKC,-0.7124
LAF,VLP,-0.6886
LAF,VNS,0.6216
LAF,VSA,0.6593
LAF,VSF,0.6391
LAF,VSM,0.705
LAF,VTI,-0.6451
LAF,VTZ,0.72
LAF,X26,-0.6177
LAF,XHC,-0.6106
LAI,LCD,0.803
LAI,LMI,0.6524
LAI,LUT,-0.6233
LAI,MCP,0.629
LAI,MEF,-0.7204
LAI,MH3,0.6202
LAI,MND,-0.8079
LAI,MPY,-0.7511
LAI,NAC,-0.6974
LAI,NAW,0.6705
LAI,NBC,0.6289
LAI,NBE,0.6094
LAI,NDW,-0.6769
LAI,NGC,0.6065
LAI,NKG,0.6383
LAI,NUE,0.6098
LAI,NWT,0.7611
LAI,PBP,0.6099
LAI,PCE,0.7527
LAI,PDN,0.7484
LAI,PNP,0.6203
LAI,PTG,-0.7264
LAI,PVX,0.6432
LAI,QHW,0.6098
LAI,QNP,0.6009
LAI,SBG,0.734
LAI,SCD,-0.6197
LAI,SIV,0.7091
LAI,SKG,0.7011
LAI,SP2,0.6264
LAI,STL,0.7038
LAI,TDB,0.6428
LAI,TDC,0.6008
LAI,TDF,0.6558
LAI,THN,-0.6879
LAI,THW,0.6455
LAI,TMB,0.6656
LAI,TMW,-0.6511
LAI,TOT,0.6168
LAI,TPS,0.6848
LAI,TSC,0.677
LAI,TSD,0.6184
LAI,TUG,0.7401
LAI,TVA,0.6826
LAI,TVD,0.6736
LAI,VCF,0.6707
LAI,VE2,-0.6793
LAI,VGP,0.7521
LAI,VLP,-0.6379
LAI,VNS,0.6345
LAI,VPC,0.8004
LAI,VPR,0.7058
LAI,VRG,0.6616
LAI,VSF,0.7663
LAI,VTH,0.6233
LAI,VTZ,0.6625
LAS,LCG,0.6144
LAS,LHG,0.7632
LAS,LPB,0.6016
LAS,LSS,0.663
LAS,MBB,0.6214
LAS,MIG,0.6444
LAS,MSN,0.6253
LAS,NBC,0.6933
LAS,NDN,0.638
LAS,NED,0.6542
LAS,NHA,0.6659
LAS,NKG,0.6405
LAS,OIL,0.7036
LAS,PAN,0.6768
LAS,PBP,0.6687
LAS,PC1,0.6196
LAS,PET,0.6296
LAS,PGC,0.6334
LAS,PHR,0.6467
LAS,PLC,0.6495
LAS,PMB,0.6616
LAS,POW,0.617
LAS,PSW,0.6549
LAS,PTB,0.6812
LAS,PTV,0.6423
LAS,PVB,0.7262
LAS,PVC,0.7103
LAS,PVD,0.6807
LAS,PVG,0.6446
LAS,PVO,0.6738
LAS,PVP,0.6692
LAS,PVS,0.6903
LAS,PVT,0.7223
LAS,QTP,0.7034
LAS,REE,0.6436
LAS,SBT,0.6528
LAS,SGT,0.6119
LAS,SKG,0.6835
LAS,STK,0.7248
LAS,SZC,0.6794
LAS,TCI,0.6081
LAS,THT,0.6029
LAS,TIP,0.749
LAS,TLH,0.6157
LAS,TNG,0.7662
LAS,TNH,0.6659
LAS,TVB,0.6114
LAS,TVD,0.6482
LAS,VCS,0.6244
LAS,VGS,0.7248
LAS,VGT,0.7076
LAS,VHC,0.6216
LAS,VOS,0.7064
LAS,VPH,0.6165
LAS,VTO,0.6105
LAW,LMC,0.6095
LAW,MIE,0.708
LAW,MLC,0.7143
LAW,NSG,-0.6336
LAW,PSN,0.6678
LAW,SPD,0.6268
LAW,SPH,0.6719
LAW,TOW,0.6976
LAW,TVM,0.6828
LAW,VBH,0.7749
LAW,VFC,0.644
LAW,VHF,0.6003
LAW,VMT,0.6066
LAW,VTG,0.6547
LAW,VW3,0.6226
LAW,XPH,0.6322
LBE,NAC,-0.6511
LBE,PHH,-0.6146
LBE,SDG,0.6199
LBE,SII,-0.6049
LBE,THN,-0.6524
LBE,TRT,-0.6247
LBE,VGL,0.6964
LBE,VLP,-0.605
LBE,WTC,0.6115
LBM,PBP,0.6035
LBM,TDC,0.6033
LCC,LO5,0.6727
LCC,LQN,0.6609
LCC,LSS,-0.7075
LCC,LUT,0.72
LCC,MEF,0.7265
LCC,MGR,0.7038
LCC,MPY,0.8
LCC,MRF,0.7791
LCC,MTB,0.7125
LCC,NAC,0.6537
LCC,NDW,0.7327
LCC,NED,-0.6492
LCC,ODE,-0.777
LCC,PBP,-0.6265
LCC,PCH,-0.623
LCC,PDV,-0.66
LCC,PHH,0.7717
LCC,PLE,0.6002
LCC,PMB,-0.6594
LCC,PPI,0.7862
LCC,PPT,-0.6593
LCC,PSG,0.7403
LCC,PSW,-0.6785
LCC,PTG,0.7248
LCC,PXM,0.6334
LCC,QNP,-0.6026
LCC,QNT,0.8077
LCC,QNW,0.6598
LCC,QST,0.6268
LCC,QTC,0.7386
LCC,RBC,0.6863
LCC,SAL,0.8583
LCC,SBG,-0.6774
LCC,SBT,-0.7026
LCC,SCD,0.7088
LCC,SCG,-0.6056
LCC,SFN,0.7424
LCC,SGT,-0.6305
LCC,SPH,0.6843
LCC,SSF,0.7918
LCC,SSM,0.6012
LCC,SSN,0.6325
LCC,STS,0.7049
LCC,TB8,0.652
LCC,TBR,0.6439
LCC,TCJ,0.7395
LCC,TDC,-0.611
LCC,TDT,-0.6821
LCC,THN,0.6476
LCC,TNA,-0.6586
LCC,TOT,-0.6644
LCC,TRT,0.7189
LCC,TST,0.7033
LCC,TVH,0.8596
LCC,TW3,0.6284
LCC,UCT,0.631
LCC,UMC,0.8662
LCC,UPC,0.6935
LCC,V21,-0.6614
LCC,VC3,-0.6044
LCC,VCT,0.7584
LCC,VDG,0.6324
LCC,VE2,0.765
LCC,VE3,0.6886
LCC,VID,-0.6363
LCC,VIR,0.6745
LCC,VKC,0.6896
LCC,VMS,0.6713
LCC,VNL,-0.6253
LCC,VTG,0.7045
LCC,VTI,0.916
LCC,VTZ,-0.6384
LCC,VVN,0.7403
LCC,VXB,0.7983
LCC,VXP,0.6772
LCC,X26,0.6885
LCC,XHC,0.8112
LCD,LDW,-0.6078
LCD,LM7,-0.6535
LCD,LMH,-0.6386
LCD,LMI,0.732
LCD,MCP,0.6624
LCD,MEF,-0.6156
LCD,MGG,0.6378
LCD,MND,-0.8747
LCD,MPY,-0.7899
LCD,MTP,0.6581
LCD,MTS,0.7378
LCD,NAC,-0.7798
LCD,NAW,0.6538
LCD,NDC,0.6645
LCD,NGC,0.7448
LCD,NQN,0.748
LCD,NTT,0.6303
LCD,NWT,0.782
LCD,PCE,0.6687
LCD,PCH,0.6109
LCD,PDN,0.8272
LCD,PIV,0.6243
LCD,PLO,0.6067
LCD,PNP,0.6092
LCD,POM,-0.6791
LCD,PTG,-0.6357
LCD,PXL,0.6027
LCD,QBS,-0.6785
LCD,QHW,0.6277
LCD,QNP,0.645
LCD,SBD,0.6549
LCD,SBG,0.6676
LCD,SCD,-0.7187
LCD,SGC,0.7013
LCD,SIV,0.7191
LCD,SKG,0.6403
LCD,SP2,0.7139
LCD,SPD,0.6522
LCD,STL,0.7403
LCD,TB8,-0.6723
LCD,TDB,0.8004
LCD,TDF,0.6528
LCD,THN,-0.7797
LCD,THW,0.6453
LCD,TKU,-0.6367
LCD,TMW,-0.6217
LCD,TPS,0.65
LCD,TS3,0.6426
LCD,TSB,0.6014
LCD,TSD,0.7252
LCD,TUG,0.6428
LCD,TVA,0.7377
LCD,VDG,-0.6422
LCD,VES,0.7008
LCD,VGP,0.7748
LCD,VLP,-0.7149
LCD,VNS,0.6192
LCD,VPC,0.7302
LCD,VPR,0.8965
LCD,VRG,0.656
LCD,VSF,0.7232
LCD,VTH,0.7308
LCD,VUA,-0.6546
LCG,LDG,0.6623
LCG,LGL,0.6461
LCG,LHC,0.6104
LCG,LHG,0.6864
LCG,LIG,0.7415
LCG,LPB,0.7397
LCG,LSS,0.677
LCG,MBB,0.6853
LCG,MBG,0.6931
LCG,MBS,0.7803
LCG,MSB,0.7024
LCG,MSN,0.7248
LCG,MWG,0.6058
LCG,NAB,0.6147
LCG,NBB,0.7124
LCG,NBC,0.6856
LCG,NDN,0.6795
LCG,NED,0.6202
LCG,NHA,0.8118
LCG,NHH,0.7136
LCG,NKG,0.8408
LCG,NLG,0.7396
LCG,NT2,0.7014
LCG,OCB,0.6235
LCG,ODE,0.6575
LCG,OGC,0.7578
LCG,PAN,0.7517
LCG,PAT,0.6677
LCG,PC1,0.7723
LCG,PET,0.7148
LCG,PFL,0.6472
LCG,PHC,0.7343
LCG,PHR,0.6431
LCG,PLC,0.7173
LCG,POW,0.6532
LCG,PSI,0.7396
LCG,PTB,0.6286
LCG,PTC,0.6399
LCG,PVB,0.6123
LCG,PVC,0.6777
LCG,PVD,0.7264
LCG,PVS,0.6341
LCG,PVT,0.6911
LCG,PXL,0.6916
LCG,QTP,0.6136
LCG,S99,0.7072
LCG,SAM,0.6532
LCG,SBS,0.718
LCG,SBT,0.7186
LCG,SCI,0.6503
LCG,SCR,0.8597
LCG,SGT,0.6599
LCG,SHB,0.707
LCG,SHS,0.7915
LCG,SKG,0.7422
LCG,SSI,0.8282
LCG,STB,0.732
LCG,SZC,0.769
LCG,TCB,0.6428
LCG,TCH,0.6946
LCG,TCI,0.8033
LCG,TCT,0.6518
LCG,TDC,0.7488
LCG,TEG,0.6053
LCG,THD,0.612
LCG,TID,0.6453
LCG,TIG,0.6834
LCG,TIP,0.7253
LCG,TLD,0.7164
LCG,TLH,0.7498
LCG,TNA,0.6142
LCG,TNG,0.7416
LCG,TNI,0.6196
LCG,TNT,0.6462
LCG,TOT,0.6677
LCG,TPB,0.7048
LCG,TSC,0.7257
LCG,TTF,0.7763
LCG,TTH,0.7004
LCG,TVB,0.6965
LCG,TVD,0.6324
LCG,VC2,0.6184
LCG,VCG,0.7303
LCG,VCI,0.8212
LCG,VGC,0.7378
LCG,VGS,0.7805
LCG,VHC,0.6253
LCG,VHG,0.6521
LCG,VIB,0.8006
LCG,VIG,0.7741
LCG,VIX,0.7906
LCG,VLB,0.6783
LCG,VND,0.7745
LCG,VOS,0.6322
LCG,VPB,0.6273
LCG,VPH,0.6737
LCG,WSS,0.7124
LCM,NAC,0.6528
LCM,NVP,0.6283
LCM,QBS,0.7104
LCM,SRA,0.737
LCM,TB8,0.654
LCM,THN,0.6289
LCM,VDG,0.6368
LCM,VGL,-0.637
LCM,VIR,0.6106
LDG,LGL,0.661
LDG,LIG,0.7317
LDG,NHA,0.6556
LDG,NLG,0.6462
LDG,NT2,0.6189
LDG,OCH,0.6295
LDG,OGC,0.6567
LDG,PDB,0.6282
LDG,PFL,0.7021
LDG,PHR,0.6137
LDG,POW,0.6086
LDG,PSD,0.6031
LDG,PXL,0.7099
LDG,SAM,0.6501
LDG,SCR,0.7274
LDG,SD9,0.6331
LDG,SDA,0.6561
LDG,SKG,0.6032
LDG,SSI,0.6082
LDG,SZC,0.6092
LDG,TCD,0.6568
LDG,TCH,0.6512
LDG,TDC,0.6364
LDG,THD,0.6631
LDG,TIG,0.6507
LDG,TNI,0.6535
LDG,TTF,0.6628
LDG,VCG,0.649
LDG,VGC,0.6977
LDG,VHG,0.6301
LDG,VIX,0.6639
LDG,VPH,0.6148
LDW,LKW,-0.6225
LDW,LM7,0.729
LDW,LNC,0.9066
LDW,LSS,-0.6245
LDW,LUT,0.6514
LDW,MIC,-0.6098
LDW,MND,0.7334
LDW,MPY,0.7053
LDW,MQB,0.887
LDW,MRF,0.6818
LDW,NAC,0.6785
LDW,NLS,-0.8007
LDW,NVP,0.711
LDW,PCG,0.6472
LDW,PDN,-0.6179
LDW,PHH,0.6696
LDW,POM,0.7576
LDW,PTM,0.7392
LDW,PXM,0.6065
LDW,QBS,0.8159
LDW,QNP,-0.68
LDW,RYG,-0.7353
LDW,SBG,-0.6509
LDW,SCD,0.7131
LDW,SD4,0.6955
LDW,SGC,-0.6537
LDW,SLD,0.6597
LDW,SPD,-0.6453
LDW,TAB,0.8432
LDW,TCK,0.8257
LDW,TD6,-0.7079
LDW,THN,0.7338
LDW,TVA,-0.708
LDW,UXC,0.7525
LDW,VDG,0.7549
LDW,VE2,0.7255
LDW,VE8,0.7628
LDW,VIR,0.712
LDW,VKC,0.6171
LDW,VLP,0.6249
LDW,VMK,0.7428
LDW,VNH,0.663
LDW,VNI,-0.6391
LDW,VNX,0.6177
LDW,VPR,-0.6066
LDW,VTI,0.6357
LDW,VUA,0.7184
LDW,X20,-0.673
LEC,LNC,0.6636
LEC,NLS,-0.6752
LEC,RGG,0.6162
LEC,SLD,0.6155
LEC,TW3,0.614
LEC,VE8,0.6556
LG9,MIE,0.6233
LG9,PMJ,0.6333
LG9,PTH,0.684
LG9,PTX,0.6435
LG9,PVY,0.6799
LG9,TSG,0.6008
LG9,VDN,0.6162
LG9,VHH,0.6658
LG9,VHL,0.6087
LGL,LIG,0.6135
LGL,MEF,-0.6145
LGL,NHA,0.6116
LGL,OGC,0.6203
LGL,PFL,0.6156
LGL,PHC,0.6777
LGL,PLP,0.6211
LGL,PTC,0.632
LGL,PTG,-0.6061
LGL,PXL,0.6255
LGL,SAM,0.6127
LGL,SCR,0.6549
LGL,SD5,0.6235
LGL,SD9,0.6303
LGL,TCD,0.6222
LGL,TLD,0.6688
LGL,TNI,0.6819
LGL,TSC,0.71
LGL,TTF,0.6999
LGL,VND,0.6029
LGL,VNS,0.6293
LGL,VPH,0.6398
LHC,NBB,0.647
LHC,NDN,0.6089
LHC,NDX,0.6607
LHC,NHA,0.6319
LHC,ODE,0.6438
LHC,OGC,0.6167
LHC,PAN,0.6303
LHC,PBP,0.61
LHC,PMB,0.621
LHC,POW,0.7194
LHC,PSI,0.6231
LHC,PSW,0.6631
LHC,PTC,0.6087
LHC,QTP,0.6481
LHC,RBC,-0.6401
LHC,SCR,0.6718
LHC,SD9,0.6133
LHC,SHB,0.6475
LHC,SHI,0.6077
LHC,SKG,0.618
LHC,SSF,-0.6003
LHC,SZC,0.6127
LHC,TCI,0.6195
LHC,TID,0.6632
LHC,TNH,0.6565
LHC,TPB,0.6165
LHC,TSC,0.6076
LHC,TTF,0.6534
LHC,TVS,0.6698
LHC,UMC,-0.6359
LHC,VGC,0.6078
LHC,VIG,0.602
LHC,VLC,0.6064
LHC,VMT,-0.6429
LHG,LPB,0.6775
LHG,LSS,0.6944
LHG,MBB,0.6327
LHG,MBS,0.686
LHG,MIG,0.693
LHG,MPC,0.6329
LHG,MSH,0.6707
LHG,MSN,0.6469
LHG,MWG,0.615
LHG,NAF,0.6338
LHG,NBB,0.6031
LHG,NDN,0.6464
LHG,NED,0.644
LHG,NHA,0.6735
LHG,NHH,0.6437
LHG,NKG,0.6683
LHG,NT2,0.6704
LHG,NTL,0.649
LHG,OCH,0.6038
LHG,OGC,0.6084
LHG,PAN,0.7357
LHG,PBP,0.6074
LHG,PC1,0.6857
LHG,PET,0.6291
LHG,PHR,0.7468
LHG,PLC,0.635
LHG,POW,0.6505
LHG,PSI,0.6401
LHG,PTB,0.7421
LHG,PVB,0.636
LHG,PVC,0.6357
LHG,PVD,0.6815
LHG,PVS,0.6355
LHG,PVT,0.6703
LHG,PXL,0.613
LHG,QTP,0.6525
LHG,RAL,0.668
LHG,REE,0.7303
LHG,S99,0.6086
LHG,SBS,0.6353
LHG,SBT,0.7013
LHG,SCR,0.643
LHG,SGT,0.6033
LHG,SHB,0.6607
LHG,SHS,0.6055
LHG,SIP,0.6013
LHG,SKG,0.721
LHG,SLS,0.6072
LHG,SNZ,0.6105
LHG,SSI,0.6537
LHG,STK,0.6733
LHG,SZC,0.8049
LHG,TCI,0.6227
LHG,TCM,0.6228
LHG,TDC,0.6328
LHG,THD,0.608
LHG,TIG,0.6559
LHG,TIP,0.7739
LHG,TLH,0.6739
LHG,TNG,0.7811
LHG,TNH,0.6726
LHG,TSC,0.6142
LHG,TVB,0.6618
LHG,VCG,0.6277
LHG,VCI,0.6918
LHG,VCS,0.6834
LHG,VGC,0.6756
LHG,VGS,0.7462
LHG,VGT,0.6563
LHG,VHC,0.705
LHG,VIB,0.6243
LHG,VIG,0.6163
LHG,VLB,0.6074
LHG,VNR,0.6201
LHG,VOS,0.6589
LHG,VPH,0.6898
LHG,VSH,0.7022
LIG,LSS,0.6036
LIG,MBG,0.6867
LIG,MSN,0.6214
LIG,NBB,0.6116
LIG,NBC,0.6172
LIG,NDN,0.6226
LIG,NHA,0.7338
LIG,NHH,0.6058
LIG,ODE,0.6513
LIG,OGC,0.6604
LIG,PAN,0.6378
LIG,PFL,0.7001
LIG,PHC,0.7082
LIG,PLC,0.6291
LIG,PSI,0.63
LIG,PTL,0.6135
LIG,PV2,0.6266
LIG,PXL,0.6306
LIG,SAM,0.6832
LIG,SBT,0.6348
LIG,SCR,0.7063
LIG,SD9,0.6287
LIG,SHS,0.6009
LIG,SKG,0.626
LIG,SSI,0.6267
LIG,SZC,0.6703
LIG,TCI,0.6326
LIG,TDC,0.691
LIG,TDG,0.6079
LIG,TDH,0.623
LIG,THD,0.6125
LIG,TIG,0.681
LIG,TIP,0.6418
LIG,TLD,0.6894
LIG,TLH,0.6024
LIG,TNG,0.6259
LIG,TSC,0.6234
LIG,TTF,0.6414
LIG,TTH,0.6196
LIG,VGC,0.6476
LIG,VGS,0.6917
LIG,VHC,0.629
LIG,VHE,0.6166
LIG,VHG,0.729
LIG,VIB,0.6485
LIG,VIX,0.6216
LIG,VND,0.6147
LIG,VNS,0.6241
LIG,VPH,0.6438
LIG,WSS,0.6063
LIX,SCS,0.6529
LKW,LNC,-0.6103
LLM,SD7,0.6021
LM7,LNC,0.6518
LM7,LQN,0.6523
LM7,MCP,-0.6518
LM7,MND,0.6779
LM7,MPY,0.6739
LM7,MQB,0.6697
LM7,MRF,0.7132
LM7,NAC,0.6788
LM7,NVP,0.71
LM7,PDN,-0.6036
LM7,POM,0.6058
LM7,QBS,0.7409
LM7,QNP,-0.6051
LM7,RYG,-0.6659
LM7,SCD,0.715
LM7,SD4,0.6315
LM7,SP2,-0.6734
LM7,SRA,0.6676
LM7,TB8,0.6092
LM7,TCK,0.6463
LM7,TDB,-0.624
LM7,THN,0.6993
LM7,UXC,0.7347
LM7,VDG,0.7123
LM7,VE8,0.6588
LM7,VGP,-0.6398
LM7,VKC,0.6358
LM7,VLP,0.609
LM7,VMS,0.6089
LM7,VPR,-0.6519
LM7,VUA,0.6394
LMC,PLE,0.6081
LMC,RCD,0.6198
LMC,SD5,-0.607
LMC,SD7,0.6584
LMC,SPH,0.679
LMC,TOW,0.6473
LMC,TVM,0.7393
LMC,VMT,0.6099
LMC,VTG,0.7176
LMC,VVS,0.71
LMH,NAC,0.6548
LMH,PCC,0.6151
LMH,THN,0.6592
LMH,VLP,0.6154
LMI,MND,-0.6985
LMI,MPY,-0.6708
LMI,NWT,0.6272
LMI,POM,-0.6163
LMI,PRC,0.6465
LMI,SCD,-0.6178
LMI,TDB,0.6293
LMI,TDF,0.6316
LMI,TVA,0.625
LMI,VNS,0.6381
LMI,VPR,0.634
LMI,VSF,0.6586
LNC,MIC,-0.6148
LNC,MQB,0.9406
LNC,MRF,0.6221
LNC,NDP,0.6125
LNC,NLS,-0.9161
LNC,NVP,0.6854
LNC,PCG,0.7265
LNC,POM,0.6634
LNC,PTM,0.8395
LNC,QBS,0.7124
LNC,RGG,0.6739
LNC,RYG,-0.6994
LNC,SCD,0.6
LNC,SD4,0.7063
LNC,SLD,0.733
LNC,SPD,-0.642
LNC,SSH,0.6685
LNC,TAB,0.9297
LNC,TCK,0.8539
LNC,TD6,-0.7775
LNC,TDW,-0.6052
LNC,TMS,-0.6059
LNC,TVA,-0.6481
LNC,TW3,0.6006
LNC,UXC,0.7293
LNC,VCR,0.6167
LNC,VDG,0.7269
LNC,VE2,0.6428
LNC,VE8,0.7954
LNC,VIR,0.6543
LNC,VMK,0.7909
LNC,VNI,-0.6149
LNC,VTQ,-0.6117
LNC,VUA,0.6444
LNC,X20,-0.6495
LO5,MPY,0.6479
LO5,MRF,0.6051
LO5,NAC,0.7801
LO5,PHH,0.8114
LO5,POM,0.6577
LO5,PPI,0.7692
LO5,PPT,-0.6043
LO5,PSG,0.7924
LO5,PXM,0.7062
LO5,QBS,0.6422
LO5,QNP,-0.6207
LO5,QNT,0.659
LO5,QTC,0.6169
LO5,SAL,0.7516
LO5,SBG,-0.6277
LO5,SCD,0.7095
LO5,SHP,-0.6143
LO5,SII,0.6326
LO5,SSF,0.6517
LO5,STS,0.6515
LO5,SVT,-0.6309
LO5,TA6,0.7702
LO5,TAW,0.6012
LO5,TB8,0.6069
LO5,TDT,-0.6279
LO5,THN,0.7582
LO5,TNA,-0.6035
LO5,TRT,0.6113
LO5,TVH,0.7588
LO5,UMC,0.6752
LO5,VCT,0.6692
LO5,VE2,0.6995
LO5,VID,-0.6091
LO5,VIR,0.754
LO5,VKC,0.6392
LO5,VLP,0.7004
LO5,VNX,0.7038
LO5,VTI,0.7865
LO5,VVN,0.7449
LO5,VXB,0.6715
LO5,X26,0.7541
LPB,MBB,0.8477
LPB,MBS,0.802
LPB,MIG,0.6848
LPB,MSB,0.7604
LPB,MSN,0.6949
LPB,MWG,0.662
LPB,NAB,0.691
LPB,NAF,0.6044
LPB,NDN,0.6716
LPB,NHA,0.6877
LPB,NHH,0.6186
LPB,NKG,0.7479
LPB,NT2,0.6624
LPB,OCB,0.715
LPB,ORS,0.6324
LPB,PAN,0.7979
LPB,PAT,0.6507
LPB,PC1,0.6904
LPB,PET,0.6953
LPB,PGB,0.6022
LPB,PHR,0.6377
LPB,POW,0.6498
LPB,PSI,0.7061
LPB,PTB,0.6695
LPB,PVB,0.606
LPB,PVD,0.6953
LPB,PVP,0.6113
LPB,PVS,0.7032
LPB,PVT,0.6515
LPB,RAL,0.6105
LPB,REE,0.6263
LPB,S99,0.6405
LPB,SBS,0.8055
LPB,SBT,0.6707
LPB,SCR,0.7388
LPB,SGB,0.6111
LPB,SGT,0.6541
LPB,SHB,0.755
LPB,SHS,0.785
LPB,SKG,0.6122
LPB,SLS,0.6196
LPB,SSI,0.7993
LPB,STB,0.7944
LPB,SZC,0.6674
LPB,TCB,0.8006
LPB,TCH,0.6445
LPB,TCI,0.7405
LPB,TCM,0.6313
LPB,TEG,0.6356
LPB,TID,0.6032
LPB,TIG,0.63
LPB,TLH,0.7048
LPB,TNG,0.7581
LPB,TPB,0.7114
LPB,TRC,0.6046
LPB,TSC,0.6015
LPB,TTF,0.6857
LPB,TVB,0.7085
LPB,VBB,0.629
LPB,VCG,0.6037
LPB,VCI,0.7473
LPB,VCS,0.6006
LPB,VDS,0.7216
LPB,VGS,0.7037
LPB,VGT,0.6175
LPB,VIB,0.7645
LPB,VIG,0.6531
LPB,VIX,0.7255
LPB,VLB,0.6835
LPB,VND,0.7686
LPB,VOS,0.6176
LPB,VPB,0.6804
LPB,WSS,0.6941
LQN,LUT,0.6872
LQN,MCP,-0.6874
LQN,MLC,0.7461
LQN,MPY,0.6628
LQN,MRF,0.791
LQN,NBB,-0.6808
LQN,NED,-0.6212
LQN,ODE,-0.7063
LQN,PBP,-0.7162
LQN,PCH,-0.622
LQN,PGC,-0.6196
LQN,PHH,0.6847
LQN,PMW,-0.646
LQN,PPI,0.6225
LQN,PRC,-0.6041
LQN,PSG,0.7128
LQN,PSW,-0.6081
LQN,PTC,-0.6478
LQN,RBC,0.7621
LQN,SAL,0.7957
LQN,SCD,0.6698
LQN,SD4,0.6166
LQN,SFN,0.6996
LQN,SGT,-0.6153
LQN,SP2,-0.667
LQN,SPH,0.6684
LQN,SSF,0.7055
LQN,SSN,0.6075
LQN,STS,0.6721
LQN,STW,0.7988
LQN,TCJ,0.7736
LQN,TDT,-0.6227
LQN,TGG,-0.7288
LQN,TNA,-0.6316
LQN,TOT,-0.6558
LQN,TST,0.6644
LQN,TTS,0.617
LQN,TVH,0.7516
LQN,UEM,0.7456
LQN,UMC,0.7421
LQN,UPC,0.6977
LQN,VFG,-0.6789
LQN,VGP,-0.6277
LQN,VHF,0.8214
LQN,VKC,0.7299
LQN,VMS,0.6692
LQN,VMT,0.748
LQN,VNF,-0.6395
LQN,VTG,0.6049
LQN,VTI,0.6691
LQN,VXB,0.6945
LQN,VXP,0.6453
LQN,X26,0.6522
LSS,MBS,0.6326
LSS,MCF,0.6409
LSS,MEF,-0.636
LSS,MND,-0.6512
LSS,MPY,-0.7158
LSS,MRF,-0.6117
LSS,MSN,0.6078
LSS,NAB,0.61
LSS,NAC,-0.6523
LSS,NBC,0.6271
LSS,NDN,0.6665
LSS,NED,0.668
LSS,NHA,0.7338
LSS,NHH,0.6764
LSS,NKG,0.6523
LSS,ODE,0.6566
LSS,PAN,0.6018
LSS,PBP,0.6268
LSS,PHC,0.6779
LSS,PHH,-0.6013
LSS,PMB,0.6123
LSS,PPH,0.6066
LSS,PPI,-0.6875
LSS,PSI,0.6204
LSS,PSW,0.6991
LSS,PTG,-0.6224
LSS,PXM,-0.6444
LSS,QNP,0.6036
LSS,QNS,0.6907
LSS,QTP,0.6263
LSS,RAL,0.6128
LSS,S99,0.6075
LSS,SAL,-0.6436
LSS,SBG,0.6856
LSS,SBT,0.8573
LSS,SCD,-0.632
LSS,SGT,0.6867
LSS,SKG,0.6829
LSS,SLS,0.6601
LSS,SSF,-0.6291
LSS,STK,0.6256
LSS,SZC,0.6361
LSS,TB8,-0.6738
LSS,TCI,0.6724
LSS,TDC,0.7318
LSS,TDG,0.6257
LSS,THN,-0.6538
LSS,TIP,0.7012
LSS,TLD,0.609
LSS,TLH,0.741
LSS,TNA,0.6764
LSS,TNG,0.6073
LSS,TOT,0.635
LSS,TSC,0.7303
LSS,TVB,0.6679
LSS,TVC,0.6224
LSS,TVD,0.6367
LSS,TVH,-0.6574
LSS,TVS,0.6545
LSS,VDG,-0.6831
LSS,VE2,-0.6932
LSS,VE8,-0.6026
LSS,VGS,0.6608
LSS,VID,0.6118
LSS,VIG,0.646
LSS,VIP,0.6681
LSS,VOS,0.6739
LSS,VPH,0.6586
LSS,VTI,-0.6487
LSS,VTZ,0.6109
LSS,WSS,0.6519
LTC,PVV,0.6523
LTC,TNM,0.6193
LTG,MTS,-0.6465
LTG,NVP,0.6406
LTG,PIV,-0.6424
LTG,QBS,0.6718
LTG,SGC,-0.6261
LTG,SRA,0.6595
LTG,TB8,0.6234
LTG,VDG,0.6417
LTG,VPR,-0.6201
LTG,VUA,0.6046
LTG,WSB,0.6082
LUT,MCP,-0.7158
LUT,MEF,0.7315
LUT,MND,0.6033
LUT,MPY,0.7719
LUT,MRF,0.7199
LUT,NAC,0.6615
LUT,NBC,-0.603
LUT,NDW,0.7845
LUT,NUE,-0.6263
LUT,ODE,-0.6852
LUT,PBP,-0.7041
LUT,PCE,-0.6156
LUT,PCH,-0.6317
LUT,PDN,-0.6645
LUT,PHH,0.6731
LUT,PMW,-0.7177
LUT,POM,0.6399
LUT,PPI,0.7217
LUT,PSG,0.6055
LUT,PTC,-0.6567
LUT,PTG,0.7441
LUT,PXM,0.6172
LUT,QNW,0.8325
LUT,RBC,0.7065
LUT,SAL,0.759
LUT,SBG,-0.644
LUT,SBT,-0.6243
LUT,SCD,0.6816
LUT,SD4,0.6227
LUT,SEB,-0.6454
LUT,SFN,0.7052
LUT,SKG,-0.6109
LUT,SSF,0.6949
LUT,STW,0.7406
LUT,TAN,-0.622
LUT,TBR,0.6823
LUT,TCJ,0.68
LUT,TDB,-0.6221
LUT,TGG,-0.6395
LUT,THN,0.6427
LUT,THW,-0.6125
LUT,TKC,0.6175
LUT,TL4,0.634
LUT,TOT,-0.6929
LUT,TTT,-0.6282
LUT,TVD,-0.6308
LUT,TVH,0.7539
LUT,TW3,0.6562
LUT,UMC,0.7557
LUT,VCP,-0.6458
LUT,VCT,0.6723
LUT,VE2,0.7401
LUT,VE3,0.6094
LUT,VFG,-0.6632
LUT,VGP,-0.7768
LUT,VKC,0.7772
LUT,VMT,0.6593
LUT,VNR,-0.6283
LUT,VSA,-0.6365
LUT,VSF,-0.6784
LUT,VTI,0.6787
LUT,VTZ,-0.6823
LUT,VXB,0.6554
LUT,X26,0.6899
LUT,XHC,0.6364
MA1,MTS,0.6423
MA1,NTH,0.603
MA1,NVP,-0.6626
MA1,PTE,0.6068
MA1,SPD,0.713
MA1,TSD,0.6087
MA1,VBH,0.6768
MA1,VPR,0.6302
MA1,VTQ,0.6113
MA1,VTS,0.6221
MA1,VTX,0.6549
MA1,VUA,-0.6399
MBB,MBS,0.7379
MBB,MIG,0.6833
MBB,MSB,0.8274
MBB,MSN,0.7409
MBB,MWG,0.7254
MBB,NAB,0.6983
MBB,NDN,0.6334
MBB,NKG,0.7071
MBB,NLG,0.6053
MBB,NT2,0.6603
MBB,OCB,0.7483
MBB,PAN,0.7497
MBB,PAT,0.6158
MBB,PC1,0.7366
MBB,PET,0.7463
MBB,PHR,0.7114
MBB,PLX,0.6022
MBB,POW,0.6875
MBB,PSI,0.608
MBB,PTB,0.709
MBB,PVB,0.6012
MBB,PVC,0.6043
MBB,PVD,0.7048
MBB,PVS,0.7044
MBB,PVT,0.6743
MBB,REE,0.6153
MBB,SBS,0.7336
MBB,SCR,0.6865
MBB,SHB,0.7789
MBB,SHS,0.7542
MBB,SSI,0.7782
MBB,STB,0.819
MBB,SZC,0.66
MBB,TCB,0.8789
MBB,TCH,0.6555
MBB,TCI,0.6418
MBB,TCM,0.6019
MBB,TCT,0.6606
MBB,THD,0.6026
MBB,TLH,0.6272
MBB,TNG,0.7236
MBB,TPB,0.8168
MBB,TRC,0.6276
MBB,TTF,0.6582
MBB,TVB,0.6357
MBB,VCB,0.7036
MBB,VCG,0.6349
MBB,VCI,0.7141
MBB,VCS,0.6606
MBB,VDS,0.6331
MBB,VGS,0.6508
MBB,VGT,0.6419
MBB,VHC,0.6046
MBB,VIB,0.7782
MBB,VIX,0.693
MBB,VLB,0.6142
MBB,VND,0.7225
MBB,VNM,0.6097
MBB,VPB,0.7933
MBB,VRE,0.6523
MBB,WSS,0.6088
MBG,NBB,0.6632
MBG,NBC,0.6147
MBG,NDX,0.6729
MBG,NHA,0.6224
MBG,ODE,0.6517
MBG,OGC,0.6035
MBG,PAN,0.6027
MBG,PAT,0.6166
MBG,PFL,0.6552
MBG,PGC,0.6586
MBG,PHC,0.6388
MBG,PLP,0.6156
MBG,PMB,0.6077
MBG,PPH,0.627
MBG,PSI,0.6043
MBG,PV2,0.6549
MBG,PVG,0.6021
MBG,SAM,0.6732
MBG,SCR,0.6616
MBG,SD5,0.6041
MBG,SD9,0.6058
MBG,SHA,0.6169
MBG,TCI,0.623
MBG,TDG,0.6694
MBG,TDT,0.6263
MBG,TGG,0.6462
MBG,THT,0.6051
MBG,TLD,0.6347
MBG,TLH,0.61
MBG,TNI,0.6064
MBG,TOS,0.616
MBG,TTF,0.6102
MBG,TTH,0.6443
MBG,VGS,0.6035
MBG,VHG,0.644
MBG,VIG,0.6558
MBG,VMT,-0.6104
MBG,VNR,0.6091
MBG,VPH,0.6749
MBS,MIG,0.6061
MBS,MSB,0.711
MBS,MSN,0.7106
MBS,MWG,0.6791
MBS,NAB,0.6472
MBS,NDN,0.6348
MBS,NHA,0.7033
MBS,NHH,0.6193
MBS,NKG,0.8218
MBS,OCB,0.6869
MBS,ORS,0.7001
MBS,PAN,0.7249
MBS,PC1,0.7394
MBS,PET,0.707
MBS,PSI,0.77
MBS,PVC,0.6171
MBS,PVD,0.6854
MBS,PVS,0.6844
MBS,PVT,0.6903
MBS,S99,0.6434
MBS,SBS,0.8176
MBS,SBT,0.6849
MBS,SCR,0.7548
MBS,SHB,0.7543
MBS,SHS,0.9272
MBS,SSI,0.9196
MBS,STB,0.7819
MBS,SZC,0.7481
MBS,TCB,0.7311
MBS,TCH,0.6772
MBS,TCI,0.755
MBS,TDC,0.6161
MBS,TIG,0.6211
MBS,TIP,0.625
MBS,TLH,0.7426
MBS,TNG,0.7749
MBS,TNT,0.6168
MBS,TPB,0.6689
MBS,TTF,0.6396
MBS,TVB,0.6439
MBS,VBB,0.6104
MBS,VCG,0.6645
MBS,VCI,0.8908
MBS,VDS,0.7498
MBS,VGS,0.735
MBS,VGT,0.6051
MBS,VIB,0.7531
MBS,VIG,0.6815
MBS,VIX,0.8074
MBS,VLB,0.6573
MBS,VND,0.8335
MBS,VOS,0.6528
MBS,VPB,0.6379
MBS,WSS,0.7383
MBT,VMK,0.6065
MCC,TDB,0.6041
MCF,PHC,0.6487
MCF,QNS,0.6273
MCF,SBG,0.6002
MCF,SBT,0.6155
MCF,SLS,0.6633
MCF,TLD,0.6082
MCF,TSC,0.6128
MCM,NTP,0.6187
MCM,PPC,0.6179
MCM,TCM,0.6083
MCM,TIS,0.6397
MCM,VCS,0.6255
MCM,VEA,0.6655
MCM,VLC,0.6709
MCP,MND,-0.6105
MCP,MPY,-0.7121
MCP,NAC,-0.7028
MCP,NBB,0.6113
MCP,NBC,0.6509
MCP,NBE,0.6311
MCP,NDW,-0.6144
MCP,NJC,0.6358
MCP,ODE,0.6686
MCP,PBP,0.624
MCP,PCE,0.6355
MCP,PDN,0.6466
MCP,PMW,0.7419
MCP,POM,-0.62
MCP,PRC,0.6857
MCP,PSG,-0.6159
MCP,QNW,-0.6256
MCP,SAL,-0.6523
MCP,SCD,-0.6415
MCP,SEB,0.6941
MCP,SKG,0.6104
MCP,SP2,0.6308
MCP,SSF,-0.6281
MCP,SSN,-0.6142
MCP,STW,-0.7085
MCP,TBR,-0.6408
MCP,TCJ,-0.6088
MCP,TDB,0.6153
MCP,TGG,0.6459
MCP,THN,-0.6821
MCP,THW,0.632
MCP,TMB,0.665
MCP,TOT,0.6829
MCP,TVD,0.6479
MCP,TVH,-0.6286
MCP,UMC,-0.7115
MCP,VCF,0.6098
MCP,VFG,0.7342
MCP,VGP,0.8241
MCP,VKC,-0.6794
MCP,VLP,-0.6353
MCP,VMT,-0.6149
MCP,VSF,0.6464
MDC,NBC,0.8657
MDC,PDV,0.6082
MDC,PGC,0.6393
MDC,PMB,0.6086
MDC,POV,0.6651
MDC,PPH,0.7225
MDC,PSD,0.6151
MDC,PTC,0.6394
MDC,PTV,0.6003
MDC,SAL,-0.6352
MDC,SCJ,0.6062
MDC,SCR,0.609
MDC,SFN,-0.6273
MDC,SSF,-0.6225
MDC,STW,-0.6281
MDC,TAN,0.6554
MDC,TBR,-0.6317
MDC,TCL,0.7142
MDC,THT,0.8552
MDC,TOS,0.6242
MDC,TOT,0.6382
MDC,TRT,-0.6455
MDC,TSC,0.6826
MDC,TVD,0.8846
MDC,TVH,-0.622
MDC,UMC,-0.6613
MDC,VMT,-0.6946
MDC,VNF,0.6001
MDC,VNL,0.6559
MDC,VNR,0.65
MDC,WTC,0.6399
MDG,TOW,0.6048
MDG,XPH,0.65
MEC,SD8,0.6038
MEF,MND,0.7273
MEF,MPY,0.808
MEF,NAC,0.7165
MEF,NBB,-0.6031
MEF,NBC,-0.6424
MEF,NDW,0.8604
MEF,NSL,0.6853
MEF,NWT,-0.6751
MEF,ODE,-0.6824
MEF,PBP,-0.6702
MEF,PCE,-0.7047
MEF,PCH,-0.6834
MEF,PHC,-0.6149
MEF,PMB,-0.6043
MEF,PNP,-0.6617
MEF,PPI,0.8261
MEF,PSG,0.6164
MEF,PTC,-0.6925
MEF,PTG,0.9787
MEF,PTL,-0.6457
MEF,PXM,0.6155
MEF,QNP,-0.6488
MEF,QNW,0.6635
MEF,RBC,0.6134
MEF,SAL,0.7141
MEF,SBG,-0.8324
MEF,SBT,-0.6584
MEF,SCD,0.7017
MEF,SCR,-0.6143
MEF,SDN,-0.6504
MEF,SII,0.6917
MEF,SKG,-0.619
MEF,SRC,0.6116
MEF,SSF,0.6582
MEF,STG,0.666
MEF,TAL,-0.6041
MEF,TAR,0.6817
MEF,TBR,0.6709
MEF,TCJ,0.6233
MEF,TDC,-0.6241
MEF,THN,0.7204
MEF,TL4,0.689
MEF,TMW,0.7739
MEF,TOT,-0.6567
MEF,TRT,0.6378
MEF,TSC,-0.728
MEF,TTF,-0.6129
MEF,TVD,-0.6636
MEF,TVH,0.7534
MEF,UMC,0.7167
MEF,V21,-0.6055
MEF,VCT,0.6584
MEF,VE2,0.8164
MEF,VE3,0.6093
MEF,VGP,-0.6309
MEF,VIG,-0.606
MEF,VKC,0.6498
MEF,VLP,0.6672
MEF,VMT,0.6048
MEF,VNS,-0.6706
MEF,VPC,-0.6026
MEF,VPH,-0.6191
MEF,VSA,-0.6296
MEF,VSF,-0.7318
MEF,VTI,0.6875
MEF,VTZ,-0.6526
MEF,VVN,0.6004
MEF,X26,0.6121
MEF,XHC,0.7242
MFS,SAS,0.6126
MGC,PPH,0.6078
MGG,MQN,0.6275
MGG,MTS,0.6202
MGG,NQN,0.685
MGG,SPD,0.7457
MGG,SSH,-0.6155
MGG,TPS,0.6315
MGG,TVA,0.6045
MGG,VPR,0.6729
MGG,XPH,0.6787
MGR,MIE,0.7349
MGR,MTB,0.8132
MGR,PAI,0.7411
MGR,PHH,0.6867
MGR,PMJ,0.6655
MGR,PPT,-0.6498
MGR,PSG,0.6723
MGR,PSW,-0.6131
MGR,QNT,0.7149
MGR,QST,0.6468
MGR,QTC,0.6273
MGR,RBC,0.6453
MGR,SAL,0.7615
MGR,SCG,-0.6248
MGR,SFN,0.6696
MGR,SPH,0.7587
MGR,SSF,0.765
MGR,STS,0.671
MGR,TCJ,0.7281
MGR,TRT,0.6994
MGR,TST,0.7273
MGR,TVG,0.6217
MGR,TVH,0.7569
MGR,UCT,0.6194
MGR,UMC,0.7837
MGR,UPC,0.7072
MGR,VCT,0.6236
MGR,VTG,0.7587
MGR,VTI,0.7346
MGR,VVN,0.6252
MGR,VXB,0.763
MGR,VXP,0.7767
MGR,XDH,0.6798
MGR,XHC,0.607
MH3,NWT,0.6235
MH3,PAP,0.664
MH3,PDN,0.6031
MH3,SIV,0.6176
MH3,SJG,0.6064
MH3,STL,0.603
MH3,TPS,0.6946
MH3,VPC,0.612
MH3,XPH,0.637
MHC,PHC,0.6458
MHC,S99,0.6155
MHC,VIX,0.6157
MIE,MLC,0.6672
MIE,MQN,0.6338
MIE,MTB,0.7368
MIE,NQB,0.605
MIE,NTT,0.6068
MIE,PAI,0.646
MIE,PID,0.698
MIE,PMJ,0.792
MIE,PRO,0.6268
MIE,PTH,0.6739
MIE,PTX,0.6183
MIE,PVY,0.6278
MIE,QNT,0.6118
MIE,QST,0.717
MIE,SAL,0.6269
MIE,SFN,0.6006
MIE,SGD,0.6401
MIE,SPH,0.745
MIE,SSF,0.6552
MIE,STS,0.6221
MIE,TCJ,0.6621
MIE,TST,0.6187
MIE,TTC,0.6164
MIE,TVG,0.6746
MIE,UCT,0.7555
MIE,UMC,0.6503
MIE,VBH,0.7126
MIE,VHD,0.6027
MIE,VHF,0.6665
MIE,VTG,0.7635
MIE,VXB,0.6756
MIE,VXP,0.7511
MIE,XDH,0.7723
MIE,XPH,0.7103
MIG,MSH,0.613
MIG,NKG,0.6339
MIG,NT2,0.7069
MIG,NVT,0.6353
MIG,OCH,0.6288
MIG,OIL,0.604
MIG,PAN,0.6329
MIG,PAT,0.629
MIG,PC1,0.6731
MIG,PET,0.6835
MIG,PHR,0.624
MIG,PLC,0.625
MIG,POW,0.7048
MIG,PTB,0.7041
MIG,PVB,0.613
MIG,PVC,0.6412
MIG,PVD,0.6689
MIG,PVG,0.6193
MIG,PVP,0.6232
MIG,PVS,0.649
MIG,PVT,0.6576
MIG,QTP,0.6623
MIG,REE,0.7456
MIG,SCR,0.6144
MIG,SHB,0.6037
MIG,SKG,0.6341
MIG,SSI,0.6202
MIG,STB,0.6375
MIG,STK,0.6052
MIG,SZC,0.6413
MIG,TNG,0.7035
MIG,TNH,0.6881
MIG,TTA,0.6075
MIG,VCG,0.6003
MIG,VCI,0.6603
MIG,VCP,0.6211
MIG,VEA,0.6256
MIG,VGI,0.6028
MIG,VGS,0.6609
MIG,VGT,0.633
MIG,VHC,0.6432
MIG,VIB,0.632
MIG,VLC,0.6717
MIG,VNR,0.6536
MIG,VOS,0.6349
MIG,VSH,0.7125
MIG,VTO,0.6036
MLC,OCH,-0.6005
MLC,ODE,-0.6016
MLC,PAT,-0.6281
MLC,PBP,-0.6281
MLC,PSN,0.6381
MLC,RBC,0.7371
MLC,SAL,0.6419
MLC,SFN,0.6688
MLC,SHI,-0.6217
MLC,SPH,0.696
MLC,SSF,0.6091
MLC,STS,0.6389
MLC,STW,0.7136
MLC,TAN,-0.627
MLC,TCJ,0.6551
MLC,TGG,-0.6549
MLC,TVH,0.6155
MLC,TVM,0.6078
MLC,UEM,0.6075
MLC,UMC,0.6483
MLC,UPC,0.6127
MLC,VBH,0.7063
MLC,VHF,0.8299
MLC,VMT,0.7993
MLC,VNF,-0.656
MLC,VTG,0.7003
MLC,VXP,0.6255
MNB,NJC,0.6243
MNB,NWT,0.6331
MNB,PMP,0.6358
MNB,PRC,0.6129
MNB,PVX,0.6774
MNB,SEB,0.615
MNB,STL,0.6277
MNB,THW,0.6278
MNB,TNP,0.6703
MNB,VGP,0.6284
MNB,VPC,0.6041
MND,MPY,0.8542
MND,MRF,0.6184
MND,MTP,-0.6115
MND,MTS,-0.6994
MND,NAC,0.8673
MND,NAW,-0.6697
MND,ND2,-0.6342
MND,NDC,-0.621
MND,NGC,-0.7985
MND,NQN,-0.6567
MND,NVP,0.6894
MND,NWT,-0.6328
MND,NXT,0.625
MND,PCE,-0.7073
MND,PCH,-0.6845
MND,PDN,-0.7469
MND,PIV,-0.7149
MND,PMS,-0.614
MND,PNP,-0.7029
MND,PNT,0.7159
MND,POM,0.7483
MND,PPI,0.603
MND,PTG,0.7455
MND,QBS,0.7721
MND,QNP,-0.7599
MND,RYG,-0.6568
MND,SBD,-0.647
MND,SBG,-0.8205
MND,SBT,-0.601
MND,SBV,0.6344
MND,SCC,0.6479
MND,SCD,0.8296
MND,SGC,-0.7592
MND,SII,0.6791
MND,SIV,-0.6746
MND,SKG,-0.6176
MND,SP2,-0.7111
MND,SPD,-0.6423
MND,STG,0.6244
MND,TB8,0.7556
MND,TDB,-0.673
MND,TDC,-0.6112
MND,THN,0.8865
MND,TKU,0.6601
MND,TMW,0.7746
MND,TSA,-0.6055
MND,TSC,-0.6251
MND,TUG,-0.6448
MND,TVA,-0.7789
MND,TVC,-0.6676
MND,UXC,0.6654
MND,VDG,0.7332
MND,VE2,0.7454
MND,VE8,0.6671
MND,VES,-0.6964
MND,VGL,-0.6639
MND,VGP,-0.717
MND,VGR,-0.637
MND,VLP,0.7988
MND,VNH,0.697
MND,VNS,-0.6738
MND,VPC,-0.7097
MND,VPR,-0.7949
MND,VRG,-0.633
MND,VSF,-0.7027
MND,VTH,-0.7366
MND,VUA,0.7084
MPC,MSH,0.6417
MPC,NT2,0.633
MPC,OIL,0.6634
MPC,PAN,0.6587
MPC,PHR,0.7069
MPC,PSI,0.6221
MPC,PVC,0.6621
MPC,PVD,0.6462
MPC,PVS,0.7129
MPC,PVT,0.6085
MPC,REE,0.6432
MPC,SBS,0.6091
MPC,SHB,0.6156
MPC,SZC,0.6249
MPC,TCM,0.6572
MPC,TEG,0.6099
MPC,THD,0.6245
MPC,THG,0.6641
MPC,TNG,0.6539
MPC,VCS,0.6119
MPC,VGT,0.6659
MPC,VHC,0.6755
MPC,VLC,0.637
MPT,PSG,0.6127
MPT,STS,0.6436
MPT,TCL,-0.6019
MPT,TTS,0.6509
MPT,TVH,0.6035
MPT,VVN,0.6108
MPT,X26,0.6616
MPY,MRF,0.7896
MPY,NAC,0.8435
MPY,NAW,-0.6723
MPY,NBB,-0.6385
MPY,NBC,-0.6054
MPY,NDC,-0.6052
MPY,NDW,0.7615
MPY,NED,-0.6049
MPY,NHA,-0.6184
MPY,NUE,-0.6761
MPY,NVP,0.6287
MPY,NWT,-0.6203
MPY,ODE,-0.7276
MPY,PBP,-0.6815
MPY,PCE,-0.6214
MPY,PCH,-0.756
MPY,PDN,-0.6819
MPY,PDV,-0.6027
MPY,PHC,-0.621
MPY,PHH,0.6789
MPY,PIV,-0.6655
MPY,PMW,-0.7385
MPY,PNP,-0.7055
MPY,POM,0.6936
MPY,PPI,0.7115
MPY,PPT,-0.6753
MPY,PRC,-0.6421
MPY,PSW,-0.6271
MPY,PTC,-0.6792
MPY,PTG,0.8169
MPY,PXM,0.6506
MPY,QBS,0.6413
MPY,QNP,-0.7379
MPY,QNW,0.6276
MPY,RBC,0.6507
MPY,RYG,-0.6574
MPY,SAL,0.7842
MPY,SBG,-0.7961
MPY,SBT,-0.7019
MPY,SCD,0.909
MPY,SD4,0.6637
MPY,SD9,-0.635
MPY,SGC,-0.6795
MPY,SGS,0.637
MPY,SII,0.6433
MPY,SIV,-0.6124
MPY,SKG,-0.6796
MPY,SP2,-0.7471
MPY,SPH,0.6061
MPY,SSF,0.7345
MPY,STG,0.6496
MPY,TB8,0.7724
MPY,TBR,0.6398
MPY,TCJ,0.7988
MPY,TDB,-0.7275
MPY,TDC,-0.6562
MPY,TGG,-0.6288
MPY,THM,0.6489
MPY,THN,0.8347
MPY,TKC,0.6424
MPY,TMB,-0.6234
MPY,TMW,0.7079
MPY,TNA,-0.7262
MPY,TOT,-0.7169
MPY,TSC,-0.7026
MPY,TST,0.6377
MPY,TUG,-0.6081
MPY,TVA,-0.6635
MPY,TVD,-0.6321
MPY,TVH,0.7467
MPY,UMC,0.7476
MPY,UXC,0.656
MPY,VDG,0.7302
MPY,VE2,0.766
MPY,VE3,0.61
MPY,VE8,0.6684
MPY,VFG,-0.652
MPY,VGL,-0.6433
MPY,VGP,-0.7916
MPY,VKC,0.659
MPY,VLP,0.7437
MPY,VMS,0.6307
MPY,VNR,-0.611
MPY,VNS,-0.7311
MPY,VPC,-0.6391
MPY,VPH,-0.6627
MPY,VPR,-0.6421
MPY,VSF,-0.7799
MPY,VTH,-0.726
MPY,VTI,0.7552
MPY,VTZ,-0.6653
MPY,VUA,0.6473
MPY,VXB,0.6696
MQB,MRF,0.6159
MQB,NLS,-0.7657
MQB,NVP,0.7314
MQB,PCG,0.6879
MQB,POM,0.627
MQB,PTM,0.7051
MQB,QBS,0.7408
MQB,RYG,-0.7109
MQB,SCD,0.6063
MQB,SD4,0.676
MQB,SLD,0.6167
MQB,SPD,-0.6462
MQB,TAB,0.9338
MQB,TCK,0.8524
MQB,TD6,-0.7452
MQB,TDW,-0.6336
MQB,TVA,-0.6282
MQB,UXC,0.736
MQB,VDG,0.7443
MQB,VE8,0.7307
MQB,VIR,0.6447
MQB,VMK,0.7611
MQB,VNI,-0.6202
MQB,VPL,-0.6494
MQB,VTQ,-0.6177
MQB,VUA,0.7238
MQB,X20,-0.6501
MQN,NQN,0.6689
MQN,NSG,-0.6117
MQN,PMJ,0.609
MQN,SPD,0.7199
MQN,VBH,0.6429
MQN,VHD,0.67
MQN,X20,0.6051
MQN,XPH,0.7244
MRF,NAC,0.6224
MRF,NBB,-0.6042
MRF,NDP,0.6959
MRF,ODE,-0.688
MRF,PBP,-0.6263
MRF,PCH,-0.6542
MRF,PHH,0.6883
MRF,PPI,0.6717
MRF,PPT,-0.6311
MRF,PSG,0.6889
MRF,PSW,-0.6082
MRF,PXM,0.6316
MRF,RBC,0.7077
MRF,RYG,-0.6453
MRF,SAL,0.7865
MRF,SBT,-0.6517
MRF,SCD,0.776
MRF,SD4,0.7222
MRF,SFN,0.6417
MRF,SP2,-0.6742
MRF,SSF,0.6984
MRF,SSM,0.646
MRF,STW,0.6152
MRF,TB8,0.6021
MRF,TCJ,0.7439
MRF,THN,0.6212
MRF,TNA,-0.659
MRF,TOT,-0.6297
MRF,TST,0.6162
MRF,TVH,0.736
MRF,TW3,0.6605
MRF,UMC,0.7219
MRF,UPC,0.7612
MRF,UXC,0.6556
MRF,VDG,0.6354
MRF,VE2,0.6048
MRF,VE8,0.6188
MRF,VFG,-0.6652
MRF,VHF,0.65
MRF,VIR,0.6089
MRF,VKC,0.6289
MRF,VMS,0.6856
MRF,VNS,-0.6369
MRF,VNX,0.7055
MRF,VPH,-0.6246
MRF,VTI,0.7585
MRF,VVN,0.6156
MRF,VXB,0.6633
MRF,VXP,0.6094
MRF,X26,0.6364
MSB,MSN,0.676
MSB,MWG,0.6249
MSB,NAB,0.7148
MSB,NDN,0.618
MSB,NHH,0.6092
MSB,NKG,0.6355
MSB,OCB,0.8388
MSB,ORS,0.6508
MSB,PAN,0.7432
MSB,PC1,0.6793
MSB,POW,0.6351
MSB,PSI,0.6704
MSB,S99,0.6248
MSB,SBS,0.6999
MSB,SCR,0.7029
MSB,SHB,0.7737
MSB,SHS,0.7387
MSB,SSB,0.6381
MSB,SSI,0.7709
MSB,STB,0.7389
MSB,SZC,0.6241
MSB,TCB,0.766
MSB,TCH,0.6283
MSB,TCI,0.653
MSB,TLH,0.6297
MSB,TNG,0.6382
MSB,TPB,0.8362
MSB,TTF,0.6423
MSB,TVB,0.6251
MSB,VCI,0.6998
MSB,VDS,0.6373
MSB,VIB,0.8082
MSB,VIX,0.6664
MSB,VND,0.7339
MSB,VPB,0.7157
MSB,WSS,0.6742
MSH,MSN,0.6096
MSH,MWG,0.6376
MSH,NT2,0.6361
MSH,PC1,0.6395
MSH,PET,0.6039
MSH,PHR,0.7392
MSH,PLC,0.6094
MSH,PLX,0.6125
MSH,PNJ,0.6541
MSH,PTB,0.6902
MSH,PVD,0.6015
MSH,PVS,0.6687
MSH,PVT,0.6775
MSH,REE,0.7373
MSH,SZC,0.6562
MSH,THG,0.6512
MSH,TNG,0.6695
MSH,TV2,0.6058
MSH,VCG,0.6352
MSH,VCS,0.6212
MSH,VGC,0.6204
MSH,VGI,0.6255
MSH,VGT,0.6056
MSH,VHC,0.7617
MSH,VNM,0.6245
MSN,MWG,0.7203
MSN,NDN,0.6232
MSN,NHA,0.6164
MSN,NHH,0.6489
MSN,NKG,0.7101
MSN,NLG,0.6436
MSN,NT2,0.6279
MSN,OCB,0.6785
MSN,PAN,0.7131
MSN,PC1,0.6993
MSN,PET,0.6519
MSN,PHR,0.6473
MSN,PLC,0.6588
MSN,PNJ,0.6226
MSN,PSD,0.6
MSN,PSI,0.6535
MSN,PTB,0.6451
MSN,PVC,0.6264
MSN,PVD,0.6895
MSN,PVS,0.7079
MSN,PVT,0.7197
MSN,QTP,0.6039
MSN,REE,0.6381
MSN,SBS,0.6594
MSN,SBT,0.6524
MSN,SCR,0.6806
MSN,SHB,0.6971
MSN,SHS,0.7217
MSN,SKG,0.6218
MSN,SLS,0.6604
MSN,SSI,0.7555
MSN,STB,0.7424
MSN,SZC,0.7248
MSN,TCB,0.719
MSN,TCH,0.6238
MSN,TCI,0.6349
MSN,THD,0.607
MSN,TIG,0.618
MSN,TIP,0.6531
MSN,TLH,0.6551
MSN,TNG,0.7463
MSN,TPB,0.6955
MSN,TTF,0.6068
MSN,VCB,0.6147
MSN,VCI,0.7153
MSN,VCS,0.6038
MSN,VGS,0.6839
MSN,VGT,0.626
MSN,VHC,0.7035
MSN,VIB,0.7403
MSN,VIX,0.6612
MSN,VND,0.6592
MSN,VNM,0.6283
MSN,VPB,0.6707
MSN,WSS,0.6097
MST,MWG,0.6427
MST,PAS,0.6822
MST,VC2,0.7316
MST,VCG,0.6397
MST,VCI,0.602
MST,VLB,0.6311
MST,VPG,0.6116
MTB,NQB,0.6065
MTB,PAI,0.841
MTB,PHH,0.7398
MTB,PID,0.6469
MTB,PMB,-0.6209
MTB,PMJ,0.7147
MTB,POB,0.6718
MTB,PPT,-0.6425
MTB,PSG,0.6975
MTB,PSW,-0.6228
MTB,QHD,-0.6283
MTB,QNT,0.798
MTB,QST,0.7037
MTB,QTC,0.7285
MTB,RBC,0.6162
MTB,SAL,0.7672
MTB,SCG,-0.645
MTB,SFN,0.7319
MTB,SHI,-0.6373
MTB,SPH,0.7845
MTB,SSF,0.7865
MTB,SSN,0.6131
MTB,STS,0.6943
MTB,TCJ,0.7025
MTB,TDT,-0.6431
MTB,TKC,0.6001
MTB,TRT,0.814
MTB,TST,0.7217
MTB,TVG,0.6954
MTB,TVH,0.7741
MTB,UCT,0.6736
MTB,UDL,0.7274
MTB,UMC,0.8499
MTB,UPC,0.6868
MTB,VCM,0.6327
MTB,VCT,0.6677
MTB,VTG,0.8218
MTB,VTI,0.7654
MTB,VVN,0.6776
MTB,VXB,0.7919
MTB,VXP,0.8402
MTB,XDH,0.6392
MTB,XHC,0.6055
MTH,NWT,0.6543
MTH,STL,0.7004
MTH,TNP,0.6688
MTL,PBP,0.6132
MTP,NAC,-0.6273
MTP,PNT,-0.6479
MTP,THN,-0.6458
MTS,NGC,0.7216
MTS,NQN,0.7927
MTS,NSG,-0.6022
MTS,NVP,-0.7147
MTS,PIV,0.6583
MTS,PSN,0.6234
MTS,QBS,-0.7209
MTS,RYG,0.6049
MTS,SBV,-0.6084
MTS,SGC,0.6486
MTS,SPD,0.8654
MTS,TB8,-0.6572
MTS,TSD,0.6866
MTS,TVA,0.6478
MTS,UXC,-0.6265
MTS,VBH,0.7651
MTS,VDG,-0.6811
MTS,VE8,-0.6405
MTS,VES,0.7282
MTS,VIW,0.7386
MTS,VLW,0.6043
MTS,VPR,0.8747
MTS,VTH,0.6215
MTS,VTQ,0.6395
MTS,VUA,-0.6817
MTS,X20,0.6736
MVC,NBC,0.6209
MVC,PHC,0.6166
MVC,PPH,0.6524
MVC,SGT,0.6152
MVN,PSB,0.6144
MVN,SHE,0.6035
MVN,TDS,0.6407
MVN,VSA,0.6362
MWG,NHH,0.6189
MWG,NKG,0.6623
MWG,NLG,0.617
MWG,NT2,0.6187
MWG,PAN,0.6285
MWG,PC1,0.7021
MWG,PET,0.6724
MWG,PTB,0.6786
MWG,PVD,0.6331
MWG,PVS,0.622
MWG,PVT,0.6597
MWG,SBS,0.623
MWG,SHB,0.6188
MWG,SHS,0.7031
MWG,SSI,0.7119
MWG,STB,0.671
MWG,SZC,0.6387
MWG,TCB,0.7914
MWG,TCH,0.627
MWG,TNG,0.6506
MWG,VCG,0.6913
MWG,VCI,0.721
MWG,VCS,0.6996
MWG,VIB,0.646
MWG,VIX,0.663
MWG,VND,0.6381
MWG,VNM,0.6046
MWG,VPB,0.6713
NAB,NKG,0.6102
NAB,OCB,0.6735
NAB,ORS,0.6201
NAB,PAN,0.6479
NAB,PGB,0.6327
NAB,PHC,0.6014
NAB,PSI,0.6418
NAB,SBS,0.7316
NAB,SBT,0.6567
NAB,SCR,0.6156
NAB,SGB,0.6308
NAB,SHB,0.702
NAB,SHS,0.6233
NAB,SSI,0.6646
NAB,STB,0.6152
NAB,TCB,0.6801
NAB,TCI,0.6489
NAB,TCL,0.6025
NAB,TDC,0.6068
NAB,TLH,0.6515
NAB,TPB,0.6161
NAB,TSC,0.6048
NAB,TVB,0.6582
NAB,VBB,0.6605
NAB,VGT,0.6281
NAB,VIB,0.6378
NAB,VLB,0.6026
NAB,VND,0.7154
NAB,WSS,0.6584
NAC,NDW,0.6436
NAC,NVP,0.6448
NAC,NXT,0.6349
NAC,ODE,-0.6428
NAC,PCC,0.6154
NAC,PCE,-0.6493
NAC,PCH,-0.7116
NAC,PDN,-0.7202
NAC,PHH,0.7292
NAC,PIV,-0.6476
NAC,PNP,-0.6463
NAC,PNT,0.7406
NAC,POM,0.821
NAC,PPI,0.7488
NAC,PSG,0.6773
NAC,PTC,-0.6056
NAC,PTG,0.7521
NAC,PXM,0.6347
NAC,QBS,0.8121
NAC,QNP,-0.7805
NAC,RYG,-0.6229
NAC,SAL,0.7236
NAC,SBG,-0.8012
NAC,SBT,-0.6576
NAC,SCC,0.6688
NAC,SCD,0.8799
NAC,SGC,-0.7585
NAC,SII,0.7779
NAC,SKG,-0.64
NAC,SP2,-0.6455
NAC,SRA,0.6464
NAC,SSF,0.6242
NAC,SVT,-0.6032
NAC,TAR,0.655
NAC,TB8,0.7919
NAC,TCJ,0.6176
NAC,TDB,-0.62
NAC,THM,0.6296
NAC,THN,0.97
NAC,TIP,-0.6001
NAC,TKU,0.6517
NAC,TMW,0.6626
NAC,TNA,-0.6343
NAC,TOT,-0.6738
NAC,TSA,-0.6645
NAC,TSC,-0.6736
NAC,TUG,-0.6284
NAC,TVB,-0.6372
NAC,TVC,-0.6365
NAC,TVH,0.7143
NAC,UMC,0.6509
NAC,UXC,0.6364
NAC,VDG,0.7413
NAC,VE2,0.7725
NAC,VE8,0.6772
NAC,VGL,-0.7298
NAC,VGP,-0.7841
NAC,VGR,-0.6213
NAC,VIR,0.6653
NAC,VKC,0.7184
NAC,VLP,0.9426
NAC,VNC,-0.6247
NAC,VNH,0.6997
NAC,VNS,-0.6501
NAC,VPR,-0.6527
NAC,VSF,-0.6883
NAC,VSM,-0.6032
NAC,VTH,-0.7145
NAC,VTI,0.7073
NAC,VUA,0.6496
NAC,VXB,0.6394
NAC,X26,0.6073
NAF,NHA,0.6069
NAF,NT2,0.602
NAF,PHR,0.6148
NAF,PTB,0.6546
NAF,REE,0.6753
NAF,SBT,0.6204
NAF,SFI,0.6081
NAF,SKG,0.6965
NAF,SZC,0.6168
NAF,TCM,0.6264
NAF,TIP,0.6209
NAF,TLH,0.6077
NAF,VCI,0.6001
NAF,VGS,0.6242
NAF,VIB,0.6099
NAF,VSH,0.6111
NAU,NQB,0.643
NAU,ONW,0.6071
NAU,PVY,0.6336
NAW,NDC,0.6211
NAW,PBP,0.6658
NAW,PIV,0.6109
NAW,PLO,0.6301
NAW,PMW,0.6477
NAW,PVX,0.6184
NAW,SCD,-0.6182
NAW,SIV,0.6652
NAW,SP2,0.6791
NAW,THW,0.6383
NAW,TSD,0.6304
NAW,TVA,0.6083
NAW,VGP,0.6447
NAW,VNI,0.6554
NAW,VPC,0.792
NAW,VPR,0.6351
NBB,NBC,0.6053
NBB,NDN,0.6125
NBB,NDX,0.6308
NBB,NED,0.6082
NBB,NHA,0.7015
NBB,NKG,0.6084
NBB,ODE,0.7511
NBB,OGC,0.6345
NBB,PAN,0.6559
NBB,PAT,0.6147
NBB,PBP,0.6412
NBB,PHC,0.7013
NBB,PMB,0.6555
NBB,PMW,0.6089
NBB,PPT,0.6028
NBB,PSG,-0.6388
NBB,PSI,0.6202
NBB,PSW,0.6963
NBB,PTC,0.7123
NBB,PTG,-0.6123
NBB,RBC,-0.6968
NBB,S99,0.6582
NBB,SAL,-0.6852
NBB,SAM,0.701
NBB,SBT,0.6301
NBB,SCD,-0.6156
NBB,SCR,0.7021
NBB,SD9,0.6247
NBB,SGT,0.6234
NBB,SHB,0.6557
NBB,SKG,0.6677
NBB,SPH,-0.6672
NBB,SSF,-0.6984
NBB,STW,-0.629
NBB,TCI,0.7258
NBB,TCJ,-0.6823
NBB,TDC,0.6269
NBB,TDT,0.6152
NBB,TGG,0.6899
NBB,TID,0.6109
NBB,TIP,0.6773
NBB,TLD,0.6551
NBB,TNA,0.651
NBB,TSC,0.6298
NBB,TTF,0.7421
NBB,TVB,0.6111
NBB,TVH,-0.6617
NBB,UMC,-0.6797
NBB,UPC,-0.6073
NBB,VIG,0.6054
NBB,VMT,-0.6615
NBB,VPH,0.699
NBB,VXB,-0.6197
NBB,VXP,-0.6528
NBC,NBE,0.6016
NBC,NDW,-0.6326
NBC,NED,0.628
NBC,NHA,0.6212
NBC,NKG,0.6695
NBC,NSH,0.6436
NBC,NUE,0.6438
NBC,OCH,0.6277
NBC,ODE,0.6629
NBC,OGC,0.6845
NBC,PAN,0.6493
NBC,PAT,0.6481
NBC,PBP,0.6348
NBC,PDV,0.6216
NBC,PGC,0.7193
NBC,PHC,0.6373
NBC,PLC,0.6627
NBC,PLP,0.6099
NBC,PMB,0.6757
NBC,POV,0.7054
NBC,PPH,0.7324
NBC,PSD,0.6699
NBC,PSE,0.6253
NBC,PSI,0.6479
NBC,PTC,0.7082
NBC,PTG,-0.6363
NBC,PTV,0.6146
NBC,PVC,0.6339
NBC,PVG,0.6801
NBC,PVP,0.6882
NBC,PVT,0.6489
NBC,QNC,0.6081
NBC,QTP,0.683
NBC,RBC,-0.6109
NBC,SAL,-0.6475
NBC,SBG,0.6095
NBC,SBS,0.6147
NBC,SBT,0.6987
NBC,SCJ,0.6185
NBC,SCR,0.7191
NBC,SEB,0.6253
NBC,SGT,0.627
NBC,SKG,0.684
NBC,SSF,-0.6649
NBC,SSG,0.6324
NBC,STW,-0.6795
NBC,SZC,0.6321
NBC,TAN,0.6334
NBC,TBR,-0.6097
NBC,TCI,0.635
NBC,TCJ,-0.6305
NBC,TCL,0.6667
NBC,TDG,0.608
NBC,TDT,0.6012
NBC,TGG,0.6231
NBC,THT,0.8661
NBC,TLH,0.6392
NBC,TMB,0.6715
NBC,TNG,0.6557
NBC,TOS,0.6489
NBC,TOT,0.7069
NBC,TSC,0.7365
NBC,TTF,0.61
NBC,TV1,0.6037
NBC,TVB,0.6249
NBC,TVD,0.9454
NBC,TVH,-0.6529
NBC,UMC,-0.6737
NBC,VGP,0.6728
NBC,VGS,0.6414
NBC,VIG,0.6312
NBC,VIP,0.6078
NBC,VKC,-0.61
NBC,VMT,-0.6748
NBC,VNL,0.6711
NBC,VNR,0.6784
NBC,VNS,0.6304
NBC,VOS,0.7106
NBC,VSF,0.6139
NBE,PCE,0.7008
NBE,TMB,0.6524
NBE,VCF,0.6491
NBE,VGP,0.6235
NBE,VRG,0.628
NBP,NWT,0.6359
NBP,TNP,0.6305
NBT,PWS,0.6302
NCS,VCF,0.6162
NCT,SCS,0.6024
NCT,SJD,0.6399
NCT,VEA,0.604
NCT,VNM,0.6289
ND2,PNT,-0.6986
ND2,RTB,0.6127
NDC,PDN,0.6051
NDC,SIV,0.638
NDC,SP2,0.6105
NDC,TDB,0.6397
NDF,PPI,0.6796
NDF,PSG,0.6299
NDF,PXM,0.6649
NDF,REE,-0.6162
NDF,SDY,0.6448
NDF,STS,0.6543
NDF,THU,0.7646
NDF,TSJ,0.6174
NDF,VNX,0.6579
NDF,VVN,0.6933
NDF,X26,0.8041
NDN,NHA,0.7195
NDN,NLG,0.6376
NDN,NTL,0.6644
NDN,OCB,0.6496
NDN,PAN,0.7087
NDN,PHC,0.6155
NDN,POW,0.6083
NDN,PSI,0.6807
NDN,PSW,0.6042
NDN,PXL,0.6183
NDN,QTP,0.6114
NDN,S99,0.6772
NDN,SBS,0.6192
NDN,SBT,0.6646
NDN,SCI,0.6273
NDN,SCR,0.641
NDN,SGT,0.6088
NDN,SHB,0.6072
NDN,SHS,0.6262
NDN,SKG,0.6419
NDN,SSI,0.6217
NDN,SZC,0.6144
NDN,TCH,0.6337
NDN,TCI,0.6279
NDN,TDC,0.65
NDN,TIG,0.643
NDN,TIP,0.6996
NDN,TLD,0.6123
NDN,TLH,0.6716
NDN,TNG,0.6023
NDN,TPB,0.6635
NDN,TVB,0.6234
NDN,TVS,0.6678
NDN,VGS,0.628
NDN,VHE,0.6001
NDN,VIB,0.6001
NDN,VIX,0.6218
NDN,VPH,0.648
NDN,WSS,0.6953
NDP,QNT,0.6387
NDP,QTC,0.6079
NDP,SLD,0.6547
NDP,SPB,0.669
NDP,SSM,0.6959
NDP,UPC,0.6914
NDP,VE8,0.6236
NDP,VMK,0.6414
NDP,VMS,0.6454
NDP,VTI,0.6332
NDW,NSL,0.637
NDW,NWT,-0.6604
NDW,ODE,-0.6825
NDW,PBP,-0.6669
NDW,PCE,-0.6573
NDW,PCH,-0.6457
NDW,PLE,0.6563
NDW,PMW,-0.6331
NDW,PPI,0.7323
NDW,PTC,-0.6447
NDW,PTG,0.8768
NDW,QHD,-0.6322
NDW,QNW,0.7617
NDW,RBC,0.6327
NDW,SAL,0.7068
NDW,SBG,-0.6721
NDW,SCD,0.6152
NDW,SPH,0.6189
NDW,SRC,0.6279
NDW,SSF,0.6643
NDW,STW,0.6144
NDW,TAN,-0.6293
NDW,TAR,0.6333
NDW,TBR,0.6497
NDW,TCJ,0.6174
NDW,TDB,-0.6175
NDW,TGG,-0.6039
NDW,THN,0.6144
NDW,THT,-0.6033
NDW,TMW,0.612
NDW,TOT,-0.6412
NDW,TRT,0.6553
NDW,TSC,-0.6461
NDW,TTF,-0.602
NDW,TVD,-0.6488
NDW,TVH,0.7337
NDW,UMC,0.7497
NDW,VCT,0.654
NDW,VE2,0.7553
NDW,VE3,0.6144
NDW,VGP,-0.694
NDW,VKC,0.6315
NDW,VMT,0.6596
NDW,VNS,-0.6566
NDW,VSA,-0.6034
NDW,VSF,-0.7556
NDW,VTI,0.6409
NDW,VTZ,-0.6217
NDW,X26,0.6543
NDW,XHC,0.7421
NDX,PGC,0.6234
NDX,PMB,0.6398
NDX,PSE,0.6632
NDX,PV2,0.6271
NDX,PXL,0.6047
NDX,SD5,0.607
NDX,SD9,0.6803
NDX,SHA,0.6747
NDX,SKG,0.6069
NDX,TTF,0.6378
NDX,UDJ,0.632
NDX,UPC,-0.6132
NED,NHA,0.6795
NED,ODE,0.6582
NED,PHC,0.6077
NED,PHH,-0.6084
NED,QNS,0.6071
NED,QNT,-0.6041
NED,QTP,0.6129
NED,RAL,0.6187
NED,SAL,-0.6205
NED,SBT,0.6482
NED,SD9,0.6362
NED,SGT,0.7185
NED,SHP,0.6009
NED,SKG,0.6662
NED,TCI,0.6403
NED,TDG,0.6563
NED,TDT,0.6524
NED,TIP,0.6302
NED,TLD,0.6838
NED,TLH,0.6311
NED,TMB,0.6205
NED,TNA,0.6675
NED,TOS,0.6021
NED,TOT,0.6255
NED,TSC,0.6119
NED,TVB,0.6866
NED,TVD,0.6302
NED,VCP,0.6057
NED,VCS,0.6212
NED,VGS,0.6079
NED,VHG,0.6307
NED,VID,0.6291
NED,VIG,0.6349
NED,VIP,0.6032
NED,VPH,0.6686
NED,VTI,-0.6567
NGC,NOS,0.6115
NGC,NQN,0.7855
NGC,PAP,0.6395
NGC,PIS,0.6028
NGC,PIV,0.6841
NGC,PNP,0.6529
NGC,PTE,0.728
NGC,PWS,0.6804
NGC,SBD,0.6243
NGC,SBV,-0.6642
NGC,SDG,0.6058
NGC,SGC,0.6961
NGC,SPD,0.6445
NGC,STL,0.6879
NGC,TH1,0.8069
NGC,THN,-0.6038
NGC,TVA,0.7593
NGC,UPH,0.6143
NGC,VBH,0.6389
NGC,VES,0.8212
NGC,VGR,0.6426
NGC,VIW,0.7043
NGC,VPC,0.6591
NGC,VPR,0.7123
NGC,VTH,0.6466
NHA,NHH,0.607
NHA,NKG,0.754
NHA,NLG,0.6339
NHA,ODE,0.6807
NHA,OGC,0.6929
NHA,PAN,0.6644
NHA,PBP,0.6333
NHA,PFL,0.6671
NHA,PHC,0.7257
NHA,PMB,0.6068
NHA,POW,0.6362
NHA,PSI,0.6675
NHA,PSW,0.641
NHA,PTC,0.6729
NHA,PXL,0.6563
NHA,QTP,0.6233
NHA,S99,0.6829
NHA,SAM,0.651
NHA,SBS,0.6336
NHA,SBT,0.7431
NHA,SCI,0.6206
NHA,SCR,0.7456
NHA,SD9,0.6105
NHA,SGR,0.6132
NHA,SGT,0.7062
NHA,SHB,0.6272
NHA,SHS,0.6758
NHA,SKG,0.7217
NHA,SSI,0.6963
NHA,STB,0.6088
NHA,SZC,0.6907
NHA,TCH,0.6669
NHA,TCI,0.7264
NHA,TDC,0.7849
NHA,TDG,0.6166
NHA,TGG,0.602
NHA,TIG,0.6736
NHA,TIP,0.7365
NHA,TLD,0.7161
NHA,TLH,0.7486
NHA,TNA,0.6817
NHA,TNG,0.6433
NHA,TOT,0.6366
NHA,TSC,0.6362
NHA,TTF,0.6424
NHA,TTH,0.6122
NHA,TVB,0.6526
NHA,TVS,0.67
NHA,VC2,0.6363
NHA,VC7,0.6458
NHA,VCG,0.6097
NHA,VCI,0.7304
NHA,VGC,0.6079
NHA,VGS,0.7874
NHA,VHE,0.6384
NHA,VHG,0.6885
NHA,VIB,0.6574
NHA,VIG,0.7294
NHA,VIX,0.6866
NHA,VLB,0.6421
NHA,VND,0.6568
NHA,VNS,0.6059
NHA,VOS,0.6343
NHA,VPH,0.7429
NHA,VRC,0.617
NHA,WSS,0.6883
NHC,TDB,-0.6014
NHH,NKG,0.613
NHH,PC1,0.6707
NHH,PHC,0.6329
NHH,S99,0.6002
NHH,SBT,0.6442
NHH,SCR,0.635
NHH,SHB,0.6233
NHH,SHS,0.618
NHH,SKG,0.665
NHH,SSI,0.6742
NHH,SZC,0.6929
NHH,TCI,0.6012
NHH,TIG,0.6266
NHH,TIP,0.6563
NHH,TLD,0.6254
NHH,TLH,0.6219
NHH,TNG,0.6147
NHH,TPB,0.609
NHH,TSC,0.7191
NHH,TTF,0.6016
NHH,TVB,0.6161
NHH,VCI,0.6547
NHH,VGC,0.6257
NHH,VGS,0.6367
NHH,VHC,0.6623
NHH,VIB,0.6347
NHH,VIG,0.6084
NHH,VIX,0.6233
NHH,VND,0.6803
NJC,STW,-0.6219
NJC,THW,0.7455
NJC,VCF,0.6596
NKG,NLG,0.6622
NKG,NSH,0.6047
NKG,NT2,0.6997
NKG,OCH,0.6473
NKG,OGC,0.6995
NKG,PAN,0.7411
NKG,PAT,0.6806
NKG,PBP,0.6414
NKG,PC1,0.7619
NKG,PET,0.7128
NKG,PHC,0.6184
NKG,PHR,0.611
NKG,PLC,0.632
NKG,PSI,0.7008
NKG,PTB,0.6514
NKG,PTC,0.6615
NKG,PVB,0.6629
NKG,PVC,0.6763
NKG,PVD,0.715
NKG,PVP,0.6563
NKG,PVS,0.655
NKG,PVT,0.7149
NKG,S99,0.6219
NKG,SBG,0.6008
NKG,SBS,0.7599
NKG,SBT,0.7143
NKG,SCI,0.6114
NKG,SCR,0.7975
NKG,SEB,0.6048
NKG,SHB,0.6947
NKG,SHS,0.8159
NKG,SKG,0.7388
NKG,SLS,0.6279
NKG,SSI,0.829
NKG,STB,0.7228
NKG,SZC,0.7478
NKG,TCB,0.6711
NKG,TCH,0.674
NKG,TCI,0.7798
NKG,TDC,0.7067
NKG,TID,0.602
NKG,TIG,0.6846
NKG,TIP,0.6833
NKG,TLD,0.6355
NKG,TLH,0.8229
NKG,TNG,0.7466
NKG,TNT,0.6218
NKG,TOT,0.642
NKG,TPB,0.6069
NKG,TSC,0.6718
NKG,TTF,0.6747
NKG,TVB,0.6833
NKG,TVD,0.6397
NKG,VC2,0.6059
NKG,VCG,0.7339
NKG,VCI,0.8539
NKG,VGC,0.6586
NKG,VGS,0.809
NKG,VHC,0.6073
NKG,VIB,0.7377
NKG,VIG,0.7103
NKG,VIX,0.7676
NKG,VLB,0.684
NKG,VND,0.7571
NKG,VOS,0.6438
NKG,VPB,0.62
NKG,VPH,0.6093
NKG,VSA,0.6414
NKG,VTZ,0.6167
NKG,WSS,0.672
NLG,NT2,0.6976
NLG,NTL,0.6001
NLG,OGC,0.6087
NLG,PAN,0.6232
NLG,PC1,0.7141
NLG,PET,0.6573
NLG,PHR,0.7036
NLG,PLC,0.6414
NLG,POW,0.6272
NLG,PSD,0.6203
NLG,PSI,0.6286
NLG,PTB,0.6467
NLG,PVC,0.632
NLG,PVD,0.6521
NLG,PVT,0.6299
NLG,PXL,0.6585
NLG,QTP,0.604
NLG,SCR,0.6999
NLG,SHB,0.6544
NLG,SHS,0.7016
NLG,SIP,0.6236
NLG,SKG,0.6786
NLG,SSI,0.7028
NLG,STB,0.6346
NLG,SZC,0.7252
NLG,SZL,0.6288
NLG,TCB,0.6042
NLG,TCD,0.6162
NLG,TCH,0.7576
NLG,TCI,0.628
NLG,TCT,0.6075
NLG,THD,0.6167
NLG,THG,0.6376
NLG,TIG,0.6511
NLG,TNG,0.624
NLG,UDJ,0.6605
NLG,VCG,0.7829
NLG,VCI,0.706
NLG,VGC,0.7745
NLG,VGS,0.6364
NLG,VHC,0.621
NLG,VIX,0.734
NLG,VND,0.6429
NLG,VPB,0.626
NLS,PCG,-0.6711
NLS,POM,-0.6218
NLS,PTM,-0.9209
NLS,RGG,-0.7353
NLS,SD4,-0.6434
NLS,SLD,-0.7995
NLS,SSH,-0.7156
NLS,TAB,-0.7979
NLS,TCK,-0.7291
NLS,TCX,0.6502
NLS,TD6,0.6923
NLS,UXC,-0.6124
NLS,VCR,-0.6725
NLS,VE2,-0.6071
NLS,VE8,-0.7687
NLS,VMK,-0.7155
NLS,VNH,-0.6049
NNC,PC1,0.6108
NNC,STB,0.618
NNC,UDJ,0.644
NNC,VPB,0.6339
NNT,RTB,0.6276
NNT,SGC,0.7241
NNT,VGR,0.6573
NOS,PTE,0.6087
NOS,TH1,0.6469
NOS,THS,0.6007
NOS,THU,0.6512
NQB,PAI,0.6201
NQB,PMJ,0.7512
NQB,PTH,0.6695
NQB,PVY,0.6151
NQB,QST,0.655
NQB,STL,0.6721
NQB,TAW,0.6197
NQB,TNM,0.7373
NQB,TNP,0.6842
NQB,TPS,0.7449
NQB,TVG,0.7727
NQB,UCT,0.7661
NQB,VHH,0.7142
NQB,VSG,0.6794
NQB,VTG,0.642
NQN,NTT,0.6904
NQN,NWT,0.6107
NQN,PID,0.6936
NQN,PSN,0.6282
NQN,PTE,0.6238
NQN,PTH,0.6007
NQN,PVY,0.6169
NQN,PWS,0.7169
NQN,SBV,-0.6862
NQN,SPD,0.7756
NQN,STL,0.7297
NQN,TVA,0.6899
NQN,TVG,0.6315
NQN,VBH,0.7281
NQN,VES,0.7502
NQN,VIW,0.6719
NQN,VPC,0.609
NQN,VPR,0.7865
NQN,XPH,0.7563
NSC,REE,0.6049
NSC,SLS,0.6114
NSC,TCL,0.6028
NSG,SPD,-0.6902
NSG,VBH,-0.6524
NSH,OCH,0.6131
NSH,SKG,0.6175
NSH,TLH,0.6662
NSH,VGS,0.6374
NSL,PTG,0.6869
NT2,OCH,0.6623
NT2,OGC,0.6186
NT2,PAN,0.6978
NT2,PAT,0.6697
NT2,PC1,0.6964
NT2,PET,0.6634
NT2,PHR,0.6898
NT2,PLC,0.6305
NT2,POW,0.6979
NT2,PSD,0.6347
NT2,PTB,0.7263
NT2,PVC,0.6541
NT2,PVD,0.7349
NT2,PVG,0.6423
NT2,PVS,0.6529
NT2,PVT,0.6655
NT2,PXL,0.6072
NT2,QTP,0.6385
NT2,REE,0.7456
NT2,SAM,0.6214
NT2,SCR,0.6996
NT2,SHB,0.6192
NT2,SHS,0.6427
NT2,SKG,0.6753
NT2,SSI,0.6977
NT2,STB,0.6583
NT2,SZC,0.6779
NT2,TCH,0.6777
NT2,TCI,0.6188
NT2,THD,0.6998
NT2,THG,0.7161
NT2,TIG,0.6284
NT2,TNG,0.6733
NT2,TNI,0.6428
NT2,TPB,0.6113
NT2,VCG,0.7291
NT2,VCI,0.694
NT2,VGC,0.7178
NT2,VGS,0.6504
NT2,VHC,0.6714
NT2,VIB,0.7145
NT2,VIX,0.6576
NT2,VNR,0.6294
NT2,VPB,0.6049
NT2,VSH,0.6833
NTC,TVT,0.6242
NTC,VCS,0.6508
NTC,VGT,0.6229
NTF,SPD,0.6152
NTF,TSD,0.722
NTF,VLW,0.6307
NTF,VTQ,0.6312
NTH,SPD,0.7257
NTH,TVM,0.6617
NTH,VBH,0.7031
NTL,PAN,0.6307
NTL,QTP,0.6067
NTL,SZC,0.6385
NTL,TCH,0.6305
NTL,TDC,0.6082
NTL,TIG,0.6828
NTL,TNG,0.6039
NTL,VGS,0.6146
NTL,VGT,0.6332
NTP,VEA,0.6191
NTT,STL,0.7188
NTT,TNP,0.611
NTT,TPS,0.6023
NTT,VPR,0.6195
NTW,TD6,-0.6245
NUE,PMW,0.6827
NUE,PRC,0.607
NUE,QNW,-0.6091
NUE,SSG,0.6135
NUE,TCJ,-0.61
NUE,TOT,0.6081
NUE,TVD,0.6609
NUE,VGP,0.6459
NVB,PHC,0.644
NVB,SHB,0.6543
NVB,TCI,0.6191
NVL,PDR,0.7814
NVL,VPG,0.6085
NVP,PIV,-0.6192
NVP,QBS,0.7589
NVP,RYG,-0.7764
NVP,S72,-0.7662
NVP,SCD,0.6328
NVP,SD4,0.6163
NVP,SPD,-0.7794
NVP,SRA,0.7938
NVP,TAB,0.6052
NVP,TB8,0.734
NVP,TCK,0.6998
NVP,TDW,-0.6031
NVP,THN,0.6543
NVP,TSD,-0.6481
NVP,UXC,0.8467
NVP,VDG,0.8324
NVP,VE8,0.7128
NVP,VIR,0.6322
NVP,VMK,0.6636
NVP,VPL,-0.6171
NVP,VPR,-0.7082
NVP,VUA,0.863
NVP,WSB,0.7293
NVT,PBP,0.6071
NVT,POW,0.6285
NVT,VC9,0.6097
NWT,PAP,0.6182
NWT,PCE,0.6122
NWT,PDN,0.6434
NWT,PTG,-0.6761
NWT,PTH,0.6357
NWT,SDN,0.6376
NWT,SIV,0.663
NWT,SJE,0.6139
NWT,STL,0.8143
NWT,TDB,0.7582
NWT,TDF,0.6873
NWT,THW,0.6179
NWT,TNP,0.7246
NWT,TPS,0.65
NWT,TVA,0.6271
NWT,VPC,0.764
NWT,VPR,0.6176
NWT,VSF,0.686
NXT,PNT,0.6843
NXT,THN,0.6702
OCB,ORS,0.6198
OCB,PAN,0.6926
OCB,PC1,0.6106
OCB,PSI,0.64
OCB,SBS,0.6184
OCB,SBT,0.6139
OCB,SCR,0.6323
OCB,SHB,0.7395
OCB,SHS,0.6801
OCB,SSB,0.611
OCB,SSI,0.7042
OCB,STB,0.6892
OCB,TCB,0.6948
OCB,TCI,0.6249
OCB,TLH,0.6055
OCB,TNG,0.6073
OCB,TPB,0.826
OCB,VIB,0.724
OCB,VND,0.6778
OCB,VPB,0.661
OCB,WSS,0.6833
OCH,OGC,0.7694
OCH,PBP,0.6286
OCH,PFL,0.6202
OCH,PHR,0.6332
OCH,PSC,0.6006
OCH,PSD,0.6432
OCH,PTC,0.69
OCH,PVC,0.6238
OCH,PVD,0.642
OCH,PVG,0.6587
OCH,PXL,0.6553
OCH,REE,0.6023
OCH,SAM,0.6286
OCH,SCR,0.6533
OCH,SJE,0.6945
OCH,SKG,0.7129
OCH,STW,-0.6773
OCH,SZC,0.6361
OCH,TAN,0.6046
OCH,TDB,0.6413
OCH,TDC,0.6254
OCH,TGG,0.6244
OCH,THD,0.6477
OCH,THW,0.637
OCH,TID,0.6449
OCH,TLH,0.6066
OCH,TOS,0.609
OCH,TSC,0.6106
OCH,VCG,0.6182
OCH,VGC,0.6849
OCH,VGS,0.6289
OCH,VHC,0.6131
OCH,VMT,-0.6902
OCH,VNR,0.6447
OCH,VNS,0.6555
OCH,VSH,0.6031
ODE,PAN,0.6201
ODE,PBP,0.6268
ODE,PGC,0.6041
ODE,PHC,0.66
ODE,PHH,-0.6969
ODE,PMB,0.6646
ODE,PMW,0.6621
ODE,PPI,-0.7113
ODE,PPT,0.6443
ODE,PSG,-0.6959
ODE,PSI,0.6055
ODE,PSW,0.6513
ODE,PTC,0.7056
ODE,PTG,-0.6957
ODE,QNT,-0.6705
ODE,QNW,-0.6285
ODE,QTP,0.6023
ODE,RBC,-0.7481
ODE,SAL,-0.805
ODE,SAM,0.6325
ODE,SBG,0.6339
ODE,SBT,0.7374
ODE,SCD,-0.6535
ODE,SCR,0.6846
ODE,SD9,0.6185
ODE,SFN,-0.6384
ODE,SGT,0.641
ODE,SHB,0.6125
ODE,SHI,0.6325
ODE,SKG,0.6083
ODE,SPH,-0.7405
ODE,SSF,-0.8124
ODE,STS,-0.6484
ODE,STW,-0.6646
ODE,TBR,-0.662
ODE,TCI,0.7068
ODE,TCJ,-0.7539
ODE,TDT,0.6762
ODE,TGG,0.6588
ODE,THN,-0.623
ODE,TIP,0.6167
ODE,TLD,0.6207
ODE,TNA,0.7424
ODE,TOT,0.7259
ODE,TRT,-0.6924
ODE,TSC,0.6384
ODE,TST,-0.6781
ODE,TTF,0.6374
ODE,TVB,0.6207
ODE,TVD,0.6322
ODE,TVH,-0.8041
ODE,UMC,-0.8173
ODE,UPC,-0.6207
ODE,VCT,-0.6701
ODE,VGP,0.6293
ODE,VHF,-0.6272
ODE,VID,0.6225
ODE,VIG,0.6128
ODE,VKC,-0.6631
ODE,VMT,-0.6986
ODE,VNR,0.6836
ODE,VNS,0.6102
ODE,VPH,0.6217
ODE,VTG,-0.6695
ODE,VTI,-0.7524
ODE,VVN,-0.6577
ODE,VXB,-0.7251
ODE,VXP,-0.7123
ODE,X26,-0.637
ODE,XHC,-0.6381
OGC,PBP,0.6221
OGC,PC1,0.6555
OGC,PET,0.6565
OGC,PFL,0.6165
OGC,PHC,0.6516
OGC,PHR,0.6067
OGC,PLC,0.6048
OGC,PSD,0.6628
OGC,PTC,0.6781
OGC,PVC,0.6834
OGC,PVD,0.6236
OGC,PVG,0.6806
OGC,PXL,0.6907
OGC,SAM,0.6248
OGC,SCR,0.7478
OGC,SD9,0.6274
OGC,SHS,0.6028
OGC,SKG,0.7544
OGC,SSI,0.6282
OGC,STW,-0.6048
OGC,SZC,0.6802
OGC,TCI,0.6217
OGC,TDC,0.6378
OGC,TGG,0.6226
OGC,THD,0.625
OGC,TID,0.62
OGC,TIP,0.6238
OGC,TLD,0.6866
OGC,TLH,0.6215
OGC,TSC,0.6919
OGC,TTF,0.6433
OGC,TVB,0.6057
OGC,TVD,0.6149
OGC,VCG,0.6606
OGC,VCI,0.6294
OGC,VGC,0.7323
OGC,VGS,0.6885
OGC,VHC,0.6084
OGC,VIB,0.6387
OGC,VIG,0.6393
OGC,VIX,0.6281
OGC,VND,0.6236
OGC,VPH,0.6306
OGC,VRG,0.601
OGC,YEG,0.6332
OIL,PET,0.6262
OIL,PGC,0.6337
OIL,PHR,0.6898
OIL,PLC,0.6375
OIL,PLX,0.8388
OIL,PNJ,0.6098
OIL,POW,0.724
OIL,PTV,0.6641
OIL,PVB,0.6301
OIL,PVC,0.745
OIL,PVD,0.6984
OIL,PVO,0.6793
OIL,PVP,0.6077
OIL,PVS,0.7659
OIL,PVT,0.7431
OIL,QTP,0.6326
OIL,SAV,0.6117
OIL,SGP,0.6272
OIL,TNG,0.7116
OIL,TVN,0.6776
OIL,VEA,0.6705
OIL,VGT,0.7629
OIL,VLC,0.6403
OIL,VOS,0.631
ONW,VIR,0.7033
ONW,VNT,0.6273
ORS,PSI,0.6929
ORS,SBS,0.6892
ORS,SGB,0.6348
ORS,SHB,0.6386
ORS,SHS,0.7011
ORS,SSI,0.7247
ORS,TCI,0.6189
ORS,TPB,0.6031
ORS,TVB,0.6072
ORS,VCI,0.6679
ORS,VDS,0.6916
ORS,VIB,0.6082
ORS,VIG,0.6107
ORS,VIX,0.6046
ORS,VND,0.7286
ORS,WSS,0.6452
PAI,PHH,0.6859
PAI,PID,0.6341
PAI,PMJ,0.7088
PAI,PTH,0.6156
PAI,PTX,0.6316
PAI,QNT,0.6763
PAI,QST,0.7238
PAI,QTC,0.6714
PAI,SAL,0.6167
PAI,SFN,0.6715
PAI,SGD,0.609
PAI,SPH,0.6126
PAI,SSF,0.6491
PAI,THP,0.6042
PAI,TRT,0.6479
PAI,TST,0.6547
PAI,TVH,0.6208
PAI,UCT,0.6042
PAI,UDL,0.6285
PAI,UMC,0.6721
PAI,UPC,0.6477
PAI,USD,-0.6236
PAI,VTI,0.6609
PAI,VXB,0.6993
PAI,VXP,0.722
PAI,XDH,0.639
PAN,PAT,0.6572
PAN,PC1,0.7132
PAN,PET,0.6387
PAN,PGC,0.608
PAN,PHC,0.6581
PAN,PHR,0.7094
PAN,PLC,0.6589
PAN,PMB,0.6042
PAN,POW,0.6658
PAN,PPH,0.6117
PAN,PSI,0.7628
PAN,PSW,0.6283
PAN,PTB,0.6732
PAN,PVC,0.65
PAN,PVD,0.7562
PAN,PVP,0.6195
PAN,PVS,0.7198
PAN,PVT,0.7149
PAN,QTP,0.7005
PAN,REE,0.6812
PAN,S99,0.7255
PAN,SBS,0.7316
PAN,SBT,0.6677
PAN,SCI,0.6689
PAN,SCR,0.7423
PAN,SGT,0.6095
PAN,SHB,0.7291
PAN,SHS,0.7259
PAN,SKG,0.631
PAN,SLS,0.6523
PAN,SSI,0.7393
PAN,STB,0.7019
PAN,STK,0.6212
PAN,SZC,0.7165
PAN,TCB,0.6966
PAN,TCH,0.6602
PAN,TCI,0.7659
PAN,TCL,0.6409
PAN,TCM,0.6632
PAN,TDG,0.6148
PAN,TEG,0.671
PAN,THD,0.6156
PAN,TIP,0.6527
PAN,TLH,0.7389
PAN,TNG,0.7961
PAN,TNT,0.6151
PAN,TPB,0.6845
PAN,TSC,0.612
PAN,TTA,0.6119
PAN,TTF,0.6525
PAN,TVB,0.7399
PAN,VCG,0.6214
PAN,VCI,0.7258
PAN,VDS,0.6399
PAN,VGC,0.6333
PAN,VGS,0.7522
PAN,VGT,0.6913
PAN,VHC,0.6733
PAN,VIB,0.7349
PAN,VIG,0.6664
PAN,VIX,0.702
PAN,VLB,0.6241
PAN,VLC,0.6029
PAN,VMT,-0.6253
PAN,VND,0.7147
PAN,VNL,0.6097
PAN,VNR,0.609
PAN,VOS,0.6116
PAN,VPB,0.6016
PAN,VSH,0.6354
PAN,WSS,0.7008
PAP,PCF,0.6226
PAP,STL,0.6294
PAP,TVA,0.6533
PAP,VPC,0.6377
PAP,XPH,0.6105
PAS,VC2,0.6179
PAS,VPG,0.6292
PAT,PBP,0.6177
PAT,PET,0.6222
PAT,PLP,0.6453
PAT,POW,0.6099
PAT,PSD,0.6104
PAT,PTC,0.6707
PAT,PVC,0.6245
PAT,PVD,0.7049
PAT,PVG,0.6055
PAT,PVS,0.6597
PAT,PVT,0.6358
PAT,QTP,0.6035
PAT,RBC,-0.6324
PAT,REE,0.6213
PAT,SBS,0.626
PAT,SCR,0.6911
PAT,SHI,0.637
PAT,SSI,0.6404
PAT,STB,0.6505
PAT,TCI,0.6225
PAT,TDG,0.604
PAT,TGG,0.6444
PAT,TID,0.6158
PAT,TNG,0.6439
PAT,TNI,0.6606
PAT,TSC,0.6185
PAT,TTF,0.7235
PAT,TVD,0.6135
PAT,UDJ,0.6126
PAT,VCI,0.6104
PAT,VGS,0.6
PAT,VIB,0.672
PAT,VLB,0.6078
PAT,VMT,-0.638
PBC,SCG,0.661
PBC,SCO,-0.6402
PBC,STS,-0.6539
PBC,TAW,-0.6111
PBC,TVG,-0.6059
PBC,UCT,-0.6032
PBC,VCT,-0.6397
PBC,VXB,-0.6119
PBP,PCH,0.6704
PBP,PMB,0.6536
PBP,PMW,0.6486
PBP,PPI,-0.6825
PBP,PSW,0.7085
PBP,PTC,0.6985
PBP,PTG,-0.6694
PBP,PTV,0.6003
PBP,PVB,0.6266
PBP,PVC,0.642
PBP,PVD,0.6182
PBP,PVO,0.6273
PBP,PVX,0.6168
PBP,RBC,-0.6691
PBP,SAL,-0.6766
PBP,SBG,0.6198
PBP,SBT,0.6267
PBP,SCD,-0.6036
PBP,SFN,-0.608
PBP,SIV,0.6208
PBP,SKG,0.6484
PBP,SP2,0.6468
PBP,SSF,-0.6452
PBP,STW,-0.6761
PBP,TCI,0.617
PBP,TCJ,-0.6272
PBP,TGG,0.7661
PBP,TLH,0.62
PBP,TOT,0.6227
PBP,TSC,0.6626
PBP,TVB,0.6499
PBP,TVD,0.6215
PBP,TVH,-0.6965
PBP,UMC,-0.6684
PBP,VCT,-0.6006
PBP,VGP,0.6723
PBP,VGS,0.6331
PBP,VHF,-0.612
PBP,VKC,-0.6591
PBP,VMT,-0.6829
PBP,VNF,0.6088
PBP,VNL,0.6099
PBP,VSA,0.6658
PBP,X26,-0.6501
PBT,S12,0.6046
PC1,PET,0.8553
PC1,PHR,0.6871
PC1,PLC,0.6697
PC1,PLX,0.6046
PC1,POW,0.6621
PC1,PSD,0.6429
PC1,PSI,0.6655
PC1,PTB,0.661
PC1,PVB,0.6081
PC1,PVC,0.7329
PC1,PVD,0.7328
PC1,PVS,0.7224
PC1,PVT,0.787
PC1,QTP,0.6048
PC1,REE,0.6127
PC1,SBS,0.6361
PC1,SCR,0.687
PC1,SHB,0.676
PC1,SHS,0.7715
PC1,SKG,0.6431
PC1,SSI,0.7677
PC1,STB,0.6887
PC1,SZC,0.776
PC1,TCB,0.6341
PC1,TCD,0.6009
PC1,TCH,0.6823
PC1,TCI,0.6508
PC1,TIG,0.662
PC1,TIP,0.6431
PC1,TLH,0.6157
PC1,TNG,0.7819
PC1,TNT,0.6502
PC1,TPB,0.6529
PC1,TTF,0.6363
PC1,VCG,0.7279
PC1,VCI,0.765
PC1,VDS,0.6144
PC1,VGC,0.7552
PC1,VGS,0.7345
PC1,VGT,0.6015
PC1,VHC,0.6769
PC1,VIB,0.7285
PC1,VIX,0.7661
PC1,VND,0.7108
PC1,VOS,0.6754
PC1,VPB,0.7307
PCC,PHH,0.6483
PCC,POM,0.6871
PCC,THN,0.6529
PCC,VLP,0.6178
PCC,VNH,0.6904
PCE,PDN,0.6427
PCE,PMS,0.6114
PCE,PNT,-0.6032
PCE,PTG,-0.7157
PCE,RTB,0.6156
PCE,SBD,0.6184
PCE,SBG,0.6848
PCE,STL,0.6523
PCE,TDS,0.6296
PCE,THN,-0.6545
PCE,TMW,-0.6292
PCE,TUG,0.6856
PCE,VE2,-0.7086
PCE,VE4,-0.6172
PCE,VGP,0.68
PCE,VLP,-0.6131
PCE,VPC,0.6064
PCE,VRG,0.6217
PCE,VSA,0.6113
PCE,VSF,0.6277
PCE,VSM,0.6699
PCE,VTZ,0.6432
PCF,TVA,0.6398
PCF,VPC,0.6023
PCG,TAB,0.6922
PCG,TD6,-0.6549
PCG,VPL,-0.6136
PCH,PPI,-0.676
PCH,PTC,0.6306
PCH,PTG,-0.684
PCH,QNP,0.6097
PCH,SAL,-0.64
PCH,SBG,0.6175
PCH,SCD,-0.7401
PCH,SKG,0.6065
PCH,STG,-0.6348
PCH,TB8,-0.632
PCH,THN,-0.6804
PCH,TMW,-0.6392
PCH,TNA,0.6206
PCH,TOT,0.6013
PCH,TVH,-0.6233
PCH,VCP,0.6013
PCH,VE2,-0.6792
PCH,VGP,0.6209
PCH,VNS,0.6554
PCH,VPH,0.6326
PCH,VSF,0.6157
PCH,VTI,-0.604
PDB,PVG,0.6007
PDB,SAM,0.6201
PDB,SD9,0.661
PDB,TCH,0.6006
PDN,POM,-0.6964
PDN,QBS,-0.667
PDN,QNP,0.6072
PDN,SBG,0.6342
PDN,SCD,-0.6647
PDN,SGC,0.6498
PDN,SIV,0.7567
PDN,SKG,0.6404
PDN,SP2,0.6608
PDN,TDB,0.749
PDN,TDS,0.6338
PDN,THN,-0.72
PDN,TKU,-0.6128
PDN,TPS,0.6606
PDN,TSD,0.6076
PDN,TVA,0.631
PDN,VCP,0.6334
PDN,VFG,0.6053
PDN,VGP,0.7592
PDN,VLP,-0.6825
PDN,VNS,0.6034
PDN,VPR,0.7475
PDN,VSF,0.6358
PDN,VTH,0.6753
PDN,VUA,-0.6294
PDV,PGC,0.6306
PDV,PPH,0.6993
PDV,PSW,0.6034
PDV,RBC,-0.6034
PDV,SAL,-0.7169
PDV,SCG,0.6112
PDV,SCJ,0.622
PDV,SFN,-0.6643
PDV,SSF,-0.6338
PDV,TCJ,-0.6452
PDV,THT,0.6737
PDV,TOT,0.6525
PDV,TVD,0.6572
PDV,TVH,-0.6406
PDV,UMC,-0.6558
PDV,VIP,0.6148
PDV,VOS,0.6417
PDV,VTI,-0.6059
PDV,VXB,-0.6207
PDV,WTC,0.6288
PDV,XHC,-0.6075
PET,PHR,0.6891
PET,PLC,0.6955
PET,PLX,0.6438
PET,POW,0.6701
PET,PSD,0.6703
PET,PSI,0.6204
PET,PTB,0.6728
PET,PVB,0.6928
PET,PVC,0.7893
PET,PVD,0.7758
PET,PVS,0.7869
PET,PVT,0.7807
PET,REE,0.604
PET,SBS,0.6397
PET,SCR,0.7112
PET,SHB,0.664
PET,SHS,0.7283
PET,SSI,0.733
PET,STB,0.726
PET,SZC,0.7338
PET,TCB,0.6365
PET,TCH,0.642
PET,TIG,0.6558
PET,TNG,0.7884
PET,TPB,0.639
PET,TRS,-0.634
PET,TTF,0.6455
PET,VCG,0.6878
PET,VCI,0.7276
PET,VDS,0.6005
PET,VGC,0.7203
PET,VGS,0.6633
PET,VHC,0.6822
PET,VIB,0.6878
PET,VIX,0.747
PET,VND,0.687
PET,VOS,0.6804
PET,VPB,0.7205
PFL,PHR,0.6027
PFL,PSD,0.6051
PFL,PV2,0.6367
PFL,PVG,0.6189
PFL,PXL,0.7072
PFL,SAM,0.62
PFL,SCR,0.638
PFL,SD9,0.6148
PFL,SKG,0.6134
PFL,TTH,0.6074
PFL,VGC,0.6051
PFL,VGS,0.6168
PFL,VHG,0.692
PFL,VPH,0.6533
PGB,SBS,0.6426
PGB,VBB,0.6305
PGC,PGD,0.6134
PGC,PGV,0.686
PGC,PLC,0.646
PGC,PLP,0.6108
PGC,PMB,0.703
PGC,POV,0.6291
PGC,POW,0.6205
PGC,PPH,0.7149
PGC,PSD,0.647
PGC,PSE,0.6433
PGC,PSG,-0.621
PGC,PSW,0.662
PGC,PTB,0.6227
PGC,PTV,0.6051
PGC,PVC,0.671
PGC,PVD,0.636
PGC,PVG,0.7196
PGC,PVO,0.6421
PGC,PVP,0.6544
PGC,PVS,0.6155
PGC,PVT,0.6681
PGC,QTP,0.7113
PGC,RBC,-0.6265
PGC,REE,0.6294
PGC,SAL,-0.6702
PGC,SAM,0.6037
PGC,SD5,0.6044
PGC,SD9,0.6735
PGC,SFN,-0.6469
PGC,SGT,0.6034
PGC,SHA,0.621
PGC,SJD,0.6067
PGC,SKG,0.6354
PGC,SPH,-0.6666
PGC,SSF,-0.6971
PGC,SZC,0.613
PGC,TCJ,-0.6096
PGC,TCL,0.6112
PGC,TCM,0.6441
PGC,TDG,0.6379
PGC,TDT,0.6427
PGC,THT,0.7441
PGC,TNG,0.6098
PGC,TST,-0.6391
PGC,TVD,0.7051
PGC,TVH,-0.6745
PGC,UMC,-0.6897
PGC,VHF,-0.6117
PGC,VIP,0.6474
PGC,VMT,-0.633
PGC,VNL,0.6511
PGC,VNR,0.6708
PGC,VOS,0.667
PGC,VTG,-0.6668
PGC,VTO,0.6245
PGC,VVN,-0.6337
PGC,VXP,-0.6523
PGD,POV,0.6146
PGD,PPH,0.6579
PGD,THT,0.6208
PGS,SLD,0.6163
PGV,PPH,0.6727
PGV,QTP,0.6708
PGV,THT,0.6949
PGV,VOS,0.6248
PGV,VTG,-0.6278
PHC,PLP,0.6141
PHC,PPH,0.6364
PHC,PSI,0.6668
PHC,PSW,0.6905
PHC,PTC,0.645
PHC,PTG,-0.6139
PHC,PTL,0.658
PHC,PVG,0.6255
PHC,PXL,0.6215
PHC,QNS,0.6669
PHC,QTP,0.6889
PHC,S99,0.6889
PHC,SAL,-0.6175
PHC,SAM,0.6578
PHC,SBG,0.6177
PHC,SBT,0.6844
PHC,SCI,0.6423
PHC,SCR,0.6609
PHC,SD9,0.6065
PHC,SGT,0.7166
PHC,SHA,0.6531
PHC,SHB,0.6247
PHC,SKG,0.7053
PHC,SSF,-0.6161
PHC,SSI,0.6255
PHC,SZC,0.6011
PHC,TCI,0.7228
PHC,TDC,0.7026
PHC,TDG,0.6726
PHC,TDH,0.6202
PHC,TDT,0.7016
PHC,TIP,0.624
PHC,TLD,0.7193
PHC,TLH,0.6553
PHC,TNA,0.7047
PHC,TNT,0.6155
PHC,TSC,0.7349
PHC,TTF,0.6448
PHC,TTH,0.6394
PHC,TVB,0.6925
PHC,TVC,0.6423
PHC,TVD,0.6203
PHC,TVH,-0.6174
PHC,TVS,0.6317
PHC,VC2,0.6157
PHC,VC7,0.7169
PHC,VGS,0.6886
PHC,VHE,0.6214
PHC,VIB,0.6348
PHC,VIG,0.6765
PHC,VIX,0.6003
PHC,VND,0.6498
PHC,VNR,0.6199
PHC,VNS,0.7184
PHC,VPH,0.7021
PHC,VTI,-0.6011
PHC,WSS,0.6564
PHH,POM,0.7165
PHH,PPH,-0.6042
PHH,PPI,0.7824
PHH,PPT,-0.7325
PHH,PSG,0.7851
PHH,PSW,-0.6187
PHH,PTG,0.6156
PHH,PXM,0.6524
PHH,QNP,-0.6269
PHH,QNT,0.7715
PHH,QST,0.6066
PHH,QTC,0.7289
PHH,RBC,0.668
PHH,SAL,0.9061
PHH,SBG,-0.6508
PHH,SBT,-0.6232
PHH,SCD,0.749
PHH,SCG,-0.7153
PHH,SFN,0.7791
PHH,SHP,-0.66
PHH,SPH,0.6742
PHH,SSF,0.807
PHH,SSM,0.6497
PHH,STS,0.7681
PHH,SVT,-0.6153
PHH,TAW,0.6813
PHH,TBR,0.6788
PHH,TCJ,0.7495
PHH,TDT,-0.6741
PHH,THN,0.7303
PHH,TOT,-0.6488
PHH,TRT,0.7909
PHH,TSG,0.624
PHH,TST,0.6451
PHH,TVH,0.8824
PHH,TW3,0.6104
PHH,UMC,0.8319
PHH,UPC,0.6548
PHH,V21,-0.6451
PHH,VCT,0.7728
PHH,VE2,0.7229
PHH,VGL,-0.6578
PHH,VID,-0.6583
PHH,VIR,0.7877
PHH,VKC,0.7445
PHH,VLP,0.683
PHH,VMS,0.6069
PHH,VNH,0.6196
PHH,VNX,0.6594
PHH,VTG,0.6739
PHH,VTI,0.9009
PHH,VVN,0.784
PHH,VXB,0.8362
PHH,VXP,0.7074
PHH,WTC,-0.6842
PHH,X26,0.694
PHH,XHC,0.6531
PHP,SGP,0.7379
PHP,TCL,0.6628
PHP,VEA,0.6551
PHP,VGT,0.6044
PHP,VNL,0.6079
PHR,PLC,0.7283
PHR,PLX,0.7096
PHR,PNJ,0.669
PHR,POW,0.7383
PHR,PSD,0.6301
PHR,PSI,0.6111
PHR,PTB,0.762
PHR,PVB,0.6394
PHR,PVC,0.7537
PHR,PVD,0.7812
PHR,PVG,0.6183
PHR,PVS,0.7554
PHR,PVT,0.7208
PHR,PXL,0.608
PHR,QTP,0.6298
PHR,REE,0.6729
PHR,SBS,0.6282
PHR,SCR,0.6541
PHR,SHB,0.6782
PHR,SHS,0.6261
PHR,SIP,0.61
PHR,SKG,0.6355
PHR,SSI,0.6709
PHR,STB,0.6885
PHR,SZC,0.7752
PHR,TCB,0.68
PHR,TCD,0.627
PHR,TCH,0.715
PHR,TCM,0.646
PHR,THD,0.6982
PHR,THG,0.6306
PHR,TIP,0.6202
PHR,TLH,0.6273
PHR,TNG,0.759
PHR,TPB,0.6248
PHR,TTF,0.6182
PHR,TVT,0.6237
PHR,UDJ,0.6541
PHR,VCB,0.6441
PHR,VCG,0.6892
PHR,VCI,0.6288
PHR,VGC,0.7478
PHR,VGI,0.6414
PHR,VGS,0.6773
PHR,VGT,0.7246
PHR,VHC,0.719
PHR,VIB,0.6384
PHR,VIX,0.6427
PHR,VLB,0.6046
PHR,VND,0.6378
PHR,VNM,0.612
PHR,VRE,0.6142
PIA,PTX,0.6049
PIA,SDK,0.7639
PIA,TLP,0.6462
PID,PMJ,0.6288
PID,POB,0.6518
PID,PTE,0.6046
PID,PTH,0.6717
PID,SDU,0.6141
PID,STL,0.6124
PID,TPS,0.614
PID,TVG,0.6921
PID,VPC,0.6002
PID,VSG,0.6305
PID,XPH,0.7155
PIS,PSN,0.6724
PIS,VBH,0.6585
PIS,VGR,0.6177
PIS,VW3,0.6364
PIV,QBS,-0.6565
PIV,SCD,-0.7156
PIV,SGC,0.6693
PIV,TB8,-0.6668
PIV,THN,-0.6647
PIV,THS,0.6342
PIV,TVA,0.6442
PIV,VDG,-0.6361
PIV,VES,0.6099
PIV,VGL,0.6996
PIV,VNI,0.6015
PIV,VPR,0.6222
PIV,VTH,0.6606
PIV,VUA,-0.6072
PJC,SSM,0.6172
PJC,TJC,0.6049
PJS,SGH,0.6897
PJS,TSG,0.6106
PLA,TNW,0.6447
PLC,PLX,0.6308
PLC,POW,0.686
PLC,PSD,0.6025
PLC,PSI,0.619
PLC,PTB,0.6957
PLC,PVB,0.6778
PLC,PVC,0.748
PLC,PVD,0.7679
PLC,PVG,0.6419
PLC,PVS,0.7584
PLC,PVT,0.7621
PLC,QTP,0.6775
PLC,SCR,0.6898
PLC,SHS,0.6336
PLC,SKG,0.6173
PLC,SSI,0.6725
PLC,STB,0.6771
PLC,SZC,0.7213
PLC,TCH,0.6071
PLC,TCI,0.6091
PLC,TNG,0.8068
PLC,TVD,0.606
PLC,UDJ,0.6044
PLC,VCG,0.6682
PLC,VCI,0.6784
PLC,VGC,0.7033
PLC,VGS,0.6408
PLC,VGT,0.6647
PLC,VHC,0.7227
PLC,VIB,0.6269
PLC,VIX,0.6083
PLC,VND,0.6254
PLC,VOS,0.6696
PLE,PPI,0.6346
PLE,QHD,-0.6422
PLE,QNU,0.6384
PLE,RCD,0.6329
PLE,SAL,0.6512
PLE,SHI,-0.6342
PLE,SPH,0.7639
PLE,SSF,0.6143
PLE,STS,0.6969
PLE,TRT,0.6192
PLE,TST,0.7046
PLE,TVG,0.6372
PLE,TVH,0.7028
PLE,TVM,0.6119
PLE,UDL,0.804
PLE,UMC,0.6809
PLE,USC,0.7206
PLE,VCT,0.6925
PLE,VDL,-0.6149
PLE,VTG,0.8135
PLE,VVN,0.6771
PLE,VXB,0.6406
PLE,X26,0.6082
PLE,XHC,0.6289
PLO,STL,0.6026
PLO,THW,0.6912
PLO,TOP,0.6035
PLO,TSD,0.769
PLO,TUG,0.6011
PLO,VPC,0.6179
PLO,VPR,0.6427
PLP,PPH,0.6333
PLP,PSD,0.6064
PLP,PVG,0.6098
PLP,SAM,0.6114
PLP,SD5,0.6403
PLP,TDG,0.6362
PLP,TNI,0.6575
PLP,TSC,0.6547
PLP,TTF,0.7078
PLP,TVD,0.6259
PLX,PNJ,0.6783
PLX,POW,0.649
PLX,PTB,0.6403
PLX,PVC,0.6729
PLX,PVD,0.6842
PLX,PVP,0.6036
PLX,PVS,0.7063
PLX,PVT,0.7771
PLX,QTP,0.6208
PLX,SAB,0.6393
PLX,STB,0.61
PLX,TNG,0.6682
PLX,VCB,0.6313
PLX,VEA,0.6664
PLX,VGI,0.6816
PLX,VGT,0.6738
PLX,VNM,0.6768
PMB,PPH,0.6801
PMB,PSE,0.798
PMB,PSG,-0.6464
PMB,PSW,0.7914
PMB,PTG,-0.6121
PMB,QNT,-0.63
PMB,RBC,-0.6203
PMB,SAL,-0.6799
PMB,SBT,0.6365
PMB,SD5,0.6371
PMB,SFN,-0.6152
PMB,SGT,0.6159
PMB,SPH,-0.6144
PMB,SSF,-0.7179
PMB,TCJ,-0.6026
PMB,TDG,0.6217
PMB,TDT,0.6534
PMB,THT,0.6886
PMB,TLD,0.6186
PMB,TLH,0.6369
PMB,TNA,0.6315
PMB,TRT,-0.6539
PMB,TSC,0.6048
PMB,TVD,0.6529
PMB,TVH,-0.6945
PMB,UMC,-0.7333
PMB,UPC,-0.649
PMB,VID,0.6084
PMB,VMT,-0.6486
PMB,VNL,0.6211
PMB,VOS,0.6318
PMB,VPH,0.6332
PMB,VTG,-0.626
PMB,VTI,-0.6373
PMB,VXP,-0.6754
PMJ,PPT,-0.6142
PMJ,PTH,0.7869
PMJ,PTX,0.6936
PMJ,SGD,0.6915
PMJ,SPH,0.6672
PMJ,STL,0.6069
PMJ,TNP,0.6095
PMJ,TPS,0.7295
PMJ,TVG,0.7003
PMJ,UCT,0.6458
PMJ,VCM,0.6049
PMJ,VHD,0.6234
PMJ,VHH,0.6341
PMJ,VHL,0.6513
PMJ,VTG,0.6938
PMJ,VXB,0.615
PMJ,VXP,0.694
PMJ,XDH,0.7338
PMJ,XPH,0.6562
PMP,RAT,0.6431
PMS,SBD,0.6069
PMT,POM,-0.6087
PMT,PVE,0.6277
PMT,SLD,-0.6246
PMT,TVA,0.6431
PMT,VPC,0.627
PMT,YBC,0.6572
PMW,PRC,0.6634
PMW,PTC,0.6317
PMW,QHD,0.6342
PMW,QNW,-0.641
PMW,RBC,-0.6613
PMW,SAL,-0.6559
PMW,SCD,-0.6463
PMW,SEB,0.6299
PMW,SP2,0.6416
PMW,SPH,-0.6561
PMW,SSF,-0.717
PMW,STW,-0.6282
PMW,TCJ,-0.7874
PMW,TDB,0.6647
PMW,TGG,0.6859
PMW,THW,0.6582
PMW,TKC,-0.6417
PMW,TOT,0.6195
PMW,UMC,-0.6963
PMW,VDL,0.6464
PMW,VFG,0.6031
PMW,VGP,0.7795
PMW,VHF,-0.621
PMW,VMT,-0.6507
PMW,VSF,0.6334
PMW,VXB,-0.6265
PMW,VXP,-0.649
PNC,PVY,0.6227
PNC,PXI,0.6161
PNC,SPB,0.6428
PNC,TSG,0.6046
PND,TNW,0.6363
PNG,SNC,0.6618
PNJ,PTB,0.6325
PNJ,PVS,0.6677
PNJ,REE,0.6755
PNJ,TCM,0.6285
PNJ,TVM,-0.6019
PNJ,VHC,0.7178
PNJ,VNM,0.6701
PNJ,VSC,0.6237
PNP,PTG,-0.676
PNP,SBG,0.6957
PNP,SCD,-0.6814
PNP,SGC,0.6078
PNP,SII,-0.6403
PNP,TDB,0.6203
PNP,TH1,0.6562
PNP,THN,-0.6401
PNP,THS,0.6095
PNP,TMW,-0.6213
PNP,TSC,0.6213
PNP,VDL,0.639
PNP,VGR,0.6401
PNP,VLP,-0.6072
PNP,VTH,0.6076
PNT,POM,0.651
PNT,PPI,0.6048
PNT,PTG,0.6214
PNT,QBS,0.617
PNT,QNP,-0.6963
PNT,SBG,-0.7071
PNT,SGC,-0.6264
PNT,SII,0.6706
PNT,THN,0.7823
PNT,TMW,0.6467
PNT,TVC,-0.6325
PNT,VE2,0.6427
PNT,VGR,-0.6291
PNT,VLP,0.7399
PNT,VNH,0.6674
POB,PSG,0.6587
POB,PTE,0.7584
POB,PVH,0.6117
POB,SCG,-0.6316
POB,SPH,0.6085
POB,SSF,0.6037
POB,STS,0.702
POB,THU,0.7605
POB,TNM,0.7526
POB,TVG,0.71
POB,TVH,0.6332
POB,UPC,0.6143
POB,VSG,0.611
POB,VVN,0.7252
POB,VXP,0.6358
POB,X26,0.7063
POM,PTG,0.6357
POM,QBS,0.7932
POM,QNP,-0.6942
POM,SBG,-0.6984
POM,SCD,0.7609
POM,SGC,-0.75
POM,THN,0.8224
POM,TL4,0.6005
POM,TMW,0.6374
POM,TTT,-0.6083
POM,TVA,-0.6899
POM,VE2,0.7139
POM,VE8,0.6459
POM,VGP,-0.675
POM,VKC,0.61
POM,VLP,0.8145
POM,VNH,0.8107
POM,VSF,-0.6206
POM,VTI,0.6049
POV,PPH,0.6303
POV,PTV,0.6301
POV,THT,0.7292
POV,TVD,0.7096
POW,PTB,0.6544
POW,PVC,0.6369
POW,PVD,0.6776
POW,PVS,0.6491
POW,PVT,0.6874
POW,QTP,0.7063
POW,REE,0.6518
POW,SCR,0.6722
POW,SHB,0.6257
POW,SSI,0.646
POW,STB,0.7137
POW,SZC,0.6563
POW,TCH,0.7072
POW,TCM,0.6188
POW,THD,0.7163
POW,TNG,0.7124
POW,TNH,0.6585
POW,TPB,0.7125
POW,TTA,0.6319
POW,TVS,0.6817
POW,VCG,0.6072
POW,VEA,0.6107
POW,VGC,0.6208
POW,VGT,0.6814
POW,VHC,0.6457
POW,VIB,0.667
POW,VLB,0.6152
POW,VLC,0.6615
POW,VOS,0.6014
POW,VPB,0.6078
PPC,QNS,0.6525
PPC,QTP,0.7282
PPC,RAL,0.6097
PPC,VCS,0.6297
PPE,SCC,0.6864
PPE,VNS,-0.6163
PPH,PSE,0.6723
PPH,PSW,0.6443
PPH,QNS,0.6074
PPH,QTP,0.6627
PPH,SAL,-0.6919
PPH,SBT,0.6036
PPH,SCJ,0.6206
PPH,SFN,-0.6201
PPH,SGT,0.6348
PPH,SLS,0.6438
PPH,SSF,-0.6588
PPH,SSG,0.6023
PPH,STK,0.6154
PPH,TCJ,-0.6072
PPH,TCL,0.6765
PPH,TCM,0.6332
PPH,TDG,0.6904
PPH,TDT,0.6504
PPH,TEG,0.6041
PPH,THT,0.7552
PPH,TLH,0.6057
PPH,TOS,0.6195
PPH,TOT,0.6286
PPH,TSC,0.6417
PPH,TVD,0.7259
PPH,TVH,-0.6631
PPH,UMC,-0.6422
PPH,VFG,0.6211
PPH,VGT,0.604
PPH,VID,0.6484
PPH,VIG,0.6046
PPH,VIP,0.6189
PPH,VMT,-0.6287
PPH,VNL,0.7689
PPH,VNR,0.6618
PPH,VNS,0.616
PPH,VOS,0.6651
PPH,VSH,0.601
PPH,VTG,-0.6529
PPH,VTI,-0.6046
PPH,VTO,0.6256
PPH,WTC,0.6251
PPI,PPT,-0.6214
PPI,PSG,0.8484
PPI,PSW,-0.6262
PPI,PTC,-0.6303
PPI,PTG,0.8339
PPI,PXM,0.7993
PPI,QNP,-0.6646
PPI,QNS,-0.6028
PPI,QNT,0.6393
PPI,RBC,0.6684
PPI,RCD,0.6087
PPI,SAL,0.8356
PPI,SBG,-0.7788
PPI,SBT,-0.7222
PPI,SCD,0.7099
PPI,SCG,-0.6968
PPI,SCO,0.6805
PPI,SFN,0.6351
PPI,SHP,-0.6361
PPI,SII,0.7251
PPI,SLS,-0.6587
PPI,SPH,0.6394
PPI,SSF,0.7227
PPI,STS,0.8016
PPI,TAR,0.6329
PPI,TAW,0.623
PPI,TBR,0.669
PPI,TCJ,0.6292
PPI,THN,0.7429
PPI,THU,0.6145
PPI,TLH,-0.6393
PPI,TMW,0.6852
PPI,TOT,-0.6587
PPI,TRT,0.6546
PPI,TSC,-0.6665
PPI,TST,0.6492
PPI,TVH,0.8865
PPI,UMC,0.7684
PPI,UPC,0.6337
PPI,V21,-0.6558
PPI,VCT,0.8385
PPI,VE2,0.8217
PPI,VE4,0.6067
PPI,VID,-0.644
PPI,VIR,0.6931
PPI,VKC,0.7697
PPI,VLP,0.6814
PPI,VMT,0.6123
PPI,VNL,-0.6258
PPI,VNX,0.6766
PPI,VSA,-0.6462
PPI,VTG,0.6193
PPI,VTI,0.8071
PPI,VVN,0.8339
PPI,VXB,0.7517
PPI,X26,0.854
PPI,XHC,0.7491
PPT,PSW,0.6758
PPT,RBC,-0.6298
PPT,SAL,-0.7823
PPT,SCD,-0.71
PPT,SPH,-0.7453
PPT,SSF,-0.7851
PPT,TCJ,-0.7974
PPT,TNA,0.6124
PPT,TST,-0.6863
PPT,TVH,-0.7522
PPT,UMC,-0.6922
PPT,UPC,-0.605
PPT,VTG,-0.6198
PPT,VTI,-0.7093
PPT,VXB,-0.7805
PPT,VXP,-0.7259
PPT,XDH,-0.7158
PRC,SEB,0.6151
PRC,SP2,0.6526
PRC,STW,-0.6656
PRC,TAN,0.6332
PRC,TCJ,-0.6216
PRC,TDB,0.7025
PRC,THW,0.6821
PRC,TTS,-0.6444
PRC,VGP,0.6866
PRC,VMT,-0.6634
PRO,SPB,0.6104
PSD,PTB,0.6145
PSD,PVC,0.6556
PSD,PVD,0.6261
PSD,PVG,0.7414
PSD,PVS,0.626
PSD,PXT,0.6082
PSD,QTP,0.6056
PSD,REE,0.6387
PSD,SAM,0.6327
PSD,SCR,0.6253
PSD,SD5,0.6733
PSD,SD9,0.6346
PSD,SDA,0.6018
PSD,SHB,0.6031
PSD,SKG,0.6855
PSD,TCD,0.6481
PSD,TDG,0.6344
PSD,THG,0.616
PSD,TIG,0.606
PSD,TVD,0.6464
PSD,VGC,0.6723
PSE,PSW,0.7051
PSE,SD5,0.6214
PSE,SHI,0.6301
PSE,SSF,-0.6841
PSE,THT,0.6322
PSE,TRT,-0.6054
PSE,TVD,0.6051
PSE,TVH,-0.6171
PSE,UMC,-0.6318
PSE,VMT,-0.6287
PSE,VNL,0.6079
PSE,VTG,-0.6041
PSE,VXP,-0.6517
PSG,PTG,0.6297
PSG,PVH,0.6715
PSG,PXM,0.6718
PSG,QNT,0.7271
PSG,QST,0.6004
PSG,RBC,0.6689
PSG,SAL,0.8134
PSG,SBT,-0.6431
PSG,SCD,0.6223
PSG,SCG,-0.668
PSG,SFN,0.657
PSG,SHI,-0.6002
PSG,SHP,-0.6476
PSG,SII,0.6322
PSG,SPH,0.6582
PSG,SSF,0.7214
PSG,STS,0.8051
PSG,STW,0.648
PSG,TAW,0.6564
PSG,TBR,0.618
PSG,TDT,-0.6393
PSG,THN,0.6462
PSG,THU,0.7058
PSG,TOT,-0.6184
PSG,TRT,0.6897
PSG,TST,0.6735
PSG,TVH,0.8482
PSG,UMC,0.8155
PSG,UPC,0.7447
PSG,V21,-0.6035
PSG,VCT,0.7801
PSG,VE2,0.6415
PSG,VIR,0.6141
PSG,VKC,0.7469
PSG,VLP,0.6099
PSG,VMS,0.6092
PSG,VMT,0.6338
PSG,VNX,0.6528
PSG,VTG,0.6673
PSG,VTI,0.801
PSG,VVN,0.8697
PSG,VXB,0.7741
PSG,VXP,0.6327
PSG,X26,0.858
PSG,XHC,0.6052
PSI,PSW,0.6505
PSI,PTL,0.6314
PSI,PVC,0.6504
PSI,PVD,0.6649
PSI,PVS,0.657
PSI,PVT,0.6326
PSI,S99,0.6749
PSI,SAM,0.616
PSI,SBS,0.8024
PSI,SBT,0.6611
PSI,SCI,0.605
PSI,SCR,0.776
PSI,SGT,0.6114
PSI,SHB,0.7502
PSI,SHS,0.7906
PSI,SKG,0.6194
PSI,SSI,0.7688
PSI,STB,0.6159
PSI,SZC,0.6856
PSI,TCB,0.6124
PSI,TCI,0.786
PSI,TLD,0.6132
PSI,TLH,0.7022
PSI,TNG,0.7075
PSI,TPB,0.6273
PSI,TSC,0.6431
PSI,TTF,0.6574
PSI,TVB,0.7473
PSI,TVS,0.611
PSI,VCI,0.7421
PSI,VDS,0.697
PSI,VGS,0.6841
PSI,VGT,0.6885
PSI,VHC,0.6157
PSI,VIB,0.7197
PSI,VIG,0.7832
PSI,VIX,0.7017
PSI,VND,0.7509
PSI,VOS,0.6367
PSI,VPH,0.6026
PSI,WSS,0.8293
PSL,TED,0.6262
PSN,VBH,0.7545
PSN,VW3,0.6072
PSN,YTC,0.6612
PSW,QNT,-0.6285
PSW,RBC,-0.637
PSW,SAL,-0.7213
PSW,SBT,0.6533
PSW,SFN,-0.6233
PSW,SGT,0.6688
PSW,SPH,-0.6719
PSW,SSF,-0.7388
PSW,TCI,0.6247
PSW,TCJ,-0.6828
PSW,TDG,0.6926
PSW,TDT,0.6903
PSW,TIP,0.6116
PSW,TLD,0.6336
PSW,TLH,0.644
PSW,TNA,0.6623
PSW,TNH,0.6016
PSW,TSC,0.6049
PSW,TST,-0.608
PSW,TVH,-0.714
PSW,TVS,0.637
PSW,UMC,-0.6862
PSW,V21,0.6126
PSW,VGS,0.6096
PSW,VID,0.6139
PSW,VIP,0.6273
PSW,VNL,0.6028
PSW,VOS,0.6391
PSW,VPH,0.6813
PSW,VTG,-0.6445
PSW,VTI,-0.6633
PSW,VXB,-0.6262
PSW,VXP,-0.6957
PSW,WSS,0.6119
PTB,PVB,0.6882
PTB,PVC,0.6773
PTB,PVD,0.7105
PTB,PVG,0.6158
PTB,PVP,0.6926
PTB,PVS,0.6915
PTB,PVT,0.715
PTB,QNS,0.6152
PTB,QTP,0.7248
PTB,RAL,0.6368
PTB,REE,0.7218
PTB,SIP,0.6342
PTB,SKG,0.6924
PTB,SSI,0.6189
PTB,STB,0.6376
PTB,STK,0.6445
PTB,SZC,0.7037
PTB,TCB,0.6563
PTB,TCH,0.6225
PTB,TCM,0.6508
PTB,THG,0.6014
PTB,TIG,0.6164
PTB,TIP,0.6379
PTB,TNG,0.7369
PTB,TVT,0.6058
PTB,VCG,0.6484
PTB,VCI,0.6557
PTB,VCS,0.7206
PTB,VGC,0.6581
PTB,VGI,0.6829
PTB,VGS,0.6486
PTB,VGT,0.656
PTB,VHC,0.653
PTB,VIB,0.6589
PTB,VLB,0.6156
PTB,VNM,0.602
PTB,VSH,0.6379
PTC,PTG,-0.692
PTC,PXL,0.6291
PTC,QNW,-0.6125
PTC,RBC,-0.6967
PTC,SAL,-0.6563
PTC,SBG,0.6676
PTC,SBT,0.6764
PTC,SCD,-0.6193
PTC,SCR,0.6838
PTC,SD9,0.6652
PTC,SKG,0.6674
PTC,SSF,-0.6489
PTC,STW,-0.6231
PTC,TCI,0.6531
PTC,TCJ,-0.6849
PTC,TDB,0.6235
PTC,TDC,0.6628
PTC,TGG,0.7135
PTC,TID,0.661
PTC,TLD,0.6696
PTC,TLH,0.6638
PTC,TOT,0.6466
PTC,TSC,0.7303
PTC,TTF,0.6649
PTC,TVB,0.6431
PTC,TVD,0.7042
PTC,TVH,-0.6729
PTC,UMC,-0.6705
PTC,VGP,0.6411
PTC,VIG,0.6068
PTC,VKC,-0.6444
PTC,VMT,-0.6824
PTC,VND,0.6195
PTC,VNS,0.6152
PTC,VPH,0.6504
PTD,TRT,0.6127
PTE,SDU,0.6009
PTE,TH1,0.6707
PTE,THU,0.7449
PTE,TVM,0.6254
PTE,UPH,0.6172
PTE,VBH,0.6438
PTE,VES,0.6756
PTE,VIW,0.6694
PTE,VTQ,0.698
PTG,PTL,-0.6488
PTG,PXM,0.6294
PTG,QNP,-0.6609
PTG,QNW,0.6745
PTG,RBC,0.6234
PTG,RCD,0.6161
PTG,SAL,0.7312
PTG,SBG,-0.8386
PTG,SBT,-0.6584
PTG,SCD,0.7215
PTG,SCR,-0.6227
PTG,SDN,-0.6693
PTG,SII,0.7054
PTG,SKG,-0.6154
PTG,SRC,0.6326
PTG,SSF,0.6722
PTG,STG,0.6534
PTG,TAR,0.6875
PTG,TBR,0.6935
PTG,TCJ,0.6348
PTG,TDB,-0.6235
PTG,TDC,-0.6142
PTG,THN,0.7525
PTG,THT,-0.6019
PTG,TL4,0.697
PTG,TMW,0.793
PTG,TOT,-0.6639
PTG,TRT,0.6608
PTG,TSC,-0.7336
PTG,TTF,-0.6237
PTG,TVD,-0.6596
PTG,TVH,0.7634
PTG,UMC,0.7304
PTG,V21,-0.6111
PTG,VCT,0.6719
PTG,VE2,0.8344
PTG,VE3,0.6113
PTG,VGP,-0.6629
PTG,VIG,-0.6047
PTG,VKC,0.6516
PTG,VLP,0.7133
PTG,VMT,0.6289
PTG,VNR,-0.6051
PTG,VNS,-0.682
PTG,VPH,-0.6015
PTG,VSA,-0.6244
PTG,VSF,-0.7442
PTG,VTI,0.699
PTG,VTZ,-0.6431
PTG,VVN,0.606
PTG,X26,0.626
PTG,XHC,0.7356
PTH,PTX,0.6815
PTH,PVY,0.6059
PTH,SGD,0.6356
PTH,STL,0.7796
PTH,TNP,0.7486
PTH,TPS,0.6373
PTH,TVG,0.6412
PTH,VHH,0.6508
PTH,VHL,0.6566
PTH,VSG,0.6414
PTH,VXT,0.6513
PTH,XDH,0.6717
PTH,XPH,0.6415
PTL,TLD,0.6122
PTL,TMW,-0.6024
PTL,TNT,0.614
PTL,TSC,0.7077
PTL,VIG,0.6378
PTL,VNS,0.6136
PTL,VPH,0.6008
PTL,WSS,0.6417
PTM,RGG,0.7131
PTM,SLD,0.7607
PTM,SSH,0.6095
PTM,TAB,0.7175
PTM,TCK,0.6717
PTM,TCX,-0.6678
PTM,TD6,-0.6467
PTM,VCK,-0.6187
PTM,VE8,0.6912
PTM,VMK,0.6147
PTM,VPX,-0.6496
PTO,VIR,0.6087
PTV,PVC,0.6347
PTV,PVO,0.7267
PTV,PVS,0.6618
PTV,PVT,0.6061
PTV,PXT,0.6096
PTV,THT,0.6239
PTV,TVD,0.6233
PTX,PVY,0.6281
PTX,SDK,0.6353
PTX,SGD,0.6975
PTX,THP,0.6278
PTX,VDN,0.6457
PTX,VFC,0.6143
PTX,VXP,0.652
PTX,XDH,0.6589
PTX,XPH,0.6257
PV2,SD5,0.6054
PV2,SHA,0.6612
PV2,TTH,0.6284
PV2,VHG,0.6451
PVB,PVC,0.828
PVB,PVD,0.7947
PVB,PVG,0.6775
PVB,PVO,0.6211
PVB,PVP,0.6932
PVB,PVS,0.787
PVB,PVT,0.7704
PVB,SKG,0.6498
PVB,STB,0.6166
PVB,SZC,0.6239
PVB,TNG,0.7503
PVB,VCI,0.6079
PVB,VGS,0.6372
PVC,PVD,0.8856
PVC,PVG,0.7829
PVC,PVO,0.6713
PVC,PVP,0.6777
PVC,PVS,0.8928
PVC,PVT,0.8408
PVC,PXT,0.6582
PVC,REE,0.6343
PVC,SCR,0.6709
PVC,SHS,0.6365
PVC,SKG,0.6647
PVC,SSI,0.6662
PVC,STB,0.6483
PVC,SZC,0.7276
PVC,TNG,0.7944
PVC,TSC,0.6081
PVC,UDJ,0.6049
PVC,VCG,0.6267
PVC,VCI,0.6471
PVC,VGC,0.6931
PVC,VGS,0.6538
PVC,VGT,0.6113
PVC,VHC,0.7044
PVC,VIB,0.6032
PVC,VIX,0.6255
PVC,VND,0.6377
PVC,VOS,0.6332
PVD,PVG,0.696
PVD,PVP,0.6336
PVD,PVS,0.8964
PVD,PVT,0.8563
PVD,QTP,0.6327
PVD,REE,0.6726
PVD,SBS,0.6485
PVD,SCR,0.6991
PVD,SHB,0.6355
PVD,SHS,0.6975
PVD,SKG,0.6519
PVD,SSI,0.7527
PVD,STB,0.7496
PVD,SZC,0.7438
PVD,TCB,0.6311
PVD,TCH,0.6253
PVD,TCI,0.6532
PVD,TCT,0.6163
PVD,THD,0.6034
PVD,TLH,0.6038
PVD,TNG,0.8221
PVD,TRS,-0.6134
PVD,TSC,0.6255
PVD,TTF,0.6648
PVD,UDJ,0.6373
PVD,VCB,0.6238
PVD,VCG,0.6746
PVD,VCI,0.7352
PVD,VGC,0.7204
PVD,VGS,0.6621
PVD,VGT,0.6256
PVD,VHC,0.7075
PVD,VIB,0.6922
PVD,VIG,0.6004
PVD,VIX,0.6985
PVD,VND,0.6781
PVD,VRE,0.6034
PVE,SEP,0.6095
PVE,VPC,0.6252
PVG,PVO,0.6635
PVG,PVP,0.6129
PVG,PVS,0.6738
PVG,PVT,0.6548
PVG,PXT,0.6373
PVG,QTP,0.652
PVG,REE,0.6595
PVG,SAM,0.6478
PVG,SD5,0.648
PVG,SD9,0.6851
PVG,SKG,0.7025
PVG,TDG,0.6117
PVG,THT,0.6229
PVG,TSC,0.6037
PVG,TVD,0.6822
PVG,VGC,0.6188
PVG,VHC,0.6383
PVG,VNR,0.6586
PVG,VNS,0.6087
PVG,VPH,0.6303
PVH,TAW,0.6183
PVH,THU,0.6004
PVH,TNM,0.6195
PVH,VVN,0.6014
PVL,VNH,0.6451
PVO,PVS,0.6062
PVO,PXT,0.606
PVP,PVS,0.6469
PVP,PVT,0.7665
PVP,QTP,0.6426
PVP,REE,0.6351
PVP,SBT,0.6211
PVP,SKG,0.6276
PVP,SZC,0.6166
PVP,TCM,0.6521
PVP,THT,0.6049
PVP,TLH,0.6079
PVP,TNG,0.7039
PVP,TVD,0.6543
PVP,VGS,0.6435
PVP,VGT,0.6357
PVP,VIP,0.6263
PVP,VLB,0.6347
PVP,VNL,0.6058
PVP,VOS,0.6309
PVR,SHG,0.6209
PVS,PVT,0.8522
PVS,PXT,0.6175
PVS,REE,0.7093
PVS,SBS,0.654
PVS,SCR,0.6463
PVS,SHB,0.6381
PVS,SHS,0.6763
PVS,SSI,0.7236
PVS,STB,0.7396
PVS,SZC,0.7125
PVS,TCB,0.6296
PVS,TCM,0.6278
PVS,TEG,0.6231
PVS,TNG,0.8418
PVS,TSC,0.6134
PVS,TVT,0.6167
PVS,VCB,0.6138
PVS,VCI,0.6667
PVS,VGC,0.6126
PVS,VGS,0.6456
PVS,VGT,0.6708
PVS,VHC,0.7417
PVS,VIB,0.6862
PVS,VIX,0.6465
PVS,VND,0.6926
PVS,VNM,0.6247
PVS,VOS,0.6492
PVT,QTP,0.6985
PVT,REE,0.6788
PVT,SAB,0.6308
PVT,SBS,0.6315
PVT,SBT,0.6
PVT,SCR,0.6269
PVT,SHS,0.695
PVT,SKG,0.6177
PVT,SSI,0.7442
PVT,STB,0.7154
PVT,SZC,0.772
PVT,TCB,0.6039
PVT,TCH,0.6185
PVT,TCM,0.6147
PVT,TLH,0.6107
PVT,TNG,0.8561
PVT,TSC,0.6075
PVT,TVD,0.6102
PVT,VCG,0.6684
PVT,VCI,0.7577
PVT,VGC,0.6302
PVT,VGS,0.6871
PVT,VGT,0.6768
PVT,VHC,0.7128
PVT,VIB,0.6694
PVT,VIX,0.6432
PVT,VND,0.6587
PVT,VOS,0.7313
PVV,TVG,0.6142
PVX,SBR,0.6255
PVX,SEB,0.6353
PVX,SIV,0.6036
PVX,STT,0.6043
PVX,THW,0.6163
PVX,TNW,0.6989
PVX,TTT,0.6096
PVX,TUG,0.6654
PVX,VGP,0.6043
PVX,VPC,0.7159
PVX,VSA,0.6407
PVY,QST,0.6718
PVY,SFN,0.6293
PVY,TSG,0.6586
PVY,TTD,0.7544
PVY,UCT,0.6978
PWS,STL,0.6204
PWS,VBH,0.6669
PWS,VGR,0.612
PWS,VIW,0.6596
PWS,XPH,0.6207
PXA,TA6,0.6525
PXL,S99,0.6236
PXL,SAM,0.7103
PXL,SCR,0.6326
PXL,SD9,0.7525
PXL,SKG,0.7481
PXL,SZC,0.6182
PXL,TA9,0.6261
PXL,TCI,0.6321
PXL,TDC,0.6753
PXL,TID,0.693
PXL,TIG,0.6808
PXL,TIP,0.6528
PXL,TLD,0.6703
PXL,TNA,0.6201
PXL,TNI,0.6086
PXL,TSC,0.6606
PXL,TTF,0.6134
PXL,TVB,0.6266
PXL,VCG,0.6105
PXL,VGC,0.7283
PXL,VIG,0.6007
PXL,VNS,0.6181
PXL,VPH,0.6587
PXM,SAL,0.6267
PXM,SBG,-0.6122
PXM,SBT,-0.6379
PXM,SCD,0.6584
PXM,SDY,0.6309
PXM,THN,0.6441
PXM,THU,0.6088
PXM,TMW,0.6154
PXM,TVH,0.6566
PXM,TW3,0.6457
PXM,VCT,0.6022
PXM,VE2,0.7339
PXM,VE8,0.6589
PXM,VNX,0.7515
PXM,VTI,0.6407
PXM,VVN,0.6268
PXM,VXB,0.603
PXM,X26,0.7382
PXT,SMT,0.6284
QBS,QNP,-0.6906
QBS,RYG,-0.6831
QBS,SBG,-0.6082
QBS,SCC,0.6612
QBS,SCD,0.7416
QBS,SGC,-0.7603
QBS,SPD,-0.7478
QBS,SRA,0.7123
QBS,TA6,0.6036
QBS,TAB,0.6407
QBS,TB8,0.6624
QBS,TCK,0.6685
QBS,THN,0.8382
QBS,TKU,0.6483
QBS,TVA,-0.6869
QBS,UXC,0.7428
QBS,VDG,0.7545
QBS,VE2,0.6302
QBS,VE8,0.7056
QBS,VES,-0.6468
QBS,VGL,-0.6482
QBS,VIR,0.6786
QBS,VKC,0.6262
QBS,VLP,0.7596
QBS,VNH,0.7043
QBS,VPR,-0.6969
QBS,VTH,-0.6297
QBS,VUA,0.7953
QBS,X20,-0.6985
QCG,VPH,0.6164
QHD,RBC,-0.6223
QHD,SAL,-0.6122
QHD,SPH,-0.7907
QHD,SRC,-0.6252
QHD,SSF,-0.6794
QHD,STH,-0.6654
QHD,TCJ,-0.6895
QHD,TRT,-0.6022
QHD,TST,-0.6997
QHD,UDL,-0.6371
QHD,UMC,-0.6961
QHD,VHF,-0.6122
QHD,VTG,-0.7279
QHD,VXB,-0.6188
QHD,VXP,-0.7049
QHD,XDH,-0.6012
QHW,TPS,0.7023
QHW,VNC,0.632
QHW,VPR,0.6687
QNP,SAL,-0.6145
QNP,SBG,0.7565
QNP,SCD,-0.7444
QNP,SGC,0.6507
QNP,SII,-0.6376
QNP,SP2,0.6255
QNP,TB8,-0.6474
QNP,THM,-0.6371
QNP,THN,-0.8021
QNP,TMW,-0.6509
QNP,TVH,-0.6184
QNP,VDG,-0.6332
QNP,VE2,-0.7013
QNP,VGP,0.6085
QNP,VKC,-0.6083
QNP,VLP,-0.7335
QNP,VNH,-0.6487
QNP,VTI,-0.6259
QNS,QTP,0.7548
QNS,RAL,0.6821
QNS,SBG,0.6091
QNS,SBT,0.6074
QNS,SHP,0.6657
QNS,SJD,0.7093
QNS,SKG,0.7061
QNS,SLS,0.647
QNS,STK,0.6227
QNS,SVT,0.6406
QNS,TCL,0.6184
QNS,TDT,0.6164
QNS,TLD,0.6145
QNS,TNA,0.6093
QNS,TRA,0.6113
QNS,TSC,0.6639
QNS,TVB,0.619
QNS,VCS,0.6419
QNS,VID,0.6117
QNS,VNS,0.628
QNT,QST,0.6621
QNT,QTC,0.7491
QNT,SAL,0.7651
QNT,SCG,-0.6046
QNT,SFN,0.6824
QNT,SGT,-0.6024
QNT,SPH,0.6408
QNT,SSF,0.7505
QNT,STS,0.675
QNT,TCJ,0.6436
QNT,TDT,-0.6975
QNT,TNA,-0.6156
QNT,TRT,0.7416
QNT,TST,0.6121
QNT,TVG,0.6083
QNT,TVH,0.767
QNT,UCT,0.7108
QNT,UMC,0.8069
QNT,UPC,0.6683
QNT,V21,-0.6301
QNT,VCT,0.6719
QNT,VE2,0.6083
QNT,VE3,0.6309
QNT,VID,-0.6477
QNT,VTG,0.7192
QNT,VTI,0.8478
QNT,VVN,0.664
QNT,VXB,0.7438
QNT,VXP,0.722
QNT,XHC,0.678
QNU,SCG,-0.6211
QNU,SCO,0.6882
QNU,STS,0.8027
QNU,TAW,0.6497
QNU,TVG,0.8287
QNU,TVH,0.6372
QNU,UDL,0.7175
QNU,VCT,0.6678
QNU,VTG,0.6417
QNU,VVN,0.6213
QNW,RBC,0.6682
QNW,SAL,0.6476
QNW,SFN,0.6844
QNW,SSF,0.6084
QNW,STW,0.6907
QNW,TAN,-0.704
QNW,TBR,0.6268
QNW,TL4,0.6167
QNW,TOT,-0.6089
QNW,TRT,0.6259
QNW,TVH,0.6492
QNW,UMC,0.7073
QNW,VE2,0.6272
QNW,VGP,-0.6324
QNW,VKC,0.6205
QNW,VMT,0.6864
QNW,VTZ,-0.6142
QNW,XHC,0.6818
QPH,RTB,0.7276
QPH,S72,0.6304
QPH,STG,-0.6226
QPH,TTT,0.6549
QPH,VE2,-0.6736
QST,SAL,0.6505
QST,SFN,0.8103
QST,SPH,0.6338
QST,SSF,0.6189
QST,STS,0.6597
QST,TST,0.6389
QST,TVG,0.6215
QST,TVH,0.6395
QST,UCT,0.8359
QST,UDL,0.7053
QST,UMC,0.6747
QST,UPC,0.6738
QST,VTG,0.701
QST,VTI,0.6563
QST,VVN,0.6386
QST,VXB,0.6464
QST,VXP,0.6303
QTC,SAL,0.6753
QTC,SFN,0.636
QTC,SSF,0.6159
QTC,TRT,0.7144
QTC,TVH,0.6528
QTC,UCT,0.6062
QTC,UMC,0.7092
QTC,V21,-0.6228
QTC,VCT,0.6176
QTC,VE2,0.6061
QTC,VIR,0.6882
QTC,VTI,0.7831
QTC,VXB,0.6589
QTC,XHC,0.6886
QTP,RAL,0.6674
QTP,REE,0.6715
QTP,SBT,0.6489
QTP,SD9,0.6651
QTP,SGT,0.6562
QTP,SHA,0.6104
QTP,SJD,0.6766
QTP,SKG,0.6957
QTP,STK,0.6732
QTP,SZC,0.6361
QTP,TCL,0.6833
QTP,TCM,0.6288
QTP,TDT,0.6347
QTP,THT,0.6247
QTP,TIP,0.6278
QTP,TLD,0.6048
QTP,TNA,0.65
QTP,TNG,0.6807
QTP,TNH,0.6558
QTP,TSC,0.6294
QTP,TTA,0.6582
QTP,TVB,0.633
QTP,TVD,0.6589
QTP,TVS,0.679
QTP,TVT,0.612
QTP,UDJ,0.6629
QTP,VEA,0.6404
QTP,VGT,0.7178
QTP,VHC,0.6405
QTP,VIB,0.635
QTP,VIP,0.6065
QTP,VLB,0.6554
QTP,VLC,0.6457
QTP,VNR,0.6247
QTP,VNS,0.6228
QTP,VOS,0.6255
QTP,VTO,0.6387
RAL,SHP,0.6033
RAL,SKG,0.6135
RAL,SLS,0.6821
RAL,SZC,0.6028
RAL,TVB,0.643
RAL,VCP,0.6121
RAL,VCS,0.6182
RAL,VLB,0.6633
RAT,TBD,0.6249
RAT,TRT,-0.6262
RAT,TV1,0.702
RBC,SAL,0.8136
RBC,SCD,0.6495
RBC,SFN,0.6884
RBC,SPH,0.7893
RBC,SSF,0.759
RBC,STS,0.6973
RBC,STW,0.7086
RBC,TAN,-0.6344
RBC,TCJ,0.7867
RBC,TDT,-0.6261
RBC,TGG,-0.6685
RBC,THT,-0.6121
RBC,TOT,-0.6437
RBC,TRT,0.6483
RBC,TST,0.7018
RBC,TVD,-0.6008
RBC,TVH,0.79
RBC,UMC,0.8016
RBC,UPC,0.6363
RBC,VCT,0.6438
RBC,VFG,-0.6242
RBC,VGP,-0.6179
RBC,VHF,0.7658
RBC,VKC,0.666
RBC,VMT,0.7784
RBC,VNR,-0.6403
RBC,VTG,0.7358
RBC,VTI,0.6638
RBC,VVN,0.6328
RBC,VXB,0.7114
RBC,VXP,0.6972
RBC,X26,0.6572
RBC,XHC,0.616
RCC,SDG,0.6127
RCD,SPH,0.6121
RCD,TNB,0.6378
RCD,TVM,0.6085
RCD,VVN,0.6114
RCD,VVS,0.6032
REE,SBT,0.6254
REE,SKG,0.6585
REE,SLS,0.6052
REE,STK,0.6265
REE,SZC,0.6666
REE,TCM,0.7017
REE,THD,0.6649
REE,THG,0.6969
REE,TIP,0.6064
REE,TLH,0.6075
REE,TNG,0.6782
REE,TNH,0.6847
REE,VGC,0.6022
REE,VGS,0.66
REE,VHC,0.7287
REE,VHF,-0.6085
REE,VIB,0.6843
REE,VLC,0.614
REE,VNR,0.6347
REE,VOS,0.6043
REE,VSH,0.7713
RGG,SLD,0.8846
RGG,TCX,-0.7031
RGG,VCR,0.6014
RGG,VE8,0.6153
RTB,S72,0.6155
RTB,SGC,0.6168
RTB,TUG,0.6379
RTB,TVA,0.6026
RTB,VE2,-0.6546
RTB,VGR,0.6249
RTB,VIW,0.6151
RYG,S72,0.6239
RYG,SCD,-0.6629
RYG,SD4,-0.6279
RYG,SLD,-0.6019
RYG,SPD,0.6591
RYG,SRA,-0.6428
RYG,TAB,-0.6393
RYG,TB8,-0.6638
RYG,TCK,-0.6858
RYG,THN,-0.6332
RYG,UXC,-0.7996
RYG,VDG,-0.7015
RYG,VE8,-0.765
RYG,VIR,-0.6345
RYG,VMK,-0.6865
RYG,VUA,-0.7283
S72,SAF,0.6012
S72,SRA,-0.6587
S72,TB8,-0.6122
S72,UXC,-0.6805
S72,VDG,-0.6808
S72,VE2,-0.6124
S72,VUA,-0.6976
S74,SBM,0.6846
S99,SBS,0.6382
S99,SBT,0.6161
S99,SCI,0.8364
S99,SCR,0.6764
S99,SHB,0.6667
S99,SHS,0.6385
S99,SKG,0.6201
S99,SSI,0.6538
S99,TCI,0.7407
S99,TDC,0.6716
S99,TID,0.6028
S99,TIP,0.6297
S99,TLH,0.6741
S99,TNT,0.6275
S99,TVB,0.6873
S99,VC2,0.6076
S99,VC7,0.6057
S99,VCI,0.6162
S99,VDS,0.6081
S99,VGS,0.6504
S99,VIG,0.671
S99,VIX,0.6728
S99,VND,0.6376
S99,WSS,0.7106
SAB,VEA,0.6364
SAB,VNM,0.6328
SAL,SBG,-0.686
SAL,SBT,-0.7022
SAL,SCD,0.783
SAL,SCG,-0.7365
SAL,SFN,0.8329
SAL,SGT,-0.6161
SAL,SHI,-0.6522
SAL,SHP,-0.6112
SAL,SII,0.6257
SAL,SLS,-0.6056
SAL,SPH,0.8495
SAL,SSF,0.9033
SAL,SSM,0.6292
SAL,SSN,0.6189
SAL,STS,0.8318
SAL,STW,0.7045
SAL,TAN,-0.6038
SAL,TBR,0.7169
SAL,TCJ,0.8819
SAL,TDT,-0.7239
SAL,TGG,-0.6486
SAL,THN,0.7028
SAL,THT,-0.6806
SAL,TKC,0.6319
SAL,TNA,-0.6443
SAL,TOT,-0.7387
SAL,TRT,0.7949
SAL,TSC,-0.6566
SAL,TST,0.789
SAL,TVD,-0.6736
SAL,TVH,0.9616
SAL,TW3,0.6082
SAL,UDL,0.6125
SAL,UMC,0.9293
SAL,UPC,0.7157
SAL,V21,-0.6589
SAL,VC3,-0.6006
SAL,VCT,0.8237
SAL,VE2,0.6908
SAL,VFG,-0.6483
SAL,VGL,-0.6152
SAL,VGP,-0.6501
SAL,VHF,0.7045
SAL,VID,-0.6664
SAL,VIR,0.6857
SAL,VKC,0.7751
SAL,VLP,0.6464
SAL,VMS,0.6394
SAL,VMT,0.7439
SAL,VNL,-0.6652
SAL,VNR,-0.6547
SAL,VNS,-0.6277
SAL,VNX,0.658
SAL,VTG,0.826
SAL,VTI,0.8973
SAL,VVN,0.8183
SAL,VXB,0.8943
SAL,VXP,0.7901
SAL,WTC,-0.695
SAL,X26,0.7629
SAL,XDH,0.6439
SAL,XHC,0.7606
SAM,SCR,0.6666
SAM,SD5,0.6347
SAM,SD9,0.7586
SAM,SHB,0.6119
SAM,SKG,0.6618
SAM,TCI,0.6735
SAM,TDC,0.6361
SAM,TDG,0.6211
SAM,TDT,0.6155
SAM,TLD,0.6269
SAM,TNA,0.6469
SAM,TNI,0.6855
SAM,TTS,-0.6
SAM,TVS,0.603
SAM,VNR,0.6148
SAM,VNS,0.6449
SAM,VPH,0.655
SAS,SGP,0.6456
SAS,TCW,0.6181
SAS,TTN,0.6839
SAS,TYA,0.6122
SBB,SVT,0.6073
SBD,VSM,0.6039
SBG,SBT,0.6642
SBG,SCD,-0.7689
SBG,SGC,0.6414
SBG,SII,-0.7766
SBG,SIV,0.6084
SBG,SKG,0.6786
SBG,SLS,0.6189
SBG,SP2,0.628
SBG,SSF,-0.6093
SBG,TAL,0.7388
SBG,TAR,-0.6488
SBG,TB8,-0.6212
SBG,TBR,-0.7071
SBG,TDB,0.639
SBG,TDC,0.6657
SBG,THM,-0.6593
SBG,THN,-0.821
SBG,TMW,-0.7419
SBG,TOT,0.6456
SBG,TSC,0.7434
SBG,TTE,-0.603
SBG,TVD,0.6551
SBG,TVH,-0.7089
SBG,UMC,-0.6423
SBG,VCT,-0.6077
SBG,VE2,-0.777
SBG,VGP,0.639
SBG,VGR,0.6022
SBG,VKC,-0.6977
SBG,VLP,-0.7681
SBG,VNH,-0.6345
SBG,VNS,0.6814
SBG,VPH,0.6027
SBG,VRG,0.6012
SBG,VSF,0.6282
SBG,VTI,-0.6788
SBG,VVN,-0.6046
SBG,WTC,0.6223
SBH,YTC,0.6362
SBR,TNW,0.6171
SBR,TTT,0.6307
SBS,SBT,0.6396
SBS,SCR,0.784
SBS,SGB,0.6212
SBS,SGT,0.6079
SBS,SHB,0.7628
SBS,SHS,0.827
SBS,SSI,0.8406
SBS,STB,0.7595
SBS,SZC,0.6896
SBS,TCB,0.7305
SBS,TCH,0.6083
SBS,TCI,0.745
SBS,TIG,0.6097
SBS,TLH,0.721
SBS,TNG,0.7288
SBS,TNT,0.6049
SBS,TPB,0.6431
SBS,TSC,0.6599
SBS,TTF,0.6965
SBS,TVB,0.7287
SBS,VBB,0.6652
SBS,VC2,0.6156
SBS,VCG,0.6309
SBS,VCI,0.7813
SBS,VDS,0.6601
SBS,VGS,0.7082
SBS,VGT,0.6942
SBS,VHC,0.6228
SBS,VIB,0.6912
SBS,VIG,0.7228
SBS,VIX,0.7128
SBS,VLB,0.711
SBS,VND,0.8183
SBS,WSS,0.7773
SBT,SCD,-0.6219
SBT,SCR,0.7063
SBT,SGT,0.69
SBT,SHB,0.6268
SBT,SHS,0.6187
SBT,SKG,0.7248
SBT,SLS,0.6998
SBT,SSF,-0.6655
SBT,SSI,0.687
SBT,SZC,0.6842
SBT,TB8,-0.6054
SBT,TCI,0.6955
SBT,TCJ,-0.616
SBT,TDC,0.7061
SBT,TDG,0.6156
SBT,THN,-0.6215
SBT,TIP,0.6995
SBT,TLD,0.6352
SBT,TLH,0.7654
SBT,TNA,0.7012
SBT,TNG,0.6539
SBT,TNH,0.6006
SBT,TOT,0.7098
SBT,TSC,0.7576
SBT,TTF,0.6078
SBT,TVB,0.66
SBT,TVD,0.6693
SBT,TVH,-0.7139
SBT,UMC,-0.6449
SBT,VCI,0.6725
SBT,VCT,-0.6362
SBT,VDG,-0.6108
SBT,VE2,-0.6713
SBT,VGP,0.6181
SBT,VGS,0.693
SBT,VIB,0.6559
SBT,VID,0.6372
SBT,VIG,0.6745
SBT,VLB,0.6634
SBT,VND,0.6317
SBT,VNR,0.6262
SBT,VNS,0.6375
SBT,VOS,0.647
SBT,VPH,0.6859
SBT,VTI,-0.6608
SBT,VTZ,0.6563
SBT,VVN,-0.6083
SBT,VXB,-0.6411
SBT,WSS,0.6572
SBT,WTC,0.6042
SBT,X26,-0.6228
SBV,SIV,-0.6122
SBV,SPD,-0.6642
SBV,VBH,-0.6579
SBV,VES,-0.6292
SBV,VPR,-0.6315
SCC,TB8,0.621
SCC,THN,0.6822
SCC,TVC,-0.6209
SCC,VLP,0.6069
SCD,SD4,0.6638
SCD,SGC,-0.7196
SCD,SGS,0.6435
SCD,SII,0.6928
SCD,SKG,-0.6077
SCD,SP2,-0.7205
SCD,SRA,0.6559
SCD,SSF,0.6879
SCD,STG,0.64
SCD,TB8,0.7585
SCD,TBR,0.6133
SCD,TCJ,0.7711
SCD,TDB,-0.6712
SCD,THM,0.6204
SCD,THN,0.8729
SCD,TMW,0.6406
SCD,TNA,-0.6706
SCD,TOT,-0.6538
SCD,TSA,-0.6077
SCD,TSC,-0.6358
SCD,TST,0.6476
SCD,TVA,-0.6065
SCD,TVH,0.7374
SCD,UMC,0.6892
SCD,UXC,0.6421
SCD,VDG,0.7098
SCD,VE2,0.7014
SCD,VE8,0.7027
SCD,VFG,-0.6191
SCD,VGL,-0.7026
SCD,VGP,-0.7365
SCD,VIR,0.6428
SCD,VKC,0.6569
SCD,VLP,0.7892
SCD,VMS,0.6253
SCD,VNH,0.6334
SCD,VNS,-0.669
SCD,VNX,0.6115
SCD,VPH,-0.6327
SCD,VSF,-0.6699
SCD,VTH,-0.6828
SCD,VTI,0.7324
SCD,VUA,0.6548
SCD,VXB,0.6832
SCG,SCO,-0.7325
SCG,SFN,-0.6957
SCG,SHP,0.6115
SCG,SPH,-0.6757
SCG,SSF,-0.6999
SCG,STS,-0.743
SCG,TAW,-0.6738
SCG,TRT,-0.6589
SCG,TVG,-0.6849
SCG,TVH,-0.7459
SCG,UMC,-0.7026
SCG,VCT,-0.6855
SCG,VID,0.6147
SCG,VTG,-0.6872
SCG,VTI,-0.6388
SCG,VVN,-0.6892
SCG,VXB,-0.7435
SCG,VXP,-0.6469
SCG,WTC,0.6381
SCG,X26,-0.6557
SCG,XHC,-0.6287
SCI,SZC,0.6057
SCI,TCI,0.6202
SCI,TDC,0.6639
SCI,TIP,0.6127
SCI,TLH,0.6437
SCI,TNT,0.6125
SCI,VC2,0.6341
SCI,VGS,0.6279
SCI,VIX,0.6262
SCJ,TOT,0.6352
SCJ,TVD,0.6098
SCO,STS,0.7744
SCO,TAW,0.79
SCO,TVG,0.7132
SCO,TVH,0.6637
SCO,USC,0.6053
SCO,VCT,0.739
SCO,VVN,0.6592
SCO,VXB,0.6678
SCO,X26,0.6293
SCR,SEB,0.6292
SCR,SHB,0.7839
SCR,SHS,0.7999
SCR,SKG,0.72
SCR,SSI,0.8389
SCR,STB,0.745
SCR,STW,-0.6371
SCR,SZC,0.7271
SCR,TAN,0.6268
SCR,TCB,0.6336
SCR,TCH,0.6738
SCR,TCI,0.7651
SCR,TDC,0.6694
SCR,TEG,0.6163
SCR,TGG,0.6126
SCR,THD,0.7047
SCR,THG,0.6042
SCR,TID,0.644
SCR,TIG,0.6657
SCR,TLD,0.6396
SCR,TLH,0.7053
SCR,TNG,0.7177
SCR,TNI,0.6504
SCR,TOT,0.6606
SCR,TPB,0.7273
SCR,TSC,0.7221
SCR,TTF,0.7712
SCR,TVB,0.6838
SCR,TVD,0.6618
SCR,VCG,0.7339
SCR,VCI,0.7943
SCR,VGC,0.7168
SCR,VGS,0.6788
SCR,VHC,0.6918
SCR,VHG,0.6196
SCR,VIB,0.7586
SCR,VIG,0.7234
SCR,VIX,0.7461
SCR,VLB,0.6859
SCR,VMT,-0.6922
SCR,VND,0.8165
SCR,VNR,0.6137
SCR,VPB,0.6498
SCR,VPH,0.6246
SCR,WSS,0.6927
SCS,SGN,0.6288
SCS,VEA,0.6294
SD4,TAB,0.6085
SD4,TB8,0.6464
SD4,TW3,0.6639
SD4,UXC,0.6333
SD4,VDG,0.6663
SD4,VE8,0.6526
SD4,VMK,0.6064
SD4,VMS,0.608
SD5,SD9,0.6812
SD5,SHA,0.6091
SD5,SHI,0.6154
SD5,SSF,-0.6152
SD5,TCL,0.6197
SD5,TDG,0.6566
SD5,TDT,0.6156
SD5,THT,0.6013
SD5,TVD,0.6001
SD6,SDD,0.6031
SD7,TVM,0.6237
SD7,VMT,0.6447
SD8,THU,0.6864
SD9,SKG,0.6956
SD9,SSF,-0.6001
SD9,TCJ,-0.6239
SD9,TDB,0.6151
SD9,TDG,0.6517
SD9,TDT,0.6337
SD9,TID,0.6203
SD9,TIP,0.6054
SD9,TLD,0.6781
SD9,TNA,0.7064
SD9,TNI,0.6119
SD9,TSC,0.6115
SD9,TVS,0.6034
SD9,VC3,0.6143
SD9,VNS,0.6562
SD9,VPH,0.6898
SDA,SDD,0.6373
SDA,TCD,0.6195
SDA,TNI,0.7203
SDA,VDT,0.6109
SDG,VDL,0.6098
SDN,SIV,0.614
SDN,TDB,0.6053
SDN,TMW,-0.738
SDY,THU,0.6865
SDY,X26,0.6592
SEB,STW,-0.7486
SEB,TAN,0.6777
SEB,TOT,0.6516
SEB,TTS,-0.6058
SEB,TUG,0.6066
SEB,UMC,-0.6011
SEB,VGP,0.7375
SEB,VMT,-0.6682
SEB,VNC,0.6153
SEB,VSF,0.6316
SEB,VTZ,0.6376
SED,THG,0.6191
SEP,VTQ,0.6084
SFN,SPH,0.6884
SFN,SSF,0.7577
SFN,SSM,0.6165
SFN,STS,0.7162
SFN,STW,0.68
SFN,TAN,-0.6135
SFN,TBR,0.6608
SFN,TCJ,0.7145
SFN,TDT,-0.6346
SFN,THT,-0.6395
SFN,TRT,0.7491
SFN,TST,0.6464
SFN,TVD,-0.6095
SFN,TVH,0.7986
SFN,UCT,0.6973
SFN,UDL,0.6566
SFN,UMC,0.8293
SFN,UPC,0.6916
SFN,VCT,0.7033
SFN,VHF,0.62
SFN,VID,-0.6076
SFN,VKC,0.7189
SFN,VMT,0.6708
SFN,VNF,-0.6754
SFN,VNL,-0.6768
SFN,VTG,0.7393
SFN,VTI,0.7575
SFN,VVN,0.7066
SFN,VXB,0.7208
SFN,VXP,0.6908
SFN,X26,0.6342
SFN,XHC,0.6814
SGB,SSI,0.606
SGB,VND,0.6183
SGC,TB8,-0.6218
SGC,THN,-0.7794
SGC,TVA,0.6539
SGC,VDG,-0.6257
SGC,VES,0.6529
SGC,VGL,0.6475
SGC,VGP,0.6231
SGC,VGR,0.6477
SGC,VLP,-0.742
SGC,VNH,-0.6424
SGC,VPR,0.6314
SGC,VTH,0.7132
SGD,VXP,0.6726
SGD,XDH,0.6923
SGN,VNG,0.616
SGP,TCL,0.6668
SGP,VCS,0.6033
SGP,VEA,0.6581
SGP,VGT,0.6909
SGP,VLC,0.7029
SGP,VNA,0.6764
SGP,VNF,0.6549
SGP,VOS,0.6076
SGP,VTO,0.6237
SGR,VHE,0.6045
SGS,TB8,0.6052
SGS,VDG,0.608
SGS,VE8,0.6049
SGT,SHA,0.6094
SGT,SSF,-0.6193
SGT,TCI,0.7119
SGT,TDC,0.6124
SGT,TDG,0.6251
SGT,TDT,0.69
SGT,TIP,0.6448
SGT,TLD,0.6727
SGT,TLH,0.6908
SGT,TNA,0.6878
SGT,TSC,0.6192
SGT,TVB,0.6675
SGT,TVH,-0.6554
SGT,TVS,0.6389
SGT,VGS,0.6225
SGT,VGT,0.6178
SGT,VHE,0.601
SGT,VIG,0.6451
SGT,VIP,0.6157
SGT,VNL,0.6238
SGT,VOS,0.6506
SGT,VPH,0.6547
SGT,VTI,-0.6466
SGT,WSS,0.6583
SHA,TDG,0.6158
SHA,TLD,0.6362
SHA,UPC,-0.6433
SHA,VID,0.6021
SHB,SHS,0.7614
SHB,SKG,0.6231
SHB,SSI,0.7872
SHB,STB,0.7265
SHB,SZC,0.7145
SHB,TCB,0.7544
SHB,TCI,0.7685
SHB,THD,0.6433
SHB,TID,0.646
SHB,TIG,0.6037
SHB,TLH,0.6645
SHB,TNG,0.666
SHB,TPB,0.7981
SHB,TSC,0.6265
SHB,TTF,0.7089
SHB,TVB,0.6805
SHB,VCB,0.6106
SHB,VCG,0.6249
SHB,VCI,0.7438
SHB,VDS,0.6294
SHB,VGC,0.636
SHB,VGS,0.6186
SHB,VGT,0.6346
SHB,VHC,0.6613
SHB,VIB,0.7365
SHB,VIG,0.6948
SHB,VIX,0.6956
SHB,VMT,-0.6508
SHB,VND,0.7843
SHB,VPB,0.732
SHB,WSS,0.7229
SHI,SPH,-0.7405
SHI,SSF,-0.694
SHI,STS,-0.66
SHI,TRT,-0.6521
SHI,TST,-0.6453
SHI,TTF,0.6592
SHI,TVH,-0.6881
SHI,TVM,-0.6049
SHI,UDL,-0.6281
SHI,UMC,-0.7082
SHI,VCM,-0.6043
SHI,VCT,-0.6054
SHI,VMT,-0.6658
SHI,VTG,-0.7352
SHI,VXB,-0.6227
SHI,VXP,-0.6731
SHP,STS,-0.6295
SHP,TAW,-0.6613
SHP,TVH,-0.6432
SHP,VCT,-0.6017
SHP,VID,0.6348
SHP,VNX,-0.6063
SHP,VTI,-0.6043
SHP,VVN,-0.7064
SHP,VXB,-0.6055
SHP,X26,-0.6622
SHS,SSI,0.9514
SHS,STB,0.8035
SHS,SZC,0.7122
SHS,TCB,0.7639
SHS,TCH,0.7444
SHS,TCI,0.7507
SHS,TIG,0.6291
SHS,TLH,0.6918
SHS,TNG,0.7424
SHS,TNT,0.6541
SHS,TPB,0.701
SHS,TTF,0.6586
SHS,TVB,0.6336
SHS,VC2,0.6097
SHS,VCG,0.7596
SHS,VCI,0.9093
SHS,VDS,0.7088
SHS,VGC,0.6462
SHS,VGS,0.7312
SHS,VIB,0.7596
SHS,VIG,0.6508
SHS,VIX,0.872
SHS,VLB,0.6616
SHS,VND,0.8836
SHS,VPB,0.7335
SHS,VRE,0.6147
SHS,WSS,0.7372
SIG,SSN,0.6088
SII,STP,0.6151
SII,TAR,0.648
SII,TBR,0.6301
SII,THN,0.7534
SII,TSC,-0.6276
SII,TVH,0.655
SII,VGP,-0.6133
SII,VKC,0.6705
SII,VLP,0.6861
SII,VVN,0.6051
SIP,SNZ,0.6362
SIP,VCS,0.6045
SIP,VTP,0.6189
SIV,SP2,0.6037
SIV,STL,0.6162
SIV,TDB,0.6514
SIV,TDS,0.64
SIV,TPS,0.714
SIV,TVA,0.6249
SIV,VGP,0.6559
SIV,VNC,0.6328
SIV,VPC,0.6944
SIV,VPR,0.6655
SJD,SKG,0.6598
SJD,VIP,0.6425
SJD,VNR,0.6125
SJD,VPH,0.6097
SKG,SLS,0.6318
SKG,SSI,0.6202
SKG,STK,0.6366
SKG,SZC,0.7274
SKG,SZL,0.6849
SKG,TA9,0.6762
SKG,TCI,0.6698
SKG,TCM,0.612
SKG,TDB,0.6184
SKG,TDC,0.7188
SKG,THD,0.6372
SKG,THG,0.6616
SKG,TID,0.6448
SKG,TIG,0.6573
SKG,TIP,0.7646
SKG,TLD,0.707
SKG,TLH,0.6824
SKG,TMB,0.6196
SKG,TNA,0.6546
SKG,TNG,0.6424
SKG,TNH,0.6233
SKG,TOT,0.605
SKG,TSC,0.7486
SKG,TTF,0.6092
SKG,TVB,0.6564
SKG,TVC,0.6128
SKG,TVD,0.6735
SKG,UDJ,0.6037
SKG,VCG,0.6471
SKG,VCI,0.6639
SKG,VFG,0.6358
SKG,VGC,0.7225
SKG,VGP,0.6879
SKG,VGS,0.7034
SKG,VHC,0.6738
SKG,VIB,0.6125
SKG,VIG,0.6808
SKG,VIX,0.6001
SKG,VLB,0.6076
SKG,VNR,0.7263
SKG,VNS,0.7544
SKG,VPD,0.6244
SKG,VPH,0.7166
SKG,VRG,0.6138
SKG,VSH,0.6297
SKN,TUG,0.6094
SLD,SSH,0.6039
SLD,TAB,0.6758
SLD,TCX,-0.6271
SLD,VCK,-0.6388
SLD,VCR,0.6336
SLD,VE8,0.6835
SLD,VMK,0.747
SLD,VPX,-0.7168
SLS,SSI,0.6003
SLS,SZC,0.6106
SLS,TCW,0.6468
SLS,TDG,0.621
SLS,THG,0.6004
SLS,TIP,0.6148
SLS,TLH,0.6549
SLS,TOT,0.6032
SLS,TSC,0.6369
SLS,TVH,-0.604
SLS,VLB,0.6459
SLS,VLC,0.6144
SLS,VNL,0.6278
SLS,VVN,-0.6178
SLS,WTC,0.6237
SLS,X26,-0.6054
SMN,TOW,0.605
SNZ,VRG,0.6388
SP2,TB8,-0.6772
SP2,TCJ,-0.6218
SP2,TDB,0.6774
SP2,THN,-0.6745
SP2,THW,0.6984
SP2,UEM,-0.6428
SP2,VDG,-0.6224
SP2,VGP,0.6925
SP2,VPR,0.6617
SP2,VTH,0.6701
SPB,TAB,0.6068
SPB,TCK,0.6118
SPB,USD,-0.6328
SPB,VMK,0.6133
SPD,SSH,-0.7152
SPD,TCK,-0.6617
SPD,TDW,0.6055
SPD,TOW,0.6765
SPD,TSD,0.6192
SPD,TVA,0.6458
SPD,TVM,0.7053
SPD,UXC,-0.7017
SPD,VBH,0.7959
SPD,VDG,-0.6538
SPD,VE8,-0.6267
SPD,VES,0.6739
SPD,VIW,0.6589
SPD,VMK,-0.6166
SPD,VPR,0.8144
SPD,VTQ,0.6921
SPD,VUA,-0.7467
SPD,X20,0.7227
SPD,XPH,0.7237
SPH,SSF,0.9092
SPH,STH,0.6069
SPH,STS,0.7384
SPH,TBR,0.6251
SPH,TCJ,0.8657
SPH,TDT,-0.6297
SPH,THT,-0.6259
SPH,TKC,0.6831
SPH,TRT,0.7302
SPH,TST,0.877
SPH,TVG,0.6249
SPH,TVH,0.8483
SPH,TVM,0.6212
SPH,UDL,0.7201
SPH,UMC,0.854
SPH,UPC,0.6287
SPH,USC,0.6183
SPH,VCM,0.7323
SPH,VCT,0.6822
SPH,VHF,0.7078
SPH,VIE,0.6104
SPH,VMD,-0.6223
SPH,VMT,0.6929
SPH,VTG,0.9015
SPH,VTI,0.6895
SPH,VVN,0.6986
SPH,VXB,0.8534
SPH,VXP,0.8918
SPH,XDH,0.7664
SPH,XHC,0.6057
SRA,TB8,0.7157
SRA,THN,0.6531
SRA,UXC,0.7084
SRA,VDG,0.712
SRA,VGL,-0.6288
SRA,VUA,0.7412
SRA,WSB,0.6611
SRB,VHG,0.7023
SSC,TUG,0.6057
SSC,VGL,0.6323
SSF,SSM,0.6509
SSF,STS,0.735
SSF,STW,0.6127
SSF,TBR,0.7446
SSF,TCJ,0.8791
SSF,TDT,-0.7147
SSF,TGG,-0.6262
SSF,THN,0.6035
SSF,THT,-0.6648
SSF,TKC,0.7707
SSF,TNA,-0.6613
SSF,TOT,-0.6363
SSF,TRT,0.7872
SSF,TSC,-0.64
SSF,TST,0.7871
SSF,TVD,-0.6681
SSF,TVH,0.9128
SSF,UDL,0.6426
SSF,UMC,0.9077
SSF,UPC,0.7201
SSF,V21,-0.6498
SSF,VCM,0.6477
SSF,VCT,0.7401
SSF,VGP,-0.6065
SSF,VHF,0.6353
SSF,VID,-0.6209
SSF,VKC,0.6736
SSF,VMD,-0.6111
SSF,VMT,0.6929
SSF,VNL,-0.6148
SSF,VNR,-0.6321
SSF,VTG,0.8057
SSF,VTI,0.8149
SSF,VVN,0.7363
SSF,VXB,0.8939
SSF,VXP,0.9261
SSF,WTC,-0.6271
SSF,X26,0.6545
SSF,XDH,0.7011
SSF,XHC,0.6547
SSG,TOT,0.6002
SSG,TVD,0.6343
SSG,VFG,0.6487
SSH,TAB,0.6103
SSH,TCK,0.6525
SSH,VCR,0.6318
SSH,VE8,0.6102
SSH,VMK,0.6928
SSI,STB,0.8432
SSI,SZC,0.7685
SSI,TCB,0.7635
SSI,TCH,0.7413
SSI,TCI,0.7586
SSI,THD,0.6381
SSI,TIG,0.6176
SSI,TLH,0.723
SSI,TNG,0.7729
SSI,TNT,0.6726
SSI,TPB,0.7367
SSI,TSC,0.6824
SSI,TTF,0.7258
SSI,TVB,0.6613
SSI,VBB,0.6124
SSI,VC2,0.6205
SSI,VCG,0.7649
SSI,VCI,0.9246
SSI,VDS,0.7044
SSI,VGC,0.6738
SSI,VGS,0.7284
SSI,VGT,0.6095
SSI,VHC,0.668
SSI,VIB,0.8095
SSI,VIG,0.6866
SSI,VIX,0.8649
SSI,VLB,0.7058
SSI,VND,0.9131
SSI,VPB,0.7147
SSI,VRE,0.6275
SSI,WSS,0.739
SSM,TCJ,0.6402
SSM,TW3,0.6365
SSM,UMC,0.6241
SSM,UPC,0.6045
SSM,VTI,0.6258
SSM,VXB,0.6076
SSM,VXP,0.6346
SSN,STS,0.6072
SSN,TIE,0.6024
SSN,TVH,0.6373
SSN,UMC,0.7029
SSN,VCT,0.6177
SSN,VHF,0.6109
SSN,VKC,0.6054
SSN,VXB,0.6525
STB,SZC,0.6916
STB,TCB,0.7912
STB,TCH,0.6899
STB,TCI,0.6764
STB,TCT,0.6036
STB,TEG,0.6105
STB,THD,0.6581
STB,TLH,0.6063
STB,TNG,0.762
STB,TPB,0.7243
STB,TTF,0.6898
STB,UDJ,0.6077
STB,VCB,0.6601
STB,VCG,0.6741
STB,VCI,0.7704
STB,VGT,0.6299
STB,VHC,0.6184
STB,VIB,0.7399
STB,VIX,0.7218
STB,VLB,0.6551
STB,VND,0.7545
STB,VNM,0.606
STB,VPB,0.7501
STB,VRE,0.7089
STB,WSS,0.6132
STG,TMW,0.6403
STG,VE2,0.6295
STK,TCL,0.6089
STK,TCM,0.6378
STK,TNH,0.6868
STK,VCS,0.6593
STK,VGS,0.6553
STK,VGT,0.6273
STK,VLC,0.6105
STK,VTO,0.6155
STL,TNM,0.6206
STL,TNP,0.8433
STL,TOP,0.7081
STL,TPS,0.7594
STL,TSD,0.6374
STL,TVA,0.657
STL,TVG,0.6492
STL,VES,0.6107
STL,VHH,0.6256
STL,VPC,0.756
STL,VPR,0.6862
STL,VSG,0.7031
STL,VXT,0.7075
STS,STW,0.6118
STS,TAW,0.7397
STS,TCJ,0.6245
STS,TCL,-0.6358
STS,THU,0.6677
STS,TRT,0.6601
STS,TST,0.6531
STS,TVG,0.7933
STS,TVH,0.8889
STS,UCT,0.6423
STS,UDL,0.697
STS,UMC,0.7851
STS,UPC,0.6202
STS,VCT,0.9171
STS,VHF,0.6453
STS,VID,-0.6308
STS,VKC,0.7076
STS,VMT,0.6795
STS,VNL,-0.667
STS,VTG,0.7771
STS,VTI,0.7393
STS,VVN,0.8445
STS,VXB,0.7835
STS,VXP,0.6569
STS,X26,0.8301
STS,XHC,0.7067
STW,TAN,-0.7743
STW,TBR,0.6283
STW,TCJ,0.6134
STW,TGG,-0.6795
STW,THT,-0.613
STW,THW,-0.6406
STW,TOT,-0.6994
STW,TTS,0.7325
STW,TVD,-0.6523
STW,TVH,0.6609
STW,UEM,0.7271
STW,UMC,0.7112
STW,VFG,-0.6408
STW,VGP,-0.6458
STW,VHF,0.7968
STW,VKC,0.6735
STW,VMT,0.8654
STW,VNF,-0.6237
STW,VNL,-0.6296
STW,VNR,-0.6467
STW,VSA,-0.6087
STW,VSI,-0.6228
STW,VTZ,-0.619
STW,X26,0.6401
SVT,THN,-0.621
SZC,TCB,0.6529
SZC,TCH,0.6697
SZC,TCI,0.6781
SZC,TCM,0.6235
SZC,TDC,0.6063
SZC,THD,0.6363
SZC,TID,0.6594
SZC,TIG,0.6666
SZC,TIP,0.74
SZC,TLD,0.6262
SZC,TLH,0.7084
SZC,TNG,0.8131
SZC,TPB,0.6082
SZC,TSC,0.6682
SZC,TTF,0.6396
SZC,TVB,0.6483
SZC,VCG,0.7407
SZC,VCI,0.7923
SZC,VCS,0.6061
SZC,VGC,0.768
SZC,VGS,0.7544
SZC,VGT,0.6539
SZC,VHC,0.7814
SZC,VIB,0.7178
SZC,VIG,0.7106
SZC,VIX,0.6818
SZC,VLB,0.6559
SZC,VND,0.7015
SZC,VOS,0.6861
SZC,VPH,0.6534
SZC,VRG,0.614
SZL,TCT,0.6316
SZL,THG,0.6256
SZL,VCG,0.614
SZL,VGC,0.6015
SZL,VPD,0.6084
TA6,VIR,0.6993
TA9,VPR,0.6005
TAB,TCK,0.8789
TAB,TD6,-0.7017
TAB,TDW,-0.6634
TAB,UXC,0.649
TAB,VE8,0.6721
TAB,VMK,0.8096
TAB,VPL,-0.6719
TAB,VTQ,-0.655
TAB,VUA,0.6098
TAB,X20,-0.6098
TAL,TSC,0.6499
TAN,TBR,-0.6436
TAN,TOT,0.6178
TAN,TRT,-0.6422
TAN,TTS,-0.7094
TAN,TVD,0.6104
TAN,TVM,-0.6363
TAN,UMC,-0.6688
TAN,VMT,-0.8402
TAN,VNL,0.6367
TAN,VVS,-0.6435
TAR,THN,0.6313
TAR,TRT,0.6138
TAR,TVH,0.6265
TAR,VE2,0.6292
TAR,VGR,-0.6562
TAR,VKC,0.6207
TAR,VLP,0.6245
TAW,TNM,0.7255
TAW,TVG,0.7668
TAW,TVH,0.6507
TAW,VCT,0.7062
TAW,VIR,0.6454
TAW,VTI,0.6195
TAW,VVN,0.7045
TAW,VXB,0.6728
TAW,X26,0.6172
TB8,THM,0.621
TB8,THN,0.7762
TB8,TNA,-0.6223
TB8,TSA,-0.7118
TB8,UXC,0.6666
TB8,VDG,0.8353
TB8,VE2,0.6271
TB8,VE8,0.6756
TB8,VGL,-0.6619
TB8,VGP,-0.6052
TB8,VLP,0.6519
TB8,VMS,0.6399
TB8,VPR,-0.7136
TB8,VTH,-0.6745
TB8,VUA,0.6728
TBD,VDL,0.608
TBR,TCJ,0.6043
TBR,TKC,0.6068
TBR,TOT,-0.6122
TBR,TRT,0.6947
TBR,TSC,-0.6226
TBR,TST,0.6001
TBR,TVD,-0.634
TBR,TVH,0.7274
TBR,UMC,0.7336
TBR,UPC,0.6248
TBR,VCT,0.6452
TBR,VE2,0.6146
TBR,VKC,0.664
TBR,VMT,0.6142
TBR,VNR,-0.6138
TBR,VTI,0.6804
TBR,VVN,0.6017
TBR,VXB,0.6832
TBR,VXP,0.6299
TBR,WTC,-0.6132
TCB,TCH,0.6498
TCB,TCT,0.6252
TCB,TNG,0.6478
TCB,TPB,0.7032
TCB,TVB,0.6113
TCB,TVT,0.6065
TCB,VBB,0.6015
TCB,VCB,0.6154
TCB,VCG,0.6354
TCB,VCI,0.7187
TCB,VCS,0.6559
TCB,VDS,0.6318
TCB,VGS,0.6084
TCB,VGT,0.6359
TCB,VIB,0.7514
TCB,VIX,0.6901
TCB,VLB,0.6004
TCB,VND,0.7102
TCB,VPB,0.7617
TCB,VRE,0.6697
TCD,TNI,0.6079
TCD,TTF,0.6033
TCD,VGC,0.647
TCD,VIX,0.6005
TCH,TCI,0.6237
TCH,TIG,0.6366
TCH,TLH,0.6126
TCH,TNG,0.6468
TCH,TNI,0.6121
TCH,TPB,0.6381
TCH,VCG,0.7675
TCH,VCI,0.6984
TCH,VGC,0.6479
TCH,VGS,0.6858
TCH,VGT,0.612
TCH,VIB,0.6286
TCH,VIX,0.7357
TCH,VND,0.676
TCH,VPB,0.6467
TCH,VRE,0.6282
TCI,TDC,0.6721
TCI,TDT,0.6436
TCI,TID,0.6699
TCI,TIP,0.6498
TCI,TLD,0.6368
TCI,TLH,0.7337
TCI,TNA,0.6209
TCI,TNG,0.6757
TCI,TNI,0.6161
TCI,TOT,0.6056
TCI,TPB,0.6604
TCI,TSC,0.6397
TCI,TTF,0.679
TCI,TVB,0.7652
TCI,TVC,0.6293
TCI,TVS,0.6077
TCI,VCG,0.6204
TCI,VCI,0.7516
TCI,VGC,0.6218
TCI,VGS,0.7221
TCI,VIB,0.6721
TCI,VIG,0.7445
TCI,VIX,0.6984
TCI,VND,0.7331
TCI,VNR,0.6109
TCI,WSS,0.7415
TCJ,TDB,-0.6101
TCJ,TDT,-0.6286
TCJ,TGG,-0.653
TCJ,THT,-0.6182
TCJ,TKC,0.6891
TCJ,TNA,-0.6443
TCJ,TOT,-0.6579
TCJ,TRT,0.6841
TCJ,TSC,-0.6175
TCJ,TST,0.7996
TCJ,TVD,-0.624
TCJ,TVH,0.8252
TCJ,UMC,0.839
TCJ,UPC,0.6717
TCJ,VCT,0.6191
TCJ,VGP,-0.6535
TCJ,VHF,0.7097
TCJ,VKC,0.6511
TCJ,VMT,0.6838
TCJ,VSF,-0.6335
TCJ,VTG,0.7404
TCJ,VTI,0.7527
TCJ,VXB,0.8324
TCJ,VXP,0.8386
TCJ,XDH,0.7394
TCJ,XHC,0.6005
TCK,TD6,-0.6971
TCK,TVA,-0.6206
TCK,USD,-0.6167
TCK,UXC,0.8017
TCK,VDG,0.6166
TCK,VE8,0.6719
TCK,VIC,0.675
TCK,VJC,0.6246
TCK,VMK,0.8315
TCK,VSC,0.6062
TCK,VUA,0.7015
TCK,X20,-0.6229
TCL,TCM,0.6035
TCL,TCW,0.6428
TCL,THT,0.6313
TCL,TVD,0.6454
TCL,TVH,-0.6111
TCL,VMT,-0.6143
TCL,VNL,0.7189
TCL,VTO,0.608
TCM,TEG,0.6022
TCM,TIG,0.6037
TCM,TLH,0.6197
TCM,TNG,0.6465
TCM,VCS,0.6119
TCM,VEA,0.6163
TCM,VGT,0.6726
TCM,VHC,0.6205
TCM,VIB,0.6031
TCM,VLC,0.6483
TCM,VMT,-0.6042
TCM,VNL,0.653
TCT,VGC,0.6224
TCW,THG,0.6554
TCX,VCK,0.6646
TCX,VPX,0.6914
TD6,UXC,-0.6195
TD6,VDG,-0.6831
TD6,VTQ,0.6111
TDB,TET,0.6602
TDB,THN,-0.616
TDB,THW,0.6054
TDB,TKC,-0.6278
TDB,TSB,0.6552
TDB,VGP,0.7445
TDB,VNS,0.6235
TDB,VPR,0.6377
TDB,VSF,0.7092
TDC,TDG,0.6125
TDC,TIG,0.6767
TDC,TIP,0.7119
TDC,TLD,0.6843
TDC,TLH,0.7463
TDC,TSC,0.6358
TDC,TTH,0.6051
TDC,TVB,0.6183
TDC,VC2,0.6372
TDC,VCI,0.611
TDC,VE2,-0.6006
TDC,VGC,0.604
TDC,VGS,0.7038
TDC,VIG,0.6788
TDC,VIX,0.6437
TDC,VNS,0.6591
TDC,VPH,0.6879
TDC,VTZ,0.6447
TDC,WSS,0.6584
TDF,TSD,0.6249
TDF,TVA,0.6973
TDF,VPC,0.6555
TDF,VPR,0.6215
TDF,VSF,0.665
TDG,TDH,0.6032
TDG,TDT,0.6184
TDG,THT,0.6191
TDG,TIS,0.6296
TDG,TLD,0.6285
TDG,TLH,0.6427
TDG,TNA,0.6338
TDG,TOS,0.6086
TDG,TSC,0.6097
TDG,TVD,0.6281
TDG,VGS,0.6122
TDG,VNL,0.625
TDG,VNR,0.6032
TDG,VNS,0.6259
TDG,VPH,0.735
TDS,TPS,0.6492
TDS,TUG,0.6008
TDS,VIF,0.6651
TDS,VNC,0.6021
TDT,TLD,0.6883
TDT,TNA,0.6926
TDT,TRT,-0.6067
TDT,TST,-0.6169
TDT,TVB,0.6338
TDT,TVH,-0.7138
TDT,UMC,-0.7011
TDT,V21,0.6048
TDT,VC3,0.6019
TDT,VID,0.6785
TDT,VNL,0.6167
TDT,VNS,0.617
TDT,VTG,-0.6677
TDT,VTI,-0.7345
TDT,VVN,-0.6256
TDT,VXB,-0.6056
TDT,VXP,-0.6515
TDW,TVM,0.6092
TDW,X20,0.6093
TEG,TNG,0.6167
TEG,VMT,-0.626
TGG,TOT,0.6178
TGG,TTF,0.6222
TGG,TVD,0.6033
TGG,TVH,-0.6201
TGG,UMC,-0.6623
TGG,VGP,0.6381
TGG,VHF,-0.6317
TGG,VHG,0.6045
TGG,VMT,-0.713
TGG,VPH,0.6413
TGP,TTG,0.6353
TGP,VPA,0.6189
TH1,THS,0.7479
TH1,TOP,0.6148
TH1,VES,0.7388
TH1,VTH,0.6086
THB,TNB,-0.6351
THD,THG,0.6975
THD,TPB,0.6364
THD,VCG,0.6425
THD,VGC,0.6687
THD,VHC,0.6678
THD,VIB,0.6499
THD,VPB,0.6045
THG,TTA,0.6363
THG,VCG,0.6151
THG,VHC,0.6072
THG,VLB,0.6059
THG,VSH,0.6279
THM,THN,0.6287
THM,TMB,-0.6051
THM,VE2,0.6039
THM,VKC,0.6382
THN,TKU,0.6692
THN,TMW,0.6926
THN,TNA,-0.608
THN,TOT,-0.6297
THN,TSA,-0.6432
THN,TSC,-0.6327
THN,TVA,-0.622
THN,TVC,-0.6531
THN,TVH,0.6972
THN,UMC,0.6215
THN,UXC,0.6474
THN,VDG,0.741
THN,VE2,0.7812
THN,VE8,0.6715
THN,VES,-0.6006
THN,VGL,-0.73
THN,VGP,-0.7483
THN,VGR,-0.6323
THN,VIR,0.6826
THN,VKC,0.6994
THN,VLP,0.9209
THN,VNH,0.7317
THN,VNS,-0.6424
THN,VPR,-0.6533
THN,VSF,-0.6638
THN,VTH,-0.7027
THN,VTI,0.7002
THN,VUA,0.6527
THN,VXB,0.6145
THT,TMB,0.604
THT,TOS,0.6306
THT,TOT,0.6043
THT,TRT,-0.6359
THT,TSC,0.6435
THT,TV1,0.6095
THT,TVD,0.8962
THT,TVH,-0.6538
THT,UMC,-0.6985
THT,VIP,0.608
THT,VMT,-0.665
THT,VNL,0.643
THT,VNR,0.6912
THT,VOS,0.6622
THT,VTG,-0.6587
THU,TNM,0.6202
THU,VNX,0.6063
THU,VVN,0.7362
THU,X26,0.816
THW,TPS,0.6162
THW,TSD,0.629
THW,UEM,-0.648
THW,VFG,0.607
THW,VGP,0.6918
THW,VPC,0.6632
THW,VSF,0.6528
THW,VSG,0.6506
TID,TLD,0.615
TID,TSC,0.6126
TID,TTF,0.6061
TID,TVB,0.6537
TID,VCP,0.6394
TID,VGC,0.6217
TID,VIG,0.671
TIE,VCX,0.6298
TIG,TIP,0.6144
TIG,TLH,0.6208
TIG,TNG,0.6334
TIG,VC2,0.6079
TIG,VCG,0.6372
TIG,VCI,0.6167
TIG,VCS,0.6041
TIG,VGC,0.6726
TIG,VGS,0.6706
TIG,VIB,0.6036
TIG,VIG,0.6262
TIG,VIX,0.67
TIG,VLB,0.6293
TIG,WSS,0.6109
TIP,TLD,0.673
TIP,TLH,0.6865
TIP,TNA,0.725
TIP,TNG,0.674
TIP,TNH,0.6555
TIP,TTH,0.625
TIP,TVB,0.6268
TIP,TVC,0.6407
TIP,TVS,0.6247
TIP,VCI,0.618
TIP,VDG,-0.6006
TIP,VGC,0.6339
TIP,VGS,0.7169
TIP,VHC,0.611
TIP,VOS,0.6254
TIP,VPH,0.7299
TIS,TVN,0.6895
TKC,TVH,0.6674
TKC,UMC,0.6957
TKC,VXB,0.6736
TKC,VXP,0.758
TKU,VLP,0.6712
TKU,VPR,-0.6084
TKU,VUA,0.6029
TL4,TMW,0.7012
TL4,VE2,0.6281
TL4,XHC,0.6085
TLD,TLH,0.6593
TLD,TMW,-0.601
TLD,TNA,0.6639
TLD,TSC,0.6641
TLD,TTF,0.6484
TLD,TVB,0.6074
TLD,TVC,0.6723
TLD,TVD,0.6018
TLD,VC2,0.6139
TLD,VGS,0.6196
TLD,VHE,0.6693
TLD,VHG,0.6667
TLD,VIG,0.6412
TLD,VNS,0.6849
TLD,VPH,0.7584
TLG,VSH,0.6111
TLH,TNG,0.6939
TLH,TNT,0.6147
TLH,TOT,0.6168
TLH,TPB,0.6215
TLH,TSC,0.6889
TLH,TTF,0.6432
TLH,TTH,0.6258
TLH,TVB,0.6663
TLH,TVD,0.6062
TLH,VC2,0.6125
TLH,VCI,0.6937
TLH,VGS,0.7947
TLH,VGT,0.6269
TLH,VHE,0.6106
TLH,VHG,0.6227
TLH,VIB,0.6694
TLH,VID,0.6196
TLH,VIG,0.7605
TLH,VIX,0.6834
TLH,VLB,0.6422
TLH,VND,0.6792
TLH,VNL,0.636
TLH,VOS,0.6513
TLH,VPH,0.6769
TLH,VTZ,0.6103
TLH,WSS,0.7561
TMB,TOS,0.6197
TMB,TUG,0.623
TMB,TVD,0.6467
TMB,VFG,0.6128
TMB,VGP,0.6483
TMB,VSF,0.6255
TMW,VE2,0.7393
TMW,VLP,0.6247
TMW,VNH,0.669
TMW,VNS,-0.6166
TMW,VPC,-0.6117
TMW,VSF,-0.6001
TMW,XHC,0.6182
TNA,TSC,0.6028
TNA,TST,-0.6095
TNA,TVB,0.6163
TNA,TVH,-0.6474
TNA,TVS,0.6143
TNA,UMC,-0.6252
TNA,VE8,-0.6007
TNA,VMS,-0.6328
TNA,VNS,0.6609
TNA,VPH,0.7085
TNA,VTI,-0.6452
TNA,VXP,-0.6014
TNC,VBH,0.6499
TNG,TPB,0.6184
TNG,TSC,0.6352
TNG,TTF,0.6238
TNG,TVB,0.6006
TNG,VCG,0.6861
TNG,VCI,0.7797
TNG,VCS,0.6171
TNG,VGC,0.6774
TNG,VGS,0.7312
TNG,VGT,0.7785
TNG,VHC,0.7568
TNG,VIB,0.6974
TNG,VIG,0.6265
TNG,VIX,0.6839
TNG,VLB,0.6615
TNG,VLC,0.6033
TNG,VND,0.7206
TNG,VOS,0.7401
TNG,WSS,0.6185
TNH,TVS,0.693
TNH,VGS,0.6164
TNH,VLC,0.6143
TNH,VTO,0.6249
TNI,TTF,0.6736
TNM,TOP,0.6447
TNM,TVG,0.7538
TNM,VSG,0.7822
TNM,VVN,0.6406
TNM,VXT,0.6134
TNP,TPS,0.6687
TNP,TVG,0.6065
TNP,VHH,0.6822
TNP,VXT,0.6738
TNS,VDL,-0.6183
TNT,TSC,0.6262
TNT,TTF,0.6747
TNT,VCI,0.6163
TNT,VIB,0.6141
TNT,VIX,0.6488
TNT,VND,0.6699
TNT,WSS,0.6627
TNV,UXC,0.8012
TNW,TOT,0.6161
TNW,TTT,0.6627
TNW,TUG,0.6562
TNW,VSM,0.637
TOP,VXT,0.7016
TOS,TVD,0.6253
TOS,VIG,0.6108
TOT,TSC,0.667
TOT,TVB,0.622
TOT,TVD,0.6794
TOT,TVH,-0.7014
TOT,UMC,-0.7039
TOT,VCI,0.6036
TOT,VCT,-0.6235
TOT,VE2,-0.6401
TOT,VGP,0.6752
TOT,VIG,0.6614
TOT,VKC,-0.6601
TOT,VMT,-0.6475
TOT,VNL,0.6141
TOT,VSA,0.6228
TOT,VTI,-0.6541
TOT,VTZ,0.6278
TOT,VXB,-0.6023
TOT,WTC,0.6443
TOT,XHC,-0.6134
TOW,TVM,0.6848
TOW,VBH,0.6268
TOW,VTG,0.6144
TOW,XPH,0.6478
TPB,TTF,0.645
TPB,TVB,0.6156
TPB,TVS,0.6373
TPB,VCB,0.6629
TPB,VCI,0.6428
TPB,VGC,0.6194
TPB,VHC,0.6399
TPB,VIB,0.7922
TPB,VIX,0.6486
TPB,VND,0.6987
TPB,VPB,0.7882
TPB,WSS,0.6943
TPS,TSD,0.6176
TPS,TVG,0.6194
TPS,VIF,0.6058
TPS,VPC,0.6828
TPS,VPR,0.6779
TPS,VSG,0.695
TPS,XPH,0.6456
TR1,USC,0.6089
TRS,TVM,0.6242
TRT,TST,0.6528
TRT,TV1,-0.6829
TRT,TVG,0.6079
TRT,TVH,0.7945
TRT,UDL,0.6818
TRT,UMC,0.8948
TRT,V21,-0.6134
TRT,VCT,0.7305
TRT,VFS,-0.619
TRT,VKC,0.6351
TRT,VMT,0.6689
TRT,VTG,0.7842
TRT,VTI,0.8003
TRT,VVN,0.6865
TRT,VXB,0.7536
TRT,VXP,0.7262
TRT,WTC,-0.6026
TRT,XHC,0.7197
TS3,TSD,0.6059
TS3,VPR,0.673
TSC,TTF,0.7348
TSC,TVB,0.7292
TSC,TVC,0.6086
TSC,TVD,0.7357
TSC,TVH,-0.6796
TSC,UMC,-0.6114
TSC,VCI,0.6354
TSC,VE2,-0.6224
TSC,VGC,0.6122
TSC,VGP,0.6178
TSC,VGS,0.6471
TSC,VHC,0.6315
TSC,VHG,0.6159
TSC,VIB,0.6505
TSC,VIG,0.6958
TSC,VIX,0.6201
TSC,VLB,0.6347
TSC,VLP,-0.6207
TSC,VND,0.701
TSC,VNR,0.6489
TSC,VNS,0.6902
TSC,VPH,0.6721
TSC,WSS,0.6578
TSD,VPR,0.8234
TSD,VUA,-0.6649
TSG,VDN,0.6166
TSG,VHH,0.6062
TST,TVH,0.7971
TST,UDL,0.6587
TST,UMC,0.7815
TST,UPC,0.659
TST,VC3,-0.6022
TST,VCT,0.6231
TST,VHF,0.6133
TST,VKC,0.6739
TST,VTG,0.7793
TST,VTI,0.7122
TST,VVN,0.7164
TST,VXB,0.7903
TST,VXP,0.7675
TST,XDH,0.6675
TTA,VIP,0.6323
TTA,VTO,0.6444
TTD,UCT,0.6019
TTF,TVB,0.6408
TTF,TVT,0.6071
TTF,UDJ,0.634
TTF,VCI,0.6426
TTF,VGC,0.6251
TTF,VHG,0.6367
TTF,VIB,0.6722
TTF,VIG,0.6013
TTF,VIX,0.6793
TTF,VLB,0.6354
TTF,VMT,-0.6146
TTF,VND,0.6941
TTF,VPH,0.6316
TTF,WSS,0.6768
TTH,VGS,0.6282
TTH,VHG,0.6467
TTH,VIG,0.6258
TTH,VPH,0.6061
TTS,UMC,0.6093
TTS,VHF,0.6487
TTS,VMT,0.759
TTT,VE2,-0.6088
TUG,VGP,0.6663
TUG,VNC,0.6607
TUG,VPC,0.6259
TUG,VPR,0.6441
TUG,VSF,0.6862
TUG,VSM,0.6751
TVA,VE2,-0.6412
TVA,VES,0.6409
TVA,VIW,0.6446
TVA,VPC,0.7366
TVA,VPR,0.7018
TVA,VSF,0.6414
TVA,VTH,0.6012
TVA,VTQ,0.6291
TVA,VUA,-0.6426
TVB,TVC,0.6992
TVB,TVD,0.6057
TVB,TVH,-0.6098
TVB,VBB,0.6113
TVB,VCI,0.6532
TVB,VGP,0.6018
TVB,VGS,0.667
TVB,VIB,0.7057
TVB,VIG,0.7255
TVB,VIX,0.6281
TVB,VND,0.6932
TVB,WSS,0.7155
TVC,VC7,0.6072
TVC,VTH,0.6152
TVD,TVH,-0.6661
TVD,UMC,-0.6717
TVD,VFG,0.6267
TVD,VGP,0.6891
TVD,VIG,0.6046
TVD,VIP,0.6128
TVD,VKC,-0.6012
TVD,VMT,-0.6563
TVD,VNL,0.643
TVD,VNR,0.711
TVD,VNS,0.6377
TVD,VOS,0.6677
TVD,VSF,0.6162
TVD,WTC,0.6052
TVG,TVH,0.6511
TVG,UCT,0.6989
TVG,UDL,0.7179
TVG,USC,0.6275
TVG,VCT,0.6916
TVG,VHH,0.6739
TVG,VSG,0.6046
TVG,VTG,0.743
TVG,VTQ,0.6189
TVG,VVN,0.6803
TVG,VXB,0.6438
TVH,UDL,0.6714
TVH,UMC,0.9253
TVH,UPC,0.7288
TVH,V21,-0.6678
TVH,VC3,-0.6323
TVH,VCT,0.892
TVH,VE2,0.7148
TVH,VGP,-0.6116
TVH,VHF,0.6421
TVH,VID,-0.6867
TVH,VIR,0.6687
TVH,VKC,0.8124
TVH,VLP,0.6417
TVH,VMT,0.7192
TVH,VNL,-0.693
TVH,VNR,-0.619
TVH,VNX,0.6361
TVH,VTG,0.8142
TVH,VTI,0.8875
TVH,VVN,0.8823
TVH,VXB,0.8983
TVH,VXP,0.7998
TVH,WTC,-0.672
TVH,X26,0.815
TVH,XDH,0.6019
TVH,XHC,0.7531
TVM,VBH,0.7229
TVM,VIW,0.6447
TVM,VMT,0.6944
TVM,VTG,0.6436
TVM,VTQ,0.6971
TVM,VVS,0.6893
TVM,VW3,0.6121
TVM,XMP,0.6125
TVN,VEA,0.6121
TVN,VGT,0.639
TVS,WSS,0.6344
TVT,UDJ,0.6185
TVT,VCB,0.6002
TVT,VGT,0.6113
TW3,UPC,0.6222
TW3,VKC,0.6163
TW3,VMS,0.6429
TW3,VNX,0.6504
TW3,VXB,0.6343
TW3,X26,0.6296
UCT,UDL,0.6609
UCT,UMC,0.628
UCT,VTG,0.7415
UCT,VTI,0.7011
UCT,VXB,0.6019
UCT,XHC,0.6299
UDJ,VGC,0.6148
UDL,UMC,0.717
UDL,USC,0.7052
UDL,VCM,0.6404
UDL,VCT,0.6751
UDL,VTG,0.7879
UDL,VVN,0.6669
UDL,VXB,0.6755
UDL,VXP,0.6217
UEM,VHF,0.7701
UEM,VMT,0.6088
UMC,UPC,0.7396
UMC,V21,-0.6507
UMC,VCT,0.8122
UMC,VE2,0.6475
UMC,VFG,-0.6351
UMC,VGP,-0.6571
UMC,VHF,0.6754
UMC,VID,-0.6143
UMC,VKC,0.7605
UMC,VMS,0.6105
UMC,VMT,0.765
UMC,VNL,-0.6555
UMC,VNR,-0.6028
UMC,VTG,0.8449
UMC,VTI,0.8731
UMC,VVN,0.7874
UMC,VXB,0.8845
UMC,VXP,0.8328
UMC,WTC,-0.6155
UMC,X26,0.724
UMC,XHC,0.767
UPC,VTI,0.7034
UPC,VVN,0.6862
UPC,VXB,0.6805
UPC,VXP,0.7153
UPC,X26,0.6382
UPH,VES,0.6687
USC,VCM,0.6117
USC,VTG,0.6001
USC,VTQ,0.6004
UXC,VDG,0.7947
UXC,VE8,0.7584
UXC,VIR,0.6679
UXC,VMK,0.6977
UXC,VPR,-0.6366
UXC,VUA,0.7901
UXC,WSB,0.6233
V21,VE2,-0.609
V21,VTI,-0.7041
V21,VXB,-0.6047
V21,XHC,-0.6118
VAF,VIM,0.6547
VBB,VGT,0.614
VBB,VLB,0.654
VBB,VND,0.617
VBH,VCX,0.6029
VBH,VES,0.7385
VBH,VIW,0.7205
VBH,VPR,0.6153
VBH,VTQ,0.6213
VBH,VTX,0.6587
VBH,VW3,0.6928
VBH,X20,0.6478
VBH,XPH,0.6902
VBH,YTC,0.6453
VC2,VCI,0.6165
VC2,VLB,0.637
VC2,VPG,0.6009
VC2,WSS,0.6173
VC3,VTI,-0.6238
VC7,VPH,0.6007
VCB,VEA,0.6138
VCB,VIB,0.6075
VCB,VNM,0.7115
VCB,VPB,0.6178
VCF,VGP,0.6176
VCG,VCI,0.8068
VCG,VGC,0.7516
VCG,VGS,0.6537
VCG,VHC,0.6335
VCG,VIB,0.6256
VCG,VIX,0.7067
VCG,VLB,0.6763
VCG,VND,0.7424
VCG,VPB,0.6219
VCG,VRG,0.6112
VCI,VDS,0.6901
VCI,VGC,0.6828
VCI,VGS,0.7555
VCI,VHC,0.6594
VCI,VIB,0.767
VCI,VIG,0.6944
VCI,VIX,0.8102
VCI,VLB,0.6943
VCI,VND,0.8472
VCI,VOS,0.6161
VCI,VPB,0.6685
VCI,WSS,0.6563
VCK,VLS,-0.8061
VCK,VPX,0.9326
VCM,VTG,0.675
VCM,VXP,0.7145
VCM,XDH,0.6331
VCM,XPH,0.6169
VCP,VE2,-0.6196
VCP,VSA,0.6486
VCP,VSH,0.6047
VCP,VTZ,0.6362
VCR,VE8,0.6024
VCS,VEA,0.6393
VCS,VGI,0.6351
VCS,VGT,0.6721
VCT,VE2,0.6818
VCT,VID,-0.6195
VCT,VIR,0.628
VCT,VKC,0.7776
VCT,VMT,0.6339
VCT,VNL,-0.6656
VCT,VSA,-0.6411
VCT,VTG,0.7141
VCT,VTI,0.7776
VCT,VVN,0.8206
VCT,VXB,0.7863
VCT,VXP,0.6139
VCT,WTC,-0.6125
VCT,X26,0.7773
VCT,XHC,0.7521
VDG,VE2,0.6535
VDG,VE8,0.733
VDG,VGL,-0.6349
VDG,VGP,-0.6194
VDG,VIR,0.6638
VDG,VKC,0.6034
VDG,VLP,0.6223
VDG,VMS,0.6295
VDG,VNX,0.6054
VDG,VPR,-0.7305
VDG,VTH,-0.6037
VDG,VTI,0.6027
VDG,VUA,0.7458
VDG,WSB,0.6369
VDN,VTX,0.6167
VDS,VIB,0.6637
VDS,VIX,0.6426
VDS,VND,0.6358
VDS,WSS,0.6518
VE2,VE3,0.724
VE2,VE8,0.6241
VE2,VGP,-0.6213
VE2,VID,-0.6154
VE2,VIR,0.7469
VE2,VKC,0.6439
VE2,VLP,0.7077
VE2,VNH,0.6356
VE2,VNS,-0.6085
VE2,VNX,0.6074
VE2,VSA,-0.6058
VE2,VSF,-0.6442
VE2,VTI,0.7754
VE2,VTZ,-0.6702
VE2,VVN,0.6151
VE2,X26,0.6501
VE2,XHC,0.722
VE3,VIR,0.6075
VE3,VTI,0.698
VE3,XHC,0.6024
VE4,VTR,-0.6093
VE8,VMK,0.7004
VE8,VMS,0.6067
VE8,VPR,-0.6267
VE8,VUA,0.6281
VEA,VGI,0.6292
VEA,VGT,0.6563
VEA,VLC,0.7219
VEA,VNM,0.6032
VES,VIW,0.6474
VES,VPR,0.7319
VES,VTH,0.6154
VFC,VTX,0.6248
VFG,VGP,0.6952
VFG,VHF,-0.6047
VFG,VKC,-0.6091
VFG,VNR,0.6248
VFG,VNS,0.6639
VFS,XHC,-0.6346
VGC,VGS,0.6557
VGC,VHC,0.7175
VGC,VIB,0.6356
VGC,VIG,0.6374
VGC,VIX,0.7123
VGC,VND,0.6162
VGI,VTK,0.6683
VGI,VTP,0.7348
VGL,VIR,-0.7224
VGL,VLP,-0.6567
VGL,VTI,-0.6574
VGP,VKC,-0.6871
VGP,VLP,-0.7011
VGP,VNC,0.6652
VGP,VNR,0.6217
VGP,VNS,0.6209
VGP,VPC,0.6013
VGP,VPR,0.6548
VGP,VSA,0.6022
VGP,VSF,0.7553
VGP,VTH,0.6569
VGR,VLP,-0.6011
VGS,VGT,0.6443
VGS,VHC,0.6417
VGS,VHE,0.6197
VGS,VHG,0.659
VGS,VIB,0.6606
VGS,VIG,0.6877
VGS,VIX,0.7275
VGS,VND,0.7049
VGS,VOS,0.6761
VGS,VPH,0.6691
VGS,VSH,0.6446
VGS,WSS,0.635
VGT,VHC,0.6067
VGT,VHE,0.6256
VGT,VLB,0.6173
VGT,VLC,0.6132
VGT,VND,0.6097
VGT,VOS,0.6817
VGT,VTO,0.6159
VGT,WSS,0.616
VHC,VIB,0.6674
VHC,VND,0.6679
VHC,VNR,0.664
VHC,VOS,0.6218
VHC,VSH,0.6558
VHD,XPH,0.6148
VHE,VHG,0.7388
VHF,VMT,0.7577
VHF,VTG,0.6665
VHF,VXB,0.6334
VHF,VXP,0.632
VHG,VLB,0.6375
VHH,VSG,0.6268
VHM,VIC,0.7702
VHM,VRE,0.6718
VIB,VIG,0.688
VIB,VIX,0.7138
VIB,VLB,0.636
VIB,VND,0.7486
VIB,VPB,0.729
VIB,WSS,0.693
VIC,VJC,0.6191
VIC,VMK,0.6494
VIC,VRE,0.6158
VID,VNL,0.6647
VID,VTI,-0.6339
VID,VVN,-0.6119
VID,WSS,0.6041
VID,X26,-0.6347
VID,XHC,-0.6037
VIE,VTG,0.6069
VIE,XDH,0.6306
VIE,XPH,0.6043
VIG,VIX,0.6645
VIG,VMT,-0.6056
VIG,VND,0.6329
VIG,VNL,0.6259
VIG,VNR,0.6076
VIG,VPH,0.6092
VIG,WSS,0.7894
VIP,VNL,0.6072
VIP,VOS,0.7145
VIP,VTO,0.8351
VIR,VNX,0.721
VIR,VTI,0.7749
VIR,VVN,0.6449
VIW,VTQ,0.6198
VIW,X20,0.6122
VIX,VLB,0.6015
VIX,VND,0.7856
VIX,VPB,0.6735
VIX,WSS,0.719
VJC,VSC,0.6007
VKC,VLP,0.64
VKC,VSA,-0.6213
VKC,VSF,-0.6041
VKC,VTI,0.7276
VKC,VVN,0.7469
VKC,VXB,0.7235
VKC,X26,0.7184
VLB,VLC,0.6275
VLB,VND,0.6575
VLP,VNH,0.6946
VLP,VSF,-0.6191
VLP,VTH,-0.6499
VLP,VTI,0.6288
VLS,VPX,-0.6907
VLW,VPR,0.6544
VMD,VTG,-0.6124
VMK,VUA,0.6231
VMS,VTI,0.6481
VMT,VNF,-0.6208
VMT,VNL,-0.6904
VMT,VNR,-0.6265
VMT,VSH,-0.6151
VMT,VTG,0.7122
VMT,VVS,0.6181
VMT,VW3,0.6094
VMT,VXP,0.6203
VMT,X26,0.6428
VMT,XHC,0.6467
VMT,XMP,0.6747
VND,VPB,0.6737
VND,WSS,0.7082
VNF,VNL,0.6447
VNL,VSA,0.6406
VNL,VVN,-0.6118
VNL,WSS,0.6011
VNL,X26,-0.6394
VNL,XHC,-0.6329
VNM,VRE,0.6115
VNR,VNS,0.6836
VNR,VSH,0.7055
VNS,VPH,0.6836
VNS,VSF,0.6081
VNS,VSH,0.6306
VNX,VTI,0.6155
VNX,VVN,0.6871
VNX,VXB,0.603
VNX,X26,0.7154
VOS,VPH,0.6099
VOS,VTO,0.6646
VPB,VRE,0.6713
VPB,VSC,0.6389
VPC,VPR,0.6334
VPC,VSF,0.6178
VPC,VSG,0.6685
VPL,VUA,-0.6388
VPR,VTH,0.6968
VPR,VTQ,0.617
VPR,VUA,-0.7232
VSA,VTZ,0.653
VSF,VTH,0.6143
VSF,VTZ,0.6405
VTG,VTI,0.7332
VTG,VVN,0.7019
VTG,VVS,0.6028
VTG,VXB,0.7756
VTG,VXP,0.7897
VTG,XDH,0.6559
VTG,XHC,0.717
VTI,VVN,0.7902
VTI,VXB,0.8347
VTI,VXP,0.7087
VTI,WTC,-0.6434
VTI,X26,0.6768
VTI,XHC,0.772
VTK,VTP,0.6224
VTS,VTX,0.7015
VTX,VW3,0.6726
VUA,WSB,0.6352
VVN,VXB,0.7969
VVN,VXP,0.6318
VVN,X26,0.8572
VVN,XHC,0.6182
VXB,VXP,0.8299
VXB,WTC,-0.6277
VXB,X26,0.6807
VXB,XDH,0.7175
VXB,XHC,0.6315
VXP,XDH,0.7544
X20,XPH,0.6109
X26,XHC,0.6139
