source,target,weight
AAA,AAT,0.6642785807580762
AAA,ACB,0.7003735902831587
AAA,ADS,0.6679472830293762
AAA,AGR,0.7460346489078843
AAA,ANV,0.7359794545454453
AAA,APH,0.7386318582875717
AAA,APS,0.6932641944747868
AAA,ASM,0.7943442679479604
AAA,BAF,0.6842712813318532
AAA,BCC,0.7338821126424564
AAA,BID,0.6767058443235775
AAA,BKG,0.703480300899844
AAA,BMI,0.7080251491081523
AAA,BSI,0.6953347489147425
AAA,BTS,0.6563654410613863
AAA,BVS,0.7017580552650335
AAA,C4G,0.7606110544986808
AAA,CCL,0.7129293816313552
AAA,CEO,0.7236451152730439
AAA,CII,0.6540315031243902
AAA,CKG,0.7194540876079665
AAA,CMX,0.7657397398264936
AAA,CSC,0.6838776117574626
AAA,CTD,0.6502719749976992
AAA,CTG,0.7473397354992897
AAA,CTS,0.7847934227984217
AAA,D2D,0.6583907496535609
AAA,DBC,0.6859702223317133
AAA,DCM,0.6719457100958434
AAA,DGW,0.653499414326999
AAA,DIG,0.697048526988596
AAA,DPG,0.7074216116697827
AAA,DPM,0.6657191878965741
AAA,DRC,0.6766750488569956
AAA,DTD,0.6880702472590303
AAA,DXG,0.7539374076455408
AAA,ELC,0.7352655009861158
AAA,FCN,0.7587109534595836
AAA,FIT,0.778494878639235
AAA,FMC,0.6507349264244944
AAA,FRT,0.7216265907232114
AAA,FTS,0.7263192239802061
AAA,G36,0.6836112862675157
AAA,GEG,0.7361591361020046
AAA,HAG,0.7143047379085423
AAA,HAH,0.6536545942362477
AAA,HAR,0.6918542531752367
AAA,HBC,0.6677710522576847
AAA,HCD,0.6722197505728222
AAA,HCM,0.7769208914684512
AAA,HDC,0.6969986386248943
AAA,HDG,0.6745277476908439
AAA,HHS,0.7217339811794284
AAA,HPG,0.7284390240830371
AAA,HQC,0.7613750409931451
AAA,HSG,0.7506477149045233
AAA,HT1,0.7252094922397199
AAA,HUT,0.66645314076723
AAA,IDC,0.7568088504412789
AAA,IDI,0.7141639106500732
AAA,IJC,0.7718597703362506
AAA,IPA,0.6971465074215832
AAA,IVS,0.6507418287893563
AAA,KBC,0.7125362716596615
AAA,KDH,0.6519640957736711
AAA,KHG,0.6905574167308908
AAA,KMR,0.6966447471234575
AAA,KSB,0.7467144705414841
AAA,L18,0.6794560617066255
AAA,LAS,0.6899253033152094
AAA,LCG,0.7838232425338618
AAA,LHG,0.7637262154857494
AAA,LIG,0.6503931479689137
AAA,LPB,0.7686120435890325
AAA,LSS,0.7580543946824879
AAA,MBB,0.7421700196768717
AAA,MBS,0.7585800838024587
AAA,MSB,0.7245424443214339
AAA,MSN,0.7630764999399781
AAA,NDN,0.7175210380232442
AAA,NHA,0.7313612659429571
AAA,NHH,0.733541099731345
AAA,NKG,0.7524917881481109
AAA,NLG,0.670093401687818
AAA,NT2,0.6716410375867667
AAA,OCB,0.7009185539086461
AAA,PAN,0.7323644413081953
AAA,PC1,0.7129296741788408
AAA,PET,0.6501044092035115
AAA,PHR,0.6581418822474026
AAA,POW,0.7056343997341159
AAA,PSI,0.6745628903452932
AAA,PVD,0.6524099289968527
AAA,PVT,0.6630668623455739
AAA,PXL,0.6568404044039198
AAA,QTP,0.6577769149640947
AAA,SBS,0.7311100640327285
AAA,SBT,0.7711671878744216
AAA,SCR,0.7776839797559529
AAA,SGT,0.694755105463135
AAA,SHB,0.7211991352855361
AAA,SHS,0.7435650249429616
AAA,SKG,0.687238186958444
AAA,SSI,0.7965931307921502
AAA,STB,0.7419444775865263
AAA,SZC,0.7394008667468113
AAA,TCB,0.6921741943707705
AAA,TCH,0.705266385310721
AAA,TCI,0.7195059954604153
AAA,TIG,0.6780193697592819
AAA,TIP,0.7196928381919633
AAA,TLH,0.7000082841877373
AAA,TNG,0.7502898779213728
AAA,TPB,0.7172566971067006
AAA,TSC,0.7288612654581956
AAA,TTF,0.7462184893097702
AAA,TVB,0.6822085626582134
AAA,VCG,0.6639428795025826
AAA,VCI,0.7338421262646734
AAA,VGS,0.6916505360645887
AAA,VGT,0.6689460312718734
AAA,VIB,0.7163834894283472
AAA,VIX,0.7007421079134877
AAA,VLB,0.7162740858492068
AAA,VND,0.7442983945958032
AAA,VOS,0.6537431687747703
AAA,VPH,0.6541150863224366
AAA,WSS,0.688219827402059
AAS,AGR,0.682263200508391
AAS,ANV,0.6626303082803044
AAS,BSR,0.7122550841192953
AAS,HCM,0.6753018212464634
AAS,HHV,0.7017865443973501
AAS,HPG,0.6710205222050503
AAS,IPA,0.7328969802813395
AAS,LPB,0.7179225780893926
AAS,MBB,0.6717116530522951
AAS,MBS,0.7230991520918258
AAS,MSB,0.6565067611534048
AAS,PSI,0.7034962366505162
AAS,SBS,0.7819389067833007
AAS,SCR,0.6679238263664288
AAS,SHB,0.697890219593769
AAS,SHS,0.7514827025598552
AAS,SSI,0.7318702228212774
AAS,STB,0.6754347445905583
AAS,TCB,0.6500896978786975
AAS,VIB,0.6647298866765854
AAS,VIX,0.6641793829492764
AAS,VND,0.7536799236262786
AAS,WSS,0.7252502533675378
AAT,ADS,0.6570573557339291
AAT,CTG,0.6541322364864326
AAT,CTS,0.6569504999939777
AAT,DBC,0.7201958894696778
AAT,FCN,0.6602189936906093
AAT,FIT,0.6762238719905217
AAT,HCD,0.657624983621169
AAT,HCM,0.6822358209512863
AAT,HPG,0.6974054781940826
AAT,HSG,0.7134853806917262
AAT,LCG,0.6887288211109004
AAT,LPB,0.6528584486159368
AAT,MBS,0.6554143871069145
AAT,MST,0.6637219315045263
AAT,NHA,0.6645395431781613
AAT,NKG,0.7069522901728521
AAT,SLS,0.6805754116136962
AAT,SSI,0.6823882980657207
AAT,TLH,0.664845498039284
AAT,VC2,0.663480073704204
AAT,VCI,0.6516288533752627
AAT,VIX,0.661553333014518
AAT,VLB,0.6609990151934976
AAV,IDJ,0.6777050692944125
AAV,VCS,0.6618859455528744
ABB,ACB,0.738270810924736
ABB,BAB,0.7681822549061227
ABB,BMI,0.656045086935825
ABB,BVB,0.8130812704819662
ABB,CTG,0.6716521582359787
ABB,HDB,0.6506356682230027
ABB,HPG,0.6764395408881473
ABB,LPB,0.7162066080849497
ABB,MBB,0.767014424985052
ABB,MSB,0.708282407471062
ABB,NAB,0.6865485226606377
ABB,OCB,0.701527966725707
ABB,SBS,0.7019928581025713
ABB,SHB,0.8030187626304918
ABB,TCB,0.7059711350493382
ABB,TPB,0.702566899461308
ABB,VND,0.6751239819132298
ABB,WSS,0.6675018322238585
ABC,FCS,0.6665988839738561
ABC,FIC,0.6582741243315501
ABC,HPD,0.677934676270262
ABC,TDS,0.6983855865877979
ABC,TPS,0.6958559029817935
ABI,CSC,0.65384742519227
ABI,HPG,0.6507020728298815
ABS,ASM,0.6814742989304997
ABS,BAF,0.6743316802995615
ABS,CCP,-0.6637126872632576
ABS,DAH,0.7127561548981979
ABS,DTE,-0.6669844255705994
ABS,DVW,-0.6805984006229804
ABS,FIT,0.7517159690931554
ABS,GH3,-0.6885815864793167
ABS,HD6,0.6813391000912543
ABS,HHV,0.6950342351481026
ABS,KHG,0.7053165459810021
ABS,KMR,0.7913744945571448
ABS,L18,0.6555296908520133
ABS,LCG,0.6548836478974387
ABS,MEF,-0.66904253376732
ABS,NBB,0.6798101820618101
ABS,ODE,0.6814309016588761
ABS,PAT,0.6862363310617086
ABS,PHC,0.6831613625865091
ABS,PLP,0.6735501103733518
ABS,PPI,-0.6897139918169851
ABS,PTC,0.6908927717056921
ABS,PTG,-0.6709062015889429
ABS,SAL,-0.6768377673152269
ABS,SBS,0.6753817579887983
ABS,SBT,0.6716987148997353
ABS,SCR,0.6924643406725304
ABS,SSI,0.6811560799342778
ABS,TCI,0.6574668619639198
ABS,TGG,0.6668295027237248
ABS,TSC,0.7536439681688206
ABS,TTF,0.7069363447166314
ABS,TVH,-0.686561923024131
ABS,VIG,0.6749345989109287
ABT,ADP,0.6539314800048928
ABT,CCM,0.6584287557181366
ABT,LAI,0.7093094372524821
ABT,MND,-0.6575619604368673
ABT,PCE,0.6696695920603072
ABT,SBG,0.6534626180148377
ABW,FIT,0.710832308166271
ABW,GDA,0.7328395474770314
ABW,HQC,0.6572371619032882
ABW,PSI,0.6545537151391716
ABW,S99,0.6646970946260337
ABW,SBG,0.666770312939889
ABW,SKG,0.6515200638752046
ABW,TAL,0.6728242346321504
ABW,TSC,0.7178013598991649
ABW,VIG,0.6708372792832052
ABW,WSS,0.6991594028039795
ACB,ACG,0.6900966664756675
ACB,ANV,0.679221384101327
ACB,BAB,0.7013940933849762
ACB,BID,0.7889975526269071
ACB,BMI,0.7629343836607905
ACB,BSR,0.7202069985509104
ACB,BVB,0.7454305412403104
ACB,BVS,0.657807242234574
ACB,BWE,0.6729919361586991
ACB,CTG,0.857393711295205
ACB,DRC,0.6876420825210044
ACB,GMD,0.666782017145053
ACB,GVR,0.6625730551651651
ACB,HCM,0.7250023786817709
ACB,HDB,0.6818084841950294
ACB,HDG,0.7279164366257265
ACB,HHV,0.7004095883523954
ACB,HPG,0.8080856089685986
ACB,HSG,0.6599327575357943
ACB,IJC,0.7165736921324535
ACB,KBC,0.6931363697203708
ACB,KDH,0.664571638751316
ACB,LPB,0.8001023072187945
ACB,MBB,0.9061790174012375
ACB,MBS,0.6919446341317773
ACB,MSB,0.8411096875020639
ACB,MSN,0.7415237392384978
ACB,MWG,0.737821462871132
ACB,NAB,0.7269152785458929
ACB,OCB,0.7729983889053829
ACB,PAN,0.7424609528620929
ACB,PC1,0.682401434431577
ACB,PET,0.6599117729410278
ACB,PTB,0.6521112715114509
ACB,PVS,0.6631797868828271
ACB,SBS,0.7208760457798626
ACB,SHB,0.7886952829816238
ACB,SHS,0.6875496848629934
ACB,SSI,0.7199077166126059
ACB,STB,0.7860768481360605
ACB,TCB,0.8402099080985344
ACB,TNG,0.710025872805228
ACB,TPB,0.7907097221912867
ACB,VCB,0.7147834057589048
ACB,VCI,0.685515936961843
ACB,VIB,0.7358566785037575
ACB,VND,0.6956318058218477
ACB,VPB,0.7510249094654753
ACC,BCE,0.6729953252820615
ACC,CFM,-0.6544240327973158
ACC,ODE,0.6740354673364087
ACG,CTG,0.6647313555332737
ACG,HRB,-0.6675818674707739
ACG,LPB,0.6525680043332539
ACG,NAB,0.6755516361952523
ACG,TCB,0.6592419726345833
ACL,ANV,0.7186922434418861
ACL,ASM,0.7497639419572434
ACL,BCC,0.709120410518723
ACL,BCG,0.6887984175156759
ACL,BKG,0.6708072969080232
ACL,BMI,0.6612892916194231
ACL,BTS,0.6759956987803487
ACL,C47,0.6661039375270946
ACL,C4G,0.6921461002163414
ACL,CEO,0.7021772369519707
ACL,CII,0.6787044420890851
ACL,CKG,0.676893145690152
ACL,CMX,0.7549891352803474
ACL,CNG,0.6624336479998081
ACL,DCM,0.6940664777606105
ACL,DGC,0.6840815338485929
ACL,DGW,0.6906388535242843
ACL,DHA,0.7189125697644558
ACL,DIG,0.7216013134695173
ACL,DPG,0.6832530591145607
ACL,DPM,0.7110092399244015
ACL,DQC,0.7235435659126707
ACL,DSC,0.6520927143980916
ACL,DXG,0.7065075074020802
ACL,FCN,0.7248123878635216
ACL,FIT,0.7145517577096802
ACL,FMC,0.6779607974669182
ACL,FRT,0.7540994860166212
ACL,FTS,0.6526578886832192
ACL,G36,0.6790570156297161
ACL,GEX,0.6799675067866315
ACL,HAG,0.6533944061808231
ACL,HAH,0.702257801656485
ACL,HC1,-0.6545834972976091
ACL,HCM,0.6740404142648292
ACL,HDC,0.722168875889905
ACL,HLD,0.6877440688405103
ACL,HPG,0.661052449352521
ACL,HQC,0.7121185962518665
ACL,HSG,0.6947240039045572
ACL,HT1,0.6638415910205057
ACL,HUB,0.6551003157653923
ACL,HUT,0.7352493964333382
ACL,IDC,0.7487233303363979
ACL,IDI,0.7595106957110547
ACL,IN4,-0.6646165959395027
ACL,ITA,0.6919990271730851
ACL,KDM,0.7072512233231468
ACL,KSB,0.6555216710398176
ACL,L14,0.650861428757404
ACL,LCG,0.721881198414828
ACL,LDG,0.6539938063657692
ACL,LGL,0.6606880458076887
ACL,NHH,0.6582070444039451
ACL,NKG,0.7214311133713702
ACL,NT2,0.7018566044591368
ACL,OCH,0.6960600379970494
ACL,OGC,0.7140472799457516
ACL,PAT,0.6866840593087058
ACL,PC1,0.7228577517269401
ACL,PET,0.6961564382323021
ACL,PVC,0.6982091971330545
ACL,PVD,0.7169028072331335
ACL,PVG,0.6619958970608799
ACL,PVS,0.6564285548805777
ACL,PVT,0.6560493718823288
ACL,SCR,0.7180823505674742
ACL,SKG,0.726481182709173
ACL,SSI,0.6920279466359922
ACL,SZC,0.691019289985971
ACL,THD,0.6634242114170382
ACL,TSC,0.7576758828345218
ACL,TTF,0.7218787075699084
ACL,VCG,0.669568045547931
ACL,VCI,0.6835674609934586
ACL,VGC,0.7257148624517321
ACL,VHC,0.7141227472361313
ACL,VIB,0.6519132330586925
ACL,VIX,0.6719879172192744
ACL,VND,0.6734198382775736
ACM,BBH,0.6627637672801849
ACM,BGW,0.6822317759423493
ACM,BHG,0.7351447389763379
ACM,BSD,0.6651858261090803
ACM,CCP,0.6867993925826856
ACM,CTA,0.7775689689513638
ACM,CYC,0.6824192311085723
ACM,DAH,-0.6605289676727747
ACM,DCT,0.6613582156889142
ACM,DDH,0.6894585935412325
ACM,DLR,0.7767974935693902
ACM,DNM,0.7749535591562325
ACM,DSD,0.670690364919786
ACM,DTE,0.839119062481843
ACM,DUS,0.8109536357945357
ACM,DVW,0.8005831514458944
ACM,DXL,0.7440336842814181
ACM,DZM,0.6539846251900503
ACM,FBC,0.7263697040503494
ACM,FGL,0.7911708762555785
ACM,FHN,0.7529942107924905
ACM,FTI,0.8253234064147633
ACM,FTM,0.7525180838425817
ACM,GH3,0.7476970008572171
ACM,GMA,0.6512125569760435
ACM,GND,0.736639730137184
ACM,HC1,0.7382992051049928
ACM,HLA,0.6567588948890215
ACM,HLS,0.6967401440893856
ACM,HNP,0.7199112625143065
ACM,IBD,0.7018854150922285
ACM,IME,0.7330072427175041
ACM,IN4,0.6924572432587657
ACM,KMR,-0.6644700645043324
ACM,LCC,0.6791526341832538
ACM,LQN,0.6671860446933123
ACM,MGR,0.6558971171719873
ACM,MPY,0.6693854042369104
ACM,MRF,0.6805816471144919
ACM,MTB,0.6509638536575042
ACM,NAC,0.6530268193665292
ACM,ODE,-0.7028982891658173
ACM,PHH,0.7924145343843859
ACM,PPI,0.7199109340023724
ACM,PPT,-0.7597025697238016
ACM,PSG,0.6689010303888234
ACM,RBC,0.7209402829027663
ACM,SAL,0.8510160209538493
ACM,SCD,0.7292012595566537
ACM,SPH,0.7834060925183319
ACM,SSF,0.805940922683668
ACM,STS,0.6890384121941385
ACM,TBR,0.6521012652990178
ACM,TCJ,0.805665184230901
ACM,THN,0.6718404398546747
ACM,TRT,0.6840063306929165
ACM,TST,0.7013845897105175
ACM,TVH,0.8138905241151598
ACM,UMC,0.7728280053882113
ACM,VCT,0.7119794959672364
ACM,VMT,0.6716921833017429
ACM,VTG,0.7092828946844382
ACM,VTI,0.7472400537049171
ACM,VVN,0.6684732684356135
ACM,VXB,0.7811098255058335
ACM,VXP,0.7205284443564736
ACM,XHC,0.6590997486660823
ACS,GMA,0.6655583377247842
ACS,POB,0.6753898824235747
ACV,FOX,0.6792647862837764
ACV,VEA,0.6947217385920079
ADC,DDH,-0.675990685490622
ADC,FRM,-0.6981499849167635
ADC,GH3,-0.6752341802057932
ADC,VMT,-0.7094811132678137
ADG,AG1,0.6707668996484994
ADP,BMF,0.6568933227487415
ADP,BTU,0.6953022415551043
ADP,CCM,0.6973533307405185
ADP,CKD,0.6779697048905333
ADP,CX8,0.676708674159527
ADP,DAC,-0.6792787041260047
ADP,DFC,0.716102453252594
ADP,FIC,0.6734167720955689
ADP,HAN,0.6706390541294164
ADP,HEP,0.6881332512067004
ADP,HPD,0.777858781086814
ADP,HSP,0.7150971509392398
ADP,KTS,0.713564249403912
ADP,LAF,0.7131352954586464
ADP,PCE,0.7501320433578219
ADP,TDS,0.6638378867026057
ADP,TUG,0.6723638779598132
ADP,VE4,-0.6819048726985244
ADP,VSM,0.6654978317994371
ADP,VTZ,0.6731743819456815
ADS,BSI,0.6623324198720366
ADS,CKG,0.6524541719868842
ADS,CTS,0.6564138604795043
ADS,DBC,0.7225572067257636
ADS,DTD,0.6810924833744254
ADS,FTS,0.6509028560444962
ADS,GIL,0.6739370760717023
ADS,HCM,0.6763523277435816
ADS,HPG,0.6601574517015908
ADS,HSG,0.7305481916420482
ADS,KSB,0.6507891202538437
ADS,LHG,0.6546243833349245
ADS,LSS,0.658916856394359
ADS,MBS,0.6806880038278336
ADS,NHA,0.6676964528498767
ADS,NKG,0.6730296613905195
ADS,SBT,0.6603204976604446
ADS,SZC,0.6919780853546681
ADS,TLH,0.6504255132152947
ADS,VCI,0.6892606800976592
ADS,VLB,0.690227752649561
AGM,BCB,0.6634580740550847
AGM,BCR,0.7433078011026238
AGM,BHH,0.6673023694291923
AGM,DKG,0.733519987762182
AGM,DVT,0.6513163264439654
AGM,HMD,0.7195570738011262
AGM,IRC,0.7391084452610257
AGM,LDW,0.7601932560589929
AGM,LNC,0.7709472614228992
AGM,MQB,0.8129807030518992
AGM,PCG,0.667979155106084
AGM,TAB,0.7964723372724227
AGM,TCK,0.7475721182992368
AGM,VMK,0.6731962876539076
AGR,ANV,0.7325821499604716
AGR,APS,0.6791644669738066
AGR,ASM,0.744936259885113
AGR,BKG,0.6577385717973011
AGR,BMI,0.6539276924405324
AGR,BMS,0.765350315020831
AGR,BSI,0.8669981234901089
AGR,BVS,0.7979484669707909
AGR,C4G,0.6838907827282783
AGR,CMX,0.6665590628077117
AGR,CTG,0.6542685315028001
AGR,CTS,0.8966175965282754
AGR,DBC,0.6833654710220506
AGR,DCM,0.6679458440828818
AGR,DGW,0.7306770067992407
AGR,DIG,0.66794994848981
AGR,DPG,0.7173238144698714
AGR,DTD,0.6584380474562216
AGR,DXG,0.7307157070711013
AGR,DXS,0.6940573747201982
AGR,ELC,0.6680102693268078
AGR,EVS,0.6750237989861034
AGR,FCN,0.7162851958080365
AGR,FIT,0.6966414413560041
AGR,FTS,0.8218732725739757
AGR,GIL,0.692627405288876
AGR,GVR,0.6750957368771335
AGR,HCM,0.8484235967226723
AGR,HDC,0.7128097371078572
AGR,HDG,0.6727885635744971
AGR,HHV,0.6948648667607968
AGR,HPG,0.7036981482921728
AGR,HSG,0.740274295523805
AGR,IDC,0.6627126166618541
AGR,IDI,0.6590980739479957
AGR,IJC,0.7864878575228066
AGR,IPA,0.7231343695815073
AGR,IVS,0.7501783892294627
AGR,KBC,0.7365100987108796
AGR,KSB,0.6999089581336939
AGR,LCG,0.7649980559314011
AGR,LHG,0.6798291168017203
AGR,LPB,0.7517422370633896
AGR,LSS,0.6657809186514707
AGR,MBB,0.6795610794824348
AGR,MBS,0.8472790770581557
AGR,MSB,0.7190757650181743
AGR,MWG,0.6730260506877495
AGR,NDN,0.6801525437048593
AGR,NHA,0.7184694867910347
AGR,NHH,0.6903633611415746
AGR,NKG,0.7476847929939529
AGR,NLG,0.6568038707108724
AGR,ORS,0.7026239504369242
AGR,PAN,0.7135334321913962
AGR,PC1,0.7178085639905525
AGR,PET,0.6737852964815373
AGR,PSI,0.7970543083412137
AGR,PVT,0.683268248691098
AGR,S99,0.6779489674872072
AGR,SBS,0.759695566351495
AGR,SBT,0.6771405773072533
AGR,SCR,0.7111986432276138
AGR,SHB,0.7109392465577216
AGR,SHS,0.8295937773039961
AGR,SSI,0.8481338070647338
AGR,STB,0.6616913584444823
AGR,SZC,0.7378978116294428
AGR,TCB,0.6829384366116542
AGR,TCH,0.6883769997259555
AGR,TCI,0.7474563844032323
AGR,TIP,0.6761845618235978
AGR,TLH,0.7327918271413233
AGR,TNG,0.7284286068933172
AGR,TNT,0.6775645682353568
AGR,TPB,0.6657496194607115
AGR,TTF,0.673011193848327
AGR,TVB,0.7270347810991894
AGR,VCI,0.8521145257801286
AGR,VDS,0.8008753284963163
AGR,VGS,0.7171503737120578
AGR,VIB,0.7459716939419538
AGR,VIG,0.6966765187068786
AGR,VIX,0.7947094527898165
AGR,VND,0.798788237971871
AGR,VOS,0.6563757458000116
AGR,WSS,0.7541794895284356
AIG,AMP,0.6573229585325953
AIG,BCB,-0.6573156457835552
AIG,BCR,-0.6901087339256342
AIG,BGE,-0.6556552224820241
AIG,BTH,0.6521863146770706
AIG,CVN,-0.7186490597333828
AIG,CX8,0.6849192358704804
AIG,DKG,-0.6895396897172896
AIG,DVG,-0.7407034799199136
AIG,GMC,-0.7455925563035035
AIG,HMD,-0.6543063208011438
AIG,HTP,-0.655499617916589
AIG,IRC,-0.797234311200159
AIG,KHS,0.6500892767701125
AIG,L62,-0.6934492646466391
AIG,LDW,-0.7324912017671215
AIG,LM7,-0.7055784511473637
AIG,LNC,-0.7270724865813349
AIG,MND,-0.6775037425248305
AIG,MPY,-0.6696693879168975
AIG,MQB,-0.7403075035357649
AIG,MRF,-0.6545120922758655
AIG,NAC,-0.651853726248012
AIG,NVP,-0.892747122544807
AIG,QBS,-0.7052211871382306
AIG,RYG,0.8410027222820128
AIG,S72,0.680225608002309
AIG,SCD,-0.6672971500278422
AIG,SD4,-0.6630099618693733
AIG,SPD,0.6662120738784786
AIG,SRA,-0.7181742718381269
AIG,TAB,-0.6502934653297988
AIG,TB8,-0.691010145729967
AIG,TCK,-0.6669856385781217
AIG,THN,-0.6594405815614185
AIG,UXC,-0.8085320563037097
AIG,VDG,-0.7927328714283759
AIG,VE8,-0.7365309410754183
AIG,VUA,-0.7751068287920175
AIG,WSB,-0.685385368157693
ALT,QCC,0.6530389862284379
ALV,CSI,0.6560128139353244
ALV,DVW,-0.6572904277885296
ALV,FTI,-0.6524181128446306
ALV,GH3,-0.6568157143293296
ALV,HC1,-0.6595421477095507
ALV,HNM,0.689978918029957
ALV,PBP,0.676170405546226
ALV,TCJ,-0.6728627495713417
AMP,BMV,0.7361402904433453
AMP,HLY,0.6589784932957817
AMP,IN4,-0.6754668819496801
AMP,LCD,0.7062183420772892
AMP,MND,-0.8018153556613358
AMP,MPY,-0.7516896535879731
AMP,NAW,0.6870579189855175
AMP,NGC,0.7547595670016489
AMP,NVP,-0.6557861405302814
AMP,PAP,0.6625930893095086
AMP,PCF,0.6653000895890518
AMP,PIV,0.6894719042884974
AMP,SCD,-0.6907044658162084
AMP,SGC,0.6768247129574968
AMP,TSD,0.6644478630231241
AMP,TVA,0.7108197664694904
AMP,VPC,0.6597415300446244
AMP,VPR,0.673673896717519
AMP,VTH,0.663026003992857
AMS,BCC,0.7380863233652477
AMS,BMI,0.6688494792715385
AMS,BTS,0.776088691700065
AMS,C4G,0.6833265111598781
AMS,GSP,0.6523680692380767
AMS,HAH,0.6572859361635801
AMS,HAP,0.6566763746712261
AMS,HT1,0.6744624880992537
AMS,HTG,0.662450427753509
AMS,NBC,0.6941478531518123
AMS,PAN,0.6573829986873007
AMS,PPH,0.6522699992124915
AMS,THT,0.665579016125765
AMS,TNG,0.6656718184295184
AMS,TTA,0.6520608593881065
AMS,TVD,0.6996927097024951
AMV,BCR,0.6675325336726231
AMV,CVN,0.7412672008412798
AMV,DTC,0.6839729150370574
AMV,DVG,0.719653758346699
AMV,GMC,0.7281968339755953
AMV,IRC,0.738685172697848
AMV,NVP,0.697857483437643
AMV,QBS,0.6698944046814234
AMV,SRA,0.7349098328760725
AMV,TCK,0.6630628374986824
AMV,UXC,0.7046410177936446
AMV,VUA,0.6671078292086111
ANV,APS,0.6620687808775033
ANV,ASM,0.7695358274250076
ANV,BCC,0.7948910619044908
ANV,BCG,0.7302228031681658
ANV,BID,0.6726490368282357
ANV,BMI,0.7224816395731825
ANV,BSI,0.7560491630780891
ANV,BSR,0.7487441743335379
ANV,BTS,0.6802473667331987
ANV,BVS,0.6627645774042602
ANV,C47,0.6767169482199017
ANV,C4G,0.757363688501393
ANV,CEO,0.7161461266189696
ANV,CII,0.6567135916935242
ANV,CKG,0.7403384452678403
ANV,CMX,0.727425687148018
ANV,CSC,0.701704816397377
ANV,CTG,0.7188474641466839
ANV,CTS,0.799654751418991
ANV,DBC,0.7042031619739827
ANV,DCM,0.7577374264117284
ANV,DGW,0.7250205306580622
ANV,DHA,0.6503687924202846
ANV,DIG,0.7040312612389167
ANV,DPG,0.7479284927278038
ANV,DPM,0.7337503084324453
ANV,DQC,0.6903609131103322
ANV,DXG,0.7492344051025832
ANV,DXS,0.7188932503630608
ANV,ELC,0.6643287249744735
ANV,EVS,0.7025364268585009
ANV,FCN,0.7326947089753324
ANV,FIT,0.6742862586642068
ANV,FMC,0.739949103263787
ANV,FRT,0.7216606849173921
ANV,FTS,0.7420532221864232
ANV,G36,0.6874815015050344
ANV,GEG,0.7194967776740017
ANV,GEX,0.6765725796541163
ANV,GIL,0.7202710200439382
ANV,GMD,0.7143574954770927
ANV,GVR,0.6530816265636578
ANV,HAH,0.8288899505695508
ANV,HAX,0.6691528607032567
ANV,HCM,0.8552170299267189
ANV,HDC,0.7453680448628879
ANV,HDG,0.7731619229448822
ANV,HHV,0.7164652256001001
ANV,HPG,0.7737365278348002
ANV,HQC,0.7090134962391217
ANV,HSG,0.7910450335931156
ANV,HT1,0.7611441238665123
ANV,HTG,0.6571012163229127
ANV,HUT,0.7392638380621919
ANV,IDC,0.7690104322075921
ANV,IDI,0.7726764395373678
ANV,IJC,0.7423178671448603
ANV,IPA,0.7407994899974344
ANV,JVC,0.6872584735622227
ANV,KBC,0.7390144819145097
ANV,KHG,0.6802151321690085
ANV,KSB,0.7352770520595513
ANV,L14,0.6861906790261065
ANV,LCG,0.7593964236777108
ANV,LHG,0.7335014215976262
ANV,LIG,0.6741088534776188
ANV,LPB,0.7684190138657848
ANV,MBB,0.7093484812404217
ANV,MBS,0.8232473577638684
ANV,MIG,0.6690055648743419
ANV,MPC,0.6735140800673807
ANV,MSB,0.6650656994858504
ANV,MSH,0.6611010745758944
ANV,MSN,0.7404773375368832
ANV,NHH,0.6542801696278406
ANV,NKG,0.7835987116096808
ANV,NT2,0.7257166753075195
ANV,OCB,0.6797590945371258
ANV,PAN,0.7854966857414951
ANV,PC1,0.8069878854785484
ANV,PET,0.7512842358364177
ANV,PHR,0.6994100054504778
ANV,PLC,0.7136953343278182
ANV,PSI,0.7607985731545458
ANV,PVC,0.734532017945808
ANV,PVD,0.7413631412299218
ANV,PVS,0.7669343598142419
ANV,PVT,0.7642494038605963
ANV,REE,0.6870863084862817
ANV,SBS,0.7705872315533607
ANV,SBT,0.6541077568370954
ANV,SCR,0.7983309851167133
ANV,SHB,0.7330374849271107
ANV,SHS,0.8358573686662837
ANV,SSI,0.8483949256886387
ANV,STB,0.7325933501033054
ANV,SZC,0.7986284952615497
ANV,TCB,0.6590721517307009
ANV,TCI,0.6883977345460507
ANV,TLH,0.7035852741376508
ANV,TNG,0.8253070728758001
ANV,TPB,0.6762504406192539
ANV,TTF,0.6514944848167521
ANV,VCG,0.6957157031526807
ANV,VCI,0.8230374145222766
ANV,VDS,0.6922024235440577
ANV,VGC,0.7043590059460548
ANV,VGS,0.7620973098769408
ANV,VHC,0.7761030545955083
ANV,VIB,0.7502092513100234
ANV,VIG,0.6829441202504052
ANV,VIX,0.750182267924899
ANV,VND,0.7980443345937281
ANV,VOS,0.6985564290381802
ANV,VPB,0.6873639472439402
ANV,WSS,0.6823453598573536
APF,CLH,0.6779337413291878
APF,HDB,0.6627376867895116
APF,PGC,0.6507733507840141
APG,BCC,0.6506824832104017
APG,BMS,0.6631858859047739
APG,C4G,0.690669223389781
APG,GSP,0.6693599312321996
APG,NBC,0.6665547845316844
APG,PHC,0.6593911510958246
APG,TTA,0.6591152232583313
APG,TVD,0.657330395924388
APG,VGS,0.6515404242796023
APG,VIG,0.6540147884343812
APH,ASM,0.7022251613628621
APH,BAF,0.6626216220104467
APH,BMI,0.6881580566908702
APH,BVS,0.6766830527680917
APH,BWE,0.717076138549635
APH,CCL,0.71635729316161
APH,CMX,0.748434588142798
APH,CNG,0.7084070840247751
APH,CSC,0.6672029312882101
APH,DBC,0.651739849850524
APH,DPG,0.6658819921932458
APH,ELC,0.6739214744216642
APH,FTS,0.6689540702673675
APH,HAX,0.7105580296935881
APH,HSG,0.6611620327316683
APH,LHG,0.7033983635941208
APH,LPB,0.729486191038568
APH,LSS,0.7067439281207832
APH,MIG,0.7537549346205707
APH,NAF,0.6519882744406421
APH,NHA,0.6616866422955777
APH,NKG,0.6522236540834493
APH,REE,0.6974887502745234
APH,SBT,0.6973494692133052
APH,SKG,0.6546997576764672
APH,TNH,0.6620439155481261
APH,TSC,0.6524293977568174
APH,TVB,0.6534889199762479
APH,VGS,0.6517592160344333
API,APS,0.8096597012138426
API,CSC,0.6881540525648405
API,IDJ,0.854023754671182
APL,DP2,0.6907498073726002
APL,HSA,0.6779829646062683
APL,HTT,0.6527490533883284
APL,PTE,0.6519828830854336
APL,STT,0.7236627049453102
APS,ASM,0.697589564032324
APS,BCC,0.6823989893533691
APS,BMI,0.6502953667698105
APS,BMS,0.6658292819152638
APS,BVS,0.6709181484412646
APS,C4G,0.6942559194639641
APS,CEO,0.7133669898921713
APS,CKG,0.6902306802526577
APS,CMX,0.7249708550006073
APS,CSC,0.7561287317050198
APS,CTS,0.7449947428039291
APS,DIG,0.7057850215559627
APS,DPG,0.7343533060928417
APS,DTD,0.6820400054188275
APS,DXG,0.6600053691562974
APS,FCN,0.6758390796403081
APS,FIT,0.670091096810418
APS,G36,0.6708335930275914
APS,HAX,0.6617310936349551
APS,HCM,0.6611959341105111
APS,HDC,0.7140550306860091
APS,HQC,0.6997311806797094
APS,IDC,0.6668492930778023
APS,IDI,0.6815287171472064
APS,IDJ,0.8965319452100231
APS,IJC,0.6516672860981686
APS,IPA,0.6576362447383846
APS,IVS,0.7190190200356714
APS,L14,0.6643218863253205
APS,LCG,0.6815481625345264
APS,LDG,0.6755030243160624
APS,LIG,0.7012478998652484
APS,LPB,0.6678912896990303
APS,MBS,0.6516123483820204
APS,NDN,0.6734685506766274
APS,NHA,0.7419220705490872
APS,PSI,0.7054002266949053
APS,PXL,0.6616233138745332
APS,SAM,0.6584466170506424
APS,SCR,0.6885513918880609
APS,SHB,0.6807221506242244
APS,SSI,0.6550289921593335
APS,TCI,0.7011059094073397
APS,TDC,0.6691534159098681
APS,TIG,0.687894862032998
APS,VCI,0.6525014632814726
APS,VGS,0.6535459818741641
APS,VIG,0.6781352161430928
APS,VIX,0.6561569894609739
APS,VND,0.65435098630475
APS,WSS,0.7179219557535602
APT,BBH,0.6986845563826859
APT,BGW,0.7237064476340391
APT,BHG,0.7619478311359948
APT,BMD,0.7387605129924657
APT,BSD,0.735616766006711
APT,CCT,0.6963991844521104
APT,CCV,0.723837829541926
APT,CH5,0.696526098456813
APT,CTA,0.7977684370757744
APT,CYC,0.7643051796099736
APT,DCH,0.7541876697322636
APT,DDH,0.6705271800109049
APT,DKC,0.8237980458820775
APT,DLR,0.7530239383919652
APT,DNA,0.7332748916151656
APT,DSD,0.7407062996173299
APT,DUS,0.7590017119822136
APT,DVW,0.7215933754577298
APT,FBC,0.7915247833464103
APT,FCC,0.782682464783114
APT,FTI,0.6958774981384702
APT,GMA,0.6988219067260536
APT,HCI,0.8956756090089238
APT,HKB,0.7218919511665789
APT,HMG,0.7185947330054665
APT,IME,0.6689496092935002
APT,MIE,0.7412278788542166
APT,MTB,0.6980171752301817
APT,NQB,0.7093355309563677
APT,PID,0.667691462623136
APT,PLE,0.7001190561272939
APT,PMJ,0.7403024572571609
APT,POB,0.6501500600335075
APT,PTH,0.6856324908985928
APT,QNU,0.8157136305923466
APT,QST,0.6701232969903514
APT,SAL,0.7097374520642168
APT,SCG,-0.6856950441789336
APT,SPH,0.7591254338780826
APT,STS,0.8103478042754405
APT,TOW,0.6569154679123808
APT,TVG,0.8605087740680114
APT,TVH,0.6990035381673692
APT,UCT,0.6740844102564648
APT,UDL,0.7490081250407885
APT,USC,0.6598255246905876
APT,VTG,0.8298502415737814
APT,VVN,0.6778980558094491
APT,VXB,0.6898291551442315
ARM,BCR,-0.6958903540580366
ARM,CDC,-0.7005379252430082
ARM,CJC,0.7451556976013224
ARM,DCS,0.6657887096750039
ARM,DKG,-0.7123575763986372
ARM,GMC,-0.7487982781204457
ARM,IRC,-0.7033126006149308
ARM,LNC,-0.6543478112893364
ARM,MQB,-0.660931103411072
ARM,MTS,0.7262949345960352
ARM,NVP,-0.6971752896206551
ARM,SPD,0.7784556959779022
ARM,TCK,-0.6854064680927405
ARM,TD6,0.685488414066051
ARM,TVM,0.6835695293948704
ARM,UXC,-0.6521847500708018
ARM,VDG,-0.6525433396835768
ARM,VTQ,0.6666779378659348
ASM,BAF,0.6910771419107565
ASM,BCC,0.8063229298174543
ASM,BCG,0.6607296212587526
ASM,BFC,0.6661975584408492
ASM,BID,0.6728262884736613
ASM,BKG,0.7353471955643683
ASM,BMI,0.7114416035275873
ASM,BMS,0.6906356884897048
ASM,BSI,0.7595174490935479
ASM,BTP,0.6688483398326983
ASM,BTS,0.7418486943889986
ASM,BVS,0.7115675864942137
ASM,C47,0.705480660814126
ASM,C4G,0.7873238415836769
ASM,CCL,0.6868750694257483
ASM,CEO,0.7121990745899173
ASM,CII,0.6690811649923863
ASM,CKG,0.769800424656422
ASM,CMX,0.8434806515656268
ASM,CNG,0.736515330420862
ASM,CSC,0.7146987426025349
ASM,CSI,0.6712439434213869
ASM,CTG,0.6723650804236178
ASM,CTI,0.7144751593673793
ASM,CTS,0.7817809037190008
ASM,DAH,0.6898780998937923
ASM,DBC,0.6691965403031026
ASM,DCM,0.7817287713841272
ASM,DDV,0.6765165494665457
ASM,DGC,0.6589142385014689
ASM,DGW,0.7518674054796588
ASM,DHA,0.6855337130563368
ASM,DIG,0.7549543402963091
ASM,DPG,0.7555882688082052
ASM,DPM,0.7702798490869261
ASM,DQC,0.7087182575195912
ASM,DRC,0.7358875433164491
ASM,DRI,0.6874846181131056
ASM,DSC,0.6577183542664576
ASM,DXG,0.7210998534504623
ASM,ELC,0.7542886692745802
ASM,EVE,0.7003579495826054
ASM,FCN,0.7776783216144995
ASM,FIT,0.7714405395142231
ASM,FMC,0.791303077506298
ASM,FRT,0.7777955227722986
ASM,FTS,0.7601620531875632
ASM,G36,0.726457726654854
ASM,GEG,0.74337577330229
ASM,GH3,-0.6825582037848722
ASM,GIL,0.7027035917444321
ASM,GMD,0.6906787184810891
ASM,HAG,0.6694969194970346
ASM,HAH,0.7485837473331973
ASM,HAR,0.7054828872460848
ASM,HAX,0.7137060074126856
ASM,HC1,-0.6896130605463884
ASM,HCD,0.7333844093108083
ASM,HCM,0.7733044223497679
ASM,HDC,0.7195320348285553
ASM,HHS,0.6500913848826545
ASM,HHV,0.694614519551925
ASM,HLS,-0.6525202794863892
ASM,HPG,0.6953673416738871
ASM,HQC,0.8042346197390979
ASM,HSG,0.7582281557681829
ASM,HT1,0.6947532600808801
ASM,HTG,0.6895113971551796
ASM,HUB,0.7972176354866611
ASM,HUT,0.7405477671637224
ASM,IDC,0.8155486929397908
ASM,IDI,0.8595299594871675
ASM,IDJ,0.6621153107502575
ASM,IJC,0.731474316468529
ASM,IN4,-0.6982308247872774
ASM,IPA,0.7207747448397214
ASM,ITA,0.6592692985690218
ASM,ITC,0.672539999892965
ASM,IVS,0.6791481072659773
ASM,JVC,0.6750116298296593
ASM,KBC,0.7104801101684433
ASM,KHG,0.6833150841942393
ASM,KMR,0.7642351581508393
ASM,KSB,0.7692429852755085
ASM,L14,0.653148104900417
ASM,L18,0.7506557970343811
ASM,LAS,0.7308666179651435
ASM,LCG,0.8359283629835278
ASM,LHC,0.6543784739511932
ASM,LHG,0.801007519776706
ASM,LIG,0.7136646693718594
ASM,LPB,0.7384770700582461
ASM,LSS,0.7326409386262697
ASM,MBB,0.6746712452030089
ASM,MBS,0.7140438911304081
ASM,MSN,0.7293493306092148
ASM,NAF,0.655581947298362
ASM,NBB,0.7099834534888753
ASM,NBC,0.6985424137979018
ASM,NDN,0.666761305009644
ASM,NED,0.6820006878961313
ASM,NHA,0.7527418674912241
ASM,NHH,0.7718929024476952
ASM,NKG,0.7661879784874668
ASM,NT2,0.6949387787527785
ASM,ODE,0.6758124719638336
ASM,OGC,0.7386788953123096
ASM,PAN,0.7844308376903084
ASM,PAT,0.6561368636160199
ASM,PBP,0.6993282737361531
ASM,PC1,0.7317916217619805
ASM,PET,0.6959947210075504
ASM,PHC,0.7401139677664179
ASM,PHR,0.7193449185372285
ASM,PLC,0.6723105597874174
ASM,PSI,0.7345212521051466
ASM,PTB,0.7015339223144395
ASM,PTC,0.6958614677474013
ASM,PVB,0.6550461977171342
ASM,PVC,0.7264117473349684
ASM,PVD,0.7518667197301321
ASM,PVS,0.724890119439374
ASM,PVT,0.7064196845606024
ASM,PXL,0.6911005904090024
ASM,QTP,0.6723799477076517
ASM,REE,0.7118129783739137
ASM,S99,0.7141330931775035
ASM,SBS,0.7045557407673007
ASM,SBT,0.7606826411617157
ASM,SCR,0.7889871692148954
ASM,SGT,0.6954016735299577
ASM,SHB,0.7259807279490202
ASM,SHS,0.6865103816265429
ASM,SKG,0.7948192727049713
ASM,SSI,0.7508614218627767
ASM,STK,0.6570070224951723
ASM,SZC,0.8029607671274926
ASM,TCI,0.7782585838532762
ASM,TCM,0.6829843860890701
ASM,TDC,0.6724543546725069
ASM,TID,0.6845078333186699
ASM,TIG,0.6893394967601304
ASM,TIP,0.7513582149658692
ASM,TLD,0.7113960161714922
ASM,TLH,0.7513423463809616
ASM,TNA,0.6534631228829116
ASM,TNG,0.7719180405320749
ASM,TOT,0.6926487455756787
ASM,TPB,0.6837737214510068
ASM,TSC,0.8025541171989755
ASM,TTF,0.7176847169598207
ASM,TVB,0.8015707698448505
ASM,TVD,0.6648061672476868
ASM,VCI,0.7325435691926612
ASM,VGC,0.7517379758522742
ASM,VGS,0.7782112735517667
ASM,VHC,0.7548025532789517
ASM,VIB,0.7601478011222013
ASM,VIG,0.7658804490890461
ASM,VIX,0.6959623876851254
ASM,VND,0.7381526919864122
ASM,VPH,0.7035444749112083
ASM,WSS,0.7064218867028321
ASP,PGC,0.6960907199114585
ASP,PVG,0.7327454928758529
ASP,SD5,0.6839076529692599
ATA,BHG,0.6771366655786571
ATA,CCP,0.6517621084734718
ATA,CDG,0.7458744580795257
ATA,DLR,0.7094913810065773
ATA,DSE,-0.6535716590217991
ATA,DUS,0.6773685052762727
ATA,DVW,0.662380307751315
ATA,DXL,0.6890570597496397
ATA,FSO,0.708380045733508
ATA,FTM,0.6809298758207954
ATA,GER,0.69766601871409
ATA,HFX,0.6528815438084068
ATA,HHN,0.668447963290809
ATA,HLA,0.6736202537457926
ATA,HLS,0.7095823949076187
ATA,HOT,0.6639980057754943
ATA,IME,0.7683881571125107
ATA,IN4,0.6810606048543646
ATA,LCC,0.6720875679438152
ATA,LO5,0.7303466023785699
ATA,NAC,0.7793128969381725
ATA,PHH,0.6855204955143812
ATA,PPI,0.8034657947529356
ATA,PSG,0.7062157659971445
ATA,PXM,0.6804050911614298
ATA,SAL,0.6897069264899819
ATA,SCD,0.6594072110964347
ATA,SII,0.6632022853141673
ATA,TB8,0.7509541120130225
ATA,THN,0.7459111544132999
ATA,TVH,0.7254572434724772
ATA,VCT,0.6772649801967388
ATA,VE2,0.727564164003081
ATA,VIR,0.7024507091858535
ATA,VLP,0.6769449925035922
ATA,VTI,0.6905395065760316
ATA,VVN,0.7107356827018619
ATA,VXB,0.6681751037929399
ATA,X26,0.7291732005878061
ATG,NWT,0.7566450418877152
ATG,STL,0.6641125623900379
ATG,TDF,0.6798113303887636
ATG,VPC,0.6768362041061824
ATS,DLT,0.6540706187922274
ATS,VE2,0.7194280888089203
AVF,DP2,0.7672708482299603
AVF,HPM,0.657473899164703
AVF,NGC,0.6892952337121508
AVF,PTE,0.8050332169902363
AVF,SDU,0.691941167806236
AVF,VIW,0.6557866176035592
BAB,BVB,0.7654708465961164
BAB,HDB,0.6954014274335942
BAB,MBB,0.6875412536399222
BAB,MSB,0.6588448558149035
BAB,TPB,0.6646612788959997
BAB,VCB,0.679821316357724
BAF,BCC,0.6978370007036464
BAF,BCE,0.6676883288600578
BAF,BGW,-0.6923413966139973
BAF,BMI,0.7387763069547579
BAF,BMS,0.673389709909378
BAF,BNW,-0.6735825639104372
BAF,BSI,0.657996486939406
BAF,BTP,0.6578841863190393
BAF,BTS,0.7314730249444749
BAF,C4G,0.6629398360182858
BAF,CBS,0.6802740591689705
BAF,CCL,0.6943433819947142
BAF,CCP,-0.6603398993309157
BAF,CMX,0.6805217211089114
BAF,CSI,0.6772854382678248
BAF,CST,0.6789414574598408
BAF,CTA,-0.6520069782160657
BAF,DAH,0.7421627338641978
BAF,DDH,-0.7424125034222727
BAF,DLR,-0.6582124056547078
BAF,DTE,-0.6520423540838882
BAF,DUS,-0.70912173399718
BAF,DVW,-0.7458765073866437
BAF,FIT,0.7086156009571972
BAF,FTI,-0.676734287552586
BAF,GH3,-0.7813247209005693
BAF,GTT,-0.652118240036753
BAF,HAX,0.6982220882505895
BAF,HC1,-0.674498318642987
BAF,HCD,0.7019381025544202
BAF,HD6,0.6940177617542045
BAF,HFX,-0.6990610469429038
BAF,HNM,0.7232527903401025
BAF,HNP,-0.7136264740645257
BAF,HOT,-0.6537920536779219
BAF,IDC,0.6859321591693911
BAF,IJC,0.6606699366673346
BAF,IN4,-0.6714789559101911
BAF,KMR,0.7716008816195009
BAF,L18,0.761597939702311
BAF,LAS,0.6702122004587806
BAF,LCC,-0.7150168611750284
BAF,LCG,0.6786542323631709
BAF,LHG,0.6594038649823942
BAF,LPB,0.6878951498008906
BAF,LQN,-0.6970430048982427
BAF,LSS,0.692242160237697
BAF,MDC,0.6541641131094343
BAF,NBB,0.6936355581958213
BAF,NBC,0.6941943810191734
BAF,NED,0.7523680240500049
BAF,NHA,0.7189505075297787
BAF,NKG,0.6749316347992654
BAF,ODE,0.7594424650259358
BAF,PAN,0.6993771630159584
BAF,PAT,0.6503244754314267
BAF,PBP,0.6943393373801009
BAF,PGC,0.6534110552062592
BAF,PHC,0.6945736465164143
BAF,PMB,0.6733797804512709
BAF,PPH,0.6827465755761706
BAF,PPI,-0.6833100985965459
BAF,PSG,-0.6729570518682046
BAF,PSW,0.6914845370716113
BAF,PTC,0.6573112986088968
BAF,QTP,0.6759376417419937
BAF,RBC,-0.6926041086241723
BAF,SAL,-0.7537480020680845
BAF,SBT,0.7297683219640305
BAF,SCR,0.6582519979509759
BAF,SFN,-0.6532977493152454
BAF,SGT,0.7426564958754324
BAF,SHB,0.6732071787730114
BAF,SKG,0.6778587689615588
BAF,SSF,-0.6827894355764121
BAF,STS,-0.6554821282109783
BAF,STW,-0.6874740041967092
BAF,TCI,0.7118202633701004
BAF,TDC,0.6551278975570766
BAF,TDG,0.7183505870317488
BAF,TDT,0.6771927319042567
BAF,THT,0.6652927939006726
BAF,TLH,0.704192184855656
BAF,TNA,0.6621526938331006
BAF,TOT,0.7304204174330222
BAF,TSC,0.6653408038189614
BAF,TVB,0.6674604645722253
BAF,TVD,0.67632772978071
BAF,TVH,-0.7418626675076548
BAF,UMC,-0.7189787870013616
BAF,VGS,0.6544530433357709
BAF,VIG,0.6588420789378662
BAF,VKC,-0.6514876510689152
BAF,VMT,-0.6843890696308361
BAF,VNR,0.6630041454909029
BAF,VTI,-0.7018282998366239
BAX,HPM,0.7401352332505688
BBH,BSD,0.6749005899908952
BBH,CH5,0.6652354352367837
BBH,CMW,0.7052526754112481
BBH,CTA,0.7271448948771537
BBH,DCH,0.721744192789245
BBH,DSD,0.7339190276804388
BBH,DUS,0.652847110191204
BBH,FBC,0.6947191987382689
BBH,FCC,0.7294179837188228
BBH,FHN,0.6920704835576988
BBH,FTI,0.6603817297995223
BBH,GMA,0.6742327649325771
BBH,HCI,0.6782947576815336
BBH,MIE,0.6765674862653319
BBH,NQB,0.6506737051969859
BBH,PMJ,0.7168734037340879
BBH,PTX,0.6623343660364734
BBH,SGD,0.6625241681324594
BBH,SPH,0.7037210652840824
BBH,VTG,0.728770632268431
BBH,VXP,0.6581020299446417
BBH,XDH,0.672573718551992
BBM,BHG,0.660045400228313
BBM,CTA,0.7236481147956004
BBM,DCT,0.6654415234863146
BBM,DLR,0.6698555106175877
BBM,DUS,0.6794323392807842
BBM,G20,0.651654851601595
BBM,SAL,0.654300148245916
BBM,TVH,0.6560233301987303
BBM,XHC,0.6505904765639109
BCB,BCR,0.7114706363438351
BCB,BHH,0.7964346734690424
BCB,CMI,0.6745160944666817
BCB,CVN,0.775118125470552
BCB,DKG,0.7496068819629766
BCB,DNL,0.6774421572996947
BCB,DTC,0.6928741900044293
BCB,DVT,0.900401817354671
BCB,GMC,0.680943276887457
BCB,HLO,0.8109947083285897
BCB,HMD,0.6647180168799262
BCB,IRC,0.735822418354721
BCB,L62,0.6788304026840427
BCB,LDW,0.7810756652347508
BCB,LNC,0.8060307204235952
BCB,MQB,0.7709460936133369
BCB,NLS,-0.7704171459806233
BCB,PCG,0.7365904315084735
BCB,PTM,0.7278636885627031
BCB,RYG,-0.7091806619416323
BCB,TAB,0.8021601447203504
BCB,TCK,0.7265502633182953
BCB,TD6,-0.7011908008685865
BCB,VE8,0.6810583359150247
BCC,BCE,0.6645897804099712
BCC,BCG,0.6816209709618897
BCC,BKG,0.6659253355789987
BCC,BMI,0.7716567176443824
BCC,BMS,0.6596759086080497
BCC,BSI,0.6812036568889033
BCC,BTS,0.857723829467321
BCC,C47,0.7005374781946632
BCC,C4G,0.8233992895212042
BCC,CEO,0.7355621203182732
BCC,CII,0.6500636423607628
BCC,CKG,0.7293067628466907
BCC,CMX,0.7960986893307926
BCC,CSC,0.749206805032553
BCC,CTI,0.7488066620321457
BCC,CTS,0.7186611330870238
BCC,DAH,0.7589571113556914
BCC,DCM,0.7033017915504715
BCC,DGW,0.679562519680104
BCC,DIG,0.762981273722605
BCC,DPG,0.7371969217281911
BCC,DPM,0.7213140632759548
BCC,DQC,0.7109466402922109
BCC,DRC,0.6553620313119984
BCC,DXG,0.7045693269908765
BCC,ELC,0.6877304027498151
BCC,EVE,0.6702636389649559
BCC,FCN,0.778135610746294
BCC,FIT,0.7450695306664975
BCC,FMC,0.6742324719355267
BCC,FRT,0.7190539986457741
BCC,FTS,0.6897434754639206
BCC,G36,0.7560467862161598
BCC,GEG,0.7422357138099107
BCC,GIL,0.6513311658042298
BCC,GSP,0.6724220653246007
BCC,HAH,0.7924065116334778
BCC,HAP,0.729481442392903
BCC,HAR,0.6532832308004799
BCC,HAX,0.6982565247532135
BCC,HCM,0.7288252667209971
BCC,HDC,0.6825872335493375
BCC,HDG,0.6726554610525193
BCC,HDM,0.6637824961627745
BCC,HHV,0.6621033317959469
BCC,HNM,0.6636286244235226
BCC,HOM,0.7232345663729587
BCC,HPG,0.7203433231146299
BCC,HQC,0.7691187325341057
BCC,HSG,0.7736058722900817
BCC,HT1,0.8143434762292246
BCC,HTG,0.7117640781999441
BCC,HUT,0.7241977742866295
BCC,IDC,0.7799127347217392
BCC,IDI,0.7829306545731766
BCC,IJC,0.749411118171082
BCC,IN4,-0.6512227776745535
BCC,IPA,0.7252434087717644
BCC,ITA,0.6611001029664365
BCC,JVC,0.7528523357094561
BCC,KHG,0.7127741450376365
BCC,KMR,0.7162433098656665
BCC,KSB,0.7891847180785804
BCC,L14,0.7061222560841773
BCC,L18,0.7578244667755766
BCC,LCG,0.8136263332642519
BCC,LHC,0.6600351267051646
BCC,LHG,0.6858175669480943
BCC,LIG,0.7462381102147971
BCC,LPB,0.6853700242972037
BCC,LSS,0.7055909377515901
BCC,MBG,0.6720133398356696
BCC,MBS,0.6820550109946056
BCC,MDC,0.6512692142848342
BCC,MSN,0.6988947412968352
BCC,NBC,0.775091522143234
BCC,NHA,0.74758796201013
BCC,NHH,0.6864352439885997
BCC,NKG,0.787651493849892
BCC,NT2,0.6600848320523206
BCC,OCH,0.6503167282264214
BCC,ODE,0.6682791677587374
BCC,OGC,0.7275561476302644
BCC,PAN,0.7737899020545606
BCC,PC1,0.7121048830544775
BCC,PET,0.6583669656634293
BCC,PFL,0.6589771999886891
BCC,PHC,0.7176421173330613
BCC,PLC,0.7067646584986496
BCC,PPH,0.6925078773663912
BCC,PSD,0.6759875865915449
BCC,PSI,0.7389001183089167
BCC,PSW,0.6685706365907924
BCC,PTC,0.6574491692992906
BCC,PVC,0.676402350232761
BCC,PVD,0.6743322413643653
BCC,PVP,0.653918270622204
BCC,PVT,0.6789771225056594
BCC,QTP,0.6631086631506047
BCC,SBS,0.7017294705374542
BCC,SBT,0.7285888438029037
BCC,SCR,0.7996103432579871
BCC,SGT,0.6658343761447922
BCC,SHB,0.7024159137033119
BCC,SHS,0.7035812310469021
BCC,SKG,0.6990915075174585
BCC,SSI,0.7174146347516193
BCC,STB,0.6516771987384211
BCC,SZC,0.7571031569161792
BCC,TCI,0.7550654184097723
BCC,TDC,0.7201331118503779
BCC,TDG,0.6725622596787123
BCC,TIG,0.6951985161478487
BCC,TLD,0.6955785172845935
BCC,TLH,0.745475257759996
BCC,TNG,0.7279916910243959
BCC,TOT,0.6921802210519571
BCC,TSC,0.7317679795017421
BCC,TTF,0.6861930307222686
BCC,TVB,0.7207435117925314
BCC,TVD,0.7453508385165581
BCC,VCG,0.6602425826656935
BCC,VCI,0.7248481338019179
BCC,VGC,0.6719678995515697
BCC,VGS,0.7797308693484264
BCC,VHC,0.679716011662371
BCC,VHE,0.6553740627612599
BCC,VHG,0.6521066733025918
BCC,VIB,0.6940090309455423
BCC,VIG,0.7452261510827635
BCC,VIX,0.6954816309518729
BCC,VLB,0.6995356683158958
BCC,VMT,-0.6592431362215765
BCC,VND,0.7333409793197055
BCC,VNL,0.7172958233898256
BCC,VNR,0.6634089805638562
BCC,VOS,0.6842112074357322
BCC,VPH,0.6565340796547018
BCC,WSS,0.6830161428903498
BCE,CMX,0.6517777356644007
BCE,DAH,0.7010688770484901
BCE,DTE,-0.676063704283298
BCE,DVW,-0.6543268936115373
BCE,FTI,-0.6535647141594528
BCE,GH3,-0.6894670340824851
BCE,HAR,0.6570025945788129
BCE,HC1,-0.6582131285758028
BCE,HDM,0.684669913074717
BCE,HFX,-0.6514963099018759
BCE,HNM,0.7013188357437982
BCE,IN4,-0.672813689352057
BCE,KMR,0.7089674983223901
BCE,L18,0.6933687804840224
BCE,LCG,0.6719250479685237
BCE,LQN,-0.6513855297871763
BCE,MBG,0.6555839560904675
BCE,MPY,-0.6856492533601484
BCE,NBB,0.7327064300755997
BCE,NBC,0.6620932573832278
BCE,NHA,0.6827775092855531
BCE,ODE,0.7230321184829467
BCE,OGC,0.6572451365647262
BCE,PHC,0.7647118453146533
BCE,PSW,0.6531129365379044
BCE,PTC,0.688696920227134
BCE,SAL,-0.6726508840568945
BCE,SAM,0.6804350142667822
BCE,SBT,0.6658636086177276
BCE,SD9,0.7169780034095578
BCE,SKG,0.699069974677775
BCE,SSF,-0.7004239524025004
BCE,TCJ,-0.6863125372046875
BCE,TDT,0.7003369299183373
BCE,TLD,0.6787785046468893
BCE,TNA,0.7660299076950784
BCE,TVD,0.6711349378796476
BCE,UMC,-0.6705732294831712
BCE,VNS,0.6547904036555985
BCG,C4G,0.7335222902694584
BCG,CEO,0.7527942780313626
BCG,CII,0.7096249176626243
BCG,CKG,0.6694013744290929
BCG,CMX,0.6564919124244375
BCG,CSC,0.6797786309579434
BCG,CTD,0.6879261529055738
BCG,CTS,0.6641885561341484
BCG,DGW,0.7145636414741389
BCG,DHA,0.7009837499654669
BCG,DIG,0.7046877339001806
BCG,DPG,0.6829710317262633
BCG,DQC,0.6658886863080604
BCG,DXG,0.7118934318702599
BCG,EVE,0.6500389774689479
BCG,FCN,0.7069745499389618
BCG,FRT,0.6754556385717941
BCG,FTS,0.6542240424236375
BCG,G36,0.7105557228274192
BCG,GEG,0.6720189495180392
BCG,GEX,0.7218165772762354
BCG,HAH,0.7436337765935912
BCG,HCM,0.6750195243009636
BCG,HDC,0.7524308339217674
BCG,HHS,0.6540326051157012
BCG,HPG,0.6573447031447776
BCG,HQC,0.698577340045014
BCG,HSG,0.674602103736329
BCG,HT1,0.6891576952800162
BCG,HUT,0.689542678379287
BCG,IDC,0.7531390504428495
BCG,IDI,0.6600587417349897
BCG,IDJ,0.6558067532275269
BCG,JVC,0.707429051118892
BCG,KDH,0.7057178131725945
BCG,L14,0.6530295085451412
BCG,LCG,0.6891336531293928
BCG,LDG,0.6709385653827885
BCG,NKG,0.6512400896452281
BCG,NLG,0.7384925853971378
BCG,NT2,0.6628749629897701
BCG,PC1,0.7197900812878757
BCG,PET,0.7223887175236907
BCG,PHR,0.7287224106778067
BCG,PSD,0.673122225641679
BCG,PSI,0.6717044403523306
BCG,SBS,0.6638573298715646
BCG,SCR,0.7065251694148589
BCG,SHB,0.6668541060619754
BCG,SHS,0.716330223957197
BCG,SSI,0.7150747841257511
BCG,SZC,0.7334953180137181
BCG,TCD,0.8059413168831188
BCG,TCH,0.6625629747666241
BCG,TIG,0.682678145280574
BCG,TNG,0.6669651370402256
BCG,VCG,0.6819513754017043
BCG,VCI,0.6747575771649408
BCG,VGC,0.7015666650790933
BCG,VGS,0.6833801597766842
BCG,VHC,0.6590568344806021
BCG,VIX,0.765926669909361
BCM,DPM,0.6600422147061895
BCM,POW,0.66875119873939
BCM,VHC,0.6724833182490944
BCR,BGE,0.680977298314695
BCR,BHH,0.7402180619354106
BCR,CMI,0.7102098943379047
BCR,CVN,0.6564115255840042
BCR,DKG,0.8096234137952405
BCR,DTC,0.7840360074903568
BCR,DVT,0.7191657071690353
BCR,EME,-0.6918224870020305
BCR,GMC,0.7561490954589323
BCR,HLO,0.6554087265786038
BCR,HMD,0.7869237033222588
BCR,IRC,0.8818029441495405
BCR,L62,0.6539124886685233
BCR,LDW,0.7910353221263844
BCR,LNC,0.8170514069203083
BCR,MQB,0.8594797214542647
BCR,NVP,0.7284707234409565
BCR,QBS,0.6771687286048801
BCR,RYG,-0.7151837147267353
BCR,TAB,0.850682745935287
BCR,TCK,0.9222738054972273
BCR,UXC,0.7880285466808549
BCR,VE8,0.678382723481175
BCR,VMK,0.8035052383112866
BCR,VUA,0.7367599760368193
BDT,BNW,-0.7529154979246429
BDT,CKD,0.6731819540085796
BDT,CMD,0.8116893452684787
BDT,CMN,0.6862416616726951
BDT,DFC,0.7027979561403713
BDT,FIC,0.7043006870880232
BDT,HC1,-0.6717388127733711
BDT,HD8,0.6980954091182994
BDT,HEP,0.7638197399488627
BDT,HHN,-0.7234423568257655
BDT,HNM,0.7127843152420774
BDT,HPD,0.6799125389509136
BDT,HSP,0.7043584218154458
BDT,ICN,0.6581168739672204
BDT,IN4,-0.7390273037350981
BDT,L40,0.6707343456974515
BDT,LAF,0.7152237264688461
BDT,LAI,0.7817189345902033
BDT,LCD,0.758738095712421
BDT,LUT,-0.7012882330778752
BDT,MCP,0.690572546710514
BDT,MEF,-0.6841194210227354
BDT,MH3,0.6577841272919337
BDT,MNB,0.7357364858233276
BDT,MND,-0.6679464790586371
BDT,MPY,-0.6734383773815973
BDT,NDW,-0.6969082615447761
BDT,NWT,0.7397283493307367
BDT,OCH,0.6867348031792165
BDT,PBP,0.6561334227120782
BDT,PCE,0.7394835405549356
BDT,PDN,0.7386837745798311
BDT,PTG,-0.6890201033680501
BDT,PVX,0.6543877396450044
BDT,SIV,0.7009182295184112
BDT,SKG,0.6790337006783486
BDT,TDB,0.7127359690731344
BDT,THW,0.7410830981954618
BDT,VGP,0.7847960454173069
BDT,VPC,0.7024735978397468
BDT,VSF,0.6638714734537533
BDW,BT1,0.7064050924818119
BDW,MND,-0.7031429280743259
BDW,NGC,0.7341570970158656
BDW,PNP,0.7045342318308989
BDW,TH1,0.6526645777768584
BDW,TMW,-0.6641958725131474
BDW,VPC,0.6547790354922585
BED,CKA,0.6565130636428048
BED,THS,0.6568071927710363
BEL,JOS,0.662262636611384
BEL,USC,0.6678400685120703
BEL,VXT,0.7021508423956938
BFC,CMX,0.6675647398227511
BFC,CNG,0.7282506632760566
BFC,CSV,0.6765662475295589
BFC,DCM,0.8214511466314736
BFC,DPM,0.7560073445084182
BFC,DRC,0.6597634034758059
BFC,GMD,0.6588538843670382
BFC,HAH,0.6631865306623989
BFC,LAS,0.7633078871445613
BFC,LHG,0.650638104936789
BFC,PVC,0.6660444945520014
BFC,PVS,0.6867713301492082
BFC,PVT,0.677657056007497
BFC,REE,0.6912802738723393
BFC,TNG,0.6757226580673125
BGE,NVP,0.6901268996855797
BGE,WSB,0.6544598846617457
BGW,BHG,0.7256938067471689
BGW,BNW,0.7159440220099768
BGW,BSD,0.7619580366333802
BGW,BWA,0.7248245147777435
BGW,CBS,-0.6587907425741496
BGW,CCP,0.7500641001219992
BGW,CH5,0.656761978098675
BGW,CHC,0.6515860432421644
BGW,CST,-0.6659345192304851
BGW,CTA,0.8540893477080337
BGW,CTW,-0.7268665959578197
BGW,DAH,-0.6723386239533182
BGW,DCH,0.7327528821552967
BGW,DDH,0.8764584342669842
BGW,DKC,0.6692309601625545
BGW,DLR,0.8068617957489401
BGW,DNA,0.6658445236837158
BGW,DNT,0.7179633653502262
BGW,DSD,0.6929720191867265
BGW,DTE,0.7810786631599873
BGW,DTG,-0.6626435191395932
BGW,DUS,0.8700063615372451
BGW,DVC,0.6602048170801343
BGW,DVW,0.8593615854815424
BGW,DZM,0.6737961414288043
BGW,FBC,0.8240272271530551
BGW,FCC,0.7358371812906803
BGW,FHN,0.672559912760909
BGW,FTI,0.8250179745045475
BGW,GGG,0.6592756084328804
BGW,GH3,0.8108862068332656
BGW,GMA,0.7606175313732373
BGW,GTT,0.672272888950938
BGW,HC1,0.6978076544786627
BGW,HCI,0.7920195367103646
BGW,HD6,-0.6800794657690828
BGW,HFX,0.8272347527477448
BGW,HKB,0.7086651020862832
BGW,HLA,0.7108062335055714
BGW,HLS,0.6549110785674226
BGW,HMG,0.7450781910303281
BGW,HNM,-0.7205988227498819
BGW,HNP,0.7804442969745156
BGW,IBD,0.722720183693105
BGW,IME,0.7781451604938948
BGW,KMR,-0.6791597446958143
BGW,L35,0.7571590099971613
BGW,LCC,0.8236333382189519
BGW,LQN,0.7022432322665625
BGW,LUT,0.691219190278009
BGW,MGR,0.7280526451652738
BGW,MIE,0.7431671112579712
BGW,MLC,0.7057897884567079
BGW,MRF,0.6777380351227998
BGW,MTB,0.7645099176811399
BGW,NDW,0.6674866333927445
BGW,ODE,-0.7450247837155283
BGW,PHH,0.7569244833180416
BGW,PLE,0.6838114725286083
BGW,PPI,0.681987607705472
BGW,PSG,0.741297081984088
BGW,QNT,0.791312605004522
BGW,QNW,0.6749560534714736
BGW,QST,0.7396332570529343
BGW,QTC,0.676470637951661
BGW,RBC,0.7877993245538849
BGW,SAL,0.8630360685284996
BGW,SCG,-0.6809515300515518
BGW,SFN,0.8085263896253386
BGW,SHI,-0.6577840453840423
BGW,SPH,0.7761851074070354
BGW,SSF,0.7872695891189161
BGW,STS,0.8002026265444545
BGW,STW,0.6948206790766582
BGW,TCJ,0.7279849477922532
BGW,TDT,-0.6766308711214368
BGW,TRT,0.7990669020040256
BGW,TST,0.6691772316806495
BGW,TVH,0.8376930685431875
BGW,UCT,0.7808291656658791
BGW,UDL,0.7054590765444532
BGW,UMC,0.9052302771446586
BGW,UPC,0.6644902334594219
BGW,VCT,0.7682010113111907
BGW,VHF,0.7252409721276739
BGW,VKC,0.650211431081802
BGW,VMT,0.7461842608902817
BGW,VTG,0.8599052569877608
BGW,VTI,0.8190751868352896
BGW,VVN,0.738795701538565
BGW,VXB,0.7914346072167594
BGW,VXP,0.7117282904341196
BGW,X26,0.6916280763956445
BGW,XHC,0.7994977561369561
BHC,CCT,0.7067628815592719
BHC,CID,0.6825664167978784
BHC,CJC,0.7060473472473469
BHC,CMW,0.6716732525559806
BHC,ISG,0.7777186033315568
BHC,NTF,0.7080916057925621
BHC,PLE,0.6685563309511345
BHC,SPD,0.6909560692029881
BHC,TNM,0.6608599254168198
BHC,TVG,0.744191581571407
BHC,VTQ,0.7081076595341277
BHG,BSD,0.7059165473450796
BHG,CCV,0.7634486960615552
BHG,CTA,0.8188312048885019
BHG,CTW,-0.6532229247261913
BHG,CYC,0.7059443928264061
BHG,DCH,0.7469866320214835
BHG,DDH,0.7242920378622482
BHG,DKC,0.8197991448133746
BHG,DLR,0.8510206808021579
BHG,DTE,0.723044422653835
BHG,DTG,-0.6676711155460155
BHG,DTH,0.690208823307896
BHG,DUS,0.8624058375900993
BHG,DVW,0.7849432925962002
BHG,DXL,0.7400090446399619
BHG,FBC,0.7928604480333886
BHG,FCC,0.7479879165367329
BHG,FGL,0.8090452426104654
BHG,FTI,0.6695582460919302
BHG,FTM,0.6659112422325904
BHG,HCI,0.7550802721519076
BHG,HD6,-0.7037468823681309
BHG,HFX,0.7323841543728908
BHG,HKB,0.7286535558622539
BHG,HNP,0.7433046356786329
BHG,IME,0.8509621752541069
BHG,LCC,0.7389919470079679
BHG,LO5,0.7594446513769075
BHG,MGR,0.6654134829413232
BHG,MTB,0.7134715180523543
BHG,NQB,0.7363411678965271
BHG,PHH,0.8550397507143618
BHG,PPI,0.728277566905587
BHG,PSG,0.7174063872618173
BHG,PTO,0.6589859902386751
BHG,QNT,0.718676535878826
BHG,QTC,0.7209554302162479
BHG,SAL,0.8533575541254584
BHG,SCG,-0.6842500060603677
BHG,SFN,0.730160096334218
BHG,SHP,-0.6558118105665884
BHG,SPH,0.6648508964857454
BHG,SSF,0.7130727490670008
BHG,STS,0.7658492626155298
BHG,TAW,0.7112393980320659
BHG,TDT,-0.6665391918860124
BHG,TRT,0.7122044944532457
BHG,TVG,0.7311244338077083
BHG,TVH,0.8239364955941885
BHG,UMC,0.7445913153460265
BHG,VCT,0.7672339882344771
BHG,VGL,-0.6528198785567744
BHG,VIR,0.8150568857589268
BHG,VTG,0.7530306497155923
BHG,VTI,0.8403612682050989
BHG,VVN,0.7848526023335809
BHG,VXB,0.7526024556615944
BHG,WTC,-0.6500554688229767
BHG,XHC,0.6880706057752103
BHH,BQP,0.720550144710215
BHH,CMI,0.8089183969926036
BHH,CVN,0.8287014182747259
BHH,DFF,0.6714798833358128
BHH,DKG,0.8880660737943916
BHH,DMS,0.7189621022434368
BHH,DNL,0.7591825814001587
BHH,DTC,0.7821932142381802
BHH,DVT,0.9357931561327525
BHH,GMC,0.7077611224077175
BHH,HHB,0.8053767677035208
BHH,HLO,0.8805277453869519
BHH,HMD,0.8336548384010605
BHH,IRC,0.7970722586161739
BHH,L62,0.7555184728815268
BHH,LDW,0.8500492240981968
BHH,LEC,0.6852238921673677
BHH,LNC,0.9349004070362633
BHH,MQB,0.8526908937261065
BHH,NLS,-0.9106295644573384
BHH,PCG,0.6739850066235161
BHH,POM,0.6535679489943087
BHH,PTM,0.860477182450977
BHH,RGG,0.8157885560575984
BHH,RYG,-0.6937500235525352
BHH,SD4,0.6565340891432492
BHH,SLD,0.8276870318349779
BHH,SSH,0.6612603798573129
BHH,TAB,0.8605518927097653
BHH,TCK,0.7878628032967273
BHH,TCX,-0.7495545620159045
BHH,TD6,-0.7438619698521909
BHH,UXC,0.6644612812275473
BHH,VCR,0.6736494575807204
BHH,VE8,0.785564165505249
BHH,VMK,0.7202434859685072
BHI,BNW,0.6546470435011157
BHI,DMS,0.693478396298619
BHI,DNL,0.6774611465738569
BHI,HHN,0.6599090243007002
BHI,HOT,0.6878442297311284
BHI,LUT,0.6751939380645706
BHI,QNW,0.6728608494365445
BHI,VE2,0.6520618968528246
BHK,CHC,0.6614539669130626
BHK,DCS,0.7906868239182885
BHK,GPC,0.7811172973824667
BHK,VTX,0.6994371919676176
BHK,YTC,0.6732657725365435
BIC,BMI,0.6981355562277962
BIC,BWE,0.661397603675295
BIC,MIG,0.6737812379460523
BIC,QTP,0.6601378238922216
BID,BMI,0.7100822633707771
BID,BSR,0.7208769017239296
BID,BVH,0.6571127940841323
BID,CKG,0.688252444778533
BID,CTG,0.8351000004235929
BID,DCM,0.6989358362530825
BID,DGC,0.7023043471746566
BID,DGW,0.7229615219327493
BID,DHA,0.6593493177328222
BID,DPG,0.668356122963202
BID,DRI,0.6551885091376398
BID,DXG,0.6610775061705472
BID,ELC,0.6742715779855574
BID,FCN,0.6611577807550106
BID,FRT,0.7218014913433836
BID,GAS,0.6639201330007944
BID,GMD,0.6992360180136608
BID,GVR,0.7193240358097197
BID,HCM,0.7573554549271402
BID,HDB,0.6503157826185242
BID,HDC,0.673023162924959
BID,HDG,0.6578578134367822
BID,HPG,0.8006248270370474
BID,HSG,0.7128386309619066
BID,HT1,0.6908241496351996
BID,IDC,0.7267538174122024
BID,KBC,0.699362957348438
BID,KDH,0.678769467866324
BID,KSB,0.6718571737522244
BID,LCG,0.6712526541699073
BID,LPB,0.7275254737017006
BID,MBB,0.8240585612948389
BID,MBS,0.667514025687972
BID,MIG,0.6529035667827584
BID,MSN,0.7035437279690333
BID,MWG,0.6835950948775759
BID,NKG,0.697069089681086
BID,NT2,0.6591719199779498
BID,PAN,0.6786258871776568
BID,PC1,0.7339714652920053
BID,PET,0.7242667902383267
BID,PHR,0.7461122812707339
BID,PLC,0.7144814329364662
BID,PLX,0.6837260821420736
BID,POW,0.6858328628546836
BID,PTB,0.7246759724718164
BID,PVC,0.6805566163047855
BID,PVD,0.7620750030360764
BID,PVS,0.7355718784779788
BID,PVT,0.7271974186312278
BID,SHB,0.691449301950521
BID,SHS,0.6837424740988345
BID,SSI,0.7329136497119142
BID,STB,0.7862231814152129
BID,SZC,0.6880764462410762
BID,TCB,0.7248453116712773
BID,TNG,0.7383032023928674
BID,TPB,0.6973101141616043
BID,VCB,0.8025588930702534
BID,VCG,0.6944728414639558
BID,VCI,0.7072443088580342
BID,VHC,0.6671334234991915
BID,VIB,0.6859488976745782
BID,VND,0.6654732565430537
BID,VNM,0.6604064701737755
BID,VPB,0.6958904083427556
BID,VRE,0.6903630972249718
BKG,C4G,0.7045825999410482
BKG,FCN,0.6905080929891793
BKG,FIT,0.7251855721753212
BKG,FRT,0.653588157993817
BKG,G36,0.6874975379459478
BKG,HUB,0.6654534529611007
BKG,IDC,0.6763853440335194
BKG,IDI,0.6575521478626517
BKG,IJC,0.6504296118733184
BKG,IVS,0.6963334874282554
BKG,KMR,0.6508516198393689
BKG,L18,0.656738783464086
BKG,LCG,0.7396320145847133
BKG,LGL,0.6581802812398073
BKG,NED,0.6669714977315503
BKG,NHH,0.6855266196951262
BKG,OGC,0.667710957446976
BKG,PAN,0.6610409945062613
BKG,PAT,0.6635971939058392
BKG,PHC,0.6549303121633364
BKG,PLP,0.6688914526602865
BKG,QTP,0.6604882434043948
BKG,SCR,0.6785813050066982
BKG,SKG,0.6695484184098689
BKG,SSI,0.6538182512482188
BKG,TLD,0.6809463056283276
BKG,TSC,0.6733657273073405
BKG,TTF,0.7054666820025086
BKG,TVB,0.7045617550325838
BKG,VIB,0.6912271009718445
BLF,CMI,0.6781955016293124
BLF,HLO,0.7075445516556775
BLF,NLS,-0.6511302355838613
BLN,SDY,0.6628033027815706
BLT,CCP,-0.6967126588325563
BLT,HLA,-0.6530515765654703
BLT,LAF,0.6515526415406263
BLT,VTZ,0.6562788475203039
BMC,DST,0.6829324669812764
BMC,MBG,0.6544742671966262
BMC,STW,-0.6529312725506847
BMD,CCT,0.7153618216506366
BMD,CH5,0.8382534412547462
BMD,CJC,0.6580353552380392
BMD,CKV,0.7103124765770121
BMD,DCG,0.7259000504697639
BMD,DCH,0.6711009012993947
BMD,DHN,0.6509300663837991
BMD,DLD,0.7142566072903406
BMD,DMN,0.6620623748100525
BMD,DP2,0.6574897143173837
BMD,HCI,0.7959867747132399
BMD,HLT,0.6603832844890171
BMD,HMG,0.6791351729125487
BMD,HPI,0.7845384357715248
BMD,HPM,0.7734317350119116
BMD,KTL,0.6637658954298444
BMD,LCD,0.6854737820573006
BMD,MTS,0.7308002384484943
BMD,NGC,0.7468210335912583
BMD,NQN,0.8695948293322302
BMD,NTT,0.7264353751991462
BMD,PID,0.6745933344410371
BMD,PSN,0.6752305577338091
BMD,PVY,0.7426927676954501
BMD,PWS,0.7405652657288819
BMD,QNU,0.7207168355665012
BMD,SBV,-0.6725458797702197
BMD,SPD,0.6763373093784434
BMD,STL,0.7421119672078735
BMD,TVG,0.7095017987834914
BMD,UCT,0.6680016938437613
BMD,VBH,0.7283127540105799
BMD,VES,0.7169214569635487
BMD,VPR,0.7263154845086971
BMF,BNW,-0.6599724757985481
BMF,DFC,0.771546792391612
BMF,DTI,0.6585117781967276
BMF,HMS,0.7530575661062104
BMF,KGM,0.7077434827097341
BMF,LAF,0.6967249061196106
BMF,MVN,0.6503136729943473
BMF,PCE,0.6746119734490004
BMF,PVX,0.6622249928613329
BMF,TNW,0.7298578627644463
BMF,VSA,0.6886644187937795
BMF,VSM,0.7555588929755582
BMG,DOP,0.654537957581285
BMG,ECI,0.7818206233581088
BMG,GCB,0.6991963424344769
BMG,GTS,0.6527015120043482
BMG,HEV,0.8705892588475189
BMG,NJC,0.6581683954304077
BMG,NWT,0.7089653960738339
BMG,PJS,0.6717287696034686
BMG,THW,0.7106221013566177
BMG,VDT,0.6765627543351723
BMI,BSI,0.6634061124166899
BMI,BSR,0.732627101568534
BMI,BTS,0.7181368037385462
BMI,BVH,0.6585466020300567
BMI,BVS,0.6609728277323836
BMI,BWE,0.7248995406742592
BMI,C4G,0.7269272336677894
BMI,CCL,0.6503661098490505
BMI,CKG,0.6933880310001216
BMI,CMX,0.737194159185277
BMI,CNG,0.6750345283775365
BMI,CSC,0.7533478747721722
BMI,CTG,0.7298568134425255
BMI,CTI,0.682406760164318
BMI,CTS,0.6767504315933218
BMI,DAH,0.6599628619739988
BMI,DCM,0.7438494639880726
BMI,DGC,0.6569124121489766
BMI,DGW,0.6897480360053293
BMI,DPG,0.7271559410455289
BMI,DPM,0.7155827729723905
BMI,DRC,0.6580086250029505
BMI,DXG,0.7048888868422666
BMI,ELC,0.7073586636626283
BMI,FCN,0.685559187128895
BMI,FMC,0.659393412610492
BMI,FRT,0.6556581666380623
BMI,FTS,0.6581969948680187
BMI,G36,0.666855034181012
BMI,GEG,0.7026114646635265
BMI,GIL,0.6628767427216314
BMI,GVR,0.6666949249658188
BMI,HAH,0.7322297710790657
BMI,HAX,0.7512431763832315
BMI,HCM,0.7531347477443721
BMI,HDC,0.7176270927735873
BMI,HDG,0.7397852506358249
BMI,HHV,0.6864858539482573
BMI,HPG,0.7515206954731148
BMI,HSG,0.7176268997081867
BMI,HT1,0.7305122299060999
BMI,HTG,0.6960337528321364
BMI,IDC,0.7513391141703791
BMI,IDI,0.6942821595181212
BMI,IDV,0.6519075038714301
BMI,IJC,0.7095698283809616
BMI,IPA,0.6601805479242338
BMI,JVC,0.6514056904659213
BMI,KBC,0.711143222431936
BMI,KHG,0.6577235112529715
BMI,KMR,0.664781379338395
BMI,KSB,0.691115033096775
BMI,L18,0.6674490375652041
BMI,LAS,0.6632366904578814
BMI,LCG,0.7358801497236024
BMI,LHC,0.6594888934181931
BMI,LHG,0.6953174746226378
BMI,LPB,0.7807411142597646
BMI,MBB,0.780256885678976
BMI,MBS,0.7016358699667132
BMI,MIG,0.8093267776274712
BMI,MSB,0.6707388168654683
BMI,MSN,0.6739159945777176
BMI,NAB,0.6814426131793024
BMI,NBC,0.6694979112219788
BMI,NHA,0.7008157499787587
BMI,NKG,0.7212844973088163
BMI,NT2,0.6757107289349933
BMI,PAN,0.7545622592414757
BMI,PBP,0.6519425961544106
BMI,PC1,0.7145646159187791
BMI,PET,0.7387525027162652
BMI,PGC,0.6926146964557187
BMI,PHR,0.704933445401918
BMI,PLC,0.7284829047288959
BMI,POW,0.7367017488310874
BMI,PSI,0.6700911256637581
BMI,PTB,0.7433840149593742
BMI,PVB,0.6886288340501482
BMI,PVC,0.7030323245678706
BMI,PVD,0.7433906637227775
BMI,PVP,0.6640463401621282
BMI,PVS,0.7221817521612883
BMI,PVT,0.7190012191962623
BMI,QTP,0.7109211986336794
BMI,REE,0.65087291289107
BMI,SBS,0.6624414974681335
BMI,SCR,0.7229247568522337
BMI,SGT,0.6548910093040741
BMI,SHB,0.750665641768033
BMI,SHS,0.6732945846887208
BMI,SKG,0.6697476565765133
BMI,SSI,0.7235445014562881
BMI,STB,0.7709184789443716
BMI,SZC,0.7222478971308484
BMI,TCB,0.6847265699107794
BMI,TCI,0.708225233734003
BMI,TCM,0.6535954039521324
BMI,TLH,0.6861319785525589
BMI,TNG,0.7834263418257802
BMI,TPB,0.6752091771054042
BMI,UDJ,0.6592573378041521
BMI,VCI,0.7168396876940494
BMI,VGS,0.6927937287744993
BMI,VGT,0.7161817655695544
BMI,VIB,0.6976038887627133
BMI,VIX,0.6765752231002203
BMI,VND,0.6987700478923073
BMI,VNR,0.6782705504182519
BMI,VOS,0.671942395976003
BMS,BSI,0.8210168484986786
BMS,BVS,0.7292715316259605
BMS,C4G,0.6681253023448969
BMS,CMX,0.6541107515766956
BMS,CSC,0.6585545226410772
BMS,CSI,0.7273193406560479
BMS,CTS,0.7549880170595673
BMS,FIT,0.6934340049325561
BMS,FTS,0.7400160627135107
BMS,GIL,0.6812760897951634
BMS,HCM,0.6947343902961856
BMS,HHV,0.7196730129132822
BMS,HSG,0.6763228512072295
BMS,IJC,0.6935938770606117
BMS,IPA,0.7026748984747452
BMS,IVS,0.734375395787679
BMS,KMR,0.6758875536394874
BMS,L18,0.6636598936426273
BMS,LCG,0.6799274526103465
BMS,LPB,0.6636568862841146
BMS,LSS,0.7366399594191285
BMS,MBS,0.7127938286047747
BMS,NAB,0.6683585820147357
BMS,NED,0.664451856088187
BMS,NHA,0.713881051264933
BMS,NKG,0.6612070159976792
BMS,ORS,0.6763404670259224
BMS,PAN,0.6654202804990532
BMS,PGB,0.6952543628794033
BMS,PHC,0.6779841575840658
BMS,PSI,0.7906416849396061
BMS,S99,0.6984019702216466
BMS,SBS,0.752612178950914
BMS,SBT,0.7141227074226022
BMS,SHS,0.6726627773028611
BMS,SKG,0.6525439848220327
BMS,SSI,0.6811273074595064
BMS,TCI,0.7645626715003988
BMS,TDC,0.7077040579241157
BMS,TLH,0.7280531767681169
BMS,TVB,0.752994983298586
BMS,VBB,0.6639291350017996
BMS,VC2,0.6560319087363998
BMS,VCI,0.7175055035182166
BMS,VGS,0.6780976902870484
BMS,VIG,0.7914442401879541
BMS,WSS,0.7393228578294139
BMV,CTW,0.7201091813348236
BMV,DDM,0.6668405923926131
BMV,DHB,0.7830087512079641
BMV,MND,-0.6843777234559839
BMV,NGC,0.7124883738705713
BMV,TVA,0.6687554014202359
BMV,VGL,0.6885772104362118
BNW,BTS,-0.7182413489585434
BNW,CCP,0.8217211652343434
BNW,CHC,0.7410596909839279
BNW,CKD,-0.7145524445736412
BNW,CLM,-0.6644359700590358
BNW,CMD,-0.753160844783099
BNW,CTW,-0.6940176508360895
BNW,DAH,-0.7505290864361045
BNW,DDH,0.8009679143923906
BNW,DFC,-0.7709225235484898
BNW,DLR,0.6623093579753053
BNW,DNL,0.7380766153171823
BNW,DRL,-0.7011579926853329
BNW,DTE,0.7507579346321784
BNW,DTG,-0.7470889309250028
BNW,DUS,0.7272879624116957
BNW,DVW,0.7522966911938584
BNW,FRM,0.6579891126698468
BNW,FTI,0.7036056717328694
BNW,FTM,0.7648725125074894
BNW,GH3,0.7872309035644715
BNW,GTT,0.7178136534525645
BNW,HAX,-0.6559902653961369
BNW,HC1,0.8028411314179722
BNW,HEP,-0.7805314773005358
BNW,HFB,-0.6629860945206735
BNW,HFX,0.7196260820761822
BNW,HHN,0.884958927456614
BNW,HLA,0.7869672910110925
BNW,HLS,0.6905969951218427
BNW,HNM,-0.8180294964502411
BNW,HNP,0.6916977959071428
BNW,HOT,0.7420537649307
BNW,HPD,-0.6638360474758999
BNW,ICN,-0.6963446950823351
BNW,IN4,0.8467217900163085
BNW,KMR,-0.7729325012210325
BNW,L18,-0.6581345376911977
BNW,L35,0.7033242344673057
BNW,L62,0.6670634877627293
BNW,LAF,-0.8232514909572481
BNW,LAI,-0.6751551085265555
BNW,LCC,0.7851645838501559
BNW,LCD,-0.6560059600514234
BNW,LSS,-0.6570096934557887
BNW,LUT,0.8694095818049022
BNW,MCP,-0.7341165786358655
BNW,MEF,0.8257831831449709
BNW,MND,0.690274231075871
BNW,MPY,0.8117426981500256
BNW,MRF,0.6886854720457904
BNW,NAC,0.7509193254606373
BNW,NBC,-0.7002026348406333
BNW,NDW,0.855390033537726
BNW,NUE,-0.6729653475854017
BNW,ODE,-0.7574641163199041
BNW,PBP,-0.7083708820903589
BNW,PCE,-0.7092663239544899
BNW,PCH,-0.6801084233942776
BNW,PDN,-0.6612195759380415
BNW,PHH,0.6808471130755054
BNW,PMW,-0.6986020144942557
BNW,PPI,0.7675406703080693
BNW,PSG,0.6627994679500581
BNW,PTC,-0.7387961119263579
BNW,PTG,0.8438501009632734
BNW,QNW,0.8177281356868049
BNW,RBC,0.7288714890063479
BNW,SAL,0.7893755498332699
BNW,SBG,-0.7432358243494582
BNW,SBT,-0.6902314458018681
BNW,SCD,0.7093643639471477
BNW,SFN,0.6579561715689177
BNW,SSF,0.7243351573719335
BNW,STW,0.7030848096238925
BNW,TCJ,0.6880015985938502
BNW,TDB,-0.6848465293803034
BNW,TGG,-0.6655500972821212
BNW,THN,0.731194647200791
BNW,TL4,0.6562567070057397
BNW,TMW,0.6881407628839268
BNW,TOT,-0.7404230655011155
BNW,TRT,0.6904200558848752
BNW,TSC,-0.6681491142767974
BNW,TVD,-0.7294697205245143
BNW,TVH,0.7898409030480485
BNW,UMC,0.8121895657501195
BNW,VCT,0.7030458316503806
BNW,VE2,0.7894003278503965
BNW,VFG,-0.6535776654027775
BNW,VGP,-0.790334731916826
BNW,VKC,0.746522423414522
BNW,VLP,0.6712177331727618
BNW,VMT,0.7068563134829183
BNW,VNL,-0.6505200848950251
BNW,VNS,-0.6821175650468548
BNW,VSA,-0.6705242493021348
BNW,VSF,-0.6970799134010635
BNW,VTI,0.7298386166077521
BNW,VTZ,-0.6881658610809925
BNW,VXB,0.6633667496444897
BNW,X26,0.7102285457992134
BNW,XHC,0.7204783306880687
BOT,CVN,0.6539260017371483
BQP,CRV,-0.724897861745373
BQP,DVT,0.6820180973653045
BQP,HHB,0.8740800849417192
BQP,NLS,-0.6772088097781123
BQP,PTM,0.6742631489242183
BQP,RGG,0.8418545772416866
BQP,SLD,0.8604307302787881
BRC,CCP,-0.6519658826753157
BSD,CH5,0.700737895860041
BSD,CTA,0.7849522024566724
BSD,CYC,0.6852644050157728
BSD,DDH,0.6576509355498728
BSD,DKC,0.7065294234939554
BSD,DLR,0.7357231070203004
BSD,DNT,0.7096550420517976
BSD,DSD,0.7413827364006434
BSD,DSG,0.6669719503189045
BSD,DUS,0.8011588119423518
BSD,DVW,0.7548372237238894
BSD,FBC,0.7958102390115912
BSD,FCC,0.6873898181132297
BSD,FHN,0.7223399780732153
BSD,FTI,0.7766326776206929
BSD,GH3,0.6749551464973927
BSD,GMA,0.6752726626254782
BSD,HCI,0.7715892356236265
BSD,HFX,0.6984048346608858
BSD,HGT,0.6601409191601038
BSD,HKB,0.7955378796906434
BSD,HNP,0.7974636646635431
BSD,HTC,0.6796508257967342
BSD,IBD,0.7884066667043781
BSD,IME,0.7893186493976251
BSD,LCC,0.6948837443036191
BSD,LG9,0.7016552851970849
BSD,LQN,0.6870379652459697
BSD,MGR,0.724748589992093
BSD,MIE,0.7583834444768168
BSD,MRF,0.6610298367872853
BSD,MTB,0.7177086016217312
BSD,PAI,0.6778357474643203
BSD,PHH,0.7905870151615381
BSD,PMJ,0.6966603265013834
BSD,PPT,-0.6534725537007777
BSD,PSG,0.6528594936290752
BSD,PVY,0.7094921854662527
BSD,QNT,0.7069375720075334
BSD,QST,0.6959035361330902
BSD,RBC,0.6503740948426693
BSD,SAL,0.7860046867760915
BSD,SCG,-0.6741388504675688
BSD,SFN,0.7214879294504544
BSD,SGD,0.6747201361871117
BSD,SPH,0.6650836003276004
BSD,SSF,0.7134926666282694
BSD,STS,0.750245607463859
BSD,TCJ,0.7109255364594773
BSD,TVG,0.6524588901213466
BSD,TVH,0.7478013416127866
BSD,UCT,0.6839601140029657
BSD,UMC,0.7170593639189685
BSD,UPC,0.660215121959159
BSD,VHF,0.651306319989135
BSD,VTG,0.672262818974914
BSD,VTI,0.7402615030620242
BSD,VVN,0.6502889218198852
BSD,VXB,0.7575084952942792
BSD,VXP,0.7044933659278154
BSD,XDH,0.6886620828966824
BSI,BVS,0.8118866191299917
BSI,C4G,0.6762332780009201
BSI,CMX,0.670007030124313
BSI,CSI,0.7219613081197148
BSI,CTG,0.652517587559318
BSI,CTS,0.8852822995848725
BSI,DBC,0.6953475688999835
BSI,DCM,0.6543240043024982
BSI,DGW,0.6935363603252735
BSI,DPG,0.7016513986286026
BSI,DSC,0.6867723248236902
BSI,DXG,0.7427619832170533
BSI,DXS,0.6804445743512537
BSI,ELC,0.6543707259971608
BSI,EVS,0.6644166296866837
BSI,FCN,0.6851293182120888
BSI,FIT,0.6924442426446307
BSI,FTS,0.8734012141079298
BSI,GEG,0.6609783957446954
BSI,GIL,0.7015628677812306
BSI,HCM,0.8549600664689897
BSI,HDC,0.6921381118067867
BSI,HHV,0.8125678099658109
BSI,HPG,0.7088472499681778
BSI,HQC,0.6625139167164467
BSI,HSG,0.7847813665443305
BSI,IDI,0.6653139258378176
BSI,IJC,0.7848402583512061
BSI,IPA,0.7550427666221634
BSI,IVS,0.6616874243232795
BSI,KBC,0.7090915248908061
BSI,KHG,0.6941276191227126
BSI,KMR,0.6591141633491175
BSI,KSB,0.7188648255990104
BSI,LCG,0.7544033497333782
BSI,LHG,0.6952787414678082
BSI,LPB,0.7493518991880117
BSI,LSS,0.6986481677705912
BSI,MBB,0.6637802836356294
BSI,MBS,0.8675515710339172
BSI,MSB,0.702804188033638
BSI,NAB,0.6836428187199513
BSI,NHA,0.7215981957541615
BSI,NKG,0.7852376097910758
BSI,OCB,0.6503060931287851
BSI,ORS,0.7720372306183102
BSI,PAN,0.7253590272377708
BSI,PC1,0.6705779912170233
BSI,PSI,0.7896892385689233
BSI,S99,0.6830278643195654
BSI,SBS,0.7904559273379467
BSI,SBT,0.7482693735424556
BSI,SCR,0.7419369419388768
BSI,SHB,0.7395969577241512
BSI,SHS,0.818299760037475
BSI,SSI,0.837557159772557
BSI,SZC,0.75097112150535
BSI,TCB,0.6555062267950492
BSI,TCI,0.7879896121674603
BSI,TDC,0.6533881930601235
BSI,TIP,0.6575763861449962
BSI,TLH,0.766981515501106
BSI,TNG,0.7290385465688433
BSI,TSC,0.6535199308991402
BSI,TVB,0.7464877838701438
BSI,VCI,0.8388429600863969
BSI,VDS,0.7266971724281008
BSI,VGS,0.7567504877054629
BSI,VIB,0.734960862959203
BSI,VIG,0.7307225131076506
BSI,VIX,0.7327310523476025
BSI,VND,0.8103565252249346
BSI,WSS,0.7343188324847938
BSQ,HHB,0.6629733712874851
BSR,BVH,0.7016473830605768
BSR,C4G,0.657740865704953
BSR,CTG,0.750766699662376
BSR,DCM,0.735453491837481
BSR,DGC,0.6506252379180487
BSR,DXS,0.6706479035664186
BSR,EIB,0.6600192283861387
BSR,G36,0.6824087326371946
BSR,GAS,0.7072285130372905
BSR,GMD,0.7456619075912059
BSR,GVR,0.6955750236573116
BSR,HAH,0.6945659181720463
BSR,HCM,0.7328506232553743
BSR,HDG,0.7343764387892234
BSR,HHV,0.6881578182321071
BSR,HPG,0.7250018351272305
BSR,HSG,0.6707682815210131
BSR,HT1,0.6847731765397966
BSR,HUT,0.6590832076780028
BSR,IDC,0.6927276004274121
BSR,IPA,0.6572960448246239
BSR,KBC,0.6675305662004987
BSR,LCG,0.6703892163243718
BSR,LPB,0.7645624260902718
BSR,MBB,0.7655249917425647
BSR,MBS,0.7396203165114158
BSR,MSB,0.6636977714612176
BSR,MSN,0.6814311966528105
BSR,NKG,0.6688807450950829
BSR,OIL,0.7678525610651662
BSR,PAN,0.7123465244987404
BSR,PAT,0.7078581405490708
BSR,PC1,0.7433220835234785
BSR,PET,0.7854601275334772
BSR,PHR,0.6866653029703749
BSR,PLC,0.6583315310262476
BSR,PLX,0.6888948727739557
BSR,POW,0.709679343572294
BSR,PSI,0.6743196631916363
BSR,PVC,0.768632677208298
BSR,PVD,0.8029708324052524
BSR,PVS,0.848048066141417
BSR,PVT,0.7604418902635007
BSR,SBS,0.7032174658777668
BSR,SCR,0.6650106950810045
BSR,SHB,0.6688504215779725
BSR,SHS,0.7394882066743236
BSR,SSI,0.7462257850831722
BSR,STB,0.8023892180572808
BSR,TCB,0.7014025615693356
BSR,TNG,0.7658593389630087
BSR,TTF,0.6512178893961303
BSR,TVM,-0.650268632170489
BSR,VCI,0.669393354857317
BSR,VIB,0.7408790095285415
BSR,VIX,0.6890137810673603
BSR,VND,0.6751399483556249
BSR,VPB,0.6929305111870219
BT1,BTH,0.6505505644544397
BT1,CDG,-0.7415698008005499
BT1,DSE,0.6760496906848213
BT1,FSO,-0.7171238643275282
BT1,LCD,0.6661622113315928
BT1,MND,-0.7784532363980626
BT1,NAC,-0.7225042161597408
BT1,NGC,0.7526384289998306
BT1,NXT,-0.6523406623268815
BT1,PIV,0.6876588063704995
BT1,PNP,0.7854249751088798
BT1,PNT,-0.730196835394717
BT1,SCD,-0.6785499122765892
BT1,SGC,0.7574536853793912
BT1,TB8,-0.6616481415662396
BT1,THN,-0.7331164041802646
BT1,VES,0.6614398852668482
BT1,VGR,0.6980607652561905
BT1,VLP,-0.6596084108104614
BT6,NDF,0.7269768266299298
BTD,DTE,0.6939242584945887
BTD,SPH,0.6553325625961305
BTH,CDG,-0.6921997216263733
BTH,CJC,0.6944201799481893
BTH,CLW,0.6928531459010272
BTH,CVN,-0.6917011914343227
BTH,CX8,0.690793196821223
BTH,DHN,0.7534019978069879
BTH,DP2,0.7097764274841563
BTH,DVG,-0.7347256323671317
BTH,EFI,0.8315526292861739
BTH,GMC,-0.6778864851775952
BTH,GSM,0.7404414934351884
BTH,HFC,0.7359819599591241
BTH,HTP,-0.7052142505451734
BTH,IRC,-0.6677991218025375
BTH,KHS,0.7018185663788382
BTH,KSD,-0.6587715274694791
BTH,L62,-0.7374304168861519
BTH,MA1,0.7785926283284764
BTH,MND,-0.7424325238389162
BTH,MTS,0.7971799620901882
BTH,NGC,0.71908488469727
BTH,NQN,0.6744764333924979
BTH,NTH,0.6755364392763148
BTH,NVP,-0.7352422919653488
BTH,PIV,0.7214477154599309
BTH,QBS,-0.774236242088076
BTH,RTB,0.6696409980115139
BTH,SGC,0.6888933992889511
BTH,SPD,0.8109994611637015
BTH,TB8,-0.694177865219902
BTH,THN,-0.6718635447743864
BTH,TVA,0.6526145493386077
BTH,VBH,0.8109959758007889
BTH,VDG,-0.6789256299989863
BTH,VES,0.7333278579567375
BTH,VGL,0.6862551510799242
BTH,VIW,0.6900536579918484
BTH,VPR,0.721657656211522
BTH,VUA,-0.7128313380554104
BTH,X20,0.713668119343952
BTH,XPH,0.6509968317647354
BTP,KMR,0.6823419648284095
BTP,NED,0.6710797145484739
BTP,SHP,0.6506631902404818
BTP,TCI,0.6893405480163216
BTS,C4G,0.7215686700780048
BTS,CCP,-0.6541654148142346
BTS,CMX,0.720393260041235
BTS,CSC,0.6704579835621507
BTS,CST,0.6673120772196275
BTS,DAH,0.7691719417937065
BTS,DDH,-0.7104559900576854
BTS,DDV,0.6534062860046279
BTS,DL1,0.6533612909166812
BTS,DQC,0.6683777034568243
BTS,DTI,0.6535558219867207
BTS,DVW,-0.6627799530474133
BTS,FIT,0.7255028828444217
BTS,FRT,0.6513977856505095
BTS,G36,0.6669515975821019
BTS,GH3,-0.7003611603423308
BTS,GSP,0.6998315970922826
BTS,GTT,-0.6688293661110325
BTS,HAH,0.69557858570854
BTS,HAP,0.6973262795827241
BTS,HAX,0.6688348208610906
BTS,HC1,-0.6980518816423246
BTS,HCD,0.6882942978117051
BTS,HCM,0.6534791472477706
BTS,HHN,-0.6771550613836294
BTS,HNM,0.6905046001118822
BTS,HOM,0.7049782175210345
BTS,HOT,-0.6742822431633769
BTS,HQC,0.7507532516313663
BTS,HSG,0.7263780168683093
BTS,HT1,0.6892416837829202
BTS,HTG,0.6982391540427998
BTS,HUT,0.6688872557717597
BTS,IDC,0.685447307436787
BTS,IDI,0.6942773933144735
BTS,IJC,0.6738948882899716
BTS,IN4,-0.6676397446286655
BTS,JVC,0.7311844411930362
BTS,KHG,0.6772072416580229
BTS,KMR,0.7571639782545861
BTS,KSB,0.6691178268553285
BTS,L18,0.7002718180870945
BTS,LAI,0.6561407335532911
BTS,LCG,0.7333292109540213
BTS,LIG,0.6792361966608537
BTS,LSS,0.6922666266798597
BTS,LUT,-0.6539061703801572
BTS,MBG,0.701109284823668
BTS,MDC,0.7146083309813361
BTS,MEF,-0.653907366301681
BTS,MPY,-0.6505818716180379
BTS,MSN,0.6553325014595579
BTS,NBC,0.7923619050380262
BTS,NDW,-0.6524068977839196
BTS,NED,0.657976734950573
BTS,NHA,0.6731087794422914
BTS,NKG,0.7407511485426052
BTS,ODE,0.6791844032098453
BTS,OGC,0.6541777965406699
BTS,PAN,0.6771570009976354
BTS,PBP,0.697198186047293
BTS,PDV,0.6959460942526805
BTS,PGC,0.6974508879248266
BTS,PHC,0.651553747128232
BTS,PLP,0.6641852889160561
BTS,PMB,0.7193713145808932
BTS,PPH,0.7686263611614993
BTS,PSD,0.650986792791934
BTS,PSE,0.673737199140208
BTS,PSI,0.6761951852771525
BTS,PSW,0.6662029388966664
BTS,PTG,-0.6616781177493081
BTS,PVP,0.6737565389135405
BTS,SAL,-0.6972933817540328
BTS,SBT,0.7327406779581639
BTS,SCR,0.7088396564600317
BTS,SGT,0.6973045975521058
BTS,SKG,0.6764805263089755
BTS,SSF,-0.6933213636566644
BTS,STW,-0.7083016905758901
BTS,SZC,0.6603516503394307
BTS,TCI,0.6529820251033452
BTS,TDG,0.7064477411299389
BTS,TDT,0.6612579026434384
BTS,THT,0.7464738179044319
BTS,TLD,0.6867758404615415
BTS,TLH,0.7294795105249029
BTS,TNG,0.6791839347045102
BTS,TOT,0.7224637150862673
BTS,TSC,0.740418454578723
BTS,TTF,0.6588084082580858
BTS,TVD,0.7970618869602293
BTS,TVH,-0.6884045338062496
BTS,UMC,-0.6644170155455045
BTS,VGS,0.6736288133467496
BTS,VHG,0.6533766201982926
BTS,VIB,0.6768956630207437
BTS,VID,0.669478665263495
BTS,VIG,0.7240283815243449
BTS,VIP,0.6836191207197173
BTS,VMT,-0.7087883508224347
BTS,VNL,0.7624981255556487
BTS,VNR,0.6797472322466966
BTS,VOS,0.6772661589641634
BTS,VSA,0.6587018544232374
BTS,WTC,0.665743841541984
BTT,PTH,0.6591010357574236
BTU,CKD,0.6636234113258108
BTU,CTB,0.6583620001388706
BTU,CX8,0.7059946539835589
BTU,HPD,0.7074922865132347
BTU,HSP,0.7136285359054935
BTU,HU6,0.7208027197322572
BTU,KHS,0.6994066649997155
BTU,LCD,0.6606494367698663
BTU,MTS,0.6867703427187486
BTU,SPD,0.7130828799982518
BTU,TDS,0.6864849104887535
BTU,TPS,0.7187398984477349
BTU,TSD,0.7194104394353221
BTU,VPR,0.8023618155324617
BVB,BVS,0.7130253316497321
BVB,CTG,0.68415165364598
BVB,HDB,0.6650382894942213
BVB,HHV,0.654424790562742
BVB,LPB,0.6668062011020518
BVB,MBB,0.7495811962468716
BVB,MSB,0.6897593798124468
BVB,NAB,0.7442217587945277
BVB,OCB,0.6757255879789642
BVB,PAN,0.650486637801489
BVB,SBS,0.6925863397152024
BVB,SHB,0.7249627739544414
BVB,TCB,0.705630034627468
BVB,TCL,0.6623657629440224
BVB,TPB,0.7081975788378633
BVB,VAB,0.6672832278937885
BVB,VGT,0.7642138564484596
BVB,WSS,0.6715941328874271
BVH,BWE,0.6636671220865011
BVH,CTG,0.6520682307779253
BVH,DPR,0.6859356496327789
BVH,GAS,0.7442730925632952
BVH,GMD,0.6699859072321025
BVH,HTV,0.659135309929946
BVH,MBB,0.6857920789106041
BVH,MIG,0.6711936077803464
BVH,OIL,0.6540750517284283
BVH,PET,0.6550661306631271
BVH,PHR,0.6858541518756662
BVH,PLX,0.6905091277400652
BVH,PNJ,0.6927905941318597
BVH,PVD,0.6513836440754844
BVH,PVI,0.7131376234377587
BVH,PVS,0.6951753571614236
BVH,VNM,0.7028812336833857
BVH,VPB,0.6674861646218977
BVN,DTG,0.6718752926605153
BVN,NAW,0.6558301026117173
BVS,CMX,0.6546219060910627
BVS,CSC,0.6530798009918005
BVS,CTG,0.6993334220355472
BVS,CTR,0.6556694062374897
BVS,CTS,0.8122842499166859
BVS,DBC,0.6972387242990605
BVS,DPG,0.6996348321786489
BVS,DRI,0.678996535680964
BVS,DXG,0.6705582196318041
BVS,DXS,0.6712078361936427
BVS,ELC,0.6597865978597026
BVS,EVS,0.6575432210878807
BVS,FTS,0.7592042220126611
BVS,GIL,0.7005410766751431
BVS,GVR,0.6850558332317391
BVS,HCM,0.770534119548614
BVS,HHV,0.6768986181501053
BVS,HPG,0.6887925057429309
BVS,HSG,0.691792060736895
BVS,IJC,0.7179171664015772
BVS,IPA,0.6640589325177279
BVS,LAS,0.6847179291895855
BVS,LHG,0.6780537687669809
BVS,LPB,0.7533865973249593
BVS,MBB,0.727257864818908
BVS,MBS,0.7936976592932403
BVS,NAB,0.6695425957556467
BVS,NHA,0.6765385086312556
BVS,NKG,0.6905257067340309
BVS,ORS,0.6536841936065686
BVS,PAN,0.6775295144760812
BVS,PSI,0.7134889252965354
BVS,SBS,0.7466091052384355
BVS,SBT,0.6643532745022941
BVS,SHB,0.6724383502802829
BVS,SHS,0.7385756024963576
BVS,SSI,0.7397883117751567
BVS,TCB,0.716470932311351
BVS,TCI,0.6636816855988809
BVS,TLH,0.6884510323429844
BVS,TNG,0.688456604654834
BVS,TVB,0.6816940646262297
BVS,VBB,0.6645671690681845
BVS,VCI,0.7328894379774542
BVS,VCS,0.6522178124855793
BVS,VDS,0.7633074200264214
BVS,VGS,0.715739617953275
BVS,VGT,0.6991859443128189
BVS,VIX,0.6619623355424966
BVS,VND,0.7248137760507254
BVS,WSS,0.6798625940121802
BWA,CCP,0.6979853116179436
BWA,CHC,0.7118475672714513
BWA,CTA,0.7481772008649221
BWA,DCS,0.7216308156970813
BWA,DDH,0.7388886897275163
BWA,DLR,0.6922119333906782
BWA,DTE,0.7520268537139179
BWA,DUS,0.7205653450030105
BWA,DVW,0.7156286077920012
BWA,FBC,0.6838289389952934
BWA,FRM,0.7842466022177521
BWA,FTI,0.70002599892326
BWA,GH3,0.6582522478537685
BWA,GMA,0.6841881776855697
BWA,GTT,0.691697721712509
BWA,HLA,0.6754902646115695
BWA,HMG,0.76335452741685
BWA,L35,0.6701823638108698
BWA,LMC,0.803702906119448
BWA,NDW,0.651324813301139
BWA,PLE,0.6852351165251874
BWA,RCD,0.6908428431116067
BWA,SAL,0.6947509738086327
BWA,SD7,0.6768667057235194
BWA,SHI,-0.6665442091463345
BWA,SPH,0.7346204402153413
BWA,SSF,0.6831935778877404
BWA,STS,0.7001962037772893
BWA,TAN,-0.6548547633708406
BWA,TRT,0.6896099466858433
BWA,TVH,0.7246652977463538
BWA,TVM,0.7665185262307825
BWA,UMC,0.731462061404297
BWA,VCT,0.6545729823437938
BWA,VMT,0.7359215856220231
BWA,VTG,0.7897819375441542
BWA,VVN,0.6811658004505452
BWA,VVS,0.6896151274457545
BWA,XHC,0.6958736436085733
BWE,CKG,0.6698573133121635
BWE,CNG,0.6831320790012294
BWE,CSC,0.6770368960288695
BWE,CTR,0.6774963185899164
BWE,DPM,0.6736217272285069
BWE,DPR,0.6584256776175763
BWE,DRC,0.6581451636059019
BWE,FMC,0.6653175269996059
BWE,GEG,0.6751508232676571
BWE,HAH,0.684255052908279
BWE,HLD,0.6515446780551006
BWE,HTG,0.6749456221829557
BWE,LHG,0.6808944869032274
BWE,LPB,0.6541227097897244
BWE,MBB,0.6971752064378836
BWE,MIG,0.7959385482050848
BWE,MPC,0.6566355529762126
BWE,NAF,0.6762075314638243
BWE,NT2,0.6962517639162094
BWE,POW,0.6574636379743151
BWE,PTB,0.750618037982683
BWE,QTP,0.7114452625038357
BWE,REE,0.7368823941428225
BWE,SFI,0.7016028393720476
BWE,SKG,0.6752433261416998
BWE,TCM,0.685115055032651
BWE,TLG,0.6530387661198546
BWE,TNH,0.6513659786238551
BWE,VEA,0.65501367469559
BWE,VNR,0.6668386235201486
BWE,VSH,0.7225593080210485
C21,CVN,0.726101257156006
C21,DHB,-0.6520534790832243
C21,DKG,0.6887205750396099
C21,DNL,0.6579456448747578
C21,DTC,0.703280824285235
C21,DVG,0.7189720940671055
C21,FTM,0.7269956510795825
C21,HFX,0.6985229084385878
C21,HHN,0.6586520470991902
C21,HMD,0.652818120780992
C21,HTP,0.6755982711728828
C21,IME,0.6606058936456198
C21,IN4,0.6743039249631813
C21,IRC,0.7149554421160539
C21,L62,0.7861720264064191
C21,LCC,0.6799736227106599
C21,LDW,0.7696287146566421
C21,LNC,0.6819179791495378
C21,MPY,0.7195298293638163
C21,MQB,0.7040157255153353
C21,NAC,0.7230581826483118
C21,PHH,0.7551779299279905
C21,POM,0.7501846749088951
C21,QBS,0.7546325904251765
C21,QTC,0.669301058121927
C21,SAL,0.660188701018386
C21,SBG,-0.6784005314110563
C21,SCD,0.7656453780175211
C21,SGC,-0.7178302470727757
C21,THN,0.7380132159362509
C21,TVH,0.6552269006868151
C21,VDG,0.6671147182025308
C21,VE2,0.6918478454135941
C21,VIR,0.6708853224097419
C21,VKC,0.6851045580661839
C21,VLP,0.6887226960906009
C21,VTI,0.7290999708204264
C22,VIM,0.6557878103921921
C32,CII,0.6527937490954889
C32,G36,0.6527441847103943
C32,GAS,0.6632667171992794
C32,GHC,0.6704607323517774
C32,HID,0.6655515853991065
C32,HII,0.7356054572954985
C32,IDC,0.7206368970248627
C32,NDX,0.6640167410447032
C32,QTP,0.6642626908380662
C32,SD9,0.6602987798128233
C32,SHI,0.6503794623641225
C32,UDJ,0.6769207883625568
C47,C4G,0.6956931820890575
C47,CEO,0.6889680787543402
C47,CII,0.758816478136228
C47,CRC,0.6505175256820238
C47,CRE,0.6500235060300896
C47,DCM,0.6836964421664165
C47,DHA,0.6865122897805034
C47,DIG,0.6954243442310815
C47,DPM,0.6622087074681204
C47,EVE,0.6745018136778537
C47,FCN,0.7522281682094741
C47,G36,0.6976540843825538
C47,GEG,0.6541036218347589
C47,HAH,0.6623084809741107
C47,HAR,0.6801391234559668
C47,HDC,0.6513203130314417
C47,HDG,0.7021995919857228
C47,HQC,0.6660174783209598
C47,HT1,0.7798979854800356
C47,HUT,0.6691260908141519
C47,IDC,0.7067239291999271
C47,IDI,0.6930002879667166
C47,IPA,0.6636937160088028
C47,JVC,0.7264259678869098
C47,KSB,0.7022554967881065
C47,LCG,0.7418447261854365
C47,LDG,0.6597801545491707
C47,LIG,0.687240048205794
C47,LPB,0.6529875502360402
C47,NKG,0.6804884445532067
C47,NT2,0.7189141675204164
C47,PAN,0.6576350973084039
C47,PC1,0.6863511842728439
C47,PET,0.6812233695878406
C47,SAM,0.6618702842009648
C47,SCR,0.7176291184194927
C47,SHB,0.6767008083931277
C47,SSI,0.6650297316742062
C47,TIG,0.6973886579313074
C47,TNI,0.6767218050699709
C47,TPB,0.6993712046481719
C47,TTF,0.6620557019895361
C47,VGC,0.6717932280362757
C47,VIB,0.7162648989385976
C47,VIX,0.716850860424532
C47,VPB,0.67264430209272
C47,WSS,0.6520348220312034
C4G,CCL,0.6659567865689675
C4G,CEO,0.826936354164911
C4G,CII,0.7546540544034598
C4G,CKG,0.8104276371745316
C4G,CLH,0.6640970581115556
C4G,CLX,0.6595366821961358
C4G,CMX,0.7694099904290023
C4G,CSC,0.7909724630964283
C4G,CTD,0.6564014205252705
C4G,CTI,0.7482240004900542
C4G,CTS,0.7304684803864444
C4G,DAH,0.6695689238223734
C4G,DBC,0.6532981502843803
C4G,DCM,0.7219667529679022
C4G,DGC,0.6659557382138369
C4G,DGW,0.7323414625463026
C4G,DHA,0.6617691207510761
C4G,DID,0.6748856826512122
C4G,DIG,0.7982721020925273
C4G,DLG,0.6684393543202815
C4G,DPG,0.7795701118335366
C4G,DPM,0.7374725819995099
C4G,DQC,0.6520609091582128
C4G,DRH,0.6832910132803263
C4G,DTD,0.6622820112524415
C4G,DXG,0.7503602753668852
C4G,ELC,0.7361526077751922
C4G,EVE,0.6672073874530368
C4G,FCM,0.6585149378385479
C4G,FCN,0.8381819026619116
C4G,FIT,0.7296855524490674
C4G,FMC,0.7155554761089676
C4G,FRT,0.7615779940841941
C4G,FTS,0.7128342362003495
C4G,G36,0.8680682723952476
C4G,GEG,0.8212796317810238
C4G,GEX,0.6879743506242664
C4G,GIL,0.6616959513342195
C4G,HAG,0.7222986730835874
C4G,HAH,0.7641821863877105
C4G,HAP,0.6955136730232857
C4G,HAR,0.7081071010865451
C4G,HBC,0.7426122593624692
C4G,HCM,0.753704547224333
C4G,HDC,0.7647452905334544
C4G,HDM,0.7154263373346115
C4G,HHS,0.7253983397980159
C4G,HLD,0.7300227075788835
C4G,HPG,0.7352881157866767
C4G,HQC,0.8194369760111525
C4G,HSG,0.7605773740453059
C4G,HT1,0.7764935966868018
C4G,HTG,0.6966508557536004
C4G,HUT,0.6568190293217478
C4G,IDC,0.8644029447966626
C4G,IDI,0.8293700296634935
C4G,IDJ,0.7125861881711565
C4G,IJC,0.7112754235334535
C4G,IPA,0.7246311375711999
C4G,ITA,0.6845021324387554
C4G,ITC,0.7203083074797499
C4G,JVC,0.7659695715407661
C4G,KBC,0.7343894340946714
C4G,KDH,0.6546035588337339
C4G,KHG,0.6570233795866816
C4G,KMR,0.6867207525722496
C4G,KSB,0.8067484809752162
C4G,L14,0.8221988062847632
C4G,L18,0.8237946167885418
C4G,LAS,0.6790254437328307
C4G,LCG,0.85669000783736
C4G,LDG,0.7249745437372843
C4G,LGL,0.6633686571369453
C4G,LHC,0.7105790662892069
C4G,LHG,0.7335557238322064
C4G,LIG,0.7587388524384414
C4G,LPB,0.6853283630262997
C4G,MBG,0.71588564835183
C4G,MBS,0.6756663594507786
C4G,MPC,0.659236628155991
C4G,MSN,0.6779435055453263
C4G,NBB,0.6697704311514944
C4G,NBC,0.7624902988647129
C4G,NDN,0.6890954296785674
C4G,NDX,0.6674500371085191
C4G,NHA,0.7596297897256122
C4G,NHH,0.6656469580308573
C4G,NKG,0.7533061138640592
C4G,NLG,0.7725714621392745
C4G,NT2,0.758554227138374
C4G,OCH,0.6958957348647107
C4G,ODE,0.6502797188132655
C4G,OGC,0.7582519942643337
C4G,PAN,0.7558338228564494
C4G,PAT,0.6802297248375666
C4G,PC1,0.7329437310989071
C4G,PET,0.7067862558812354
C4G,PFL,0.747039261218295
C4G,PHC,0.6932948845898307
C4G,PHR,0.7416317533806678
C4G,PLC,0.7657561378298159
C4G,POW,0.7520031078469296
C4G,PSD,0.7093230474981566
C4G,PSI,0.7567130578818494
C4G,PTB,0.6767891795819495
C4G,PTC,0.6588226206026857
C4G,PVC,0.7305162336261691
C4G,PVD,0.738018003513098
C4G,PVG,0.7055982905706875
C4G,PVS,0.6720322472451654
C4G,PVT,0.7079610494513104
C4G,PXL,0.7608268632474964
C4G,QTP,0.7316974789644829
C4G,SAM,0.7075789264383642
C4G,SBS,0.7302778080470083
C4G,SBT,0.6824340562233677
C4G,SCR,0.8622870756104493
C4G,SD9,0.6562466484663061
C4G,SHB,0.6996769454013254
C4G,SHS,0.7222567618685216
C4G,SKG,0.7720996752886978
C4G,SSI,0.7494226466287529
C4G,STB,0.6924711982081008
C4G,SZC,0.7905655311042393
C4G,TCH,0.7094933028735375
C4G,TCI,0.7421587670157114
C4G,TDC,0.6983885142635193
C4G,THD,0.6868500512057306
C4G,THG,0.6903883713343034
C4G,TID,0.6683108498476862
C4G,TIG,0.7453124508355381
C4G,TIP,0.6898005748159701
C4G,TLD,0.7064358088997171
C4G,TLH,0.7039271097498428
C4G,TNG,0.7719565149090354
C4G,TSC,0.7164990292316501
C4G,TTF,0.7513211083965197
C4G,TVB,0.6656482314429962
C4G,TVD,0.6963181715660622
C4G,UDJ,0.6529025641801014
C4G,VCG,0.7729136355289044
C4G,VCI,0.7486575370576906
C4G,VGC,0.778859705307167
C4G,VGS,0.7332694195690611
C4G,VGT,0.7031182397184756
C4G,VHC,0.688744459709831
C4G,VHG,0.6704126218350698
C4G,VIB,0.7091552891817877
C4G,VIG,0.7327247496952846
C4G,VIX,0.6979653138014082
C4G,VLB,0.7362534717776998
C4G,VND,0.7035758134225282
C4G,VOS,0.6658151835113486
C4G,VPH,0.6953885079120018
C4G,WSS,0.6607803822670661
CAD,GGG,0.6541452974348225
CAR,LAW,-0.6638805509173406
CAR,LMC,-0.6714809792982249
CAR,TOW,-0.7067891844794275
CAR,TVM,-0.7715492986167497
CAT,HD8,0.6661338819694874
CBI,DSG,0.6985055947729801
CBS,CTW,0.7247443476775155
CBS,DAH,0.6635872141783165
CBS,DDH,-0.7023203131034134
CBS,DHB,0.6952238388626533
CBS,DTE,-0.6985387118166362
CBS,DTG,0.6802613710352314
CBS,DUS,-0.7026316975404946
CBS,DVW,-0.6865799525047617
CBS,FTI,-0.715549534707102
CBS,GH3,-0.7197062600169057
CBS,HD6,0.6627412330293908
CBS,HNM,0.7586086972244148
CBS,HNP,-0.7587360817323706
CBS,ICN,0.6709170407567766
CBS,LCC,-0.6829531598080393
CBS,MDC,0.6896441100559625
CBS,MPY,-0.6711189645423059
CBS,NBC,0.67052390025091
CBS,ODE,0.6931300011253357
CBS,PDV,0.6540251814089455
CBS,PHH,-0.6816596005335737
CBS,PPH,0.7480826710583778
CBS,RBC,-0.6716022777167727
CBS,SAL,-0.766317479701897
CBS,SCD,-0.6657878470488566
CBS,TCJ,-0.7290731402100052
CBS,TDG,0.6743100556806031
CBS,THT,0.6981609711047564
CBS,TOT,0.7276784622298986
CBS,TVD,0.6831259907566327
CBS,TVH,-0.6921411589710548
CBS,UMC,-0.683811525166606
CBS,VNS,0.6514598664219403
CBS,VTI,-0.6883596218445753
CCL,CLX,0.6873304954589072
CCL,CMX,0.74987699444959
CCL,CNG,0.6571139625931735
CCL,CSC,0.6705742492795848
CCL,DDV,0.6848597293135307
CCL,DRC,0.6630638978100849
CCL,DTD,0.6546701938512554
CCL,ELC,0.6634153067192945
CCL,GEG,0.6973604810049788
CCL,HAX,0.6519821480284578
CCL,HCD,0.7223150746921146
CCL,L18,0.6539108198186557
CCL,LAS,0.7076238415963384
CCL,LHG,0.7389247829187992
CCL,LSS,0.7118378964493223
CCL,NDN,0.7098015905065665
CCL,NED,0.6835723132011218
CCL,NHA,0.7316927929572166
CCL,NTL,0.6751353253965141
CCL,PAN,0.6895356103549711
CCL,POW,0.6688455353724269
CCL,PSW,0.684326610044982
CCL,QTP,0.6792731647287015
CCL,SBT,0.6698636507554973
CCL,SGT,0.695242876057585
CCL,TDG,0.6936799598294615
CCL,TIP,0.7200069307824034
CCL,TNA,0.7258984277038417
CCL,TNH,0.6931461931565506
CCL,TVS,0.7055403905387212
CCL,VGS,0.6628866006934441
CCL,VGT,0.6646436965939472
CCL,VOS,0.6743253913047418
CCL,VPH,0.6948619932247739
CCM,DBM,0.6977221773288318
CCM,KGM,0.6636886806354876
CCP,CHC,0.7000631682636799
CCP,CTA,0.764058471025467
CCP,DAH,-0.6785780463652278
CCP,DCT,0.6736077577284837
CCP,DDH,0.8345241971248752
CCP,DLR,0.7519996474132373
CCP,DRL,-0.7373854852775021
CCP,DSN,-0.6683906160809147
CCP,DTE,0.790124625719298
CCP,DTG,-0.6676080674931044
CCP,DUS,0.770920406432539
CCP,DVW,0.7971514886872729
CCP,DXL,0.6959528146485494
CCP,FGL,0.6899059697010501
CCP,FRM,0.7872151720869104
CCP,FTI,0.7390579875265286
CCP,FTM,0.7764180522099432
CCP,G20,0.7017377275578238
CCP,GH3,0.8032300481969626
CCP,GTT,0.8102174247236299
CCP,HC1,0.7898755948720503
CCP,HEP,-0.6756441213641692
CCP,HFX,0.7021935676257139
CCP,HHN,0.8280411949444512
CCP,HLA,0.8970752919111742
CCP,HLS,0.7940190975335429
CCP,HNM,-0.6992857805104038
CCP,HNP,0.6574611854803768
CCP,HOT,0.6689391695950974
CCP,IME,0.656799064224497
CCP,IN4,0.7507534654943447
CCP,KMR,-0.7517829038724494
CCP,L35,0.7219276207889123
CCP,LAF,-0.7534075278842001
CCP,LCC,0.751477516380206
CCP,LO5,0.680533887628171
CCP,LUT,0.7531285906680754
CCP,MEF,0.7951814114632811
CCP,MPY,0.6966316327948848
CCP,NAC,0.6981141743500562
CCP,NDF,0.6886629657855573
CCP,NDW,0.8119671289731664
CCP,ODE,-0.7590493088196709
CCP,PHH,0.6862312523120758
CCP,PLE,0.7047055604745557
CCP,PPI,0.8609111959185535
CCP,PSG,0.8036489393691806
CCP,PTC,-0.6594780733737255
CCP,PTG,0.8166432648068893
CCP,QNW,0.7063098927136879
CCP,RBC,0.7180329194250878
CCP,RCD,0.7182654745444007
CCP,SAL,0.8055938754244603
CCP,SBG,-0.7206859196108306
CCP,SFN,0.6535579873486033
CCP,SII,0.7066283929869283
CCP,SPH,0.6948340591954314
CCP,SSF,0.719189520440332
CCP,STS,0.7268816729561025
CCP,STW,0.6957727545938108
CCP,TAN,-0.6863673808669457
CCP,TBR,0.7018253790728994
CCP,THN,0.6772435845779381
CCP,TOT,-0.6605203773612575
CCP,TRT,0.7151320118929457
CCP,TST,0.6949789976197227
CCP,TVH,0.8299040160106324
CCP,UMC,0.8128821598765522
CCP,VC3,-0.6648614048276825
CCP,VCT,0.7686063370057941
CCP,VE2,0.6994404432678998
CCP,VKC,0.775967021678109
CCP,VLP,0.6547401823177543
CCP,VMT,0.7457492965242737
CCP,VTG,0.6625629385725976
CCP,VTI,0.7405271701688009
CCP,VVN,0.8051071122768894
CCP,VXB,0.7040834708339007
CCP,X26,0.8471657134146245
CCP,XHC,0.7041277728042966
CCS,DCV,0.899408644785768
CCS,STD,0.8318629941363418
CCT,CJC,0.6900064112228651
CCT,CMW,0.7460669474258801
CCT,DCH,0.6701177733750108
CCT,EFI,0.6574587633715321
CCT,FCC,0.6651552029434522
CCT,HCI,0.6644250669308623
CCT,HMG,0.6923167837961042
CCT,MGG,0.765457183221493
CCT,MQN,0.69714752158577
CCT,MTS,0.6750996188082966
CCT,NQN,0.7981574056159536
CCT,NSG,-0.6599083039371725
CCT,NTT,0.6804796295848456
CCT,SPD,0.7956031297976218
CCT,SSH,-0.6977805722261895
CCT,TOW,0.662858490729825
CCT,TPS,0.6564827418066449
CCT,TVG,0.6735493628503775
CCT,USC,0.6751633948466457
CCT,VBH,0.7086285946942094
CCT,VIE,0.6561096379013601
CCT,VPR,0.6755165066427955
CCT,VTG,0.6672755081164343
CCT,VTQ,0.6655348154637197
CCT,XPH,0.7609381432999165
CCV,DCH,0.7075618167296265
CCV,DKC,0.7192757217189083
CCV,FCC,0.7335851118897033
CCV,HCI,0.680924019380391
CCV,NQB,0.856348311423896
CCV,PMJ,0.702373791987078
CCV,PTO,0.6797433579535591
CCV,TNM,0.6744205394851004
CCV,TNP,0.7232333330879342
CCV,TVG,0.7471350038225422
CCV,VHH,0.6699421349295209
CDC,MA1,-0.685206478658869
CDC,SPD,-0.7206935844269702
CDC,VBH,-0.6599431614569239
CDG,CKA,-0.6566571552042153
CDG,CVN,0.652255895818979
CDG,DPC,0.6820991480548798
CDG,DSE,-0.8396439553748455
CDG,DVG,0.7360620610873404
CDG,FSO,0.8102078482304425
CDG,FTM,0.736073630276056
CDG,GKM,0.7272703665310071
CDG,HEP,-0.6743193832709448
CDG,HHN,0.6670215967614068
CDG,HOT,0.7038923263034669
CDG,HTP,0.7896772938098983
CDG,IN4,0.789628080425337
CDG,L62,0.7638338368964964
CDG,LCD,-0.7014531338609935
CDG,LCM,0.6606963282474857
CDG,LO5,0.7173062529522014
CDG,MND,0.7860693773986015
CDG,MPY,0.7591344291854127
CDG,MTS,-0.6580024336157207
CDG,NAC,0.8792738881715634
CDG,NXT,0.6880394495746883
CDG,PCH,-0.6893287326998127
CDG,PIV,-0.7048966291515203
CDG,PNT,0.6614290994187845
CDG,POM,0.6792483583065175
CDG,QBS,0.7633853807810767
CDG,QNP,-0.7220260489845052
CDG,SBG,-0.6643230937939592
CDG,SCC,0.6721497798755467
CDG,SCD,0.807602677747352
CDG,SGC,-0.6974879326573924
CDG,SII,0.7129461090118417
CDG,TB8,0.8345431390958049
CDG,THM,0.6653317055529995
CDG,THN,0.855916025508915
CDG,TSA,-0.8185097542602857
CDG,TUG,-0.6558172416181277
CDG,VDG,0.7436864699694505
CDG,VE2,0.6753042143683384
CDG,VE8,0.6699208826781069
CDG,VGL,-0.693462854873768
CDG,VGP,-0.6992151572393924
CDG,VLP,0.7318991323293119
CDG,VPR,-0.6784544038185913
CDG,VTH,-0.7038311177499329
CDP,HMS,0.6830184323071966
CDR,GTD,0.6524410126656294
CEO,CII,0.865425470652115
CEO,CKG,0.7279562215127545
CEO,CMX,0.6902997438249885
CEO,CSC,0.6905265528526106
CEO,CTD,0.6989210493055935
CEO,CTI,0.7114454413245577
CEO,CTS,0.7409001447686812
CEO,DCM,0.6617527347577132
CEO,DGW,0.704324775903331
CEO,DHA,0.6757164992909167
CEO,DIG,0.8964725602159952
CEO,DLG,0.689515771607435
CEO,DPG,0.7546904655251981
CEO,DPM,0.6597054042491282
CEO,DQC,0.6681573446251071
CEO,DXG,0.8358736521972727
CEO,FCN,0.8549767684514308
CEO,FIT,0.6504801876885584
CEO,FRT,0.737163544579819
CEO,FTS,0.6548498803454985
CEO,G36,0.7992799589825189
CEO,GEG,0.7018662700451651
CEO,GEX,0.7871825283918439
CEO,HAG,0.767240898554265
CEO,HAH,0.6546637058608484
CEO,HAR,0.7418343891123073
CEO,HBC,0.6713634972253556
CEO,HCM,0.7140031450057324
CEO,HDC,0.8323061091227019
CEO,HDM,0.6768855022379674
CEO,HHS,0.7551114597312972
CEO,HLD,0.6582029744840525
CEO,HPG,0.6838440301234227
CEO,HQC,0.7884915233684778
CEO,HSG,0.7230277093954568
CEO,HT1,0.7753903373728082
CEO,HUT,0.7227913807147212
CEO,IDC,0.8088096969511859
CEO,IDI,0.8083755896643368
CEO,IDJ,0.7203532785332846
CEO,IPA,0.676736399369412
CEO,ITA,0.7417376741072328
CEO,JVC,0.6824153387992646
CEO,KBC,0.6729409332170095
CEO,KDH,0.6958547165587444
CEO,KHG,0.6742889242389241
CEO,KSB,0.7572214799120037
CEO,L14,0.8579383953498738
CEO,L18,0.7485320210739177
CEO,LCG,0.8203575892296913
CEO,LDG,0.8210607116632369
CEO,LGL,0.6998899842043461
CEO,LIG,0.7440208748662598
CEO,MBS,0.6782952471454279
CEO,NHA,0.7699473928059508
CEO,NKG,0.7354700947927076
CEO,NLG,0.7677608762336686
CEO,NT2,0.675814714472722
CEO,OCH,0.6542339933367268
CEO,OGC,0.7481306118014166
CEO,PC1,0.6888979404364926
CEO,PET,0.6786160167089115
CEO,PFL,0.7155164551890727
CEO,PHR,0.6901308563046022
CEO,POW,0.6983299306438229
CEO,PSI,0.6520821607066404
CEO,PVC,0.6928773927040077
CEO,PVD,0.6847736948264955
CEO,PXL,0.6926093939186422
CEO,SCR,0.8483870147465897
CEO,SDA,0.6613257122196238
CEO,SHS,0.7688453174479533
CEO,SKG,0.6705082950962414
CEO,SSI,0.7724505619735643
CEO,STB,0.720805174361168
CEO,SZC,0.7067018269408145
CEO,TCD,0.6526986480283918
CEO,TCH,0.7802272036573988
CEO,TCI,0.7003719017333403
CEO,THD,0.7081849432488478
CEO,TIG,0.6728422572849079
CEO,TNG,0.6568814487314882
CEO,TNI,0.7170604838496868
CEO,TTF,0.7189497212202295
CEO,VCG,0.7512628140148264
CEO,VCI,0.7229880698508249
CEO,VGC,0.7261604225322958
CEO,VGS,0.7107885421432815
CEO,VIX,0.7606206491207097
CEO,VND,0.7236065554941074
CFM,DCM,-0.6783966196063637
CFM,DPM,-0.6872304993855392
CFM,SP2,-0.6641016038013251
CFV,FHN,0.7188136630312792
CFV,PMJ,0.6818755644035059
CFV,XDH,0.6743519735992979
CH5,CMW,0.6821583804717668
CH5,CTA,0.6582893231949333
CH5,DAN,0.6932973889729743
CH5,DCH,0.7493620850076506
CH5,DKC,0.6510393620377024
CH5,DLD,0.6811960315612371
CH5,DMN,0.656165125806817
CH5,DNT,0.7640762524261943
CH5,DP2,0.6965921051178013
CH5,FBC,0.6951137288151804
CH5,FCC,0.6850010547031063
CH5,HCI,0.8056224977018861
CH5,HKB,0.697717526479547
CH5,HMG,0.7446048783591155
CH5,HPI,0.802369080409823
CH5,HPM,0.6511884840345513
CH5,KTL,0.7370958258726391
CH5,MIE,0.7417780659788868
CH5,NQB,0.660911561870402
CH5,NQN,0.7508622163267311
CH5,PID,0.7292855701376156
CH5,POB,0.6519462291294612
CH5,PSN,0.6580383164644676
CH5,PVY,0.8322951878511263
CH5,QST,0.7438498556216334
CH5,STL,0.6515646365450901
CH5,STS,0.6794533433111278
CH5,TTD,0.6602397351204028
CH5,TVG,0.7517720861876978
CH5,UCT,0.7549542659344953
CH5,VBH,0.7398090658254044
CH5,VES,0.7105072799590428
CHC,DCS,0.728299680376948
CHC,DDH,0.6578136670335166
CHC,HEV,-0.6803452640499879
CHC,HHN,0.6713169660192686
CHC,KHW,0.8091570165604607
CHC,L35,0.6774442156037664
CHC,LUT,0.7023673239221795
CHC,MEF,0.6794065829703463
CHC,NDW,0.7814776278409885
CHC,PTG,0.6948509822579084
CHC,QNW,0.8434834440641694
CHC,TAN,-0.7669414573887743
CHC,UMC,0.6545059062249972
CHC,VMT,0.7596362558038292
CHC,VVS,0.6639300007390184
CHC,XHC,0.713063333153662
CHP,TCL,0.6802596371079275
CID,L40,0.6796981425122526
CID,SPD,0.663164531877069
CID,TSD,0.6647136552213987
CID,VPR,0.7058631057994099
CID,VTQ,0.7154830452089013
CIG,DAH,0.6598591584360214
CIG,KMR,0.6956548826474557
CIG,NHA,0.6681290487885616
CIG,PTC,0.7189720339216447
CIG,TLD,0.670753636445729
CIG,VPH,0.6605058695918435
CII,CRE,0.6849184730120165
CII,CTI,0.6655829994229827
CII,CTS,0.6694648885355728
CII,DCM,0.6809795969102329
CII,DGW,0.6559885331197202
CII,DHA,0.7283072413259507
CII,DIG,0.8314829163653498
CII,DPG,0.6673582838911195
CII,DPM,0.6956622148699056
CII,DXG,0.7300696193492803
CII,ECI,0.6733592888735347
CII,FCN,0.8062686117711056
CII,FRT,0.7026538576658535
CII,G36,0.7393864709231586
CII,GEX,0.8380622465906329
CII,HAG,0.7326896350419045
CII,HAR,0.706033760960783
CII,HDC,0.749136930834647
CII,HHS,0.7633260998407164
CII,HLD,0.6530496181671341
CII,HQC,0.695895755326947
CII,HT1,0.7672485526258035
CII,HUT,0.6993745474065679
CII,IDC,0.8024823487341247
CII,IDI,0.7514782764130667
CII,JVC,0.6614475096050874
CII,KBC,0.6558192772545116
CII,KDH,0.7049728964378639
CII,KSB,0.7272795971251093
CII,L14,0.7336809663351115
CII,LCG,0.7635181817489615
CII,LDG,0.7603440348078847
CII,LGL,0.650283270437846
CII,NKG,0.6541850012023822
CII,NLG,0.7738699060725418
CII,NT2,0.6811735705079487
CII,OGC,0.7098465292095774
CII,PC1,0.7384193098557718
CII,PET,0.7276066697711129
CII,PHR,0.6517639473155559
CII,POW,0.6792630733084485
CII,PVC,0.6617452020252971
CII,PVD,0.6720019719388735
CII,PXL,0.6676940116301806
CII,SCR,0.7645723135528112
CII,SDA,0.7253944636971423
CII,SHS,0.6987249024890542
CII,SSI,0.699815423869182
CII,TCD,0.6521134224316448
CII,TCH,0.7445850100669777
CII,THD,0.6752543056996784
CII,TNI,0.7303742039050711
CII,TPB,0.6803726361484453
CII,TTF,0.6688112420404374
CII,VCG,0.7244143558810509
CII,VGC,0.7886355797440481
CII,VIX,0.7421509221432057
CII,VND,0.651592393348322
CII,VPB,0.6851182956565546
CJC,DCS,0.6670410780077827
CJC,GMC,-0.7145633080736303
CJC,ISG,0.6706295694335206
CJC,MA1,0.6836375286948695
CJC,MTS,0.8159354734875065
CJC,NQN,0.6650854500059191
CJC,NTH,0.6560303760138261
CJC,NVP,-0.6677888505823456
CJC,SPD,0.8497448190151501
CJC,TVM,0.6918729214433873
CJC,VBH,0.7222759243301318
CJC,VLW,0.7032457043705109
CJC,VPR,0.7249177414870956
CJC,VTQ,0.6646309459220461
CKA,HTP,-0.6636258767156453
CKD,DFC,0.7172266165287312
CKD,FIC,0.7533172566273001
CKD,HAN,0.6666842644750177
CKD,HD8,0.6535634046021269
CKD,HEP,0.7007039631927158
CKD,HHN,-0.6582308242158451
CKD,HPD,0.7713179500137133
CKD,HSP,0.7143879004459299
CKD,IFS,0.6885145087230997
CKD,IN4,-0.6728587911593173
CKD,KGM,0.7185281612824233
CKD,LAI,0.780356575464314
CKD,LCD,0.6802268843686973
CKD,MEF,-0.6667970994714171
CKD,MND,-0.6872428664662615
CKD,ND2,0.6571199580320047
CKD,NWT,0.6579236105907141
CKD,PCE,0.7012687275981158
CKD,PDN,0.6976797227642086
CKD,PTG,-0.6600256525523946
CKD,PVX,0.6902155455489631
CKD,RTB,0.6553710183789792
CKD,SBG,0.6691356159067433
CKD,SIV,0.7363386116816409
CKD,TDS,0.728309909314634
CKD,TPS,0.6975323253090518
CKD,TTT,0.6673033705364575
CKD,TUG,0.7016584175059094
CKD,VPC,0.6795079510005281
CKD,VSN,0.6672410107524448
CKD,VTZ,0.6715032228982268
CKG,CMX,0.7151076016099289
CKG,CNG,0.6628331828442766
CKG,CSC,0.7679585614315627
CKG,CTG,0.6726173872998663
CKG,CTI,0.6722677669031096
CKG,CTS,0.6648710116505501
CKG,DBC,0.660984635365325
CKG,DCM,0.7303363426384275
CKG,DIG,0.6995339596545695
CKG,DIH,0.6595603962933652
CKG,DPG,0.7783455584573411
CKG,DPM,0.7242893464882026
CKG,DQC,0.665621122301456
CKG,DXG,0.679219263505834
CKG,ELC,0.6936607574681409
CKG,FCN,0.7136818762932678
CKG,FMC,0.753833512081181
CKG,FRT,0.7669793298540986
CKG,FTS,0.6654508341259038
CKG,G36,0.6750880300881381
CKG,GEG,0.7657415538099945
CKG,HAG,0.6909138847996553
CKG,HAH,0.7376215758903211
CKG,HAX,0.6733157287721814
CKG,HCM,0.7176609812204553
CKG,HDC,0.7831341455985119
CKG,HDM,0.6541203352212985
CKG,HLD,0.716291568020855
CKG,HPG,0.715469606569169
CKG,HQC,0.706304974894556
CKG,HSG,0.7474943997617793
CKG,HTG,0.6853787959283839
CKG,IDC,0.7836479551901291
CKG,IDI,0.7615755197342625
CKG,IDJ,0.6803826364536809
CKG,IJC,0.6862179364767409
CKG,KBC,0.6692627812475106
CKG,KSB,0.7054962425463931
CKG,L14,0.746858434383028
CKG,L18,0.744167563179351
CKG,LCG,0.7134451238668233
CKG,LHG,0.737868205850513
CKG,LPB,0.6989533119969873
CKG,NBB,0.6506347560069315
CKG,NBC,0.6844276966551286
CKG,NHA,0.6822674758805198
CKG,NKG,0.713141784935665
CKG,NLG,0.6555288377061492
CKG,NT2,0.737923729402517
CKG,OCH,0.7274131772790771
CKG,OGC,0.7077368621963991
CKG,PAN,0.7231143781470082
CKG,PC1,0.6617228125662871
CKG,PET,0.6501054345053717
CKG,PHR,0.7312588550788021
CKG,PLC,0.6502058137948822
CKG,POW,0.7018518487626062
CKG,PSI,0.6615528375023143
CKG,PTB,0.6688440564592993
CKG,PVD,0.6710390407826082
CKG,PVT,0.6547597100276293
CKG,PXL,0.6506880819126069
CKG,REE,0.6769871899005598
CKG,SBS,0.678230604785458
CKG,SBT,0.708397901772242
CKG,SCR,0.760710417221187
CKG,SHB,0.6969796496870664
CKG,SKG,0.7476074972781983
CKG,SSI,0.6750523462319329
CKG,STB,0.661073355884169
CKG,SZC,0.7692713446154238
CKG,TCI,0.6746053158513021
CKG,TCM,0.6801364731651699
CKG,THD,0.7066601131815691
CKG,THG,0.6534215191434467
CKG,TNG,0.7014713251496683
CKG,VCG,0.6982401914467216
CKG,VCI,0.7032401400727439
CKG,VGC,0.6872105420062645
CKG,VGS,0.7047306574002685
CKG,VHC,0.711425934354677
CKG,VIB,0.6674455726102292
CKG,VIG,0.6712804329693799
CKG,VND,0.653592292035084
CKV,DCG,0.6930373971524102
CKV,LCD,0.7473003258158127
CKV,NQN,0.7004322370940017
CKV,NWT,0.7716380449348544
CKV,PDN,0.6895830927647414
CKV,SIV,0.7160536188489768
CKV,STL,0.7286794259050816
CKV,TDB,0.6585288253099207
CKV,TPS,0.7022908150848197
CKV,VPC,0.6581418076918745
CKV,VPR,0.6815822272434233
CLC,VNM,0.6821744728794494
CLH,GTT,-0.6588240854289695
CLH,IDC,0.6577937110933094
CLH,IDV,0.6503466478409026
CLH,L18,0.6840602280465022
CLH,PMB,0.6643638170296017
CLH,SKG,0.6525353598512362
CLL,DVP,0.6564948722719027
CLM,CTW,0.6807595410913523
CLM,DDH,-0.6525330256741053
CLM,HC1,-0.6794879687729022
CLM,HEP,0.655372221024875
CLM,HHN,-0.6605916940715498
CLM,HNM,0.7201202094540536
CLM,HPD,0.6537214846775995
CLM,IN4,-0.6662752809151504
CLM,MCP,0.6524203450122992
CLM,MPY,-0.6797515322378562
CLM,NBC,0.6599812837693646
CLM,NUE,0.724902436544883
CLM,PRC,0.6577238748437969
CLM,PTG,-0.65946716097002
CLM,TMB,0.6587959033745417
CLM,TVD,0.6667342577454134
CLM,VSF,0.6692122049806151
CLW,CVN,-0.6626388099921049
CLW,HFC,0.7176251965628402
CLW,NLS,0.6567227925772058
CLX,CMX,0.7231871876672935
CLX,CNG,0.6582315450605501
CLX,FMC,0.673399314939992
CLX,GDA,0.6599305996145104
CLX,HTG,0.750372432488361
CLX,IDV,0.6592126969035539
CLX,LHG,0.6842872312977575
CLX,NDX,0.6637145443895873
CLX,PGC,0.6721597135422973
CLX,REE,0.6827749505916293
CLX,SGP,0.698772682788135
CLX,SKG,0.6617310183045998
CLX,TCL,0.6551124721368294
CLX,TCM,0.6784118726722655
CLX,THG,0.6740794642393437
CLX,TNH,0.6828922527108121
CLX,VLC,0.6909294812885954
CMD,CMN,0.6698309941522524
CMD,DRL,0.6547046930570496
CMD,DTE,-0.6574401050722014
CMD,GH3,-0.7430297411641457
CMD,HC1,-0.7316199814940079
CMD,HEP,0.699353697592451
CMD,HHN,-0.761962209411694
CMD,HNM,0.7892780258548013
CMD,HOT,-0.6804621496779076
CMD,ICN,0.7126059528904012
CMD,IN4,-0.7971076186209181
CMD,L18,0.6521906955153588
CMD,LAI,0.6527171414673473
CMD,LCD,0.7189410163151541
CMD,LUT,-0.715874657860544
CMD,MEF,-0.7342358095743926
CMD,MND,-0.681403895961548
CMD,MPY,-0.7956588669218091
CMD,MRF,-0.7010607822554041
CMD,NDW,-0.7001876722475742
CMD,NWT,0.7283881169940383
CMD,OCH,0.6746766887014142
CMD,ODE,0.6877354671705441
CMD,PBP,0.6957499462105596
CMD,PMW,0.6883491352481935
CMD,PTC,0.7283264600859134
CMD,PTG,-0.7354599898323823
CMD,QNW,-0.6771045604985118
CMD,RBC,-0.6892032877664462
CMD,SBG,0.6622161685094586
CMD,SCD,-0.7048911433328718
CMD,SD9,0.6813487079843905
CMD,SKG,0.655706218387454
CMD,SP2,0.7331555584763778
CMD,TCJ,-0.6586192674531802
CMD,TDB,0.7669414490491774
CMD,TGG,0.6695745053890242
CMD,THW,0.703141934151916
CMD,VGP,0.7325131741839066
CMD,VNS,0.6672223603763894
CMD,VSF,0.6857616635905472
CMF,HDM,0.6595638336434949
CMI,DKG,0.810315288657214
CMI,DNL,0.6965134243869863
CMI,DTC,0.7163703453526212
CMI,DVT,0.754273321676179
CMI,HLO,0.7912407027550208
CMI,HMD,0.7532471948053955
CMI,IRC,0.7108063938879361
CMI,LDW,0.6961298887547858
CMI,LNC,0.7929716507699012
CMI,MQB,0.728335129424895
CMI,NLS,-0.766045904068044
CMI,PTM,0.7194304380335765
CMI,TAB,0.7569859242336673
CMI,TCK,0.7873822630351774
CMI,TCX,-0.6728931496002697
CMI,TD6,-0.7244573245722264
CMN,CPI,0.669101963859225
CMN,DFC,0.7253034195878753
CMN,HC1,-0.6633984286175795
CMN,HEP,0.7784123831319945
CMN,HNM,0.6832177684755684
CMN,IN4,-0.6638314216758844
CMN,LCD,0.662515391555195
CMN,MPY,-0.6643463971348696
CMN,NAW,0.7205737662279798
CMN,PMT,0.6512009382245459
CMN,PMW,0.7413405957705806
CMN,PVX,0.7299694953609696
CMN,SIV,0.6830109024688525
CMN,VGP,0.7068367162042757
CMN,VPC,0.7581737465978288
CMW,DCH,0.6930033076148945
CMW,DSD,0.7418221232322232
CMW,FBC,0.7080245354565886
CMW,FCC,0.813327972913776
CMW,GMA,0.8010301728920755
CMW,HCI,0.7114394014761655
CMW,HMG,0.6893537451741495
CMW,MIE,0.7273640565930442
CMW,MQN,0.7257006674829143
CMW,MTB,0.7035024587750366
CMW,NQB,0.6737041765239866
CMW,PID,0.6554152442933011
CMW,PMJ,0.7410041887803479
CMW,PTX,0.6633467674395964
CMW,SPD,0.6893416787985824
CMW,TPS,0.72856941360467
CMW,TVG,0.702621727721342
CMW,UCT,0.6972126874128479
CMW,VBH,0.6829688449014485
CMW,VCM,0.6884364435415004
CMW,VTG,0.7289156817914395
CMW,VTX,0.6791678915533435
CMW,VXP,0.6688283237706587
CMW,XPH,0.741736202553075
CMX,CNG,0.7728700295918042
CMX,CSC,0.7762827069147629
CMX,CTI,0.693766077639583
CMX,CTS,0.7063023303711027
CMX,DBC,0.6746619020397461
CMX,DCM,0.7628435507676834
CMX,DGW,0.676470228386714
CMX,DIG,0.726593038900461
CMX,DPG,0.7862296153460174
CMX,DPM,0.7743133334025403
CMX,DQC,0.6922351205500612
CMX,DRC,0.7055347680867584
CMX,DTD,0.6783563290640283
CMX,DXG,0.7061400612343003
CMX,ELC,0.7515766577001723
CMX,EVE,0.661475720347537
CMX,FCN,0.7293802433066222
CMX,FIT,0.7093158864818677
CMX,FMC,0.7346667678488241
CMX,FRT,0.6980740727544542
CMX,FTS,0.7008646376492093
CMX,G36,0.7087266307689374
CMX,GDA,0.6842890262253524
CMX,GEG,0.7764759722508017
CMX,HAH,0.7266673086425677
CMX,HAR,0.6908530970606925
CMX,HAX,0.7748402224091567
CMX,HBC,0.6504715838240256
CMX,HCD,0.6866583839310986
CMX,HCM,0.6778659958699352
CMX,HDC,0.6864481590519262
CMX,HDM,0.6676399206046798
CMX,HHS,0.6543564587987457
CMX,HOT,-0.6599032818297798
CMX,HQC,0.7569071408830587
CMX,HSG,0.7050655435130248
CMX,HT1,0.6837793511576378
CMX,HTG,0.7382683795768337
CMX,HUB,0.6938472193112958
CMX,HUT,0.6714097589496739
CMX,IDC,0.7555033991744241
CMX,IDI,0.8352040164279367
CMX,IDJ,0.7107036825835755
CMX,IJC,0.6903827609480531
CMX,IN4,-0.7140446134602143
CMX,ITA,0.6739670501541917
CMX,ITC,0.6882278657694875
CMX,KMR,0.7152601159678238
CMX,KSB,0.7135947277370297
CMX,L14,0.6643397786555852
CMX,L18,0.7043288538295833
CMX,LAS,0.7572097772205725
CMX,LCG,0.7387422093337905
CMX,LDG,0.6675082006790202
CMX,LHC,0.6965134021026251
CMX,LHG,0.8022266160266727
CMX,LIG,0.7144411839462803
CMX,LSS,0.7782753251535864
CMX,MIG,0.7007565322255976
CMX,MPY,-0.6652429522843459
CMX,NBB,0.6680141396562828
CMX,NBC,0.6683804359929744
CMX,NDN,0.7093645878625107
CMX,NHA,0.7611521605407077
CMX,NHH,0.716998403139818
CMX,NKG,0.7024127020109558
CMX,OGC,0.7127717946280765
CMX,PAN,0.7347513061303458
CMX,PBP,0.6993227570782394
CMX,PC1,0.7038947804690814
CMX,PET,0.6563090490163679
CMX,PHC,0.6948159284613699
CMX,PHR,0.685862866676979
CMX,PMB,0.6594710493739793
CMX,POW,0.6876390677838725
CMX,PSI,0.6692160290353005
CMX,PSW,0.7171193085257269
CMX,PTB,0.6618545802509452
CMX,PVC,0.694318571652932
CMX,PVD,0.6716998522749779
CMX,PVG,0.6538407841296162
CMX,PVP,0.6587681163896322
CMX,PVT,0.6901875665357934
CMX,PXL,0.6631899810526867
CMX,QTP,0.6928578477369342
CMX,REE,0.7096876109890428
CMX,SBT,0.7502901201018269
CMX,SCR,0.707815828247815
CMX,SD9,0.6815785028768124
CMX,SGT,0.6744210585027501
CMX,SKG,0.7712551429051403
CMX,STK,0.7051859553333957
CMX,SZC,0.7640962433681051
CMX,TCI,0.6820297715428859
CMX,TCM,0.6732275366798024
CMX,TDC,0.7374089614816953
CMX,TDG,0.6525773464695357
CMX,TIG,0.6759168041645045
CMX,TIP,0.7594259349394328
CMX,TLD,0.6585161264317764
CMX,TLH,0.721474261712733
CMX,TNA,0.6528229438336934
CMX,TNG,0.7540488263318217
CMX,TNH,0.7187001317145131
CMX,TSC,0.7438137240097815
CMX,TVB,0.6631092083548642
CMX,TVS,0.6833858198266226
CMX,VCI,0.6668418796359169
CMX,VGC,0.7210952853264169
CMX,VGS,0.755147505311062
CMX,VGT,0.6661361615232876
CMX,VHC,0.6988130565923337
CMX,VIG,0.6535284769745224
CMX,VIP,0.6829039482204654
CMX,VIX,0.6539305078833711
CMX,VOS,0.7047427090680581
CMX,VPH,0.7410132927983679
CNG,CSC,0.6515513284569897
CNG,CSV,0.7969578271840642
CNG,DBC,0.6726493230971113
CNG,DCM,0.8012573394854904
CNG,DDV,0.7062415129324325
CNG,DGC,0.7182469602061057
CNG,DHA,0.6663778793778995
CNG,DPG,0.7296775721599401
CNG,DPM,0.7846709733168171
CNG,DPR,0.6752879423153596
CNG,DRC,0.7084017153531342
CNG,DRI,0.6768695831332415
CNG,ELC,0.7446281662603761
CNG,FMC,0.7126108665297981
CNG,FRT,0.6971558022451719
CNG,FTS,0.6515738945036904
CNG,GEG,0.7078744998451357
CNG,GSP,0.6505307152658091
CNG,HAH,0.6849277339298033
CNG,HTG,0.6880853088105777
CNG,HUB,0.6757139139059576
CNG,IDC,0.6511647964487877
CNG,IDI,0.6755858339432057
CNG,LAS,0.7452828383347136
CNG,LHG,0.742291118661226
CNG,MIG,0.6981926075759719
CNG,MSH,0.6552331685539796
CNG,PAN,0.6533230818828473
CNG,PC1,0.7015644400699352
CNG,PGC,0.650939885451033
CNG,PHR,0.6580648526187304
CNG,PTB,0.7400242080382067
CNG,PVB,0.6860352094620901
CNG,PVC,0.6882472145461581
CNG,PVD,0.6895265123916491
CNG,PVG,0.7175788299227494
CNG,PVS,0.6612095259393396
CNG,PVT,0.7419011904425401
CNG,QTP,0.6843444583796275
CNG,REE,0.7306364067256759
CNG,SKG,0.761354142507313
CNG,STK,0.747899673717837
CNG,SZC,0.6909270820047542
CNG,TIP,0.6836929046994356
CNG,TNG,0.7105954273250279
CNG,TNH,0.6960140386382769
CNG,VGS,0.7247168314654785
CNG,VHC,0.6531988811943225
CNG,VPH,0.6941930582364003
CNN,DNA,-0.6513430225174109
CNN,DSD,-0.663179863870826
CNN,FHN,-0.6989495615762558
CNN,FHS,0.7785629393223171
CNN,FTI,-0.7172162500136526
CNN,GMA,-0.6782776015330819
CNN,HEC,0.7015572597541713
CNN,PMW,0.692124530621076
CNN,QHD,0.7390551906456727
CNN,SPH,-0.6692248926061095
CNN,TCJ,-0.7389611815164526
CNN,VXP,-0.6995878681193595
CNT,DP1,0.6554568811037399
CPC,FTM,-0.6783514207520366
CPC,MND,-0.6648622241341464
CPC,NAC,-0.6790875402320254
CPC,PCE,0.668047628456142
CPC,SBG,0.6692093713340173
CPC,SII,-0.6600384847038009
CPC,THN,-0.6960192113255421
CPC,VLP,-0.6535364049969528
CPI,PVR,0.6727941682912271
CQN,DFC,0.6649335197856702
CQN,HEP,0.6618208154524617
CQN,LUT,-0.6590590243627236
CQN,MCP,0.7361947165675435
CQN,VGP,0.7342116482872433
CRC,DCM,0.6735856114651826
CRC,FMC,0.6685783715015614
CRC,FRT,0.6723644948901233
CRC,PAN,0.6713778273905469
CRC,REE,0.6611306164280792
CRE,DHA,0.6920906409916204
CRE,DIG,0.661847580388868
CRE,FCN,0.6834863824423456
CRE,GEX,0.6926552974844877
CRE,HT1,0.6707061366430953
CRE,LCG,0.7157641939545222
CRE,SCR,0.6541312399917655
CRE,SSI,0.6958691220003401
CRE,VIB,0.701071315714659
CRE,VIX,0.6922036930379333
CRV,HHB,-0.7646833353587416
CRV,RGG,-0.7551036212016382
CRV,SLD,-0.6793327226308723
CSC,CTS,0.6679114097022071
CSC,DBC,0.6733504505036181
CSC,DCM,0.6721503345933892
CSC,DDV,0.6704598032313245
CSC,DGW,0.6742474477817769
CSC,DIG,0.6845010616458237
CSC,DPG,0.7749158507794709
CSC,DPM,0.6547058036827043
CSC,DTD,0.6723128551743078
CSC,DXG,0.712098051489211
CSC,ELC,0.6922509077662169
CSC,FCN,0.6786158053778042
CSC,FTS,0.6819220696435874
CSC,G36,0.694518052315472
CSC,GEG,0.7298668627653938
CSC,GIL,0.6917949955488734
CSC,HAH,0.7146412276531502
CSC,HAX,0.6658580211055525
CSC,HCM,0.6937695339494541
CSC,HDC,0.7467806062534118
CSC,HDG,0.6962257272393662
CSC,HLD,0.7003467792207044
CSC,HPG,0.7028793336057003
CSC,HQC,0.6910298242902282
CSC,HSG,0.7307997549968368
CSC,HTG,0.6974297738953301
CSC,IDC,0.7163534561669564
CSC,IDI,0.703672004993349
CSC,IDJ,0.7646757062921627
CSC,IJC,0.6747894134711785
CSC,IPA,0.6871100820352035
CSC,ITC,0.6802724940279566
CSC,KSB,0.6900138005861538
CSC,L14,0.7338213128046899
CSC,L18,0.7340947622864428
CSC,LAS,0.6932947760461621
CSC,LCG,0.7074591649280935
CSC,LHG,0.7362832516008064
CSC,LPB,0.677433416957427
CSC,MBS,0.6547986854510199
CSC,MIG,0.7131672811432992
CSC,NHA,0.7442294953579283
CSC,NKG,0.7165575968235081
CSC,NLG,0.6695266980551035
CSC,NT2,0.6623660167296129
CSC,PAN,0.6831827914117544
CSC,PC1,0.6712806903443287
CSC,PET,0.6577188489869695
CSC,PSI,0.675652254672828
CSC,PTB,0.683400948162076
CSC,PVC,0.6511163443107794
CSC,SBS,0.6737166805361345
CSC,SCR,0.7185936287627176
CSC,SHB,0.6501079954470441
CSC,SKG,0.7149761761430462
CSC,SZC,0.7230834439611497
CSC,TCI,0.6910667275761998
CSC,TDC,0.6771702628439901
CSC,TIG,0.7460424363036432
CSC,TNG,0.6899391776902083
CSC,VCG,0.6796006777975501
CSC,VCI,0.7055351339904897
CSC,VGS,0.7527605278515236
CSC,VGT,0.7081053577755526
CSC,VIG,0.6570510527932927
CSC,VIP,0.6622133690888681
CSI,DAH,0.6527043779809444
CSI,DDH,-0.6500796690435846
CSI,DVW,-0.6672139598344544
CSI,GH3,-0.6528767101181888
CSI,HHV,0.6731031023312647
CSI,KMR,0.6660689391186582
CSI,L18,0.6528843677438975
CSI,NBC,0.6719262520617905
CSI,NED,0.6919885699316919
CSI,ODE,0.6585155045931168
CSI,PTC,0.6691159619119683
CSI,SBT,0.665869102736384
CSI,SGT,0.6755051607818694
CSI,TCI,0.6750625259321476
CSI,TLH,0.6542818151594163
CSI,TVB,0.6515266111465426
CSI,VIG,0.6617162803558337
CST,DAH,0.6603231567934291
CST,DDH,-0.7267720140717661
CST,DUS,-0.7151265015365081
CST,DVW,-0.6783197929688891
CST,HD6,0.6757589736956795
CST,HFX,-0.6596385912244583
CST,HLC,0.6669616422823392
CST,HNP,-0.6888838858407459
CST,MDC,0.7349328121017543
CST,NBC,0.7248656700865675
CST,PDV,0.7664659200365135
CST,PGC,0.7084909684547568
CST,PMB,0.6802924010064431
CST,POV,0.6523168655227002
CST,PPH,0.7342661523334827
CST,PTV,0.6944918456251366
CST,SAL,-0.7048928945143464
CST,SFN,-0.7054740011274976
CST,SSF,-0.6659923655562898
CST,THT,0.8121980448258836
CST,TVD,0.7435914585318296
CST,TVH,-0.6774641599183298
CST,UMC,-0.7135532370568477
CST,VOS,0.6568135916454519
CSV,DCM,0.7132330224428272
CSV,DDV,0.7314834367121844
CSV,DGC,0.6771708682281912
CSV,DPM,0.6943290938098934
CSV,LAS,0.6760498158257754
CSV,TNH,0.684358244809916
CT3,GAS,-0.7059952488693634
CT3,HMG,0.6926838320893655
CT3,TVM,0.6904513155162454
CT3,USC,0.7482482270245778
CTA,CYC,0.7653617493773733
CTA,DCH,0.7443866337375874
CTA,DCT,0.6903376374206875
CTA,DDH,0.8166803750748268
CTA,DKC,0.7620091724282988
CTA,DLR,0.884869396063518
CTA,DNT,0.6882772157008162
CTA,DSD,0.7594189246841301
CTA,DTE,0.8036736278939298
CTA,DUS,0.9243819587203117
CTA,DVW,0.8743249670164802
CTA,DXL,0.686234777757219
CTA,FBC,0.8474209417951183
CTA,FCC,0.7383502743153848
CTA,FGL,0.672170897934769
CTA,FHN,0.7764018344270541
CTA,FTI,0.8782916585586555
CTA,GGG,0.6698545929533134
CTA,GH3,0.785823550280832
CTA,GMA,0.6990517812147684
CTA,GTT,0.7640619780892469
CTA,HC1,0.685375652734719
CTA,HCI,0.7971839913990051
CTA,HD6,-0.6531749504649643
CTA,HFX,0.7844394572277249
CTA,HKB,0.7704778368231416
CTA,HLA,0.7811639645293627
CTA,HLS,0.7533238225374098
CTA,HMG,0.7555263064648218
CTA,HNP,0.8092539136191206
CTA,IBD,0.7337089556546836
CTA,IME,0.8363426955642359
CTA,KMR,-0.6933919766995007
CTA,L35,0.7163418403926743
CTA,LCC,0.7668170779657797
CTA,LO5,0.6895888678719471
CTA,LQN,0.7058887370630151
CTA,MGR,0.7323167687167499
CTA,MIE,0.7272508781697541
CTA,MLC,0.6665188882565389
CTA,MRF,0.7053954842990411
CTA,MTB,0.7288350306296111
CTA,NDF,0.6941348552988638
CTA,ODE,-0.6778112790117351
CTA,PHH,0.8184534670455885
CTA,PLE,0.6878969360504836
CTA,POB,0.6937493905966401
CTA,PPI,0.7683709035942193
CTA,PPT,-0.7138321499576101
CTA,PSG,0.7766301423666395
CTA,QNT,0.7095306428168785
CTA,QST,0.721993113297728
CTA,RBC,0.7484567952467771
CTA,SAL,0.911940073530454
CTA,SCG,-0.7227131652374482
CTA,SFN,0.7907392228024749
CTA,SHI,-0.6523223692318296
CTA,SPH,0.8261009975200738
CTA,SSF,0.824934925978486
CTA,STS,0.8805708698336893
CTA,TCJ,0.7684417936253274
CTA,TDT,-0.6755253992503975
CTA,TRT,0.6949185384893232
CTA,TST,0.7510260956465508
CTA,TVG,0.7067573833363191
CTA,TVH,0.9030045935820207
CTA,UCT,0.7234049782193515
CTA,UMC,0.8330531062639752
CTA,UPC,0.7038009776884065
CTA,VCT,0.796863039153312
CTA,VHF,0.692843841882645
CTA,VKC,0.6711010121948177
CTA,VMT,0.6858544986071533
CTA,VNX,0.6588074123047738
CTA,VTG,0.8433206765835581
CTA,VTI,0.8192456068839523
CTA,VVN,0.8701220635859321
CTA,VXB,0.837282845696458
CTA,VXP,0.7466460082829954
CTA,X26,0.7858724194878876
CTA,XDH,0.690617776917327
CTA,XHC,0.719586037707288
CTD,DGW,0.7004308992248188
CTD,DIG,0.6541348436492941
CTD,DXG,0.749902993048091
CTD,ELC,0.6860364859815512
CTD,FCN,0.6667563505933646
CTD,GEX,0.6956224058440507
CTD,HDC,0.715719881537695
CTD,HPG,0.6695084073992454
CTD,HSG,0.6663978855513228
CTD,IDI,0.664247205965115
CTD,KDH,0.7116773816125792
CTD,LCG,0.6518688383142041
CTD,MWG,0.669430734198197
CTD,NLG,0.7667194256355669
CTD,NT2,0.653276959813338
CTD,SHS,0.6616793485633026
CTD,SSI,0.6636654518953736
CTD,SZC,0.6891366081673247
CTD,TCH,0.6845629617419574
CTD,THD,0.6579455616843874
CTD,VCG,0.771870747563705
CTD,VCI,0.6643819847427517
CTD,VGC,0.6799095073852942
CTD,VIX,0.6840333160870059
CTG,CTR,0.6605851401201699
CTG,CTS,0.6698837197130323
CTG,DBC,0.6690640970285114
CTG,DCM,0.6719401018000355
CTG,DGC,0.6508318613058584
CTG,DRC,0.6777751492620128
CTG,DRI,0.6573704932067679
CTG,DXG,0.6581524519501123
CTG,FMC,0.6690671709100903
CTG,FRT,0.6916222909414216
CTG,GMD,0.6584271114866704
CTG,GVR,0.6958046268497097
CTG,HCM,0.7994007146157283
CTG,HDB,0.6707077073656272
CTG,HDC,0.6504050676742951
CTG,HDG,0.7481041647054604
CTG,HHV,0.6730196356424586
CTG,HPG,0.7888301782334786
CTG,HSG,0.7145156722964272
CTG,HT1,0.662261468124352
CTG,IDC,0.66863369889173
CTG,IJC,0.6830312922578247
CTG,IPA,0.6506144061064113
CTG,KBC,0.7320492902156663
CTG,KDH,0.6724049586434905
CTG,LCG,0.6672012847117726
CTG,LHG,0.6731655276378989
CTG,LPB,0.8370083026039471
CTG,MBB,0.8933271607760823
CTG,MBS,0.7597035897602662
CTG,MSB,0.7634150810401983
CTG,MSN,0.7507494728333203
CTG,MWG,0.7103279944559133
CTG,NKG,0.7119681448448927
CTG,NT2,0.6921956870450714
CTG,OCB,0.7447488074757848
CTG,PAN,0.7751902944060508
CTG,PC1,0.6614293958202633
CTG,PET,0.6509818202690697
CTG,PHR,0.7028102472175431
CTG,PTB,0.7061966210463951
CTG,PVD,0.7322376238507988
CTG,PVS,0.7387891612109431
CTG,PVT,0.6881074216926442
CTG,SBS,0.7155042225945974
CTG,SCR,0.6623655031701395
CTG,SHB,0.7409705290215357
CTG,SHS,0.7368759864365388
CTG,SSI,0.7831585473509024
CTG,STB,0.8343903229917254
CTG,SZC,0.6542552000219212
CTG,TCB,0.8398040105476361
CTG,TCI,0.654910880238473
CTG,TNG,0.7515558277132398
CTG,TPB,0.7479243260977101
CTG,TRC,0.6567736794245751
CTG,VCB,0.6799903155526029
CTG,VCI,0.7096446785874729
CTG,VIB,0.7418654249451152
CTG,VND,0.6934256552087259
CTG,VPB,0.6917708063705373
CTG,VRE,0.6666125244067896
CTI,DIG,0.6523591611028341
CTI,DPG,0.6552070828214371
CTI,FCM,0.6708406643533914
CTI,FCN,0.7224485781224449
CTI,FMC,0.663719860905861
CTI,G36,0.6940418124141328
CTI,GEG,0.7134664341936635
CTI,HBC,0.6602749505589716
CTI,HHS,0.6535262843553538
CTI,HT1,0.7104467378724655
CTI,IDC,0.7316467928679193
CTI,IDI,0.7278704284326972
CTI,JVC,0.6731572194565307
CTI,KSB,0.7070592861290839
CTI,L14,0.7034479383555216
CTI,L18,0.6777135420769267
CTI,LCG,0.6883696490527085
CTI,LIG,0.6886156264417961
CTI,NHA,0.6546228258424347
CTI,OGC,0.6756357788113839
CTI,PAN,0.6652144562436723
CTI,PHR,0.6832754858483454
CTI,POW,0.7068066515474778
CTI,SCR,0.6959979205098483
CTI,SD9,0.6566732804385884
CTI,TCM,0.6536218124789202
CTI,THD,0.6984689065541004
CTR,DPR,0.6559798665833707
CTR,DRI,0.7147445498095969
CTR,ELC,0.6579689572816102
CTR,GIL,0.7075997570772373
CTR,GVR,0.6571924446856641
CTR,LHG,0.6501254355919678
CTR,MBB,0.6511779493174961
CTR,MSH,0.6957253762364912
CTR,MWG,0.6745664295380123
CTR,PTB,0.7101939648769007
CTR,TCB,0.6702992327058305
CTR,VCS,0.7338049650057241
CTR,VGI,0.7913708046476307
CTR,VTP,0.7196351021555584
CTS,DBC,0.7495685817505386
CTS,DCM,0.6701785914454433
CTS,DGW,0.7491478009762303
CTS,DIG,0.7637870181409828
CTS,DPG,0.7628310770641078
CTS,DTD,0.6609692089445945
CTS,DXG,0.8185014166327141
CTS,DXS,0.7371381021445957
CTS,ELC,0.6811979763643724
CTS,EVS,0.6706444296283616
CTS,FCN,0.773850048403277
CTS,FIT,0.7140473319954094
CTS,FTS,0.8571648967179301
CTS,G36,0.6520532905479881
CTS,GEG,0.6604512542500423
CTS,GEX,0.6831153387243519
CTS,GIL,0.7051552769237573
CTS,HAH,0.6587281656770768
CTS,HCM,0.8803465365660422
CTS,HDC,0.7578154001314201
CTS,HDG,0.708700110177568
CTS,HHV,0.7526191388836784
CTS,HPG,0.732709247057866
CTS,HQC,0.7303914443797361
CTS,HSG,0.7868042911054529
CTS,HT1,0.6882773287811644
CTS,HUT,0.6684468617065311
CTS,IDC,0.7165284134438367
CTS,IDI,0.7300649102086058
CTS,IJC,0.8197980621140567
CTS,IPA,0.773833724406794
CTS,IVS,0.7359274681119972
CTS,KBC,0.7641594607301169
CTS,KHG,0.7265373369063101
CTS,KSB,0.7876490512118652
CTS,L14,0.6613503511494285
CTS,L18,0.6503453961291152
CTS,LCG,0.8314998405205267
CTS,LHG,0.6878642624292982
CTS,LPB,0.7648561678677757
CTS,LSS,0.6659157275428144
CTS,MBB,0.6771350060640147
CTS,MBS,0.8879789426568283
CTS,MSB,0.6817421735206153
CTS,MSN,0.665260362595417
CTS,NDN,0.6632878575346102
CTS,NHA,0.7876472768450256
CTS,NHH,0.662038660870342
CTS,NKG,0.8104985895828196
CTS,NLG,0.6825616851132212
CTS,ORS,0.6715432749534286
CTS,PAN,0.7390434777466798
CTS,PC1,0.7312636120881897
CTS,PET,0.68872151370525
CTS,PSI,0.7744304111714138
CTS,PVD,0.6822179793092236
CTS,PVT,0.6762655989516558
CTS,S99,0.7083825638707802
CTS,SBS,0.7515464230687862
CTS,SBT,0.7176736380424265
CTS,SCR,0.7979278587093812
CTS,SHB,0.7385735000503693
CTS,SHS,0.8782873445848861
CTS,SKG,0.6624248746740291
CTS,SSI,0.8921287288378328
CTS,STB,0.7034785827373513
CTS,SZC,0.7500587903455039
CTS,TCB,0.6724051197731441
CTS,TCH,0.7027268882399623
CTS,TCI,0.7815494929859664
CTS,TDC,0.6758165861058518
CTS,TIP,0.6647687145145557
CTS,TLH,0.7305594755586325
CTS,TNG,0.7356299160330405
CTS,TPB,0.6732575583965381
CTS,TSC,0.657419047680519
CTS,TTF,0.669052330803776
CTS,TVB,0.7118612207038307
CTS,VCG,0.6909325443013452
CTS,VCI,0.8866265552691176
CTS,VDS,0.7461153493115494
CTS,VGC,0.6657527086235723
CTS,VGS,0.7559307809911869
CTS,VIB,0.7393372027442093
CTS,VIG,0.732828349859239
CTS,VIX,0.8453303326512508
CTS,VLB,0.6542969634598438
CTS,VND,0.8278157202149424
CTS,WSS,0.7651970945587157
CTT,NDP,0.7613822733822271
CTT,SDU,0.7249735555828847
CTT,VPA,0.6501104227665846
CTW,DDH,-0.7387263074751688
CTW,DHB,0.8269105625205339
CTW,DTE,-0.7552905966270194
CTW,DTG,0.7946537152699445
CTW,DUS,-0.7210314294993149
CTW,DVW,-0.6785385626333563
CTW,FHS,0.6567788282192788
CTW,FTI,-0.6736601062131775
CTW,GMA,-0.6583267909462275
CTW,HD6,0.6647867739332645
CTW,HFX,-0.809122262147987
CTW,HHN,-0.69124628128587
CTW,HNM,0.7993192189116707
CTW,HNP,-0.6668764774576295
CTW,HOT,-0.678366868850571
CTW,IN4,-0.6635710327662108
CTW,LCC,-0.7945979131809608
CTW,MPY,-0.7563040898019473
CTW,NDW,-0.6613984898921625
CTW,NUE,0.7179345343262991
CTW,ODE,0.6597362463702555
CTW,PHH,-0.686038543024054
CTW,PMW,0.660054716802925
CTW,QNT,-0.7236708988934374
CTW,QTC,-0.6792907696162286
CTW,SAL,-0.7618196584805672
CTW,SCD,-0.6596898780393459
CTW,SFN,-0.6857288881105094
CTW,SSF,-0.7191029233162377
CTW,TCJ,-0.7446851292913637
CTW,TRT,-0.7586166230567338
CTW,TV1,0.6786200086774101
CTW,TVH,-0.6884088908389489
CTW,UMC,-0.7838123057638583
CTW,VGL,0.7160174382279191
CTW,VSF,0.661821966274217
CTW,VTG,-0.7079688337879475
CTW,VTI,-0.8051534767195503
CTW,VXB,-0.6624436839703708
CTW,XHC,-0.6713391027446549
CVN,DC1,0.6906431364683249
CVN,DKG,0.8129608042806342
CVN,DNL,0.6941080829258189
CVN,DTC,0.7692085593340389
CVN,DVG,0.7754506621054397
CVN,DVT,0.8202462809555384
CVN,GMC,0.732073924863413
CVN,HLO,0.730709558474976
CVN,HMD,0.7387249466186278
CVN,HTP,0.6706059568377939
CVN,IRC,0.792704388138193
CVN,L62,0.8372815024638185
CVN,LDW,0.814066366074256
CVN,LM7,0.6743863578933906
CVN,LNC,0.846846426155769
CVN,MQB,0.7867020163509006
CVN,NAC,0.6561187198009867
CVN,NLS,-0.7979508157783466
CVN,NVP,0.6773696994678207
CVN,PCG,0.7075426079775612
CVN,PHH,0.6662642510910336
CVN,POM,0.6980064151185084
CVN,PTM,0.7325872275043284
CVN,QBS,0.7915000592612509
CVN,RYG,-0.6988114768615594
CVN,SCD,0.6843090495412424
CVN,SD4,0.7021356654276638
CVN,TAB,0.7338867564883975
CVN,TCK,0.698988669515866
CVN,TD6,-0.7268902715404041
CVN,THN,0.6651992852115729
CVN,UXC,0.7190006800342823
CVN,VDG,0.739256149508578
CVN,VE2,0.6576732550192829
CVN,VE8,0.746814359039832
CVN,VIR,0.7571637324803647
CVN,VNH,0.676389935702103
CX8,HEP,0.6610069128567484
CX8,HTL,0.6596568322713798
CX8,KHS,0.778285461927095
CX8,LAI,0.7010028351225897
CX8,LCD,0.7371899046423891
CX8,MND,-0.7233216095530286
CX8,MTS,0.6928328870162235
CX8,NVP,-0.6975056868631976
CX8,PDN,0.6649278120790659
CX8,QHW,0.6626994021650733
CX8,SPD,0.6951630306556756
CX8,TB8,-0.6601104180689917
CX8,TPS,0.6565279311902734
CX8,TSD,0.6839384455393317
CX8,VDG,-0.6560908884162109
CX8,VPR,0.8259255282433832
CX8,VUA,-0.6558233756688844
CYC,DKC,0.6897644948336666
CYC,DLR,0.7559172137589669
CYC,DSD,0.7155960710349167
CYC,DUS,0.7631574767805719
CYC,DVW,0.715932304586512
CYC,FBC,0.7562233603079441
CYC,FHN,0.713460432353809
CYC,FTI,0.7278613897937591
CYC,HCI,0.6501817592870723
CYC,HLS,0.6994518637076921
CYC,IBD,0.6588793380561273
CYC,IME,0.7479751468930187
CYC,MIE,0.6592664676303777
CYC,PHH,0.6625793247843592
CYC,PMJ,0.6867302447490441
CYC,PPI,0.6529691856118957
CYC,PPT,-0.6699861580041544
CYC,PSG,0.6636576579875458
CYC,PTH,0.7177784286078952
CYC,SAL,0.7157288642797592
CYC,SCG,-0.6950026762461594
CYC,SCO,0.6878050482549142
CYC,SPH,0.7516286279340791
CYC,SSF,0.6706084592659183
CYC,STS,0.7428266843073543
CYC,TAW,0.6754112616202151
CYC,TCJ,0.6510217354229918
CYC,TST,0.7211449110348936
CYC,TVG,0.7160126071776369
CYC,TVH,0.7308399617318614
CYC,VTG,0.6629731116810035
CYC,VVN,0.7149608815263716
CYC,VXB,0.78969644666913
CYC,VXP,0.6646266448368527
CYC,XDH,0.6900759161075176
D2D,L18,0.6792533603682728
D2D,SKG,0.6657996399268493
DAC,HPD,-0.6563805300316566
DAC,NBE,-0.6771064167176232
DAC,VE2,0.6566292719488649
DAC,VE4,0.6793706349633356
DAC,X26,0.6838558343700178
DAD,KGM,0.675352081043096
DAD,XPH,0.6540556517952184
DAG,DRH,0.6510328031103964
DAH,DDH,-0.7403734314779449
DAH,DLR,-0.6985204481583968
DAH,DTE,-0.733415745892772
DAH,DTG,0.6521208205680233
DAH,DUS,-0.7262472437458504
DAH,DVW,-0.7565716396144518
DAH,FIT,0.7229445297432167
DAH,FTI,-0.7026585057064296
DAH,GH3,-0.7504410849731687
DAH,GTT,-0.6562761162458226
DAH,HAP,0.7640787422293405
DAH,HAX,0.6750802453818612
DAH,HC1,-0.7074491631253818
DAH,HCD,0.6708624079239693
DAH,HHN,-0.7123006703291355
DAH,HNM,0.7460815911945189
DAH,HNP,-0.664642886998848
DAH,HQC,0.6875029681631315
DAH,ICN,0.6527129276320363
DAH,IN4,-0.7005935279116561
DAH,JVC,0.7134313563320024
DAH,KHG,0.6693479138243774
DAH,KMR,0.7906691602746969
DAH,L18,0.7106920742582772
DAH,LAF,0.6923550747033768
DAH,LCC,-0.6806568205029281
DAH,LCG,0.6897940043900518
DAH,LIG,0.6588513629778058
DAH,LSS,0.7112160176639414
DAH,LUT,-0.6588550340477426
DAH,MDC,0.6912507573828156
DAH,MEF,-0.7120075096899946
DAH,MPY,-0.6769856433119849
DAH,NBB,0.6950777674595741
DAH,NBC,0.7755738157602436
DAH,NDW,-0.6896100370609742
DAH,NKG,0.6582253624007451
DAH,ODE,0.744316823123537
DAH,PAN,0.6855406170781326
DAH,PHC,0.7121239299169649
DAH,PHH,-0.6781198237400404
DAH,PMB,0.6844265313735451
DAH,PPH,0.6981269169525366
DAH,PPI,-0.7021550838959699
DAH,PSI,0.6718532416666054
DAH,PTC,0.7251590535374237
DAH,PTG,-0.7173117409949651
DAH,RBC,-0.6687413635663285
DAH,SAL,-0.7673385944376262
DAH,SBG,0.6731274838219737
DAH,SBS,0.6528969768116833
DAH,SBT,0.7392019155582175
DAH,SCR,0.7353142839903734
DAH,SGT,0.674058529760404
DAH,SPH,-0.6694249804446626
DAH,SSF,-0.7391568320262449
DAH,STS,-0.6672769590323785
DAH,STW,-0.6526896465991914
DAH,TBR,-0.6661191102254242
DAH,TCI,0.6819953516352918
DAH,TCJ,-0.6895229080615519
DAH,THT,0.7180868680825714
DAH,TLH,0.6915315090444218
DAH,TOT,0.7462957131267749
DAH,TSC,0.7031711239758037
DAH,TTF,0.6725944161807967
DAH,TVB,0.6658586010976616
DAH,TVD,0.7831225986824126
DAH,TVH,-0.780273307328722
DAH,UMC,-0.7482660654774783
DAH,VCT,-0.6994157302305212
DAH,VID,0.6612757344791278
DAH,VMT,-0.6893134871656739
DAH,VNL,0.6521656286380335
DAH,VOS,0.6767624546538153
DAH,VTI,-0.6752255278912346
DAH,VXB,-0.6655585455951823
DAH,WSS,0.6514624970001713
DAH,WTC,0.6756230039694534
DAH,XHC,-0.6654487795340966
DAN,DCH,0.7052751486548741
DAN,FCS,0.6711739496783286
DAN,HPI,0.6665377710015176
DAN,MIE,0.6655192984606937
DAN,NQB,0.7385285034241903
DAN,NQN,0.6849128243019995
DAN,PMJ,0.6880652517470802
DAN,PTH,0.7317598653556244
DAN,PVY,0.6652889280203524
DAN,SJM,0.6553337254331223
DAN,STL,0.6751069064836864
DBC,DGW,0.710702871112947
DBC,DPG,0.726201089789593
DBC,DXG,0.7019047285826712
DBC,DXS,0.6931343580885352
DBC,ELC,0.7138472557264491
DBC,FTS,0.7626654954118721
DBC,GEG,0.6567307993905184
DBC,GIL,0.7673384096103336
DBC,HAH,0.6515963842875537
DBC,HCM,0.7899760963404183
DBC,HDC,0.6998694530260885
DBC,HDG,0.692067890423475
DBC,HPG,0.7160699434828708
DBC,HSG,0.8006152571835989
DBC,IDI,0.6542577050241793
DBC,IJC,0.6948617869035415
DBC,IPA,0.652479392542463
DBC,ITC,0.6579928027550056
DBC,KSB,0.6640025487529307
DBC,LCG,0.6706532698114943
DBC,LHG,0.7401563252241409
DBC,LPB,0.6891465525744738
DBC,MBS,0.7236880995239211
DBC,MIG,0.6686914712594614
DBC,MWG,0.6921584396873236
DBC,NKG,0.7569559528885064
DBC,NT2,0.7084972932322912
DBC,PAN,0.6554588899736972
DBC,PC1,0.6920494738812983
DBC,PTB,0.6867901446408128
DBC,SHS,0.6926040834071645
DBC,SKG,0.6787617891338685
DBC,SSI,0.7207836490471037
DBC,SZC,0.7194935920250809
DBC,TCB,0.6563728757712572
DBC,TLH,0.6624331931105198
DBC,TNG,0.6847342284455603
DBC,VCG,0.7412150226679833
DBC,VCI,0.7646277529837895
DBC,VCS,0.6720540166329435
DBC,VGS,0.7131895190673945
DBC,VIX,0.677108735018605
DBC,VLB,0.6509683387984853
DBC,VND,0.6563718541095467
DBM,DM7,0.6543052181707862
DBM,FCS,0.6690547706729946
DBM,SDK,0.683763942476646
DBT,DDN,0.6857563638256241
DBT,VMD,0.6527812554977171
DC1,GMC,0.6512942905131086
DC1,L61,0.686111834404471
DC1,QBS,0.6896356637221066
DC1,SCC,0.6588018057081646
DCG,DLD,0.7970636873643294
DCG,HLY,0.674016691394476
DCG,LCD,0.7782821192102343
DCG,LMI,0.6786455753205025
DCG,NGC,0.695409718246152
DCG,NQN,0.6513267366579153
DCG,NTT,0.6518191323490817
DCG,NWT,0.7677171746954009
DCG,STL,0.71428324407942
DCG,TDB,0.7076553453651576
DCG,TH1,0.6627609835528381
DCG,VPR,0.6599983936298081
DCH,DKC,0.7272471658173959
DCH,DLR,0.694074334499683
DCH,DUS,0.6665733019606455
DCH,FBC,0.7167115299767488
DCH,FCC,0.8546468836828809
DCH,GMA,0.6500456262066191
DCH,HCI,0.8451579082625889
DCH,HKB,0.6922892037528471
DCH,MIE,0.6697564212337116
DCH,MTB,0.6615888029327828
DCH,NQB,0.8778973737247189
DCH,PMJ,0.6668263105111703
DCH,PVY,0.6651080388691153
DCH,QST,0.7318224012438115
DCH,SFN,0.6533515804153893
DCH,STS,0.6717874175344845
DCH,TVG,0.7699367305766885
DCH,UCT,0.8645740555493462
DCH,UDL,0.6629497477654677
DCH,VTG,0.7896074692404308
DCH,VTI,0.666671582185006
DCL,SPD,-0.6658776448201905
DCM,DDV,0.6822044221096881
DCM,DGC,0.7762343812477036
DCM,DGW,0.7102707850036232
DCM,DHA,0.6779474823428623
DCM,DIG,0.67028104733988
DCM,DPG,0.7311940503150253
DCM,DPM,0.9336496362343687
DCM,DQC,0.7028713776166788
DCM,DRI,0.6539390923837739
DCM,ELC,0.728103949403325
DCM,FCN,0.6959382953451095
DCM,FMC,0.7659252420360797
DCM,FRT,0.8029943693573154
DCM,FTS,0.659554613371608
DCM,GAS,0.7355743919401035
DCM,GEG,0.7590629123005534
DCM,GH3,-0.6586198613751364
DCM,GMD,0.7697915721919503
DCM,GVR,0.6620851195596444
DCM,HAH,0.808899713923459
DCM,HAX,0.7236461178345882
DCM,HCM,0.7405141488660522
DCM,HDC,0.7350344460656227
DCM,HDG,0.7295625872209546
DCM,HHS,0.6621117833134673
DCM,HPG,0.6580726449602595
DCM,HQC,0.6850679733537818
DCM,HSG,0.6945322376062035
DCM,HT1,0.6923982122203032
DCM,HTG,0.6985984718323155
DCM,HUB,0.6821261504353429
DCM,HUT,0.7080728350716994
DCM,IDC,0.806707587382028
DCM,IDI,0.7624105727758707
DCM,JVC,0.6517940389965758
DCM,KBC,0.6656308347510037
DCM,L18,0.6651879118811437
DCM,LAS,0.781722973977849
DCM,LCG,0.7084678349285621
DCM,LHG,0.7537895950768932
DCM,LPB,0.6515827240002331
DCM,MBB,0.6658130244810851
DCM,MBS,0.688001742435866
DCM,MIG,0.714608887565364
DCM,MSH,0.666636729978422
DCM,MSN,0.7076733238000354
DCM,NBB,0.6713984888887953
DCM,NHA,0.6666539132619239
DCM,NKG,0.7084965639389669
DCM,NT2,0.7161648930214788
DCM,OIL,0.6886799760505979
DCM,PAN,0.74418313612706
DCM,PAT,0.6876898652835273
DCM,PC1,0.8018606710409264
DCM,PET,0.784670771695266
DCM,PGC,0.6899343223257985
DCM,PHR,0.7127653009663997
DCM,PLC,0.7263623004527829
DCM,POW,0.7084135610274755
DCM,PSD,0.6619300345143504
DCM,PSI,0.6554793711055048
DCM,PSW,0.657307332916145
DCM,PTB,0.6953162769900622
DCM,PVB,0.6995122437586765
DCM,PVC,0.8166815705595036
DCM,PVD,0.8093667068648494
DCM,PVG,0.7085953429846313
DCM,PVS,0.8175492622058308
DCM,PVT,0.8175314804270185
DCM,QTP,0.6703981582751687
DCM,REE,0.7769999771221437
DCM,SCR,0.668071665628903
DCM,SHB,0.6697380430429046
DCM,SHS,0.6602687150067367
DCM,SKG,0.701869849930671
DCM,SSI,0.6961890056713
DCM,STB,0.6534928364117024
DCM,STK,0.664988741452189
DCM,SZC,0.7841057885835974
DCM,TCI,0.6566271209567912
DCM,TIP,0.7034119418523362
DCM,TNG,0.7984256194550383
DCM,TNH,0.6855854207105453
DCM,VCI,0.7096335835112392
DCM,VGC,0.7166439026110997
DCM,VGS,0.7363853029866134
DCM,VHC,0.7737293475017532
DCM,VIB,0.708245854122978
DCM,VOS,0.7123921071006435
DCM,VPH,0.6730523740856156
DCS,EFI,0.6536663050466263
DCS,GPC,0.70605716275376
DCS,HMG,0.6604639257008578
DCS,HNB,0.6616727480186342
DCS,MA1,0.6799346438549139
DCS,RCD,0.6908242942564942
DCS,TVM,0.6867604217260982
DCS,VBH,0.6970681504023774
DCS,VTX,0.6656958992672642
DCS,YTC,0.6992693646798129
DCT,DLR,0.6769394498685494
DCT,DNL,0.7117225373516247
DCT,DTE,0.6730297216671846
DCT,DUS,0.686707680727569
DCT,DVW,0.6550813831314918
DCT,DXL,0.6946096560585278
DCT,G20,0.7689745220175743
DCT,GTT,0.6666856640446476
DCT,HLA,0.7499889531080036
DCT,HLS,0.6615090900862179
DCT,HNP,0.6585574358776715
DCT,KMR,-0.6919483774390264
DCT,LCC,0.6822687236923157
DCT,MRF,0.652586875482519
DCT,PHH,0.6509677841637067
DCT,PPI,0.7168342549312787
DCT,PXM,0.6995499888002011
DCT,SAL,0.6867813666769714
DCT,SBG,-0.651960853570705
DCT,SSF,0.6633711165077525
DCT,TVH,0.7251808311521376
DCT,VTI,0.6656611558675049
DCT,VVN,0.7005300464153918
DCT,X26,0.6839656207458107
DCV,STD,0.8246980943837688
DDG,HC1,0.68790529722974
DDG,HEP,-0.6658123317087545
DDG,STW,0.6989588427422373
DDG,UEM,0.6656825117412226
DDH,DLR,0.8216307456629497
DDH,DSD,0.6849968506921672
DDH,DTE,0.8483514614979383
DDH,DTG,-0.7693596747207079
DDH,DUS,0.8977968358667882
DDH,DVC,0.6514488608794908
DDH,DVW,0.9255217515374872
DDH,DZM,0.6572937300240166
DDH,FBC,0.8324086154678056
DDH,FHN,0.6849927609493226
DDH,FRM,0.7608077380838506
DDH,FTI,0.8453042079858354
DDH,FTM,0.7871201411458358
DDH,GGG,0.6949657050240108
DDH,GH3,0.8772717642775846
DDH,GLW,0.6973533208778532
DDH,GMA,0.7115623176352365
DDH,GTT,0.7609887498701067
DDH,HAX,-0.664588966630789
DDH,HC1,0.7965216520185063
DDH,HCI,0.6875192408788625
DDH,HD6,-0.6756811844406906
DDH,HFX,0.8193014092176373
DDH,HHN,0.7647737480134873
DDH,HLA,0.7861348630595821
DDH,HLS,0.779089322602505
DDH,HMG,0.6866695399133378
DDH,HNM,-0.7858373600447877
DDH,HNP,0.7695294516935476
DDH,HOT,0.6901562296488001
DDH,IBD,0.6807588126675883
DDH,ICN,-0.6502908838891441
DDH,IME,0.7662735144153168
DDH,IN4,0.7120655541244136
DDH,KMR,-0.7451177695127935
DDH,L35,0.7868954516426029
DDH,LAF,-0.6751910244095549
DDH,LCC,0.836561857835968
DDH,LQN,0.7573972850502793
DDH,LUT,0.745459860966418
DDH,MCP,-0.7039771302976916
DDH,MDC,-0.6794056122089723
DDH,MEF,0.7317187740091624
DDH,MGR,0.7401247852180316
DDH,MLC,0.6751806435383104
DDH,MPY,0.704703402306869
DDH,MRF,0.6847353297498271
DDH,MTB,0.7894758016446078
DDH,NBC,-0.7138965589841081
DDH,NDW,0.774861583423271
DDH,ODE,-0.785193169111244
DDH,PBP,-0.7156102880856686
DDH,PDV,-0.6570779721896417
DDH,PGC,-0.7344371955164871
DDH,PHH,0.7512728791489629
DDH,PLE,0.7573428146912857
DDH,PMB,-0.7057723086885987
DDH,PPH,-0.6730917485354462
DDH,PPI,0.7830177178104437
DDH,PSG,0.8165591162004917
DDH,PSW,-0.6546290328202301
DDH,PTC,-0.6535898189679928
DDH,PTG,0.7378208143407163
DDH,QHD,-0.7104498198781941
DDH,QNT,0.7298785228465734
DDH,QNW,0.6868778143496933
DDH,RBC,0.8007231326676357
DDH,SAL,0.9025188735926488
DDH,SCG,-0.67539116465202
DDH,SFN,0.8018525112013718
DDH,SHI,-0.7072797600821219
DDH,SPH,0.8341570218326644
DDH,SSF,0.8402631447755572
DDH,SSN,0.6958101250609499
DDH,STS,0.8091345091806991
DDH,STW,0.7358939489664661
DDH,TAN,-0.6610052526490474
DDH,TBR,0.6974717636973966
DDH,TCJ,0.778263289360396
DDH,TDT,-0.698726913607481
DDH,TGG,-0.6801856487339255
DDH,THT,-0.7334915389706725
DDH,TOT,-0.7084973713127913
DDH,TRT,0.804909414814879
DDH,TST,0.7919728103505094
DDH,TVD,-0.6996520952166113
DDH,TVH,0.9182384040288977
DDH,UDL,0.7635924131616182
DDH,UMC,0.9422757231512106
DDH,UPC,0.6809472073683103
DDH,VCT,0.8176178032593321
DDH,VGP,-0.6515113709139427
DDH,VHF,0.7209050180465305
DDH,VKC,0.7953987914121411
DDH,VMT,0.7742031507959357
DDH,VNL,-0.6858378053872095
DDH,VTG,0.8516460363099162
DDH,VTI,0.8118431051496507
DDH,VVN,0.798482701631812
DDH,VXB,0.8332645572112496
DDH,VXP,0.7472887274469641
DDH,X26,0.763522364090107
DDH,XHC,0.7322612058362103
DDM,HSA,0.6814687044439152
DDV,DPM,0.6764023524155565
DDV,DRC,0.6868622381421232
DDV,DRI,0.6967814784960312
DDV,IDC,0.6632647962137151
DDV,LAS,0.7624916742601089
DDV,PGC,0.6729743456005142
DDV,PGD,0.6570542542705625
DDV,PPH,0.7538637434391426
DDV,PVG,0.673177123158462
DDV,PVO,0.6559664604378519
DDV,STK,0.6772955345204388
DDV,TDG,0.6792685885584645
DDV,THT,0.6594959397661748
DDV,VGS,0.7014985656608093
DDV,VGT,0.6850723962731903
DFC,DNE,0.7204183178263235
DFC,DTG,0.7239108259529761
DFC,DTI,0.7140313493741033
DFC,FIC,0.6587105815829961
DFC,HEP,0.7381944906997016
DFC,HHN,-0.7081505478622105
DFC,HMS,0.6505713616054145
DFC,HNM,0.6699094901929796
DFC,HPD,0.7039985296816148
DFC,HSP,0.672763746626359
DFC,KTS,0.6953245966083272
DFC,LAF,0.7039051665297954
DFC,LAI,0.6543423804640156
DFC,LUT,-0.7627368513713215
DFC,MCP,0.7015364998747272
DFC,NDW,-0.6735935528840824
DFC,PCE,0.7222603752880232
DFC,PVX,0.7614371093717976
DFC,QNW,-0.684962849749971
DFC,SEB,0.6579889086677382
DFC,TNW,0.7470618945764963
DFC,TOT,0.6819884128770335
DFC,TTT,0.6723294463583578
DFC,TUG,0.6874095694649187
DFC,VE2,-0.6841494608605817
DFC,VGP,0.7343519642398016
DFC,VPC,0.6636810480002501
DFC,VSA,0.6897561845847751
DFC,VSM,0.6755955471900295
DFF,DVT,0.6858749922798714
DFF,HHB,0.7215386007033435
DFF,NLS,-0.6625525492820196
DFF,POM,0.657015401561686
DFF,SCD,0.6539942790421611
DFF,SLD,0.7365773212991376
DGC,DGW,0.7954660005586939
DGC,DHA,0.6626356620260759
DGC,DPM,0.7436850414288513
DGC,FRT,0.7750165730632225
DGC,FTS,0.7102488163607563
DGC,GAS,0.7715117175869196
DGC,GMD,0.6612308564368948
DGC,GVR,0.6798307108313153
DGC,HAH,0.6942021368038789
DGC,HCM,0.7151302000501096
DGC,HDC,0.6509236042739239
DGC,HII,0.6586403072487972
DGC,HLD,0.6889798644359886
DGC,IDC,0.7222471459803057
DGC,LAS,0.6682496794986773
DGC,LCG,0.6534218265584079
DGC,MIG,0.6779933318722526
DGC,MWG,0.6693207326103765
DGC,NT2,0.6694649706768624
DGC,PAT,0.7181407789182782
DGC,PC1,0.7139409144526637
DGC,PET,0.7429503422948996
DGC,PHR,0.7077879262721033
DGC,PLC,0.6692455636541254
DGC,PTB,0.6935959643603159
DGC,PVB,0.69778708277224
DGC,PVC,0.7265190305782985
DGC,PVD,0.7769801617620051
DGC,PVG,0.6585927929106105
DGC,PVS,0.7190645226893396
DGC,PVT,0.7494968614043929
DGC,SSI,0.6778114763679581
DGC,SZC,0.6831744364197806
DGC,TNG,0.702215852046013
DGC,VCI,0.6850046582654856
DGC,VHC,0.662899141042225
DGW,DHA,0.6837401287374126
DGW,DIG,0.7065137391740018
DGW,DPG,0.7328310771057819
DGW,DPM,0.6824342517713531
DGW,DXG,0.7317196470115738
DGW,DXS,0.6776955880603844
DGW,ELC,0.6704101433045201
DGW,FCN,0.7062210215513303
DGW,FRT,0.7496978445976967
DGW,FTS,0.7691031720942572
DGW,G36,0.6690547152469324
DGW,GEG,0.6528721595882733
DGW,GEX,0.686997359110771
DGW,GIL,0.7125898544347714
DGW,GMD,0.6615473555629349
DGW,GVR,0.7067419776165988
DGW,HAH,0.7201316419414638
DGW,HCM,0.7910275150600043
DGW,HDC,0.74605617827134
DGW,HPG,0.735731084867091
DGW,HQC,0.7444439164358813
DGW,HSG,0.7528904228110119
DGW,HT1,0.6538324086640666
DGW,HUT,0.7011624426570113
DGW,IDC,0.7348023532529931
DGW,IDI,0.7620112118223087
DGW,IJC,0.6849502170975708
DGW,KBC,0.7193204008735308
DGW,KHG,0.669373188567836
DGW,KSB,0.6827290655826209
DGW,LCG,0.7333907942696731
DGW,LHG,0.6879783387906077
DGW,MBB,0.6661754288055217
DGW,MBS,0.7117898704844215
DGW,MSN,0.7061295426253461
DGW,MWG,0.7189545580829985
DGW,NKG,0.7335778206403901
DGW,NLG,0.7086842335710072
DGW,PC1,0.7439532158991707
DGW,PET,0.7913215935452165
DGW,PHR,0.7370265475997876
DGW,PLC,0.7048616075336284
DGW,PSI,0.6564446584317328
DGW,PTB,0.6950329545861569
DGW,PVB,0.6689000415549191
DGW,PVC,0.7491324810027575
DGW,PVD,0.7624340688545044
DGW,PVS,0.7266335658334543
DGW,PVT,0.728162476222296
DGW,SCR,0.7311760445243147
DGW,SHB,0.6962129667616266
DGW,SHS,0.7409379589249856
DGW,SKG,0.6865928398657108
DGW,SSI,0.7729687654555277
DGW,STB,0.6613714643197937
DGW,SZC,0.7899432790168276
DGW,TCB,0.6633085051526468
DGW,TCH,0.6584934465830101
DGW,TIP,0.6634221891019659
DGW,TNG,0.7337203179433656
DGW,TTF,0.6561858422540636
DGW,VCG,0.7254043825146052
DGW,VCI,0.7840613203445659
DGW,VGC,0.7260678314094676
DGW,VGS,0.6913027111814466
DGW,VHC,0.7219470720201092
DGW,VIB,0.6548903932040971
DGW,VIX,0.7621239308431661
DGW,VND,0.7287223615476246
DHA,DIG,0.6653647517404895
DHA,DPG,0.6545930019722795
DHA,DPM,0.6679942100334799
DHA,DQC,0.6894963175596497
DHA,DXG,0.6632873148270504
DHA,EVE,0.6799354396344232
DHA,FCN,0.7323679884482697
DHA,FMC,0.6707262266814334
DHA,GEX,0.7156311846672793
DHA,HAH,0.7198512219032093
DHA,HDC,0.69312123512804
DHA,HDG,0.6515075688661678
DHA,HPG,0.6670839530583169
DHA,HT1,0.7252152582672156
DHA,HUT,0.6645699929180555
DHA,IDC,0.7036796325738084
DHA,IDI,0.6784085805452579
DHA,KDH,0.6598281913988244
DHA,KSB,0.6517714543568628
DHA,LCG,0.6798166008672621
DHA,MBB,0.6717294347149004
DHA,MSH,0.6526208165954144
DHA,MSN,0.6540272387496675
DHA,NKG,0.6515318308200525
DHA,NLG,0.6806232766753905
DHA,NT2,0.6845613619630841
DHA,OGC,0.6507366377418726
DHA,PC1,0.7563963957913096
DHA,PET,0.6914965567511795
DHA,PHC,0.6685885092041405
DHA,PHR,0.6586686300490134
DHA,PSD,0.6506371239839279
DHA,PTB,0.6795558219694476
DHA,SHS,0.6543566315996591
DHA,SKG,0.6593305092782988
DHA,SSI,0.6813993795699353
DHA,VCG,0.704726905551193
DHA,VGC,0.7149153168540184
DHA,VGS,0.6711433939849282
DHA,VHC,0.6681092580578014
DHA,VIB,0.6593881404327993
DHA,VIX,0.7106180310602621
DHA,VPB,0.7057837952693358
DHB,DTE,-0.7126387954575816
DHB,DTG,0.7060929303336413
DHB,DUS,-0.6740149489950505
DHB,FTI,-0.6899384003040492
DHB,FTM,-0.6919504201466344
DHB,HFX,-0.6649183105852422
DHB,HNM,0.7375962451997897
DHB,MPY,-0.7350390043301138
DHB,NAC,-0.676624109233372
DHB,NUE,0.6656881331951159
DHB,PHH,-0.6675075162535928
DHB,PMW,0.7029025247297199
DHB,SAL,-0.7164356844346643
DHB,SCD,-0.7285259916852292
DHB,SGC,0.6598326245957392
DHB,SPH,-0.6682955838106406
DHB,SSF,-0.7149899594386337
DHB,TCJ,-0.8004983349442601
DHB,THN,-0.6620871259680744
DHB,TST,-0.6587002087022042
DHB,TVH,-0.6597287696514336
DHB,UMC,-0.6983641646889284
DHB,VGL,0.7272126940808775
DHB,VGP,0.6966768126409667
DHB,VTI,-0.6644868018408504
DHB,VXB,-0.6882728975846039
DHC,HPG,0.6963825515501512
DHN,DP2,0.6707506676782585
DHN,EFI,0.7426267720441764
DHN,HJS,0.6735729408350881
DHN,HMG,0.6854406108050802
DHN,HPM,0.6531820329131561
DHN,LAW,0.6827043759783081
DHN,MKV,0.6651491274768182
DHN,MTS,0.6947811186183437
DHN,NQN,0.7122134816281677
DHN,PIS,0.7274824365508011
DHN,PSN,0.7026271969018367
DHN,PWS,0.6586518407918582
DHN,SPD,0.7034738274658754
DHN,VBH,0.825018956057351
DHN,VES,0.752842755955593
DHN,VIW,0.6627010759985628
DHP,FCS,0.6554722755595466
DHP,NQN,0.6631067155687398
DHP,XPH,0.6684499015231796
DIC,HSA,0.6712241434006859
DIC,VPC,0.6535515914334913
DID,G36,0.6768279281313255
DID,KMR,0.718686897230473
DID,LSS,0.6669795167766709
DID,NHA,0.6851014762063662
DID,SD9,0.6629926499427983
DID,VPH,0.6661172462339262
DIG,DLG,0.6542496971603486
DIG,DPG,0.8001584440016991
DIG,DPM,0.6992082208118736
DIG,DQC,0.6836879747678092
DIG,DTD,0.6649499053365376
DIG,DXG,0.8080411632716552
DIG,ECI,0.6574099121023331
DIG,FCN,0.8302006335398959
DIG,FIT,0.6696682999606607
DIG,FRT,0.7134163315526107
DIG,FTS,0.7102671535770426
DIG,G36,0.7407410798266372
DIG,GEG,0.7073181797631473
DIG,GEX,0.7411170776989254
DIG,HAG,0.6890021705435414
DIG,HAH,0.6832308439017235
DIG,HAR,0.759737109964714
DIG,HCM,0.6859288233560669
DIG,HDC,0.7874114755075214
DIG,HDM,0.6877362454473135
DIG,HHS,0.6809320195079426
DIG,HQC,0.8310831070494518
DIG,HSG,0.6909372892609461
DIG,HT1,0.7514098205113712
DIG,HUT,0.7073164892863453
DIG,IDC,0.7755349710207629
DIG,IDI,0.7949605272835415
DIG,IDJ,0.7415993320132798
DIG,IJC,0.6508262926633647
DIG,IPA,0.6525713974697813
DIG,ITA,0.6526983492943906
DIG,ITC,0.6502635220375658
DIG,JVC,0.6727350602838573
DIG,KHG,0.659539565574993
DIG,KSB,0.7526867592952908
DIG,L14,0.8174608788547618
DIG,L18,0.7341556564217602
DIG,LCG,0.8228976116419026
DIG,LDG,0.776507345081078
DIG,LGL,0.6707774496804657
DIG,LIG,0.7491190081486081
DIG,NHA,0.7847930012462562
DIG,NKG,0.7323027751657148
DIG,NLG,0.763956563095902
DIG,OGC,0.7755803882695387
DIG,PC1,0.6890432322364226
DIG,PET,0.6843151854265603
DIG,PFL,0.6968848118495876
DIG,PSI,0.6766464697084668
DIG,PVC,0.6594509380605875
DIG,PXL,0.6860527075880406
DIG,SCR,0.8376111348812625
DIG,SHS,0.7241167863544887
DIG,SKG,0.7353859196234419
DIG,SSI,0.723852676340404
DIG,SZC,0.7111571997845136
DIG,TCH,0.6589153813906505
DIG,TCI,0.6779002234089295
DIG,TDC,0.6813377237907152
DIG,THD,0.6528018731931264
DIG,TIG,0.6851677224427323
DIG,TIP,0.6631334803356008
DIG,TLD,0.6523842927108192
DIG,TSC,0.6689385327682232
DIG,TTF,0.6760968711590786
DIG,VCG,0.7145778635311939
DIG,VCI,0.7420086133603564
DIG,VGC,0.7503347157772114
DIG,VGS,0.7184527884412727
DIG,VHC,0.6526443749460981
DIG,VIB,0.6824123684648875
DIG,VIX,0.7399880712248939
DIG,VND,0.6999621709891114
DIG,VPH,0.6588997428843433
DIH,HCD,0.6512346107715
DIH,L18,0.6766768944556851
DIH,VPH,0.6747530237117404
DKC,DLD,0.7097761480291697
DKC,DLR,0.8321914186829903
DKC,DNT,0.657706278623918
DKC,DUS,0.7505068483393412
DKC,DVW,0.6995676979804792
DKC,FBC,0.7502136282493147
DKC,FCC,0.7008720281773319
DKC,HCI,0.8708410454093308
DKC,HKB,0.7496718560453985
DKC,HLT,0.6906499168868283
DKC,HRB,0.6931125440615089
DKC,IME,0.7980365998037101
DKC,NQB,0.7187449194866653
DKC,PHH,0.720373974684679
DKC,QNU,0.8775974775054912
DKC,SAL,0.6994060146468108
DKC,SCG,-0.6725504468651775
DKC,SCO,0.6839672793645248
DKC,STS,0.8540206124438481
DKC,TAW,0.7806144735082666
DKC,TNM,0.675205681682815
DKC,TVG,0.8427286229218549
DKC,TVH,0.7409049802061439
DKC,UCT,0.6658204396638183
DKC,UDL,0.6827369615018574
DKC,VCT,0.7660655510198751
DKC,VIR,0.697100126221531
DKC,VTG,0.67571288383034
DKC,VTI,0.6803391535630724
DKC,VVN,0.7306134296602524
DKC,VXB,0.6698581523133907
DKG,DNL,0.7561728322267177
DKG,DTC,0.8252051774121283
DKG,DVG,0.6993508074177229
DKG,DVT,0.8207564827167806
DKG,EME,-0.6735155525525718
DKG,GMC,0.7675472782185667
DKG,HGM,-0.7182934769881841
DKG,HLO,0.7755252461253944
DKG,HMD,0.8960789110833968
DKG,HTP,0.7028220201976437
DKG,IRC,0.8756499584224067
DKG,L61,0.6567419062073914
DKG,L62,0.7687867337177502
DKG,LDW,0.8856362412560262
DKG,LM7,0.6719913863207186
DKG,LNC,0.9063414659734592
DKG,MQB,0.8761555669388856
DKG,NLS,-0.8099343627169501
DKG,NVP,0.6869293843393617
DKG,PCG,0.6563079046205239
DKG,PTM,0.7624692493286355
DKG,QBS,0.7201118656853827
DKG,RYG,-0.678748870767243
DKG,SPD,-0.6529570605219732
DKG,TAB,0.8131241792101338
DKG,TCK,0.8573020023457371
DKG,TCX,-0.6530141825224869
DKG,TD6,-0.8319429258611772
DKG,TVA,-0.6576652835846878
DKG,UXC,0.7484157569061746
DKG,VDG,0.7911287558843494
DKG,VE8,0.7414649561364325
DKG,VMK,0.6679764852295982
DKG,VUA,0.6655172504154887
DL1,FIT,0.7189045800293955
DL1,G36,0.6633389417277832
DL1,ITS,0.6799542623675294
DL1,KMR,0.7392199675825688
DL1,MDC,0.6552564660661884
DL1,NED,0.6593616447960231
DL1,PPH,0.6578822011515565
DL1,TSC,0.6707324709256642
DL1,VGT,0.6716885981504153
DL1,VHE,0.6703216814177617
DL1,VHG,0.6994905786701311
DL1,VIG,0.6568699045650427
DLD,GTD,0.6758046125903692
DLD,HRB,0.6688156020023527
DLD,NQN,0.6559678814995307
DLD,NTT,0.6822537277098255
DLD,QNU,0.7255056362166238
DLD,STL,0.7065172812224401
DLD,TNP,0.6503580967602612
DLD,TVG,0.7372231028500091
DLG,EVE,0.6516829943834439
DLG,FIT,0.7012850028053395
DLG,G36,0.7062482810582499
DLG,HAR,0.7508105640515723
DLG,HQC,0.7179411964177248
DLG,IDC,0.7347993880042538
DLG,IDI,0.6552755757912987
DLG,ITA,0.6660923365229784
DLG,KMR,0.6865885194711134
DLG,L18,0.6832984377065775
DLG,LCG,0.680788573028259
DLG,LDG,0.6706547905945844
DLG,LIG,0.752862858984208
DLG,TIP,0.6538105341394828
DLG,TTF,0.6990504680043134
DLG,VGS,0.6529885384373624
DLG,VHG,0.6967364074679934
DLR,DNT,0.6775731336214897
DLR,DSD,0.7035609196756418
DLR,DTE,0.7850151731011228
DLR,DUS,0.9025043568032015
DLR,DVW,0.9135836685442404
DLR,DXL,0.7597658900525232
DLR,DZM,0.6688694530531581
DLR,FBC,0.8675321924128623
DLR,FCC,0.6981788706574381
DLR,FGL,0.741310704657688
DLR,FHN,0.6769820643802236
DLR,FRM,0.6864499884542608
DLR,FTI,0.7910829107544322
DLR,FTM,0.695585866652193
DLR,G20,0.673382001228165
DLR,GH3,0.7383022585539643
DLR,GMA,0.6515781252609942
DLR,GTT,0.6930528005714252
DLR,HCI,0.7830584811042681
DLR,HD6,-0.6804701336979355
DLR,HFX,0.7579612378680152
DLR,HHN,0.6555364406793798
DLR,HKB,0.7260231268414413
DLR,HLA,0.7511111063107005
DLR,HLS,0.8022212761974005
DLR,HMG,0.6539332917479472
DLR,HNP,0.7470799692828748
DLR,HRB,0.6678222767610543
DLR,IBD,0.6783395018451202
DLR,IME,0.8909246525382353
DLR,KMR,-0.7115908265051162
DLR,LCC,0.7779341484861528
DLR,LO5,0.7034706973294043
DLR,MGR,0.7043875796986245
DLR,MTB,0.7427641211647408
DLR,ODE,-0.6769489924500949
DLR,PBC,-0.6739997133939029
DLR,PHH,0.8540073363566177
DLR,PLE,0.7035324473310051
DLR,POB,0.6670890262400799
DLR,PPI,0.879022241678006
DLR,PPT,-0.663967473875532
DLR,PSG,0.8156757556963948
DLR,PTG,0.6575890466935782
DLR,QNT,0.7294916004775648
DLR,QNU,0.7164973973139168
DLR,QTC,0.6584620327972222
DLR,RBC,0.6993868071337607
DLR,SAL,0.8867655787362052
DLR,SCG,-0.8000924803849869
DLR,SCO,0.7955052847152212
DLR,SFN,0.7692588954243279
DLR,SHP,-0.6702399774746475
DLR,SPH,0.7600285618581891
DLR,SSF,0.7896985588323642
DLR,STS,0.9262534096581054
DLR,TAW,0.7695495120689234
DLR,TCJ,0.6856944747891642
DLR,TRT,0.7631217712204931
DLR,TST,0.6920237416115878
DLR,TVG,0.7941100999660975
DLR,TVH,0.9294303367051442
DLR,UDL,0.6598288719340611
DLR,UMC,0.8367863634711491
DLR,VCT,0.915381060361593
DLR,VE2,0.6618694818910067
DLR,VID,-0.6621684416947297
DLR,VIR,0.685059578304849
DLR,VKC,0.7360103733938338
DLR,VNL,-0.6537168918025104
DLR,VTG,0.804520441626085
DLR,VTI,0.8339296757594238
DLR,VVN,0.8791881656374152
DLR,VXB,0.8454783946340538
DLR,VXP,0.6903927019402087
DLR,X26,0.7822806720170583
DLR,XHC,0.7870626315884022
DLT,GER,0.7614549638763906
DLT,SCO,0.6806480082287191
DLT,STS,0.659275642296645
DLT,TAW,0.6650795806246795
DLT,VCT,0.7212667978663391
DMN,NQN,0.6927210233157052
DMS,DVT,0.6832627660605923
DMS,HHB,0.7009750689802975
DMS,HOT,0.6599810123667583
DMS,LNC,0.6580076432608107
DMS,NLS,-0.698888472992904
DMS,RGG,0.6594890245934113
DMS,SLD,0.7201020940809212
DNA,DSD,0.6971145826638676
DNA,FBC,0.6648048804774253
DNA,FHN,0.6826596039572717
DNA,FTI,0.7004362329803379
DNA,GMA,0.683536361463624
DNA,HCI,0.6512072569668662
DNA,HGT,0.7439849237635221
DNA,HMG,0.7210699241103038
DNA,HPM,0.6919411054963902
DNA,IBD,0.6588037882629716
DNA,LAW,0.6894621427850187
DNA,MIE,0.8004337938542098
DNA,MLC,0.6597137657097043
DNA,PMJ,0.6502433349476457
DNA,PWS,0.6609071467887045
DNA,SPH,0.7042762097596101
DNA,TOW,0.6966319122530574
DNA,VBH,0.6507226011455802
DNA,VHF,0.714060226479611
DNA,VTG,0.6925875927604173
DNA,VXP,0.6719148002177969
DNA,XDH,0.6934365252210642
DNE,DP1,0.6577432654437744
DNE,LUT,-0.6700604917611247
DNE,PMW,0.6768714039714655
DNH,DNL,0.6950168621458462
DNH,DVG,0.6614539482789207
DNH,IN4,0.7241642135105865
DNH,L62,0.6543881024586363
DNH,LDW,0.6754081314302687
DNH,LM7,0.729079617744113
DNH,LQN,0.6706672639018763
DNH,MND,0.6999855792934477
DNH,MPY,0.6890401801159903
DNH,MRF,0.7167375272007339
DNH,NAC,0.692879947292209
DNH,QBS,0.6637987572784132
DNH,SBG,-0.653832882224018
DNH,SCD,0.7655559096960279
DNH,THN,0.695922232274571
DNH,VLP,0.657862271055606
DNL,DRL,-0.6563840318727384
DNL,DTC,0.66173987996112
DNL,DUS,0.6976103938308001
DNL,DVT,0.7357151000452138
DNL,G20,0.6515718316606905
DNL,GGG,0.6596476065649424
DNL,GTT,0.6799833316803258
DNL,HFX,0.6817726761398356
DNL,HHN,0.6998500411196212
DNL,HLA,0.7388755854497897
DNL,HLO,0.6636763884068919
DNL,HMD,0.7153764929314124
DNL,HNP,0.7613268142494434
DNL,IME,0.6873450075434019
DNL,IN4,0.739426055333638
DNL,IRC,0.753130872498008
DNL,KMR,-0.6702626893088276
DNL,L61,0.6513871191949236
DNL,L62,0.7572593813275585
DNL,LCC,0.7350375563456815
DNL,LDW,0.808200805880641
DNL,LM7,0.6657129659680207
DNL,LNC,0.7777326176647278
DNL,LO5,0.6762833068811489
DNL,LQN,0.6600108604759934
DNL,LUT,0.7679762209070227
DNL,MPY,0.7417158234449378
DNL,MQB,0.7321671474541446
DNL,MRF,0.8011605126030479
DNL,NDP,0.6548344475279511
DNL,NLS,-0.7255713358151242
DNL,PHH,0.7478537572229007
DNL,POM,0.6545421925027145
DNL,PPI,0.7140507493373378
DNL,PSG,0.6592501401220225
DNL,PTM,0.6773986757741897
DNL,PXM,0.753864791552434
DNL,QNW,0.666816269061553
DNL,RYG,-0.6614185491181785
DNL,SAL,0.7330357821224432
DNL,SCD,0.7003754907164472
DNL,SFN,0.6689996283441709
DNL,SSM,0.6640318019410806
DNL,TAB,0.6883636568502518
DNL,TCK,0.6930687899236531
DNL,THN,0.6594881551882483
DNL,TVH,0.7095048954159823
DNL,TW3,0.6991891380851214
DNL,UPC,0.7364008774349372
DNL,UXC,0.6727109575614401
DNL,VDG,0.6559078077760404
DNL,VE2,0.7642092334481758
DNL,VE8,0.709298326722545
DNL,VIR,0.681905664329082
DNL,VNX,0.7890361502967629
DNL,VTI,0.738813747038805
DNL,X26,0.690970639758211
DNM,DTE,0.6935217792855395
DNM,DUS,0.6649272908802318
DNM,GND,0.7065529079533329
DNM,HC1,0.6588448343589683
DNM,IME,0.6631594765556185
DNM,IN4,0.6772900128599901
DNM,LCC,0.6730085267629734
DNM,MPY,0.6960053980382869
DNM,MRF,0.6712317297085876
DNM,SAL,0.6939363346254128
DNM,SCD,0.733133052366942
DNM,TCJ,0.6803668085721214
DNM,UMC,0.6730895574250261
DNM,VTI,0.6816405301918455
DNN,VPL,-0.6618582310354175
DNT,DVW,0.6590062914182856
DNT,HCI,0.7137738247716007
DNT,HKB,0.783079930582487
DNT,HNP,0.6703824109944406
DNT,HPI,0.6997101636990897
DNT,IME,0.6569359904957753
DNT,PVY,0.7720000753562186
DNT,SFN,0.7170501869224757
DNT,STS,0.714233603881693
DNT,TTD,0.6737568172859252
DNT,UCT,0.6645753595968549
DOC,GCB,0.6512492851613879
DOC,MTH,0.6701977052878747
DOC,NWT,0.7092839058021592
DOC,PNC,0.6543634515264289
DP1,HEP,0.729306560821032
DP1,HHN,-0.6654024853687583
DP1,HLA,-0.6502100959291015
DP1,HMS,0.6944184139447813
DP1,IN4,-0.6798230650674271
DP1,MEF,-0.6620227955295207
DP1,PBP,0.7026814525342077
DP1,PPI,-0.727696407852632
DP1,PTG,-0.6627060766847896
DP1,SBG,0.6606345444224266
DP1,VE2,-0.6558214249086919
DP1,VSA,0.6521280910028782
DP2,EFI,0.7244981744687092
DP2,HMG,0.7106447113055858
DP2,HPI,0.698921074642261
DP2,HPM,0.6537825140266437
DP2,MIE,0.6700340488576618
DP2,NGC,0.7785532881761533
DP2,NQN,0.7251308520664479
DP2,PID,0.7169993801753453
DP2,POB,0.7054605120806309
DP2,PTE,0.810292514856921
DP2,SDU,0.6661364306734759
DP2,UPH,0.673492105566984
DP2,VBH,0.7578888186814804
DP2,VES,0.7610886475551079
DP2,VIW,0.668317315364392
DP2,XPH,0.718781466324103
DPC,DSE,-0.7040679125546804
DPC,FSO,0.7769474264676769
DPC,FTM,0.7379604751138289
DPC,LO5,0.6976398962230049
DPC,NAC,0.780179102645297
DPC,PNT,0.6766443800464049
DPC,SII,0.7663311504389044
DPC,THN,0.7578367448719542
DPC,VLP,0.7560677268883278
DPG,DPM,0.7397056316038215
DPG,DTD,0.6636364688614108
DPG,DXG,0.7659884086428893
DPG,ELC,0.6795198576933363
DPG,FCN,0.8053782958131723
DPG,FMC,0.6818800008729134
DPG,FRT,0.6856602854193268
DPG,FTS,0.7740094878354689
DPG,G36,0.659647878549107
DPG,GEG,0.8102463426188575
DPG,GIL,0.7226737267690937
DPG,HAH,0.7563043133452976
DPG,HAX,0.6570104449219566
DPG,HCM,0.7551978641275344
DPG,HDC,0.8230855673299605
DPG,HDG,0.7027857885993635
DPG,HHS,0.7059348467410821
DPG,HPG,0.6997305547325318
DPG,HQC,0.6933443169208408
DPG,HSG,0.7423127427232604
DPG,HT1,0.7105409360035686
DPG,HTG,0.6751350190433725
DPG,IDC,0.7290249517418008
DPG,IDI,0.7658693770193823
DPG,IDJ,0.7581359771557971
DPG,IJC,0.7048249279209261
DPG,IPA,0.695676226404617
DPG,ITC,0.6559680439326451
DPG,KSB,0.7615695235898285
DPG,L14,0.7387145105264864
DPG,LAS,0.6701255619639669
DPG,LCG,0.7583830153652743
DPG,LDG,0.6564309219184457
DPG,LHG,0.7318562096662352
DPG,LIG,0.6682178570226274
DPG,LPB,0.7156747783870405
DPG,MBB,0.6626927495512355
DPG,MBS,0.6844499075979974
DPG,MIG,0.7185299021525087
DPG,NHA,0.7597961006064241
DPG,NKG,0.726262405727467
DPG,NLG,0.7364710576653398
DPG,NT2,0.7012565054789137
DPG,OGC,0.7034778916702525
DPG,PAN,0.6872324975155691
DPG,PC1,0.7506775981335327
DPG,PET,0.7351386716452177
DPG,PHR,0.7046045267218262
DPG,PLC,0.6598372851281137
DPG,POW,0.6633970833666576
DPG,PSI,0.669434298520711
DPG,PTB,0.7085491465233846
DPG,PVC,0.6852531264574043
DPG,PVD,0.6517341332147105
DPG,PVT,0.68200688987728
DPG,SCR,0.7575334330785995
DPG,SHB,0.6638743890504368
DPG,SHS,0.7045674318935781
DPG,SKG,0.7364078376460838
DPG,SSI,0.7076535022086128
DPG,SZC,0.7582803516935864
DPG,TCH,0.7272860381641499
DPG,TCI,0.669441022594452
DPG,TDC,0.662371320515977
DPG,TIG,0.7095038790056333
DPG,TIP,0.6515802529642505
DPG,TNG,0.7492475939666393
DPG,VCG,0.7728982316107228
DPG,VCI,0.7785282876518792
DPG,VGC,0.7098404854045133
DPG,VGS,0.7713119163917429
DPG,VHC,0.7048883012530313
DPG,VIB,0.6786653598958354
DPG,VIX,0.699575976608039
DPG,VND,0.7235409757354321
DPM,DPR,0.6915743539864435
DPM,DQC,0.7268023191957272
DPM,ELC,0.6635172004381411
DPM,EVE,0.656985286864872
DPM,FCN,0.6670045782263686
DPM,FMC,0.7508196356026863
DPM,FRT,0.8276523397105752
DPM,GAS,0.7286096385440327
DPM,GEG,0.7753610065139562
DPM,GEX,0.6529736394098258
DPM,GH3,-0.6781869810183164
DPM,GMD,0.738500071611566
DPM,HAH,0.7949656888336682
DPM,HAX,0.7482447043811122
DPM,HCM,0.6702227548149117
DPM,HDC,0.7161754656135783
DPM,HDG,0.666177111240066
DPM,HLD,0.6563052718749287
DPM,HQC,0.6632897739188373
DPM,HT1,0.6834588160712065
DPM,HTG,0.6831447713628894
DPM,HUT,0.6766518690597954
DPM,IDC,0.8090639450169071
DPM,IDI,0.7500563876996911
DPM,JVC,0.684783429075298
DPM,L18,0.6563962332254489
DPM,LAS,0.7469814326229489
DPM,LCG,0.6614177453555501
DPM,LHC,0.6981264949209566
DPM,LHG,0.7195125659238321
DPM,MIG,0.7151026048307559
DPM,MSH,0.6594375958272216
DPM,MSN,0.6565505292318692
DPM,NBB,0.6539566983257485
DPM,NBC,0.6964090760761686
DPM,NLG,0.6635070024913995
DPM,NT2,0.721806852121105
DPM,OGC,0.6563974936573785
DPM,PAN,0.7051676175541497
DPM,PAT,0.6878970943644653
DPM,PC1,0.7633694591282633
DPM,PDB,0.6537979262360548
DPM,PET,0.7449639609565978
DPM,PGC,0.6958293995659742
DPM,PHR,0.7025289580397994
DPM,PLC,0.71281359555306
DPM,POW,0.7056398507148329
DPM,PSD,0.710024621144277
DPM,PSI,0.673760810489919
DPM,PSW,0.6520201259060139
DPM,PTB,0.6678666166955496
DPM,PVC,0.7807902254564759
DPM,PVD,0.774508242904218
DPM,PVG,0.7387255990187891
DPM,PVS,0.7532079152559672
DPM,PVT,0.7734504021958665
DPM,QTP,0.7277699213916635
DPM,RBC,-0.6781173176075064
DPM,REE,0.766694174989721
DPM,SAM,0.6525583644660536
DPM,SCR,0.6881441360900444
DPM,SHB,0.6633596489384375
DPM,SKG,0.7218157172936136
DPM,SSI,0.6514525912401922
DPM,STK,0.6577562618382916
DPM,SZC,0.7448977584705431
DPM,TNG,0.7434182005437617
DPM,TNH,0.7328459829659446
DPM,TVD,0.6544867151197881
DPM,VCI,0.663110234323431
DPM,VGC,0.7421145971985005
DPM,VGS,0.6770842351982745
DPM,VHC,0.8024350773425994
DPM,VIB,0.6571277327815938
DPM,VOS,0.6876934459960159
DPM,VPH,0.6537163676711555
DPR,DRC,0.7652078423101977
DPR,DRI,0.7132862834701732
DPR,FMC,0.6891931267215433
DPR,GEG,0.6503505119249305
DPR,GMD,0.6811530907780364
DPR,GVR,0.712989584937006
DPR,IDC,0.6608708746226424
DPR,LHG,0.6546288841638539
DPR,MBB,0.6752539460671104
DPR,MPC,0.6622283662967862
DPR,MSH,0.7122913555765297
DPR,PHR,0.7842904096777077
DPR,PNJ,0.6831115746066146
DPR,PTB,0.7050513756896823
DPR,TNG,0.6517106197312903
DPR,VCS,0.6725847687049482
DPR,VGT,0.6693963378409608
DPR,VHC,0.6853195602488833
DQC,EVE,0.6535855311441686
DQC,FMC,0.7063802400801218
DQC,FRT,0.7627735048321117
DQC,GMD,0.7159670256400635
DQC,GTT,-0.6622263639337022
DQC,HAH,0.7535262299503992
DQC,HAX,0.6621303548459633
DQC,HQC,0.7066496231298366
DQC,HT1,0.6591648422035647
DQC,HTG,0.6541479644239754
DQC,HUB,0.6508182555790505
DQC,HUT,0.7480927453493781
DQC,IDC,0.744107914800776
DQC,IDI,0.6942095951059728
DQC,MSN,0.6504511519526476
DQC,OGC,0.6659083250693767
DQC,PHR,0.6560062228687924
DQC,PSD,0.6844545126481019
DQC,PVC,0.7046037244551964
DQC,PVD,0.6759029462317203
DQC,PVS,0.7082661194592832
DQC,REE,0.7012936898224011
DQC,SCR,0.6656621810934531
DQC,TNG,0.6575091355621976
DQC,TSC,0.6882281027774952
DQC,VGC,0.6535310113969927
DQC,VHC,0.73221197408861
DRC,DRI,0.695567478866338
DRC,ELC,0.6703523143804511
DRC,FMC,0.7162010753161185
DRC,GEG,0.6502862817126284
DRC,GVR,0.666020441910579
DRC,HAH,0.6557125002427615
DRC,HCD,0.6787818757995588
DRC,HTG,0.6528077984656875
DRC,LAS,0.707954866883478
DRC,LHG,0.7758975745092146
DRC,PAN,0.7410629627396121
DRC,PHR,0.6646024859049691
DRC,PPH,0.6503914755083777
DRC,PTB,0.6891261942136296
DRC,QTP,0.6860810942291662
DRC,RAL,0.6516838973615647
DRC,REE,0.6657456300512545
DRC,STK,0.7277467264741582
DRC,SZC,0.6633310315662972
DRC,TNG,0.7091764281068631
DRC,TNH,0.6546382877913353
DRC,VCS,0.657974423360873
DRC,VGT,0.6615303620318622
DRC,VHC,0.6685830427787594
DRC,VNR,0.657223089689368
DRC,VSH,0.6539712103619223
DRH,HBC,0.6701254066573287
DRH,L14,0.6653829466001818
DRH,NDX,0.6678380823665865
DRH,VHG,0.6606419583138657
DRI,ELC,0.7661887152829044
DRI,GVR,0.7030500944441065
DRI,IDC,0.6676570611837628
DRI,LAS,0.7996979408929256
DRI,LHG,0.6507883750105863
DRI,MBB,0.6620331446245175
DRI,OIL,0.6746795727534891
DRI,PHR,0.7194944340196274
DRI,PTB,0.7132044381330697
DRI,PVB,0.7373740723480128
DRI,PVC,0.7024856464894581
DRI,PVD,0.7016561733604358
DRI,PVP,0.6890985909327576
DRI,PVS,0.6825919952879604
DRI,PVT,0.7105998072679087
DRI,STK,0.6861619254763718
DRI,TNG,0.7262177613346028
DRI,VCS,0.6914051608831737
DRI,VGI,0.6912952643896497
DRI,VGT,0.702391598268621
DRL,DSN,0.6998574979389823
DRL,DTE,-0.6571384567775167
DRL,FTM,-0.7166749509057938
DRL,GH3,-0.6500093261322437
DRL,GTT,-0.7089759683059386
DRL,HC1,-0.7515797064109043
DRL,HHN,-0.6916564397159174
DRL,HLA,-0.7479677210766004
DRL,HOT,-0.6790647489862504
DRL,IN4,-0.7664047583635397
DRL,LCD,0.6629157589283969
DRL,LUT,-0.653519429007789
DRL,MPY,-0.7352877397292613
DRL,MRF,-0.6918986836592083
DRL,NAC,-0.677032823509671
DRL,PDN,0.7132202515960022
DRL,PTG,-0.6520970730425204
DRL,SBG,0.688263058747968
DRL,SCD,-0.7059465594028296
DRL,SKG,0.66407673650087
DRL,TDB,0.7915035879714419
DRL,THN,-0.6649047453504453
DRL,VGP,0.6519244069696418
DRL,VNS,0.6567517264731713
DSC,FIT,0.6549349003919777
DSC,GH3,-0.7062520746259959
DSC,HC1,-0.6758178263570718
DSC,ICN,0.665451875078108
DSC,IN4,-0.6739531470207392
DSC,OCH,0.6834589457801976
DSC,PBP,0.6968705546541835
DSC,PSI,0.6563137547237653
DSC,TVB,0.7022424030483665
DSD,DSG,0.7255285578706988
DSD,DTE,0.765475563535224
DSD,DTH,0.6529751680266939
DSD,DUS,0.8103086259174319
DSD,DVW,0.7921693649237905
DSD,FBC,0.8790986654908417
DSD,FCC,0.7428832106933739
DSD,FHN,0.8469281045164183
DSD,FTI,0.8285051112907313
DSD,GH3,0.663798951525336
DSD,GLW,0.7122780668971208
DSD,GMA,0.8521594988116823
DSD,HCI,0.698830630474066
DSD,HEC,-0.6815310927993089
DSD,HFX,0.6749509100233065
DSD,HGT,0.7118866554829246
DSD,HMG,0.7181849389566324
DSD,HNP,0.6877208187269248
DSD,IBD,0.8376652178060969
DSD,IME,0.6762333854072373
DSD,LAW,0.6631332415510908
DSD,MGR,0.7564119135982995
DSD,MIE,0.789839851244103
DSD,MLC,0.6599072886260873
DSD,MTB,0.8537158231995186
DSD,PAI,0.761923483384054
DSD,PHH,0.679471931980891
DSD,PMJ,0.7866110417612214
DSD,POB,0.664443032344094
DSD,PPT,-0.7040508236428377
DSD,PTH,0.6528189286147549
DSD,PTX,0.6636108155307265
DSD,QHD,-0.7005608905321428
DSD,QNT,0.6609505791989315
DSD,QST,0.7098205465289245
DSD,RBC,0.6640598663374078
DSD,SAL,0.7466120474657642
DSD,SFN,0.7047605215456224
DSD,SGD,0.66487102896751
DSD,SPH,0.8606722580304627
DSD,SSF,0.803218491615648
DSD,STS,0.677995146177218
DSD,TCJ,0.768247884386337
DSD,TRT,0.6707911042205231
DSD,TST,0.775348494101229
DSD,TVG,0.6594457574615715
DSD,TVH,0.7472099649180108
DSD,UMC,0.7550907297750279
DSD,UPC,0.6699348635570134
DSD,VCM,0.7177845008343073
DSD,VHD,0.7017436886268292
DSD,VTG,0.8161928878583314
DSD,VTI,0.6673826108062121
DSD,VXB,0.7562268719216945
DSD,VXP,0.8877591461420439
DSD,XDH,0.7859634033911763
DSE,FSO,-0.7647732251490063
DSE,HTP,-0.663228151310607
DSE,IN4,-0.6928386565327926
DSE,LSS,0.6509516940123015
DSE,MND,-0.6898348652380076
DSE,MPY,-0.6707834697590576
DSE,NAC,-0.7911990914583851
DSE,SCD,-0.7115063359780249
DSE,SII,-0.6934260386677924
DSE,TB8,-0.7604315685710085
DSE,THN,-0.7630437134762659
DSE,TSA,0.6960042278228301
DSE,VDG,-0.6754821925113563
DSE,VLP,-0.6576955469117742
DSG,DTH,0.6722437068314996
DSG,DUS,0.6881907947896128
DSG,FBC,0.6816060983009624
DSG,FHN,0.6657091354380122
DSG,FTI,0.6925846053260021
DSG,HFX,0.6540336502741503
DSG,HNP,0.6648248699625315
DSG,IBD,0.7032183702344181
DSG,IME,0.6645229358520199
DSG,MTB,0.6541158173425322
DSG,NO1,-0.6794781920117882
DSG,PAI,0.6987783402685912
DSG,PHH,0.6913091471589083
DSG,SAL,0.6609960463338875
DSG,SSF,0.6612451200648056
DSG,TCJ,0.6794450133922012
DSG,TST,0.6825587962310103
DSG,TVH,0.6694846285136229
DSG,UPC,0.6960809600332374
DSG,VTI,0.6564813172077151
DSG,VXB,0.6514272067704858
DSG,VXP,0.6912200866185779
DSN,HLA,-0.6648078798644248
DSN,NSC,0.6551906232510943
DSN,VVN,-0.6619586929144854
DST,ITQ,0.6742455672544924
DST,MBG,0.6641288461912818
DTC,DVG,0.6587905541875895
DTC,DVT,0.7539998322820227
DTC,GMC,0.7869259806024107
DTC,HLO,0.6844162693766729
DTC,HMD,0.787763219458531
DTC,IRC,0.8351353552069818
DTC,L61,0.6990907768275417
DTC,L62,0.7279900083883302
DTC,LDW,0.8307381543295057
DTC,LNC,0.8132967714209655
DTC,MQB,0.7926487098269096
DTC,NLS,-0.7260336976644312
DTC,PTM,0.6532125574782873
DTC,QBS,0.7285203018127298
DTC,TAB,0.7770308142233486
DTC,TCK,0.8326444358011241
DTC,UXC,0.6984065969988983
DTC,VE8,0.7297657801185289
DTC,VMK,0.7441903489156301
DTD,EVG,0.7051917363062984
DTD,FCN,0.6859421994522482
DTD,IDJ,0.7327849208917577
DTD,IVS,0.6579533870539759
DTD,KSB,0.6564032640224905
DTD,LCG,0.6613428197717235
DTD,LIG,0.6515967293802013
DTD,LSS,0.6657864236312285
DTD,NDN,0.7075467096005373
DTD,NHA,0.7219628983655315
DTD,NLG,0.7033948588711784
DTD,NTL,0.6657723586608555
DTD,SZC,0.6721841084126954
DTD,TDC,0.6685216120402026
DTD,TIG,0.702009728153937
DTD,TIP,0.728325848986538
DTD,TVS,0.6621043591580051
DTD,VC7,0.676350851349672
DTD,VGS,0.6777350381726012
DTE,DTG,-0.6999647709809328
DTE,DUS,0.8804457989882452
DTE,DVW,0.8735957356590626
DTE,DZM,0.6769286846373479
DTE,FBC,0.8063323021079059
DTE,FGL,0.7492231223938373
DTE,FHN,0.7960782631134097
DTE,FHS,-0.7163006453333364
DTE,FIT,-0.6847434594867744
DTE,FRM,0.7464759328099451
DTE,FTI,0.8841422592382815
DTE,FTM,0.7813433488075003
DTE,G20,0.6777276992493788
DTE,GH3,0.8270749222941762
DTE,GMA,0.8034699148563046
DTE,GTT,0.6625385292919114
DTE,HAP,-0.6631215507868555
DTE,HC1,0.8009550607713456
DTE,HD6,-0.7194799262775867
DTE,HDM,-0.6713340577131023
DTE,HEC,-0.6843769324858524
DTE,HFX,0.7624716417233518
DTE,HHN,0.771532857391485
DTE,HLA,0.7383012823234011
DTE,HLS,0.740501974717064
DTE,HNM,-0.7603951554075439
DTE,HNP,0.7667101349326395
DTE,HOT,0.7044301730473939
DTE,IBD,0.7129700588941746
DTE,IME,0.7026085650641603
DTE,IN4,0.7576986414820736
DTE,KMR,-0.7955661152496797
DTE,LCC,0.7752147348750722
DTE,LMC,0.6826357735057422
DTE,LO5,0.6586361758924703
DTE,MEF,0.7756163219474801
DTE,MGR,0.7405928434974128
DTE,MPY,0.7588899589365621
DTE,MRF,0.6656500675468887
DTE,MTB,0.7767360101573922
DTE,NAC,0.6782378489585719
DTE,NBB,-0.7208457650778003
DTE,NDW,0.7376148347134078
DTE,ODE,-0.7744973384751026
DTE,PGC,-0.6744297633497216
DTE,PHH,0.7823909553586385
DTE,PLE,0.686030279558244
DTE,PMB,-0.7133987533467424
DTE,PMW,-0.6504475288828016
DTE,PPI,0.7611723982608217
DTE,PPT,-0.7601371159272284
DTE,PSE,-0.6598351286256082
DTE,PSG,0.7250721668340016
DTE,PSW,-0.7322164294560384
DTE,PTC,-0.6945628378324659
DTE,PTG,0.7938750149133135
DTE,QHD,-0.6904310418646966
DTE,QNT,0.6985070518412815
DTE,RBC,0.7937888500214836
DTE,RCD,0.6642528197481894
DTE,SAL,0.8954956362364336
DTE,SBG,-0.7160406130916931
DTE,SCD,0.742390495414579
DTE,SCG,-0.6524520870889612
DTE,SFN,0.7114591108992864
DTE,SHI,-0.7046140766108125
DTE,SII,0.674548104987925
DTE,SPH,0.8795456108322233
DTE,SSF,0.8751832920660491
DTE,STS,0.6859888684624351
DTE,TBR,0.7113317200561052
DTE,TCJ,0.8495384947561511
DTE,TDT,-0.6790567627376966
DTE,THN,0.6610247570555913
DTE,THT,-0.6839634619510471
DTE,TRT,0.8439267426687674
DTE,TSC,-0.6802277014278958
DTE,TST,0.8061839698511865
DTE,TVD,-0.6599252120966735
DTE,TVH,0.877071918970059
DTE,UMC,0.9036793885564103
DTE,UPC,0.6549298682559305
DTE,VCT,0.7067161987857622
DTE,VMT,0.7388476836275693
DTE,VTG,0.8476158720967429
DTE,VTI,0.8123449524025906
DTE,VVN,0.7202827520331408
DTE,VXB,0.8030718717800831
DTE,VXP,0.8023321636138243
DTE,XHC,0.7213124761035594
DTG,DTI,0.7283692206936943
DTG,DUS,-0.711630427722191
DTG,DVW,-0.7272116271699874
DTG,FGL,-0.6545034783553219
DTG,FHS,0.6745018726959127
DTG,FTI,-0.6526184874091443
DTG,FTM,-0.7069682226706239
DTG,GH3,-0.6815856117894808
DTG,HC1,-0.6560101333270497
DTG,HD6,0.687038228018912
DTG,HEP,0.6866235042389567
DTG,HFX,-0.6977461251370979
DTG,HHN,-0.7455043413888988
DTG,HNM,0.7422665461864875
DTG,IME,-0.67937290176286
DTG,IN4,-0.7023819760934463
DTG,KMR,0.706232376427095
DTG,LAF,0.6715953373390615
DTG,LCC,-0.7405485516131198
DTG,LUT,-0.6759835455644965
DTG,MEF,-0.6710238090980413
DTG,MPY,-0.7365042369901373
DTG,NAC,-0.7115684440274207
DTG,NDW,-0.7085431643720025
DTG,ODE,0.6630168091008624
DTG,PBP,0.6764539929353407
DTG,PHH,-0.7068978172442086
DTG,PMW,0.6716565660509202
DTG,PPI,-0.6677970982169096
DTG,PTG,-0.6905241714883308
DTG,SAL,-0.7712678094467748
DTG,SBG,0.660252133498041
DTG,SCD,-0.6751891965686442
DTG,SFN,-0.6534560727902632
DTG,SSF,-0.6968946033530651
DTG,TCJ,-0.6858016238375397
DTG,THN,-0.7038938040303414
DTG,TNW,0.697578499531224
DTG,TOT,0.6570743669741277
DTG,TRT,-0.6877152709308066
DTG,TVH,-0.7499184157918
DTG,UMC,-0.7478204037348398
DTG,VCT,-0.669801124020408
DTG,VE2,-0.6693825798521488
DTG,VGL,0.7518082735838336
DTG,VKC,-0.6780819786653594
DTG,VTI,-0.7256292924127041
DTG,VXB,-0.6714236620771947
DTH,DUS,0.7063151104284846
DTH,FBC,0.7818519930301585
DTH,FCC,0.6863193918155667
DTH,GLW,0.6696967619355495
DTH,GMA,0.6585710780859396
DTH,HFX,0.7131144486202272
DTH,IBD,0.7004765707565089
DTH,IME,0.7440085444421172
DTH,LCC,0.6694940992019807
DTH,MGR,0.7284081071609357
DTH,MTB,0.8218858526139761
DTH,NDP,0.662948431963745
DTH,PAI,0.8751353948556162
DTH,PHH,0.7195409859647899
DTH,QNT,0.7312455136982952
DTH,QTC,0.7980257968856646
DTH,TRT,0.6879215183385752
DTH,UMC,0.6792522123150204
DTH,VTI,0.7559259289833998
DTH,VXB,0.6801089121337504
DTI,HAM,0.656629709513456
DTI,PLA,0.696415619275997
DTI,PVX,0.6823718398158826
DTI,SBR,0.6777257112848624
DTI,TNW,0.7730479547750556
DTI,TOT,0.6887775450977056
DTP,HEP,0.7205747498710336
DTP,IN4,-0.6532329593545775
DTT,PIS,-0.7118606026459815
DTT,THB,-0.6549145432560959
DUS,DVW,0.9447830547429843
DUS,DXL,0.6911185814999196
DUS,DZM,0.6689145624221121
DUS,FBC,0.9267551952872738
DUS,FCC,0.7359707846690625
DUS,FGL,0.7267915019300019
DUS,FHN,0.8203636056175864
DUS,FTI,0.9089824010210945
DUS,FTM,0.7672115015133109
DUS,G20,0.6638101286547785
DUS,GGG,0.7134046206062837
DUS,GH3,0.8233401712929866
DUS,GLW,0.7394223021250532
DUS,GMA,0.7746564128372935
DUS,GND,0.6666884059641391
DUS,GTT,0.7494286189346716
DUS,HC1,0.7582052839781479
DUS,HCD,-0.6727045756101792
DUS,HCI,0.7623568325410571
DUS,HD6,-0.7219546934177249
DUS,HEC,-0.6560282035664365
DUS,HFX,0.8689869593842483
DUS,HHN,0.7004054481984455
DUS,HKB,0.7772253712235117
DUS,HLA,0.800633805241578
DUS,HLS,0.7799718800954911
DUS,HMG,0.6720189543681546
DUS,HNM,-0.6806427673040867
DUS,HNP,0.8445159597430446
DUS,HOT,0.7039400074257277
DUS,IBD,0.8216900575916457
DUS,IME,0.8947393607580685
DUS,IN4,0.6812922963667082
DUS,KMR,-0.7717349478040032
DUS,L35,0.7155007991458673
DUS,LCC,0.8484841899024533
DUS,LO5,0.7842205986469097
DUS,LQN,0.7364352724319759
DUS,LUT,0.6931438654038735
DUS,MGR,0.79311383832494
DUS,MIE,0.6914898327487518
DUS,MPY,0.7087906975146914
DUS,MRF,0.7477901558784831
DUS,MTB,0.8542578433914212
DUS,NAC,0.6579190846989188
DUS,NBB,-0.6512331969455034
DUS,NDW,0.6566219767234659
DUS,ODE,-0.770816875779473
DUS,PAI,0.7109595587101358
DUS,PDV,-0.6641279221995597
DUS,PGC,-0.6769748907109989
DUS,PHH,0.901921640696204
DUS,PLE,0.6796210726253771
DUS,PMB,-0.6884419087650588
DUS,POB,0.6956125596667003
DUS,PPH,-0.6855660901128963
DUS,PPI,0.8115985748096699
DUS,PPT,-0.7723243546803826
DUS,PSG,0.8472584330014284
DUS,PSW,-0.7093726177710167
DUS,PTG,0.6640475001144064
DUS,QNT,0.8164606302577522
DUS,QST,0.7246369180173068
DUS,QTC,0.7184534419733826
DUS,RBC,0.7723473397261895
DUS,SAL,0.9684656251165341
DUS,SBT,-0.6625512779107741
DUS,SCD,0.7108643743440127
DUS,SCG,-0.7620140683613242
DUS,SFN,0.8281029082116659
DUS,SHI,-0.678800494692888
DUS,SPH,0.8677948046378979
DUS,SSF,0.91341500984201
DUS,STS,0.8578703073664143
DUS,TAW,0.6531428386915876
DUS,TBR,0.6870021062388209
DUS,TCJ,0.8416117298600516
DUS,TDT,-0.7322379181069463
DUS,TKC,0.6566625368703541
DUS,TOT,-0.6675497312692983
DUS,TRT,0.8233792604608978
DUS,TST,0.8001972652115535
DUS,TVG,0.6852863293172622
DUS,TVH,0.9587392207513435
DUS,UCT,0.6715295603969222
DUS,UDL,0.6961378815569154
DUS,UMC,0.9394991710960607
DUS,UPC,0.7481040134109253
DUS,V21,-0.6591443961522909
DUS,VCT,0.8316572289684863
DUS,VHF,0.6558576158665674
DUS,VID,-0.6718907732663401
DUS,VIR,0.6687386497822372
DUS,VKC,0.7342241533084484
DUS,VMT,0.6845969845460416
DUS,VNL,-0.652304623009513
DUS,VNX,0.6678118889656233
DUS,VTG,0.8552231771697162
DUS,VTI,0.8994300803013507
DUS,VVN,0.8641337202897369
DUS,VXB,0.9150292892037297
DUS,VXP,0.8404079903332051
DUS,WTC,-0.6524359502813964
DUS,X26,0.7782932466844398
DUS,XDH,0.6799961147293329
DUS,XHC,0.7376128916919562
DVC,DVW,0.6690248385339302
DVC,FTI,0.6706515349994415
DVC,GH3,0.7082114997362237
DVC,GTT,0.7065644051788186
DVC,HC1,0.6924801857902055
DVC,IBD,0.6616153725350196
DVC,L35,0.7092737874066709
DVC,LQN,0.6906233107105011
DVC,MRF,0.6554816400354305
DVC,SSF,0.6553473018729606
DVC,TTS,0.6997696941529681
DVC,UMC,0.6708077112774498
DVC,VHF,0.771170717178472
DVC,VXB,0.6525282207701295
DVC,VXP,0.650534451784967
DVG,FSO,0.6823083206351429
DVG,GMC,0.7495014040132659
DVG,HEJ,0.6666790814217997
DVG,HMD,0.6561465855849932
DVG,HTP,0.7661917602474477
DVG,IN4,0.6847093985794828
DVG,IRC,0.7964163282563489
DVG,L62,0.8164802654535256
DVG,LCD,-0.6826643983427908
DVG,LCM,0.7434743626373891
DVG,LDW,0.7373569034054521
DVG,LM7,0.7768853662582891
DVG,LNC,0.6641042923476292
DVG,MND,0.7682262054252985
DVG,MPY,0.7021770119232987
DVG,MQB,0.6821966610012942
DVG,MTS,-0.7150104886861315
DVG,NAC,0.7814887839860459
DVG,NVP,0.7955466130214621
DVG,PIV,-0.6608095783664927
DVG,POM,0.6886672934627638
DVG,QBS,0.8564751686669879
DVG,RYG,-0.7246490678507967
DVG,SCD,0.7694009381391627
DVG,SGC,-0.6716299853909475
DVG,SPD,-0.7064916252371273
DVG,SRA,0.7867882785088209
DVG,TB8,0.7448562960389304
DVG,THN,0.7898061732795705
DVG,TKU,0.6674235445162979
DVG,UXC,0.7746207442193148
DVG,VDG,0.7920419287343587
DVG,VE8,0.7111969287449901
DVG,VIR,0.6775373214123128
DVG,VLP,0.701763838852582
DVG,VPR,-0.7139193335391839
DVG,VUA,0.7824753794887394
DVM,FHN,-0.6515053474204899
DVM,FTI,-0.6648247501640777
DVM,PGC,0.6548086081235152
DVM,SPH,-0.6693983469371874
DVM,SSF,-0.6590000322742701
DVP,QNS,0.6965156038283479
DVP,QTP,0.657192610683109
DVP,TCL,0.6688606286170062
DVT,GMC,0.691953925874414
DVT,HHB,0.7702814498734439
DVT,HLO,0.8913811581920857
DVT,HMD,0.7634743361985848
DVT,IRC,0.7702439766358514
DVT,L62,0.7303217700157855
DVT,LDW,0.8289419695913488
DVT,LNC,0.8963930423631387
DVT,MQB,0.8070107271865531
DVT,NLS,-0.89641498675273
DVT,PCG,0.7076048047494479
DVT,PTM,0.8319972058656646
DVT,RGG,0.7377473585667625
DVT,RYG,-0.7142567875715805
DVT,SLD,0.8005396424208263
DVT,SSH,0.6781668901427086
DVT,TAB,0.841971666292175
DVT,TCK,0.7605137053758398
DVT,TD6,-0.6881716272770957
DVT,UXC,0.6508406145851654
DVT,VE8,0.7703321165585879
DVT,VMK,0.7318531135929625
DVW,DXL,0.6697665641991342
DVW,DZM,0.696541504346429
DVW,FBC,0.9069509803044753
DVW,FCC,0.6774383282955622
DVW,FGL,0.7145049472747523
DVW,FHN,0.7649962666521379
DVW,FHS,-0.6625868464939307
DVW,FRM,0.7118956210231324
DVW,FTI,0.8922016786591658
DVW,FTM,0.7622253885783178
DVW,GGG,0.7019428213544103
DVW,GH3,0.8835908914636326
DVW,GLW,0.7083304318003247
DVW,GMA,0.7570097458066454
DVW,GTT,0.767447876794533
DVW,HAX,-0.652728881895938
DVW,HC1,0.7921086024923619
DVW,HCD,-0.6506121786453066
DVW,HCI,0.7256342406496546
DVW,HD6,-0.7360173099371078
DVW,HEC,-0.6915157235920584
DVW,HFX,0.8223050139752494
DVW,HHN,0.7253327585117614
DVW,HKB,0.708661162221794
DVW,HLA,0.7904928791251119
DVW,HLS,0.8355689598193723
DVW,HMG,0.6923701668647945
DVW,HNM,-0.7397042466046639
DVW,HNP,0.8214124608361711
DVW,HOT,0.6794885019340806
DVW,IBD,0.7737689438745811
DVW,IME,0.8548786901609021
DVW,IN4,0.7103375351734171
DVW,KMR,-0.7940846400975754
DVW,L35,0.7403867998124599
DVW,LCC,0.8241076850420048
DVW,LO5,0.6985662738020734
DVW,LQN,0.7961661908101166
DVW,LUT,0.714820380167179
DVW,MEF,0.6926161392387994
DVW,MGR,0.7752572736630671
DVW,MLC,0.7056507880509751
DVW,MPY,0.6765313961519622
DVW,MRF,0.702707717068758
DVW,MTB,0.8334237739557068
DVW,NBB,-0.7086610653820898
DVW,NDW,0.6974233748799458
DVW,ODE,-0.7929090973638647
DVW,PBP,-0.7169313167598534
DVW,PGC,-0.6734005226233344
DVW,PHH,0.854451917026891
DVW,PLE,0.68773043418342
DVW,PMB,-0.700492201236057
DVW,PPI,0.8329449339618448
DVW,PPT,-0.7107620606274478
DVW,PSG,0.8529304566763989
DVW,PSW,-0.7129511552735782
DVW,PTC,-0.6881939830627221
DVW,PTG,0.7069001858443006
DVW,QNT,0.7841287608958324
DVW,QST,0.6648266829013242
DVW,RBC,0.8059401833344947
DVW,SAL,0.9384908118279178
DVW,SBT,-0.664873863912873
DVW,SCD,0.6834132909765079
DVW,SCG,-0.7793700734418862
DVW,SCO,0.6683625235653323
DVW,SFN,0.8162783634513371
DVW,SHI,-0.7086040730105556
DVW,SPH,0.8590372810053918
DVW,SSF,0.8875830236684757
DVW,SSN,0.6527376686223868
DVW,STS,0.8706927194122678
DVW,STW,0.7163801549748375
DVW,TBR,0.7067004626728949
DVW,TCJ,0.8211831799289586
DVW,TDT,-0.719961512774025
DVW,TGG,-0.6851494226650188
DVW,THT,-0.6686271692017911
DVW,TOT,-0.670300526259139
DVW,TRT,0.8063620082530084
DVW,TST,0.7874244025880204
DVW,TVG,0.6598551528182556
DVW,TVH,0.9563398463844904
DVW,UDL,0.6851643886807722
DVW,UMC,0.9355585098154822
DVW,UPC,0.739265457769965
DVW,VCT,0.8492573490485681
DVW,VHF,0.7028363433154758
DVW,VID,-0.6742829256774856
DVW,VKC,0.7764024993287347
DVW,VMT,0.7809537869109265
DVW,VNL,-0.6676862849906481
DVW,VTG,0.8577976874614971
DVW,VTI,0.8548734379788565
DVW,VVN,0.8345562732457913
DVW,VXB,0.8914037343891446
DVW,VXP,0.8228310702120016
DVW,WTC,-0.6515364906519442
DVW,X26,0.7778681946352379
DVW,XHC,0.7466992825846694
DWC,HPI,0.6520510421074033
DWS,MND,0.65099177954041
DWS,SPV,0.6601972967133093
DWS,TB8,0.6516310819792053
DXG,DXS,0.739385121391747
DXG,ELC,0.6828987748656117
DXG,FCN,0.7911310574048757
DXG,FRT,0.662836812169132
DXG,FTS,0.7803646731172507
DXG,GEG,0.6674698920871688
DXG,GEX,0.7329697638697865
DXG,GIL,0.6975432652672487
DXG,HAG,0.6558180635750168
DXG,HAH,0.654611476282506
DXG,HCM,0.829961715806187
DXG,HDC,0.8422719397928942
DXG,HDG,0.6773259427102839
DXG,HHS,0.6822252350774701
DXG,HHV,0.704574226399266
DXG,HPG,0.7826074899581608
DXG,HQC,0.7395252566172548
DXG,HSG,0.8006738581444868
DXG,HT1,0.7209297351177855
DXG,HUT,0.6970862005275045
DXG,IDC,0.7393441776529556
DXG,IDI,0.7425961569106964
DXG,IJC,0.7475043640067758
DXG,IPA,0.7320350429692006
DXG,ITA,0.672902110330428
DXG,KBC,0.7668088062296713
DXG,KDH,0.7139018304114685
DXG,KHG,0.7090604827889213
DXG,KSB,0.7800885567331428
DXG,L14,0.7842412099103178
DXG,LCG,0.8249982005528855
DXG,LDG,0.6783488836793004
DXG,LPB,0.7020912578382023
DXG,MBB,0.6732141168940157
DXG,MBS,0.798883915678124
DXG,MSB,0.6562519983401708
DXG,MSN,0.6588078491885233
DXG,NHA,0.7471889077346618
DXG,NKG,0.8329991265666892
DXG,NLG,0.7724881023657058
DXG,NT2,0.6823777103738369
DXG,OGC,0.7097438970584375
DXG,PAN,0.6696919364861514
DXG,PC1,0.7199138442420393
DXG,PET,0.7157794221184727
DXG,PLC,0.6571330493838141
DXG,PSI,0.6688093346042098
DXG,PVC,0.6568909358674125
DXG,PVD,0.6972893865628659
DXG,PVT,0.6731087499801672
DXG,SBS,0.749127105735904
DXG,SBT,0.6630669329146451
DXG,SCR,0.8333311625207225
DXG,SHB,0.6696348717453904
DXG,SHS,0.8521451578911943
DXG,SKG,0.6863200005060451
DXG,SSI,0.8745009366398155
DXG,STB,0.7645983647996305
DXG,SZC,0.7285787737117951
DXG,TCH,0.7762695789835043
DXG,TCI,0.7148537437199538
DXG,TDC,0.6629242720301455
DXG,TLH,0.6619006435828476
DXG,TNG,0.7193810158937528
DXG,TSC,0.6545462170079394
DXG,TTF,0.6718353939612699
DXG,VCG,0.8233755816794399
DXG,VCI,0.8626082090066248
DXG,VGC,0.7180161490522209
DXG,VGS,0.7432495433215294
DXG,VIB,0.6822586846424902
DXG,VIX,0.8305622073564342
DXG,VLB,0.6771867676321482
DXG,VND,0.8007226848045653
DXL,FGL,0.736755681917304
DXL,FTM,0.6620499657010969
DXL,G20,0.6827781137491175
DXL,HLA,0.6852023120892917
DXL,HLS,0.6574886235477835
DXL,IME,0.7620972308347879
DXL,LCC,0.6634112318094147
DXL,LO5,0.7010202793033933
DXL,PHH,0.7268364712610836
DXL,PPI,0.822673716785332
DXL,PSG,0.7519088756324602
DXL,PXM,0.7173502463410436
DXL,SAL,0.7116720331277554
DXL,SBG,-0.6642087241646819
DXL,STS,0.6728182623104798
DXL,THN,0.6712447664734252
DXL,TVH,0.7341399473090294
DXL,VCT,0.7258235406391467
DXL,VE2,0.6648224113003036
DXL,VIR,0.7058391962333384
DXL,VTI,0.7381001102929965
DXL,VVN,0.7524567612390409
DXL,VXB,0.6730184216887505
DXL,X26,0.6928352384622348
DXP,PC1,0.6569172509488681
DXS,EVS,0.691012621327593
DXS,FTS,0.671733222352478
DXS,GIL,0.6808476108331459
DXS,HAH,0.6688605492200661
DXS,HCM,0.7507419318772353
DXS,HDC,0.7067447206312647
DXS,HDG,0.6638942259385645
DXS,HHV,0.6572527845107604
DXS,HPG,0.7199969137792722
DXS,HSG,0.7111919077945489
DXS,IPA,0.6788722561646954
DXS,KHG,0.6563917940266383
DXS,LPB,0.6806993247322846
DXS,MBB,0.6579808809995483
DXS,MBS,0.7669230196398407
DXS,MWG,0.6705899522306112
DXS,NKG,0.6990783591570671
DXS,PC1,0.6637405734010325
DXS,PET,0.6607983133526042
DXS,SBS,0.7074223766410154
DXS,SCR,0.6670964083288493
DXS,SHS,0.7927439405793939
DXS,SSI,0.7979228582912846
DXS,STB,0.6989293056465274
DXS,TCB,0.6952038448376616
DXS,TCH,0.6805285211047261
DXS,VCG,0.6820112224129344
DXS,VCI,0.7450535665555365
DXS,VDS,0.6795343575349777
DXS,VIX,0.7384574937566108
DXS,VND,0.7700900533506221
DZM,FBC,0.6736615749300695
DZM,FTI,0.7227561314329605
DZM,GH3,0.6605988291173279
DZM,GMA,0.6641802809374704
DZM,HEC,-0.659871901447322
DZM,ICN,-0.6511050994806998
DZM,SAL,0.6839262678266897
DZM,SPH,0.6830421509061672
DZM,TCJ,0.7019727598529804
DZM,TRT,0.6661596444352991
DZM,TST,0.6847249944304005
DZM,TVH,0.6919128267191154
DZM,UMC,0.7188319740242712
DZM,VCT,0.6539195259205299
DZM,VTG,0.6517409706798801
DZM,VXB,0.7081077913437303
ECI,FRM,-0.7146581307804017
ECI,GCB,0.7342342901125654
ECI,HEV,0.8113096387919703
ECI,PNP,0.6930316445820276
ECI,TET,0.668883146989855
ECI,VDL,0.6613435838959894
EFI,GSM,0.6653175703976528
EFI,HFC,0.750653836817547
EFI,HMG,0.7152185487277601
EFI,LAW,0.6620166227573143
EFI,MTS,0.6872497379919055
EFI,NQN,0.6627359024446511
EFI,NTH,0.6772507016748198
EFI,PSN,0.7017242065136523
EFI,SPD,0.7771837634800319
EFI,TVM,0.6737614341238805
EFI,VBH,0.874479531483972
EFI,VES,0.6582589741123243
EFI,X20,0.722681520542469
EFI,XPH,0.6798872023512712
EIB,HPG,0.7114088568923919
EIB,HT1,0.6672396982195405
EIB,KDH,0.7894269563289945
EIB,LCG,0.652720480813678
EIB,MBB,0.6700604211262453
EIB,STB,0.7382990910664563
EIB,VPB,0.660727427979218
ELC,FCN,0.6929916169723948
ELC,FMC,0.6775886347438564
ELC,FRT,0.6555145516168779
ELC,FTS,0.7068470328546972
ELC,GEG,0.7045909416741413
ELC,GIL,0.6842426373983285
ELC,GVR,0.6838647957632225
ELC,HAH,0.6705265674805903
ELC,HCM,0.7543431542438684
ELC,HPG,0.673797439654994
ELC,HQC,0.6960873931423286
ELC,HSG,0.7475731433730285
ELC,IDC,0.720897533157269
ELC,IDI,0.7415674467017956
ELC,IJC,0.6676952714086147
ELC,KSB,0.7160962547071528
ELC,L18,0.6957835323517667
ELC,LAS,0.7487175683345928
ELC,LCG,0.7435447001763218
ELC,LHG,0.7440875866228562
ELC,LPB,0.6858177130133213
ELC,MBS,0.6783059017773442
ELC,MIG,0.6654400866698696
ELC,NHA,0.6702051540600585
ELC,NHH,0.6779605373743716
ELC,NKG,0.7469737346506915
ELC,NLG,0.6524017745488301
ELC,PAN,0.6975566094810299
ELC,PC1,0.7004635644806327
ELC,PHR,0.6853962826545387
ELC,PLC,0.6667285951153319
ELC,POW,0.6678524650119699
ELC,PTB,0.7399832557478391
ELC,PVB,0.7175704002501643
ELC,PVC,0.694433689377655
ELC,PVD,0.7060552930082351
ELC,PVP,0.7259107503745611
ELC,PVS,0.668936195825284
ELC,PVT,0.747656373320752
ELC,QTP,0.6903140554658626
ELC,REE,0.6794133088144894
ELC,SBT,0.6645033598078544
ELC,SKG,0.7477226770217937
ELC,SSI,0.6675606132703975
ELC,STK,0.6627893183047526
ELC,SZC,0.7622362320780799
ELC,TIP,0.7605992077380492
ELC,TLH,0.6775863693539338
ELC,TNG,0.7659928546598368
ELC,VCG,0.6793131179872677
ELC,VCI,0.689056869955638
ELC,VCS,0.6558315008407454
ELC,VGS,0.740059862251882
ELC,VLB,0.6589590448667694
EME,GMC,-0.7276846292761299
EME,IRC,-0.7002737385362264
EME,ISG,0.6740875444678898
EME,TCK,-0.720860205587966
EME,USD,0.6992650261375236
EME,VHM,-0.6739723200694082
EME,VIC,-0.6864828762873986
EME,VTQ,0.6772016353853699
EMG,GER,0.6612195599506545
EMG,JOS,0.6793280535618793
EMG,SD8,0.6997787095717528
EMS,HSP,0.6829676746702328
EMS,HTL,0.6671415840600144
EVE,FCN,0.6715991165894936
EVE,FIT,0.7239653362213404
EVE,G36,0.7061865561560655
EVE,HAP,0.6760803132257698
EVE,HAR,0.6583697279438653
EVE,HOM,0.6559615184842528
EVE,HQC,0.651254246735103
EVE,HT1,0.6551694211218959
EVE,HUB,0.6671609268325649
EVE,IDC,0.6794961924287646
EVE,KMR,0.7486227776545282
EVE,LCG,0.6532680961641575
EVE,PHC,0.6845781551538178
EVE,PSD,0.6807303691544581
EVE,PSW,0.6515231341484053
EVE,QTP,0.6666572088590086
EVE,SD5,0.6586240300274955
EVE,SKG,0.6709402121276524
EVE,TIP,0.6845192406791182
EVE,TSC,0.6959020304322079
EVE,TTF,0.6853161835221167
EVE,TVT,0.6909047958040734
EVE,UDJ,0.6510286836273833
EVE,VIX,0.6612931192062015
EVE,WSS,0.6872767984812304
EVG,NHA,0.6897916683820987
EVS,HAH,0.6868188071585837
EVS,HCM,0.698196305483919
EVS,IPA,0.6835968347569301
EVS,LPB,0.7105257063258211
EVS,MBS,0.7272439049909744
EVS,NKG,0.6528741726987133
EVS,PAN,0.6821288314234103
EVS,PSI,0.6632349900758024
EVS,SBS,0.7069207774819234
EVS,SHS,0.7401955483082107
EVS,SSI,0.7165443713294077
EVS,TLH,0.6588321742314772
EVS,VCI,0.6770545143135263
EVS,VDS,0.7079945339005035
EVS,VGS,0.681086144129582
EVS,VIB,0.6789235808000239
EVS,VIX,0.7000270989076802
EVS,VND,0.6771001736742279
EVS,WSS,0.7059610678497479
FBC,FCC,0.8209777573066703
FBC,FHN,0.8191366314307397
FBC,FTI,0.833355861588684
FBC,GGG,0.6710142831799947
FBC,GH3,0.7039499526218495
FBC,GLW,0.783423857451579
FBC,GMA,0.8622455322941625
FBC,HCI,0.8177570539788881
FBC,HFX,0.7980449834875438
FBC,HKB,0.7693951819347636
FBC,HLA,0.6599116262945024
FBC,HLS,0.70043705687836
FBC,HMG,0.7208340653337888
FBC,HNP,0.7315367591131706
FBC,IBD,0.8576628726139744
FBC,IME,0.8459436063877673
FBC,KMR,-0.6688433661867785
FBC,LCC,0.7598192994887414
FBC,MGR,0.8339548179833928
FBC,MIE,0.7790108688679422
FBC,MTB,0.9561706560297838
FBC,NQB,0.6514438609434187
FBC,ODE,-0.6624584950988437
FBC,PAI,0.8152991620213069
FBC,PHH,0.8150216063428869
FBC,PID,0.6657701334704927
FBC,PMJ,0.7355367053335574
FBC,POB,0.7342371721056093
FBC,PPI,0.6721311907825026
FBC,PPT,-0.7079569733352324
FBC,PSG,0.7657879013837662
FBC,PSW,-0.6597537389960252
FBC,QNT,0.816134685438154
FBC,QNU,0.6763841031371333
FBC,QST,0.7468856913617448
FBC,QTC,0.7181943527217641
FBC,RBC,0.6801357347497251
FBC,SAL,0.8527520865684856
FBC,SCG,-0.7640392918161006
FBC,SFN,0.7825977077696128
FBC,SHI,-0.687948849901479
FBC,SPH,0.8510497291603435
FBC,SSF,0.8594790553632932
FBC,STS,0.8273657201204733
FBC,TAW,0.7065136619009766
FBC,TCJ,0.753130468988681
FBC,TDT,-0.6542914016342988
FBC,TRT,0.8184102458722871
FBC,TST,0.7601568215487716
FBC,TVG,0.7972300176578172
FBC,TVH,0.8740373086249907
FBC,UCT,0.7235367785263375
FBC,UDL,0.7623018343580203
FBC,UMC,0.8856205808147755
FBC,UPC,0.7159960884033013
FBC,VCM,0.6773885630658228
FBC,VCT,0.7823526767778209
FBC,VTG,0.8686606982183008
FBC,VTI,0.8155924466474801
FBC,VVN,0.7873082718281107
FBC,VXB,0.8859148861598086
FBC,VXP,0.8749149169573083
FBC,XDH,0.7060656361022084
FBC,XHC,0.6760835982166551
FCC,GMA,0.7904593554097094
FCC,HCI,0.8572561098191409
FCC,HFX,0.718706059818608
FCC,HKB,0.6851266060393622
FCC,IBD,0.6784504012039008
FCC,IME,0.6815771155280731
FCC,MGR,0.7102052639083211
FCC,MIE,0.7707012532834856
FCC,MTB,0.7908855447314299
FCC,NQB,0.8370996394131474
FCC,PAI,0.7276660207613536
FCC,PHH,0.6518349794178816
FCC,PID,0.6701202440606233
FCC,PMJ,0.8261887853034233
FCC,QNT,0.7438276017101457
FCC,QST,0.7480168293335638
FCC,SAL,0.6515888150621467
FCC,SPH,0.6822235347053361
FCC,STS,0.6659083215696524
FCC,TNM,0.6617737949054943
FCC,TPS,0.7195760215481628
FCC,TRT,0.701182678066478
FCC,TST,0.6512655675243683
FCC,TVG,0.8163516305530805
FCC,UCT,0.8371009495801707
FCC,UDL,0.7070650732616109
FCC,UMC,0.6697232561324199
FCC,VTG,0.8161933689730346
FCC,VTI,0.7336978909782044
FCC,VXB,0.6682252082724176
FCC,VXP,0.6673378253500927
FCM,HBC,0.663734902310456
FCM,NDX,0.6607603017292908
FCM,PV2,0.665304603377372
FCM,SD5,0.6872674478216956
FCM,TDH,0.6773559062732596
FCM,THG,0.6803978072976202
FCN,FIT,0.7038158414249841
FCN,FRT,0.694912161014449
FCN,FTS,0.7234821126128805
FCN,G36,0.781268712121441
FCN,GEG,0.7467732163210337
FCN,GEX,0.732734334485709
FCN,HAG,0.7198586586277422
FCN,HAH,0.7002102432713323
FCN,HAR,0.730362541159476
FCN,HBC,0.7022788852909024
FCN,HCM,0.7605254241658856
FCN,HDC,0.7704486627306179
FCN,HDG,0.6721289600981716
FCN,HHS,0.7182855026856751
FCN,HPG,0.7313085463106629
FCN,HQC,0.7783561670202089
FCN,HSG,0.797275050759015
FCN,HT1,0.8061664786973445
FCN,HUT,0.6940004611107049
FCN,IDC,0.7566762366522503
FCN,IDI,0.827241143730225
FCN,IDJ,0.6873031641124604
FCN,IJC,0.6915105927982279
FCN,IPA,0.7262069184501525
FCN,ITA,0.7554915090504211
FCN,ITC,0.6596564196893738
FCN,IVS,0.6882899170406998
FCN,JVC,0.6898212322371838
FCN,KBC,0.6778626892595099
FCN,KDH,0.6711700751773977
FCN,KSB,0.8581047980958345
FCN,L14,0.7976490529718476
FCN,L18,0.7366423147817313
FCN,LCG,0.900441677168671
FCN,LDG,0.7178327375586235
FCN,LGL,0.6973827233466574
FCN,LHG,0.662099705146195
FCN,LIG,0.7177040357573998
FCN,LPB,0.7065064007529381
FCN,MBB,0.6704281919557555
FCN,MBS,0.716076135239932
FCN,MSN,0.6800198013672649
FCN,NBB,0.6763966241832436
FCN,NDN,0.6786260186699216
FCN,NHA,0.8056801703936629
FCN,NHH,0.6780201919151287
FCN,NKG,0.8077292599092138
FCN,NLG,0.7407261697066039
FCN,NT2,0.7056640762713107
FCN,OGC,0.7811192973112161
FCN,PAN,0.685057525610084
FCN,PC1,0.7703405597021072
FCN,PET,0.7082196762852654
FCN,PFL,0.6874478638390398
FCN,PHC,0.6688426003818991
FCN,PHR,0.6775131765747537
FCN,PLC,0.6841202100756126
FCN,POW,0.6757412641633794
FCN,PSI,0.6707507580455851
FCN,PTC,0.6544725283277872
FCN,PVC,0.6619440830232632
FCN,PVD,0.6809489704267947
FCN,PVT,0.665200276768924
FCN,PXL,0.714304389977792
FCN,SAM,0.6718013633378566
FCN,SBS,0.6783907484276878
FCN,SBT,0.685001380915139
FCN,SCR,0.8111980944891093
FCN,SHB,0.6539545659613374
FCN,SHS,0.7752845131339202
FCN,SKG,0.7288205192387951
FCN,SSI,0.7836030521032327
FCN,STB,0.7054506016970842
FCN,SZC,0.7254562436015668
FCN,TCH,0.740365080525699
FCN,TCI,0.7558341735170768
FCN,TDC,0.7198527155048939
FCN,THD,0.6539186124939357
FCN,TIG,0.7065679449097856
FCN,TIP,0.7333529995181971
FCN,TLD,0.6804652925331377
FCN,TLH,0.7473394977808788
FCN,TNG,0.7153110570542892
FCN,TNT,0.6555254167388653
FCN,TPB,0.6772877529183942
FCN,TSC,0.6803639194327693
FCN,TTF,0.7412588402733525
FCN,VCG,0.7764649289178994
FCN,VCI,0.7690378316462572
FCN,VGC,0.7380683762787911
FCN,VGS,0.7935818499229449
FCN,VIB,0.7248753338552649
FCN,VIG,0.6702828567076441
FCN,VIX,0.7675786818935024
FCN,VLB,0.6742848345284274
FCN,VND,0.7431211486763888
FCN,VPH,0.6937692424561372
FCN,WSS,0.6633690927442292
FCS,FIC,0.6699658767886941
FCS,GCB,0.653575268704504
FCS,HD8,0.6765147162610773
FCS,HPD,0.6909755037937365
FCS,HSP,0.7556750288135958
FCS,IFS,0.6526267573430133
FCS,MH3,0.7032578652630189
FCS,PID,0.6607615349337906
FCS,PMJ,0.728219257568887
FCS,PTH,0.8057590720866091
FCS,PTX,0.7274844746800447
FCS,STL,0.700723356358081
FCS,TPS,0.721581702134308
FCS,XPH,0.7251596008517676
FGL,FTM,0.7190101824524134
FGL,IME,0.6590439298675335
FGL,LO5,0.700606580186072
FGL,MEF,0.6513569253348613
FGL,PHH,0.7596695797575067
FGL,PPI,0.7135047426166388
FGL,PTG,0.6888051098959299
FGL,RCD,0.6674382712637263
FGL,SAL,0.7602052911409443
FGL,SBG,-0.6642246081414674
FGL,SSF,0.6606505934129294
FGL,TBR,0.6794836471085974
FGL,THN,0.6813491905352702
FGL,TRT,0.7197612722239379
FGL,TVH,0.7418876105909208
FGL,UMC,0.6937471009992743
FGL,VCT,0.7093511505556347
FGL,VTI,0.706874739393444
FGL,XHC,0.6874456322886745
FHN,FHS,-0.6657676614650655
FHN,FTI,0.8955923523994908
FHN,GH3,0.6895280746781243
FHN,GLW,0.6728952279415983
FHN,GMA,0.8091630193249567
FHN,HC1,0.6844059078880868
FHN,HEC,-0.7700026511498144
FHN,HFX,0.6664081822615276
FHN,HLS,0.6698275723523275
FHN,HMG,0.6740998052216849
FHN,HNP,0.6908769123056338
FHN,IBD,0.8821441613445584
FHN,IME,0.6675826483942676
FHN,KMR,-0.6669470501687108
FHN,MGR,0.7491191250791307
FHN,MIE,0.7557576313273412
FHN,MTB,0.7509489669886764
FHN,ODE,-0.671034052742412
FHN,PAI,0.6664193878458964
FHN,PHH,0.6923123205521606
FHN,PMJ,0.7140386644572623
FHN,PPT,-0.8350646651418279
FHN,PSW,-0.6646062053021665
FHN,PTX,0.7030724208849916
FHN,QHD,-0.6692713203816532
FHN,RBC,0.6888424670576128
FHN,SAL,0.7976204859689635
FHN,SFN,0.6621912152860817
FHN,SGD,0.6942203735078615
FHN,SPH,0.8896467758604794
FHN,SSF,0.8904015598045704
FHN,TCJ,0.8744169193405781
FHN,TKC,0.6862040516818836
FHN,TRT,0.6596444821015767
FHN,TST,0.7578073135636814
FHN,TVH,0.7729850669281354
FHN,UMC,0.7733862380296804
FHN,UPC,0.6761280466814823
FHN,VCM,0.686403409886488
FHN,VTG,0.7478010814635
FHN,VTI,0.6603174237262766
FHN,VXB,0.8410925846223094
FHN,VXP,0.9058581321477758
FHN,XDH,0.879096970285293
FHS,FTI,-0.7187259957509845
FHS,GH3,-0.6528979567115673
FHS,GMA,-0.7315131751040495
FHS,HEC,0.7269217902352697
FHS,QHD,0.6556572092025612
FHS,SAL,-0.6596825711777234
FHS,SPH,-0.6914547928399867
FHS,SSF,-0.6766224118126065
FHS,TCJ,-0.7075643142579023
FHS,TRT,-0.6744096125889792
FHS,UMC,-0.6959756574665799
FHS,VTG,-0.6608818500229566
FHS,VXP,-0.6819343025728716
FIC,GCB,0.6649972868665841
FIC,HPD,0.7026521877442774
FIC,HSP,0.6551163852508923
FIC,IFS,0.6566851792794773
FIC,LAI,0.6958469518643056
FIC,LCD,0.7027629250808393
FIC,MNB,0.6963935689060125
FIC,NAU,0.6584494946674331
FIC,NWT,0.6651638870927898
FIC,PCE,0.7053483464456545
FIC,PDN,0.6800197209012007
FIC,SIV,0.6506677118466871
FIC,STL,0.7381002055138234
FIC,TPS,0.7049858534640272
FIC,TUG,0.6771049187721053
FIC,VGP,0.6519970141259815
FID,SRA,0.7176399140279666
FIT,FRT,0.6667671124510672
FIT,FTS,0.6705551640799747
FIT,G36,0.7261402981153531
FIT,HAP,0.6708985343773377
FIT,HAR,0.7299794295360128
FIT,HCD,0.6634972690543404
FIT,HCM,0.696793943831424
FIT,HHN,-0.6562665601955119
FIT,HHV,0.672976934872177
FIT,HQC,0.754001435646816
FIT,HSG,0.6605854737416653
FIT,HUB,0.6632119692062936
FIT,HUT,0.6521192904666062
FIT,IDC,0.7274460139209644
FIT,IDI,0.6583818144897279
FIT,IJC,0.6792959594730157
FIT,IN4,-0.6951216170452328
FIT,IPA,0.6735801296774867
FIT,IVS,0.6578642584058306
FIT,JVC,0.6519999748496863
FIT,KHG,0.6879403220991163
FIT,KMR,0.8212746971634642
FIT,L18,0.7034332744460844
FIT,LCG,0.7759998842467736
FIT,LGL,0.6916282008645926
FIT,LIG,0.685438235965441
FIT,LPB,0.6622854251101399
FIT,LSS,0.7539458411033177
FIT,MBS,0.6627151998861484
FIT,MEF,-0.6776733853827852
FIT,MSB,0.6678417633335378
FIT,NAB,0.6511310160864794
FIT,NBB,0.6547758517641625
FIT,NBC,0.6590864200841668
FIT,NED,0.6653112295632876
FIT,NHA,0.6766393056030631
FIT,NHH,0.7461498128204576
FIT,NKG,0.6606086517784163
FIT,ODE,0.7084653280526194
FIT,PAN,0.669457024653057
FIT,PHC,0.7315596183761094
FIT,PLP,0.6867877461109924
FIT,PPI,-0.6731387512080924
FIT,PSI,0.7084671098763461
FIT,PTC,0.6823194762363609
FIT,PTG,-0.6810435209798057
FIT,PTL,0.6611167651947178
FIT,PXL,0.6505364344569587
FIT,S99,0.6501587056837146
FIT,SAL,-0.662701790483121
FIT,SBG,0.6964103749024129
FIT,SBS,0.7037102393231909
FIT,SBT,0.7523598791992981
FIT,SCR,0.7532350804071886
FIT,SHB,0.7133539037258553
FIT,SHS,0.6578877126477417
FIT,SKG,0.6888946828786519
FIT,SLS,0.6597743299229513
FIT,SSI,0.736344639843399
FIT,SZC,0.679387285506532
FIT,TCI,0.7149080744149547
FIT,TDC,0.6620827195627845
FIT,TLD,0.692294463179996
FIT,TLH,0.7313115368049297
FIT,TNG,0.6514675555227706
FIT,TPB,0.6571439069094249
FIT,TSC,0.8959195716467012
FIT,TTF,0.7897638375410263
FIT,TTH,0.6555849374319334
FIT,TVB,0.7463041902538621
FIT,TVD,0.6601750132505546
FIT,TVH,-0.6765640199648911
FIT,VCI,0.6687729940471602
FIT,VGS,0.6607989759389549
FIT,VHG,0.6703851048996702
FIT,VIB,0.7078661151049405
FIT,VIG,0.7204753678279858
FIT,VIX,0.6844174608261213
FIT,VND,0.726561293037244
FIT,VPH,0.6659463500741906
FIT,WSS,0.7499901880087227
FMC,FRT,0.748009644341502
FMC,GEG,0.7203925260812555
FMC,GMD,0.7588723545461398
FMC,HAH,0.7660822333205454
FMC,HAX,0.6641179648330796
FMC,HCM,0.683247427217867
FMC,HDC,0.671748708541363
FMC,HPG,0.6594292976482351
FMC,HSG,0.6735404864765383
FMC,HTG,0.7085214168505599
FMC,HUT,0.6513056882775027
FMC,IDC,0.766101323508008
FMC,IDI,0.7492636228665772
FMC,LAS,0.6713570732122894
FMC,LHG,0.7614363129387669
FMC,LPB,0.6690335188285441
FMC,MPC,0.726917758439602
FMC,MSH,0.713945233677055
FMC,MSN,0.6724524044952281
FMC,NKG,0.6519205019359106
FMC,NT2,0.6530780817504108
FMC,PAN,0.7760003279595509
FMC,PC1,0.6742885498480867
FMC,PGC,0.6787879113605837
FMC,PHR,0.7488613927647647
FMC,PLC,0.6525419949859985
FMC,PSI,0.6953313658382617
FMC,PTB,0.7147244009205009
FMC,PVC,0.692870928522773
FMC,PVD,0.7019576436730516
FMC,PVS,0.732971101853541
FMC,PVT,0.7400502996561827
FMC,QTP,0.7053890544744493
FMC,REE,0.7517943343375479
FMC,SBS,0.6560889094297634
FMC,SCR,0.6692132635883968
FMC,SHB,0.6733718598145676
FMC,SKG,0.7073524129387643
FMC,SSI,0.6576990871040815
FMC,SZC,0.7811657389230646
FMC,TCM,0.7479154255422545
FMC,THD,0.6724186080925149
FMC,TNG,0.78343276926228
FMC,TSC,0.6593597641311264
FMC,TVB,0.6626162886783089
FMC,VGC,0.6963233615109518
FMC,VGS,0.6501692917973859
FMC,VGT,0.6943969269654043
FMC,VHC,0.8126905532372627
FMC,VIB,0.6949339692906177
FMC,VIG,0.652873690779912
FMC,VSH,0.6515587791334263
FOC,MFS,0.6530050208078452
FOX,VEA,0.6578830813824971
FRM,FTM,0.6576304189220314
FRM,GH3,0.6723133853535809
FRM,GTT,0.6509047823410226
FRM,HC1,0.6599880677800154
FRM,HEV,-0.7134228774871182
FRM,HHN,0.676462662508102
FRM,HLA,0.6860945989468639
FRM,HLS,0.7286791899739027
FRM,LMC,0.6662234095106466
FRM,MEF,0.7118676709507065
FRM,NDW,0.7428477110839264
FRM,PLE,0.8058145587179537
FRM,PPI,0.7244492880861731
FRM,PTG,0.7345568085677607
FRM,RCD,0.7309204658964695
FRM,SAL,0.6584896130869731
FRM,SII,0.6706585247207368
FRM,SPH,0.7037960207263054
FRM,STS,0.6543370068103463
FRM,TNS,0.6610446334376914
FRM,TRS,0.652007638408205
FRM,TVH,0.7142986875124725
FRM,TVM,0.742241960247403
FRM,UMC,0.690667189718001
FRM,VCT,0.6879023418826675
FRM,VDL,-0.7001630363327626
FRM,VMT,0.6851733933255297
FRM,VTG,0.7186303216445097
FRM,X26,0.6679243023881833
FRT,FTS,0.6558880637333541
FRT,G36,0.6846572415480495
FRT,GAS,0.7149509798708635
FRT,GEG,0.7091987040824073
FRT,GEX,0.6829358592711279
FRT,GH3,-0.680434731735812
FRT,GMD,0.717161467996364
FRT,GTT,-0.6557382198129136
FRT,HAG,0.6824394883387556
FRT,HAH,0.7203112120923824
FRT,HAX,0.6727332252645005
FRT,HC1,-0.6723712308981982
FRT,HCM,0.7050216645610259
FRT,HDC,0.7251060733769928
FRT,HLD,0.687305673585733
FRT,HPG,0.6679639109941946
FRT,HQC,0.7161467021341927
FRT,HSG,0.6987867257655869
FRT,HT1,0.6824516641438726
FRT,HUT,0.6924417331898285
FRT,ICN,0.6504734817384107
FRT,IDC,0.8334284555112657
FRT,IDI,0.7483272854880634
FRT,IJC,0.6604203602160263
FRT,JVC,0.7139264351986736
FRT,KMR,0.6624995969086075
FRT,L14,0.6605370890084998
FRT,L18,0.712846460941309
FRT,LAS,0.6601146052880551
FRT,LCG,0.7079834684030397
FRT,LHG,0.6905740930843081
FRT,MBB,0.6507178029541884
FRT,MSN,0.7041999933197864
FRT,NBB,0.6589479610474228
FRT,NBC,0.6707752052894009
FRT,NKG,0.7088667027659911
FRT,NLG,0.6691948019607729
FRT,NT2,0.752095274594525
FRT,OCH,0.7232591932321832
FRT,OGC,0.6519841550475868
FRT,PAN,0.7244800824344191
FRT,PAT,0.7410587591846051
FRT,PC1,0.6887719691951566
FRT,PET,0.687109244200214
FRT,PHR,0.7509010661983001
FRT,PLC,0.6949270235957357
FRT,PNJ,0.656449150121209
FRT,POW,0.6815923392911604
FRT,PSD,0.6693832911937032
FRT,PTB,0.6640071758350593
FRT,PTC,0.6626553642540456
FRT,PVC,0.7220850810077629
FRT,PVD,0.7966665529626136
FRT,PVG,0.6818674535208339
FRT,PVS,0.7369374918402058
FRT,PVT,0.7257471533060657
FRT,QTP,0.6596978923076962
FRT,REE,0.7255188816427505
FRT,SCR,0.746709862660256
FRT,SHB,0.6722822772812388
FRT,SKG,0.7248712073762106
FRT,SSI,0.6931554931625648
FRT,SZC,0.7477848741657209
FRT,THD,0.6914281701166151
FRT,TIP,0.6633212312341266
FRT,TNG,0.717206734851102
FRT,TSC,0.6959706944005911
FRT,TTF,0.6826707357741544
FRT,TVB,0.6519522125247704
FRT,VCI,0.677074756371853
FRT,VGC,0.7229013314162881
FRT,VGS,0.6720543352114758
FRT,VHC,0.8087352573521828
FRT,VIB,0.6960172351844309
FRT,VNR,0.6616816522970822
FRT,VSH,0.6789264113310978
FSO,FTM,0.7846125374446138
FSO,HEP,-0.7059570783244944
FSO,HHN,0.6928789365009516
FSO,HTP,0.6739356846252444
FSO,IN4,0.7810275392466375
FSO,L62,0.7443082213953655
FSO,LAF,-0.6769275541182955
FSO,LCD,-0.7017702077536325
FSO,LO5,0.7686613168002648
FSO,MND,0.7827334951023509
FSO,MPY,0.7359431967454155
FSO,NAC,0.9181321501693753
FSO,PDN,-0.6650829440817412
FSO,PHH,0.6717247969150547
FSO,PNT,0.7342977777254613
FSO,POM,0.8141217689005894
FSO,PPI,0.6604220317816426
FSO,PTG,0.6704550267170446
FSO,QBS,0.730550438835279
FSO,QNP,-0.6938530431900765
FSO,SBG,-0.7247686680762521
FSO,SCD,0.8126183973653973
FSO,SGC,-0.7204398758461557
FSO,SII,0.7268477001424958
FSO,TB8,0.6868545957995653
FSO,THN,0.8890959278802323
FSO,VE2,0.6936781391482383
FSO,VGL,-0.6556160477201896
FSO,VGP,-0.6901509235782225
FSO,VLP,0.8610348368134789
FSO,VNH,0.6928300143985008
FSO,VTH,-0.6608304377440868
FTI,FTM,0.696518217030464
FTI,GH3,0.8874560598149415
FTI,GMA,0.7915306586765471
FTI,GTT,0.7647678927540743
FTI,HAX,-0.6603887143081787
FTI,HC1,0.8486114374569013
FTI,HD6,-0.6624903181443126
FTI,HEC,-0.8081453207096373
FTI,HFX,0.7710970915510061
FTI,HGT,0.6820315929724102
FTI,HHN,0.6654283569963932
FTI,HKB,0.6606243595223786
FTI,HLA,0.7609587754444536
FTI,HLS,0.7956070817455777
FTI,HMG,0.7368678627170064
FTI,HNM,-0.7318181721967998
FTI,HNP,0.8396694246751117
FTI,HOT,0.6616966078284506
FTI,IBD,0.8237884084599304
FTI,ICN,-0.7268354398098583
FTI,IME,0.7521323357038797
FTI,IN4,0.6760439170878847
FTI,KMR,-0.7386247026461196
FTI,L35,0.7399194575138108
FTI,LCC,0.7581330409510023
FTI,LQN,0.789937135738331
FTI,LUT,0.6930582722644901
FTI,MGR,0.7721543209021384
FTI,MIE,0.7429022833731679
FTI,MLC,0.755425278591828
FTI,MPY,0.7270702501393472
FTI,MRF,0.7594746750973428
FTI,MTB,0.7567890200656145
FTI,NBB,-0.7012313598413803
FTI,NDW,0.6515020655786289
FTI,ODE,-0.781963452772321
FTI,PBP,-0.6503324781372273
FTI,PDV,-0.6564852688651674
FTI,PGC,-0.6662580602208715
FTI,PHH,0.7843655570149228
FTI,PMW,-0.7195279912985658
FTI,PPI,0.7111902946727583
FTI,PPT,-0.792504865140859
FTI,PSG,0.7101925923541218
FTI,PSW,-0.6939903221266442
FTI,PTC,-0.6710358236491382
FTI,QHD,-0.7213054404848037
FTI,QNT,0.6759226773357091
FTI,RBC,0.8574339369613834
FTI,SAL,0.9253327765603016
FTI,SCD,0.7174039033538366
FTI,SCG,-0.6965873431050029
FTI,SFN,0.7696870867195468
FTI,SHI,-0.674109532962367
FTI,SPH,0.9215985044087294
FTI,SSF,0.902490243508503
FTI,STS,0.7696353589436871
FTI,STW,0.6709788045057675
FTI,TCJ,0.9536941269054905
FTI,TGG,-0.6671055276570992
FTI,TKC,0.693365705564214
FTI,TOT,-0.657508717255159
FTI,TRT,0.7265548212249497
FTI,TST,0.8225764895906248
FTI,TVH,0.8893718738604363
FTI,UMC,0.8882029241607722
FTI,UPC,0.7268117494896938
FTI,VCT,0.7078604067855881
FTI,VHF,0.7982509010441752
FTI,VKC,0.6821709826153691
FTI,VMT,0.7678383718280648
FTI,VTG,0.8280944329151402
FTI,VTI,0.7706102886764197
FTI,VVN,0.7204299019648516
FTI,VXB,0.8674985295253278
FTI,VXP,0.8670714786194622
FTI,X26,0.6649577991673513
FTI,XDH,0.7725054102732761
FTI,XHC,0.6624593537183784
FTM,GH3,0.7195138674458383
FTM,GTT,0.6527430738642412
FTM,HC1,0.7766668442131338
FTM,HEP,-0.7143884250459337
FTM,HFX,0.6585822363973775
FTM,HHN,0.7427442591085406
FTM,HLA,0.6983141602005765
FTM,HLS,0.7047840763465921
FTM,HNM,-0.7246054146727305
FTM,HOT,0.6856430072924066
FTM,IME,0.6764161335810711
FTM,IN4,0.7993318260263937
FTM,L62,0.6914801421323556
FTM,LAF,-0.7369713874737289
FTM,LBE,-0.6634508755424333
FTM,LCC,0.6726147845893451
FTM,LM7,0.6508997966786362
FTM,LO5,0.725699952853598
FTM,LUT,0.6741947659200672
FTM,MCP,-0.7389108494718449
FTM,MEF,0.6871712441699003
FTM,MND,0.7155596411402786
FTM,MPY,0.7581645473109476
FTM,NAC,0.8625391065100722
FTM,ODE,-0.6577515901512769
FTM,PHH,0.786279290394456
FTM,POM,0.7475715580590674
FTM,PPI,0.7458944876005914
FTM,PSG,0.7489571493563048
FTM,PTG,0.7226023472905829
FTM,QBS,0.6652212640838676
FTM,QNP,-0.7093073428859927
FTM,RBC,0.6582599474611893
FTM,SAL,0.8056268634608245
FTM,SBG,-0.7808006787253642
FTM,SCD,0.7957672420735838
FTM,SII,0.7736062420438681
FTM,SSF,0.6990186446850982
FTM,TAR,0.6598648114790759
FTM,TBR,0.6738015351252687
FTM,TCJ,0.6854524323930233
FTM,TDB,-0.662576385135174
FTM,THN,0.8549120647433975
FTM,TOT,-0.667524792441462
FTM,TRT,0.7421993107385904
FTM,TST,0.6580567384190157
FTM,TVH,0.8001779379051881
FTM,UMC,0.7947509891278073
FTM,VCT,0.7202195653325597
FTM,VE2,0.6784624192881763
FTM,VGP,-0.7592185086410971
FTM,VKC,0.794528887259528
FTM,VLP,0.8081135731613517
FTM,VNH,0.6954836435952937
FTM,VTI,0.7412806806176656
FTM,VVN,0.7073319232074217
FTM,VXB,0.7296576145762963
FTM,X26,0.6664396037327213
FTS,GEG,0.7260476171809997
FTS,GIL,0.7480485241620706
FTS,HAH,0.6983514784982213
FTS,HCM,0.8604804133078097
FTS,HDC,0.7420637218316732
FTS,HHV,0.692702943381112
FTS,HPG,0.7197039703568018
FTS,HQC,0.6965846473568196
FTS,HSG,0.781516059266946
FTS,IDC,0.6685067708601016
FTS,IDI,0.6877577448926789
FTS,IJC,0.7639996355704245
FTS,IPA,0.7342650574826995
FTS,IVS,0.6576950546259442
FTS,KBC,0.6837667133567729
FTS,KHG,0.6772003074115127
FTS,KSB,0.7322752231691041
FTS,LAS,0.6525499607421295
FTS,LCG,0.7677258095935159
FTS,LHG,0.7307019809793341
FTS,LPB,0.6812359661709015
FTS,LSS,0.6603263138294583
FTS,MBS,0.7966791921691296
FTS,MIG,0.6584608708174601
FTS,NHA,0.7102264901897078
FTS,NKG,0.7896862092474444
FTS,NLG,0.6578527900997995
FTS,ORS,0.6654271457342082
FTS,PC1,0.7013728548382084
FTS,PET,0.6616277000204401
FTS,PSI,0.7115580303873869
FTS,PVT,0.6815374566196309
FTS,SBS,0.7367005060040995
FTS,SBT,0.704723680712783
FTS,SCR,0.7412963106471125
FTS,SHB,0.6910567812813374
FTS,SHS,0.7879212478406085
FTS,SKG,0.7010245377327304
FTS,SSI,0.8203720435199969
FTS,SZC,0.7830344296367111
FTS,TCB,0.6617938596979341
FTS,TCI,0.7014773534373966
FTS,TLH,0.6902855348083238
FTS,TNG,0.7246400510700084
FTS,TSC,0.6893081166366201
FTS,TVB,0.690974874457381
FTS,VCG,0.7155242218443525
FTS,VCI,0.8692067231472709
FTS,VDS,0.6544325408337527
FTS,VGS,0.7781826235433759
FTS,VIB,0.6929620436270757
FTS,VIG,0.6942393173266262
FTS,VIX,0.7272392899437119
FTS,VLB,0.6552805145839466
FTS,VND,0.7868798282438982
G20,HLA,0.7147384184802225
G20,LO5,0.6572790523368212
G20,MEF,0.7255049273411884
G20,PPI,0.7938863978603429
G20,PSG,0.681731527321445
G20,PTG,0.7193775103394088
G20,RCD,0.6911650595767154
G20,SAL,0.6555395397975875
G20,SBG,-0.7028311646998264
G20,TVH,0.7106387903749847
G20,UPC,0.6727531724931086
G20,VTI,0.6617052198764791
G20,VVN,0.724836590244053
G20,X26,0.6585133078833355
G36,GEG,0.705529144694873
G36,GEX,0.6862378666832397
G36,HAG,0.6669457944714601
G36,HAH,0.685020018503209
G36,HAP,0.6971389537030769
G36,HAR,0.6869306154833026
G36,HBC,0.6552594199302252
G36,HDC,0.6538998264129579
G36,HHS,0.697826356781915
G36,HLD,0.6873030032919888
G36,HQC,0.7438354418242047
G36,HSG,0.6592354767198659
G36,HT1,0.717077423453111
G36,IDC,0.8161798855899964
G36,IDI,0.7576205602964213
G36,IDJ,0.658926225860765
G36,IPA,0.6761164745864577
G36,ITA,0.6956235481731003
G36,ITC,0.6619810416401475
G36,JVC,0.7267661529080983
G36,KMR,0.7094018155349475
G36,KSB,0.7064936524922016
G36,L14,0.7072514019570881
G36,L18,0.7444005079161875
G36,LCG,0.7728571928986506
G36,LDG,0.6927860206989226
G36,LGL,0.682649564405976
G36,LHC,0.6938727725440315
G36,LIG,0.7216575382295992
G36,MBG,0.6704169307500878
G36,NDN,0.6714999038611843
G36,NHA,0.6953029948909143
G36,NKG,0.6519211945789637
G36,NLG,0.6681065385706589
G36,OGC,0.6665225259004711
G36,PAN,0.6942214260240431
G36,PAT,0.6825401033372555
G36,PC1,0.6831218870616075
G36,PFL,0.7112626628131804
G36,PHR,0.7220642186573921
G36,PLC,0.6586415604450729
G36,POW,0.7149194684926563
G36,PSI,0.7178538018367921
G36,PVC,0.678112711221469
G36,PVD,0.7008491350887134
G36,PVS,0.6596636856497193
G36,PXL,0.7087049032995727
G36,QTP,0.6549296454599315
G36,SAM,0.6796245015593081
G36,SBS,0.6729561858085473
G36,SCR,0.7637775031261792
G36,SD9,0.6646028089829906
G36,SDA,0.6547231673696415
G36,SSI,0.6665092718048324
G36,STB,0.6526583843818544
G36,SZC,0.6874952103296456
G36,TCD,0.6719427946026423
G36,TCI,0.6771991442205046
G36,TEG,0.6672629520145116
G36,TID,0.6614856246478428
G36,TIG,0.7006853283565492
G36,TLD,0.6999412323781825
G36,TLH,0.6664832569560174
G36,TNG,0.6825359778649673
G36,TNI,0.6786367715961519
G36,TTF,0.7459492980476556
G36,VGC,0.6826621215816645
G36,VGS,0.66418178556375
G36,VGT,0.68460364847394
G36,VHE,0.6780589726742015
G36,VHG,0.6823253878771095
G36,VIB,0.6601806222574982
G36,VIG,0.6692163921948183
G36,VIX,0.6726542456553001
G36,VLB,0.6674091363003016
G36,VND,0.6537833450208269
G36,WSS,0.6743408562822153
GAS,GMD,0.7409825919583354
GAS,IDC,0.7095829404229804
GAS,OIL,0.7726241661410183
GAS,PGC,0.6812104105733542
GAS,PHR,0.7168907755466508
GAS,PLC,0.6813343247791147
GAS,PLX,0.7811180577264236
GAS,PNJ,0.7532634389956292
GAS,POW,0.6563613966752448
GAS,PVC,0.7544519384976209
GAS,PVD,0.7538039917683386
GAS,PVG,0.6660273727318002
GAS,PVS,0.783883075333371
GAS,PVT,0.7565654086025766
GAS,TNG,0.6605639320251043
GAS,VCB,0.659829108079415
GAS,VHC,0.7080308410702781
GAS,VNM,0.6993455288614474
GCB,HEV,0.7123640898265287
GCB,NDW,-0.6819711577999076
GCB,NWT,0.7046418623510762
GCB,PTG,-0.656919646576245
GDA,HHN,-0.6546699900098907
GDA,LSS,0.7139160633494234
GDA,MEF,-0.6771739277084475
GDA,PTG,-0.6508940346666425
GDA,SBG,0.6544551678490096
GDA,TAL,0.6887682866607712
GDA,TSC,0.6852348454276442
GDA,VIP,0.6611022433876665
GDT,IDV,0.6503650198668638
GDT,VNL,0.6517071178321834
GDW,VDL,0.7052125006751284
GEG,GMD,0.670205750119903
GEG,HAH,0.7757216968539892
GEG,HAX,0.666138777068249
GEG,HCM,0.6880633109981812
GEG,HDC,0.7253924688646779
GEG,HDG,0.6520565122492664
GEG,HHS,0.6912542355196841
GEG,HQC,0.667629116101069
GEG,HSG,0.6965663568834747
GEG,HT1,0.7043821182608377
GEG,HTG,0.7123759989001143
GEG,IDC,0.7301187051113855
GEG,IDI,0.7434158817699184
GEG,ITC,0.6533348535752319
GEG,JVC,0.7029532366976283
GEG,KSB,0.7223224961181638
GEG,L14,0.6836698136866368
GEG,L18,0.6769793028715769
GEG,LAS,0.7396098750548171
GEG,LCG,0.7035546884240986
GEG,LHC,0.6526552636802171
GEG,LHG,0.7830103600092525
GEG,LPB,0.6655841925085122
GEG,MIG,0.7114582521446465
GEG,MSH,0.6958137405788933
GEG,NBC,0.6839362755857458
GEG,NHA,0.7009696276444416
GEG,NKG,0.661433956386771
GEG,NLG,0.6708517982056227
GEG,NT2,0.7468054417395332
GEG,OGC,0.6515362914608113
GEG,PAN,0.7109719189918565
GEG,PC1,0.7163870325539012
GEG,PET,0.7072932912513374
GEG,PHR,0.7444452795924771
GEG,PLC,0.676582471742754
GEG,POW,0.7843802071278838
GEG,PSD,0.6638305234187958
GEG,PTB,0.7131801258070943
GEG,PVC,0.6568361668425912
GEG,PVD,0.6610878271668056
GEG,PVG,0.6507288898699549
GEG,PVP,0.6544921338984071
GEG,PVT,0.7102886573373982
GEG,QTP,0.7290809973443665
GEG,REE,0.7551695466999208
GEG,SBT,0.6922961374754603
GEG,SCR,0.7308879180886358
GEG,SHB,0.651480198317676
GEG,SKG,0.6829424632296318
GEG,SSI,0.6642860195064484
GEG,STK,0.6589678329455648
GEG,SZC,0.7457553215294893
GEG,TCH,0.6711272768008254
GEG,THD,0.658036544651637
GEG,THG,0.7250856253978394
GEG,TIG,0.6806823090124805
GEG,TIP,0.6545439608689756
GEG,TNG,0.7653477902245625
GEG,TNH,0.6785799774581691
GEG,TTA,0.68425268255009
GEG,VCG,0.7327345582606143
GEG,VCI,0.6790653602502095
GEG,VGC,0.6867569259495088
GEG,VGS,0.7194786695347472
GEG,VGT,0.6884426851144857
GEG,VHC,0.6941183638559604
GEG,VIB,0.6702826092602222
GEG,VLB,0.6575965607086319
GER,HLS,0.6572627280111292
GER,PPI,0.7060288248343438
GER,PXM,0.710762424134338
GEX,HDC,0.7561365919296043
GEX,HHS,0.7236097211206314
GEX,HT1,0.7201686955629416
GEX,HUT,0.6529608346618847
GEX,IDC,0.7520748080110127
GEX,IDI,0.7010659655135422
GEX,KDH,0.7035498476379083
GEX,L14,0.6584342059140362
GEX,LCG,0.6532630804763663
GEX,LDG,0.6774702726853301
GEX,NLG,0.7749580992525149
GEX,NT2,0.6742178553120252
GEX,PC1,0.7108868465814185
GEX,PET,0.699488438094345
GEX,PHR,0.7116369654489663
GEX,POW,0.6673296784016066
GEX,PVD,0.6775341973183906
GEX,SCR,0.6816510895992368
GEX,SDA,0.6984377682956278
GEX,SHS,0.7202154961487063
GEX,SSI,0.7531522343882961
GEX,STB,0.6587653124536911
GEX,SZC,0.6647165267237509
GEX,TCD,0.6547150655003178
GEX,TCH,0.7494781259095661
GEX,THD,0.671146983618744
GEX,VCG,0.7430949396861296
GEX,VCI,0.6686134286352795
GEX,VGC,0.7750884547711808
GEX,VHC,0.6767489570486575
GEX,VIX,0.7510600777698296
GEX,VND,0.7028535500334321
GGG,GTT,0.7347553670122217
GGG,HFX,0.6530649837630667
GGG,HLA,0.6502325980026101
GGG,LCC,0.6757898637196825
GGG,MRF,0.6589163503128689
GGG,PSG,0.7028188885060306
GGG,SAL,0.6680304819538326
GGG,SSF,0.668344015252256
GGG,TVH,0.7077671871988568
GGG,UMC,0.7267094045115113
GGG,UPC,0.7587073730380994
GGG,VTI,0.6629698390449564
GGG,VVN,0.7372449362163074
GGG,X26,0.6675497951103153
GH3,GTT,0.8179817776159416
GH3,HAX,-0.746476950227267
GH3,HC1,0.877428419155002
GH3,HD6,-0.693967975520199
GH3,HDM,-0.6616960191704823
GH3,HEC,-0.6896541605791788
GH3,HEP,-0.6527318138699026
GH3,HFX,0.7306583847881852
GH3,HHN,0.7445028884422606
GH3,HLA,0.7749233858123519
GH3,HLS,0.7919885213802245
GH3,HMG,0.6560643594140877
GH3,HNM,-0.8161466675169925
GH3,HNP,0.8290240002993737
GH3,HOT,0.7131579122973754
GH3,IBD,0.6612796424830192
GH3,ICN,-0.7755888024192055
GH3,IDC,-0.6581872390312865
GH3,IME,0.6861480253137447
GH3,IN4,0.7853345276210237
GH3,JVC,-0.6663591514187954
GH3,KMR,-0.7620412045691477
GH3,L18,-0.7440482744141205
GH3,L35,0.7948194269157237
GH3,LAF,-0.6561975093494279
GH3,LCC,0.7519774182886749
GH3,LHC,-0.6606651102922528
GH3,LQN,0.872984878985487
GH3,LUT,0.7746701964854786
GH3,MCP,-0.7024467636934285
GH3,MEF,0.7025419985360294
GH3,MGR,0.6561453522458335
GH3,MLC,0.8473659567926888
GH3,MPY,0.7520390834017157
GH3,MRF,0.7932032228880692
GH3,NBB,-0.7525607411685498
GH3,NBC,-0.6935425025079703
GH3,NDW,0.7280405689747851
GH3,OCH,-0.6882199627728295
GH3,ODE,-0.8190027453006071
GH3,PAT,-0.6917111624523543
GH3,PBP,-0.7971727375871603
GH3,PCH,-0.7116825016193826
GH3,PGC,-0.696543984314709
GH3,PHH,0.721612714469776
GH3,PMB,-0.6926479422842662
GH3,PMW,-0.7321460514177579
GH3,PPI,0.7474694143668337
GH3,PRC,-0.667861238762629
GH3,PSG,0.7623312907477541
GH3,PSW,-0.6898235052533515
GH3,PTC,-0.7496133941845682
GH3,PTG,0.7155874536587599
GH3,QNW,0.6804918167094837
GH3,RBC,0.8645031040740675
GH3,SAL,0.8812749825879199
GH3,SBT,-0.6714121918702581
GH3,SCD,0.719859242816132
GH3,SCR,-0.6688701080714361
GH3,SFN,0.7497457222382812
GH3,SHI,-0.6533852398644957
GH3,SPH,0.7972457515352928
GH3,SSF,0.8084323111869985
GH3,STS,0.7446683826249432
GH3,STW,0.8131395146797434
GH3,TAN,-0.6969765773418105
GH3,TBR,0.651372269308478
GH3,TCI,-0.6639540622708218
GH3,TCJ,0.8342652406644941
GH3,TDT,-0.6701732881559662
GH3,TGG,-0.7832116397865884
GH3,THT,-0.6577715094673215
GH3,TNA,-0.6518265768407692
GH3,TOT,-0.7321601315749082
GH3,TRT,0.6590525742454123
GH3,TST,0.7276347014124418
GH3,TTS,0.682689334013009
GH3,TVD,-0.6750598990010452
GH3,TVH,0.8571699384553447
GH3,UEM,0.6564255111037343
GH3,UMC,0.8661741956217085
GH3,UPC,0.7019084054021089
GH3,VCT,0.71124046754948
GH3,VFG,-0.6809654396327735
GH3,VGP,-0.7091848405849431
GH3,VHF,0.818641482392195
GH3,VKC,0.7545506797169601
GH3,VMT,0.8527212755846684
GH3,VNR,-0.6915421434132987
GH3,VNS,-0.6703108054877774
GH3,VTG,0.7504031360406321
GH3,VTI,0.7340281099678887
GH3,VVN,0.6857294595127437
GH3,VXB,0.7419915557955487
GH3,VXP,0.7184828492614104
GH3,X26,0.7223640084393982
GH3,XHC,0.664070386705341
GHC,PPH,0.6538369978683879
GHC,QTP,0.6524532446923452
GHC,SJD,0.6629519018881918
GHC,TCL,0.7058998054768139
GIL,GVR,0.6623029814712832
GIL,HAH,0.7100214903685896
GIL,HCM,0.7558481029803449
GIL,HDC,0.6794557043077758
GIL,HDG,0.6949985336190093
GIL,HHV,0.6567574378989033
GIL,HPG,0.7641934134780062
GIL,HSG,0.775203853923363
GIL,IDI,0.6623808305085943
GIL,IJC,0.6868045453860513
GIL,KBC,0.6599371858936781
GIL,KSB,0.6522386153854843
GIL,LCG,0.7050785882844405
GIL,LHG,0.6783415009434502
GIL,LPB,0.7118030148960607
GIL,MBB,0.6840398601158719
GIL,MBS,0.7177170218297366
GIL,MSN,0.658497098226934
GIL,MWG,0.6902649509781629
GIL,NKG,0.7341524185616665
GIL,PC1,0.6987855317341362
GIL,PET,0.6692747903996015
GIL,PTB,0.7111996002101814
GIL,PVT,0.6500069234457528
GIL,SBS,0.6994347667898788
GIL,SHS,0.6896719519259702
GIL,SSI,0.6919908446537868
GIL,SZC,0.7681537470114049
GIL,TCB,0.7297272334450021
GIL,TLH,0.6540166256645263
GIL,TNG,0.6941116174412613
GIL,TVB,0.6515494679549737
GIL,VCG,0.6605383689503974
GIL,VCI,0.7359081753091234
GIL,VCS,0.666968192061631
GIL,VDS,0.6559411221999464
GIL,VGS,0.7209412167898542
GIL,VIB,0.6748148404223598
GIL,VIG,0.6579816739773274
GIL,VIX,0.700593590943297
GKM,NAC,0.6787946330280399
GKM,QBS,0.6613462673064652
GKM,THN,0.6774062883632667
GLW,GMA,0.664250110153829
GLW,HFX,0.7039156548388708
GLW,IBD,0.7831873717941674
GLW,IME,0.7083378559365594
GLW,LCC,0.7166920785495453
GLW,MGR,0.6931965012976637
GLW,MTB,0.7769442689595809
GLW,PAI,0.6719847470230434
GLW,QNT,0.714292274394542
GLW,SAL,0.6664839094299158
GLW,SPH,0.7136978496917523
GLW,SSF,0.7721330007223568
GLW,TST,0.6503746788709475
GLW,TVH,0.6997612077635297
GLW,UDL,0.6616272579584433
GLW,UMC,0.728533455872622
GLW,VTG,0.6888444928991208
GLW,VTI,0.6870543952695765
GLW,VXB,0.7530726071375246
GLW,VXP,0.7988795463749754
GMA,HCI,0.7049575426041443
GMA,HFX,0.6586716888260289
GMA,HMG,0.7297452908942756
GMA,IBD,0.8109569537575247
GMA,LAW,0.6828933634897779
GMA,LMC,0.6742651986814558
GMA,MGR,0.7871827131155579
GMA,MIE,0.808021662601709
GMA,MTB,0.8791772735490538
GMA,PAI,0.7262575688293981
GMA,PMJ,0.7652224283529014
GMA,QHD,-0.7156830601983571
GMA,QNT,0.7118289583153375
GMA,QST,0.6695897397485203
GMA,SAL,0.7168594006750075
GMA,SFN,0.6979541445785565
GMA,SHI,-0.7086482935462752
GMA,SPH,0.837532988890166
GMA,SSF,0.785191852913683
GMA,TCJ,0.7412967868215179
GMA,TRT,0.8243042335707899
GMA,TST,0.6970792991906585
GMA,TVG,0.6547251531250489
GMA,TVH,0.6878202469273175
GMA,UCT,0.6589934614132014
GMA,UDL,0.6758833403007385
GMA,UMC,0.8168742161995782
GMA,VCM,0.6904606708985539
GMA,VTG,0.8606666541331186
GMA,VTI,0.6543187786392094
GMA,VXB,0.7173314263209598
GMA,VXP,0.8583562714444866
GMA,XDH,0.6937116058644889
GMA,XPH,0.6534868659671791
GMC,HMD,0.711766124463496
GMC,HTP,0.6737953704607923
GMC,IRC,0.8327427999249573
GMC,L62,0.6754500308804979
GMC,LDW,0.7226097439525224
GMC,LNC,0.7564501662159846
GMC,MQB,0.7655488547452927
GMC,MTS,-0.7419326681115549
GMC,NVP,0.8187998131042786
GMC,QBS,0.726406114249337
GMC,RYG,-0.7323482626003761
GMC,S72,-0.6605731626865179
GMC,SPD,-0.7481069554052647
GMC,TAB,0.7111964084682442
GMC,TCK,0.7747493122446587
GMC,TDW,-0.6892910053505534
GMC,UXC,0.7809532942516357
GMC,VDG,0.721498901547152
GMC,VE8,0.7202637351653095
GMC,VMK,0.7294759409515755
GMC,VUA,0.7359266568247906
GMD,GVR,0.6653796540563344
GMD,HAH,0.7492408503167722
GMD,HHS,0.6534104953470627
GMD,HPG,0.6676769132446192
GMD,HT1,0.6881434160883121
GMD,HUT,0.6706543762899078
GMD,IDC,0.735000259577983
GMD,IDI,0.6606843265295309
GMD,KBC,0.6531436112798666
GMD,MBB,0.6619244607385786
GMD,MPC,0.6623400973255441
GMD,MSH,0.7128585512704753
GMD,MSN,0.7766228021431419
GMD,OIL,0.6898027160716556
GMD,PAN,0.6641488513707581
GMD,PC1,0.7053529553225615
GMD,PET,0.7268532169958294
GMD,PHR,0.7421490055517772
GMD,PLC,0.6808449983752912
GMD,PLX,0.6722260778408735
GMD,PNJ,0.7884471216382141
GMD,PTB,0.6601537265164046
GMD,PVC,0.7424922900551832
GMD,PVD,0.7273535443910916
GMD,PVS,0.7935042907287577
GMD,PVT,0.7489459266240521
GMD,REE,0.6896382137353583
GMD,STB,0.669605166916134
GMD,SZC,0.6958438482697763
GMD,TNG,0.7468631326687472
GMD,VCB,0.6600488638575226
GMD,VGT,0.6566442782259801
GMD,VHC,0.794845211808446
GMD,VIB,0.6888130255359839
GMD,VNM,0.686604279804248
GMD,VPB,0.6550370833126327
GND,IBD,0.7155992442881622
GND,IME,0.6533807502181681
GND,MRF,0.663017059866679
GND,NDP,0.707391460623745
GND,PHH,0.6664207675545095
GND,PPT,-0.6542331617149585
GND,SAL,0.6536553735940492
GND,SSF,0.694899661160741
GND,TCJ,0.6680568934092099
GND,VTI,0.6725995290102615
GND,VXP,0.6711974124817252
GSM,L62,-0.6630232127726731
GSM,X20,0.6597474617760704
GSP,LSS,0.6565748032764567
GSP,MVC,0.6695906351480473
GSP,NBC,0.6888259536923522
GSP,PGC,0.743686193518364
GSP,PPH,0.6760040421889606
GSP,PVP,0.680241508740075
GSP,PVT,0.6578734404205854
GSP,QNS,0.7038316962909558
GSP,QTP,0.7014862451177144
GSP,TTA,0.7202935175923807
GSP,TVD,0.6801245404308613
GSP,VIP,0.7583587093215077
GSP,VOS,0.7104056509911616
GSP,VTO,0.6888364409465313
GTD,LMI,0.8261736894218926
GTT,HAX,-0.6875484509150998
GTT,HC1,0.7974426241387367
GTT,HHN,0.6722472474535269
GTT,HLA,0.8787797849747851
GTT,HLS,0.8318798220675395
GTT,HNP,0.6661100519364269
GTT,ICN,-0.6513513329703111
GTT,IN4,0.6688418365706001
GTT,KMR,-0.6819981299153537
GTT,L35,0.7929569921451639
GTT,LQN,0.7395866914589851
GTT,LUT,0.7438664504769253
GTT,MLC,0.6554829606667094
GTT,MRF,0.7103804669350648
GTT,NDF,0.8071248549942802
GTT,NDW,0.6670599115844872
GTT,ODE,-0.7030688270954386
GTT,PBP,-0.681151893138032
GTT,PPI,0.7594108058402541
GTT,PSG,0.7817096515539654
GTT,PXM,0.6648029138993082
GTT,RBC,0.7333204458862141
GTT,REE,-0.6724859782068482
GTT,SAL,0.7623200612246518
GTT,SBT,-0.6768842776362304
GTT,SPH,0.6791900093908237
GTT,SSF,0.7201654167699635
GTT,STS,0.7523453380284091
GTT,STW,0.7458798540982976
GTT,THU,0.7530213801237085
GTT,TTS,0.7373161217931941
GTT,TVH,0.7963160941627146
GTT,UMC,0.7334438931348132
GTT,UPC,0.70434486734194
GTT,VCT,0.7002311294231023
GTT,VHF,0.7303973927058841
GTT,VKC,0.687626260197123
GTT,VMT,0.7504080808748256
GTT,VNX,0.6500527078888769
GTT,VVN,0.7751009047778571
GTT,VXB,0.6873510697190861
GTT,X26,0.8635188080189847
GVR,HAH,0.6607602838245066
GVR,HCM,0.7274274212381606
GVR,HSG,0.6504054204048718
GVR,IDC,0.6656945352576553
GVR,KBC,0.7104320077266687
GVR,KDH,0.6505975182485055
GVR,LAS,0.6938142968605125
GVR,LHG,0.6857010451302742
GVR,MBB,0.7127848692487478
GVR,MBS,0.6572493399598368
GVR,MWG,0.6935703137107653
GVR,OIL,0.6987423421128253
GVR,PAN,0.6845252148221421
GVR,PC1,0.7163120946474193
GVR,PET,0.7164566507864059
GVR,PHR,0.793989694722356
GVR,PLC,0.7014482172434272
GVR,PLX,0.7513394873845032
GVR,PTB,0.7118858994389006
GVR,PVB,0.6534246284352818
GVR,PVC,0.6607470773374519
GVR,PVD,0.7148295782157108
GVR,PVS,0.7327834426209637
GVR,PVT,0.7922071823639817
GVR,SHS,0.6535718769765136
GVR,SSI,0.6608858279834956
GVR,STB,0.6552721109764357
GVR,SZC,0.7160587719940479
GVR,TCB,0.7269728507669446
GVR,TCH,0.6603376673404981
GVR,TNG,0.7930739325324472
GVR,VCI,0.6580069055094433
GVR,VCS,0.656172150291586
GVR,VGI,0.7041704867511552
GVR,VGS,0.6516495864630686
GVR,VGT,0.7379152113004679
HAD,HEP,-0.6796017213676975
HAD,IN4,0.6641296569039604
HAD,MEF,0.6655523080390786
HAD,PTG,0.6625109037398929
HAG,HAR,0.6955308678507329
HAG,HDC,0.7100631195486852
HAG,HHS,0.7133583055203928
HAG,HQC,0.7405428177648733
HAG,IDC,0.7211841902974593
HAG,IDI,0.7481299187075313
HAG,ITA,0.7015997174113004
HAG,ITC,0.6513145741198848
HAG,KSB,0.6600725694114538
HAG,L14,0.7249240067242279
HAG,L18,0.6559038251412114
HAG,LCG,0.6717263417115941
HAG,LDG,0.7304148844289016
HAG,OGC,0.6629953611067172
HAG,PXL,0.7017564474122727
HAG,SCR,0.689206755802272
HAG,SZC,0.6630119019456207
HAG,TCH,0.6677939829766365
HAG,THD,0.7043775487158639
HAG,TIG,0.6561051260287247
HAG,TIP,0.6618091895219396
HAG,TTF,0.6812010244764661
HAG,VGC,0.6858835003347621
HAH,HAX,0.6574744197472405
HAH,HCM,0.7406986003851714
HAH,HDC,0.7362390311495481
HAH,HDG,0.7433344690088084
HAH,HPG,0.6907776562233061
HAH,HQC,0.6798087840715386
HAH,HSG,0.7190271863014501
HAH,HT1,0.74287006987931
HAH,HTG,0.72841978785899
HAH,HUT,0.7077741448469653
HAH,IDC,0.7482877106405019
HAH,IDI,0.7406859293862614
HAH,IPA,0.6816832494532034
HAH,JVC,0.6619033477514543
HAH,KBC,0.6506957563539448
HAH,KSB,0.6804772141778221
HAH,LAS,0.6534170815971211
HAH,LCG,0.7022480628990466
HAH,LHG,0.7166386942499721
HAH,LIG,0.6610014855520325
HAH,LPB,0.6909317412017032
HAH,MBB,0.6791713185248411
HAH,MBS,0.6722011258797865
HAH,MIG,0.6800383782535527
HAH,MPC,0.6967480958436983
HAH,MSH,0.6923730243550578
HAH,MSN,0.7102006765853173
HAH,MWG,0.6569353837751585
HAH,NBC,0.6725888880090033
HAH,NHH,0.6575899710493605
HAH,NKG,0.6959929645387748
HAH,NLG,0.6522302382978621
HAH,NT2,0.7189430561554712
HAH,PAN,0.7436370935171998
HAH,PC1,0.7996211764771242
HAH,PET,0.7875907547540749
HAH,PHR,0.703200793210273
HAH,PLC,0.7160011578492063
HAH,PSD,0.7090083404342672
HAH,PSI,0.6760334795840245
HAH,PTB,0.6989597793354206
HAH,PVC,0.7398551645989113
HAH,PVD,0.7253966995237161
HAH,PVS,0.772643374498511
HAH,PVT,0.7697270252605509
HAH,REE,0.7519962588904938
HAH,SCR,0.6900189543660308
HAH,SHB,0.6688582402186452
HAH,SHS,0.6993189194294227
HAH,SKG,0.6652203356529898
HAH,SSI,0.7058278424499923
HAH,STB,0.6671358551694867
HAH,SZC,0.8082294089555108
HAH,TCB,0.6518033868008505
HAH,TCM,0.673893952392105
HAH,TIG,0.7065457972199761
HAH,TNG,0.7957488450273823
HAH,VCG,0.674294500092683
HAH,VCI,0.7292450290023346
HAH,VGC,0.7222558036864064
HAH,VGS,0.7611551289161952
HAH,VGT,0.6600910743567978
HAH,VHC,0.7728158606889003
HAH,VIB,0.7024578724102809
HAH,VIG,0.6564053409490721
HAH,VIX,0.6872084571074003
HAH,VND,0.6772759286043921
HAH,VOS,0.7131028905494301
HAH,VPB,0.6712217024246979
HAH,VSH,0.6764522252984657
HAN,RTB,0.6782393046075968
HAP,HMC,0.6740604239683272
HAP,HTG,0.6503243453947366
HAP,IDC,0.6599195339509717
HAP,JVC,0.707143905934914
HAP,KMR,0.7410251666116743
HAP,L18,0.697959762236247
HAP,LGL,0.6645538759352893
HAP,LIG,0.6903343616668325
HAP,MBG,0.6769774738694855
HAP,NBC,0.6619596839256494
HAP,ODE,0.668825871250333
HAP,PAN,0.7147119059694593
HAP,PHC,0.6880236979597448
HAP,PMB,0.6841261332859315
HAP,PPH,0.6835008006483332
HAP,PSI,0.6614491777072576
HAP,PV2,0.6604206807174923
HAP,SCR,0.6691533493849888
HAP,SD5,0.6721697570815945
HAP,SHA,0.6584943667597941
HAP,SHI,0.6530265798360477
HAP,TTF,0.6604337660588221
HAR,HDC,0.653579952159172
HAR,HDM,0.6813890053521162
HAR,HHS,0.6791004132523247
HAR,HQC,0.7683350368598059
HAR,IDC,0.7177268757329173
HAR,IDI,0.6693197190082532
HAR,ITA,0.6628785666007123
HAR,KMR,0.6609501721103553
HAR,L14,0.6803325856096835
HAR,L18,0.7063386862683778
HAR,LCG,0.7146836286564535
HAR,LDG,0.7554146915442216
HAR,LGL,0.6625188798372738
HAR,LIG,0.7235888853887803
HAR,NBB,0.7505329754040995
HAR,NDN,0.6665381678922123
HAR,NHA,0.6986120097549428
HAR,OGC,0.6714938821253705
HAR,PHC,0.71418839678625
HAR,PXL,0.6703061542215253
HAR,SAM,0.7241441604163957
HAR,SCR,0.7064333323056691
HAR,SD9,0.6649724791762464
HAR,SHB,0.6691718492959058
HAR,SKG,0.6766258004456076
HAR,TIP,0.6529140229887536
HAR,TLD,0.6646986310260109
HAR,TNI,0.6535980936374559
HAR,TPB,0.6594108541549513
HAR,TSC,0.6782724634169706
HAR,TTF,0.7317999987181677
HAR,VPH,0.7365066561710989
HAX,HC1,-0.6914704612006028
HAX,HLA,-0.660541263601977
HAX,HTG,0.6531702285955434
HAX,IDC,0.6625013476421175
HAX,IDI,0.689013650250797
HAX,KMR,0.6965556598385094
HAX,L35,-0.679670990945697
HAX,LHC,0.7157675605330435
HAX,LPB,0.6752572871967836
HAX,LSS,0.6591250459478439
HAX,MIG,0.6770290120356565
HAX,PAN,0.6884889068746649
HAX,PBP,0.7348722447576216
HAX,PMB,0.6624779399389376
HAX,PSW,0.7244000981907195
HAX,PVC,0.6531410250849443
HAX,PVD,0.6547300872218603
HAX,PVS,0.6539590273177324
HAX,RBC,-0.7083633538558776
HAX,REE,0.6873962383335623
HAX,SBT,0.6975077074388908
HAX,SCR,0.65915492040475
HAX,TLH,0.6530795615455581
HAX,TNG,0.6700378083237297
HAX,TNH,0.6704759104029043
HAX,VMT,-0.6855662732439706
HBC,HTG,0.6813583944194195
HBC,IDC,0.6633729766971542
HBC,IDI,0.6515535459169275
HBC,KSB,0.6675453269594054
HBC,L14,0.7308076438370316
HBC,L18,0.7059165565334445
HBC,LCG,0.687625196952847
HBC,LIG,0.6930419878041909
HBC,NDN,0.6627071913014927
HBC,NDX,0.6559685986583498
HBC,NHA,0.6556605159754963
HBC,PXL,0.6551584869722037
HBC,SBS,0.6568130236886237
HBC,TDC,0.7015186470897092
HBC,VGS,0.6783937843489698
HBC,VHG,0.6958953757199702
HC1,HEC,-0.6904162940845341
HC1,HEP,-0.7553018307710789
HC1,HFX,0.6717642508021889
HC1,HHN,0.7795045527257437
HC1,HLA,0.7829674875047539
HC1,HLS,0.7763700215335921
HC1,HNM,-0.8049299928774903
HC1,HNP,0.6996781039487744
HC1,HOT,0.77853078246513
HC1,HQC,-0.6901555805915979
HC1,ICN,-0.782895772049006
HC1,IDI,-0.6551620887745777
HC1,IN4,0.818158857259697
HC1,KMR,-0.7149864992655074
HC1,L18,-0.6673817663865954
HC1,L35,0.7676598847571589
HC1,LAF,-0.6751482719900161
HC1,LCC,0.7105982127692633
HC1,LQN,0.7645895286521086
HC1,LUT,0.7791564588105734
HC1,MCP,-0.7524110064335586
HC1,MEF,0.7246646456680303
HC1,MPY,0.8238092456367059
HC1,MRF,0.721205931588873
HC1,NAC,0.6975966540530952
HC1,NBB,-0.7222672184076707
HC1,NDW,0.7505415361971232
HC1,OCH,-0.652008853162026
HC1,ODE,-0.7676620449720978
HC1,PBP,-0.7347940392211716
HC1,PCH,-0.6950795361101951
HC1,PHH,0.6721278068264164
HC1,PMW,-0.7996316078453691
HC1,PPI,0.7180372610680446
HC1,PRC,-0.7541041096175329
HC1,PSG,0.6907212396872874
HC1,PTC,-0.7174470798306145
HC1,PTG,0.7443329253570046
HC1,QNW,0.697433226818418
HC1,RBC,0.7988485803222604
HC1,SAL,0.8223098294338914
HC1,SBG,-0.661245443334905
HC1,SBT,-0.6609386901559801
HC1,SCD,0.7870779507673743
HC1,SCR,-0.6678870332748866
HC1,SEB,-0.718248529293598
HC1,SP2,-0.6721010824041537
HC1,SPH,0.7425239191606231
HC1,SSF,0.7869423318790243
HC1,SSN,0.6512769564993223
HC1,STW,0.7874145075319553
HC1,TAN,-0.7437503014912864
HC1,TBR,0.6658918004860797
HC1,TCJ,0.8308453087985238
HC1,TDB,-0.7554514701844682
HC1,TGG,-0.7271394180855676
HC1,THN,0.660202911854817
HC1,TKC,0.710499415358472
HC1,TOT,-0.7371347555864622
HC1,TRT,0.6622386640498871
HC1,TSC,-0.6670030175762285
HC1,TST,0.6693946962299224
HC1,TTS,0.7688850318953356
HC1,TVH,0.7906086795663824
HC1,UMC,0.8249362770399826
HC1,VFG,-0.6566629063732493
HC1,VGP,-0.7764683062284538
HC1,VHF,0.7397571847984131
HC1,VKC,0.6885443190911932
HC1,VMT,0.8110653384368829
HC1,VSF,-0.7063001780648025
HC1,VTI,0.6742624594239086
HC1,VXB,0.7336318081151332
HC1,VXP,0.6916788064401964
HC1,X26,0.6748069579865005
HC3,HFC,0.6542297709308412
HCD,HD6,0.6537187176516328
HCD,HNP,-0.6548940390713249
HCD,HUB,0.6579010903438025
HCD,IME,-0.6594949983777105
HCD,IN4,-0.6531358935891476
HCD,KMR,0.7499305776837182
HCD,LCC,-0.6652057631765299
HCD,LHG,0.6951307186096247
HCD,LPB,0.6614433616348374
HCD,LSS,0.7355499890958611
HCD,NBB,0.6724778945656781
HCD,NDN,0.6695564749187476
HCD,NED,0.6593825134562021
HCD,NHA,0.6688725214367732
HCD,PAN,0.7164343285440676
HCD,PHC,0.6522930903982539
HCD,PHH,-0.6511930053584004
HCD,PPI,-0.6707905778057064
HCD,PPT,0.6570282540349297
HCD,PSW,0.7058061389714907
HCD,SAL,-0.7010946538477574
HCD,SBT,0.7002156655732752
HCD,SGT,0.6907064000884626
HCD,SLS,0.7126042852900935
HCD,TDG,0.6865098660666202
HCD,TIP,0.7105123037841388
HCD,TLH,0.7031226009909852
HCD,TNA,0.6554168000165278
HCD,TVB,0.6744421993284314
HCD,TVH,-0.6802472116320515
HCD,VPH,0.7066830775642
HCD,VTI,-0.6610720786478297
HCD,X26,-0.6560550146666619
HCI,HFX,0.6581984147338996
HCI,HKB,0.7816886307320218
HCI,HLT,0.6908968178888721
HCI,HMG,0.7416693565708359
HCI,HPI,0.689105031160407
HCI,IME,0.721269864841858
HCI,MGR,0.6629497547533185
HCI,MIE,0.7579507641752761
HCI,MTB,0.7292814117091584
HCI,NQB,0.7725617100048898
HCI,PHH,0.6746250537265346
HCI,PID,0.6839574547900377
HCI,PMJ,0.6919789264191075
HCI,PVY,0.7229160252440869
HCI,QNT,0.6967907646493662
HCI,QNU,0.8498281104300629
HCI,QST,0.7721992699716842
HCI,SAL,0.6947081629712615
HCI,SCG,-0.7049035243021361
HCI,SFN,0.7044836058623865
HCI,SPH,0.669330195764238
HCI,STS,0.8244088874821692
HCI,TAW,0.6872535268078467
HCI,TRT,0.6505248836399826
HCI,TVG,0.8890910097591606
HCI,TVH,0.7075982852333087
HCI,UCT,0.8357920016902749
HCI,UDL,0.7669751367095121
HCI,UMC,0.683122545073942
HCI,VCT,0.689563889380804
HCI,VTG,0.8112523291148952
HCI,VTI,0.6696153523898549
HCI,VVN,0.6980952776971984
HCI,VXB,0.6797941233031345
HCI,XHC,0.6518490238232206
HCM,HDC,0.7996260114511259
HCM,HDG,0.7401370043987007
HCM,HHV,0.7704797490434119
HCM,HPG,0.8317396621338593
HCM,HQC,0.7282137334448185
HCM,HSG,0.8632410849520156
HCM,HT1,0.6996402856657462
HCM,HUT,0.6770478367247271
HCM,IDC,0.7603412074556584
HCM,IDI,0.7437735036065226
HCM,IJC,0.8111195898543464
HCM,IPA,0.7641557003066932
HCM,ITA,0.650913643053734
HCM,KBC,0.8088097894103718
HCM,KDH,0.6551715372527861
HCM,KHG,0.7158421007039332
HCM,KSB,0.7854202223271183
HCM,L14,0.6563731817257159
HCM,L18,0.658465416502009
HCM,LCG,0.8234623153019462
HCM,LHG,0.7471274003266338
HCM,LPB,0.7864781582009843
HCM,MBB,0.7576685474067171
HCM,MBS,0.9156271032896086
HCM,MIG,0.7000552445115891
HCM,MSB,0.7183848229267472
HCM,MSN,0.7559200521767648
HCM,MWG,0.7380573199061315
HCM,NHA,0.7071190167163669
HCM,NHH,0.6588722490066021
HCM,NKG,0.8554756682181598
HCM,NLG,0.6552879206845662
HCM,NT2,0.7224972169035597
HCM,OCB,0.6608746569745129
HCM,PAN,0.7681688894744585
HCM,PAT,0.6510879508216748
HCM,PC1,0.7828595770312439
HCM,PET,0.742292700257588
HCM,PHR,0.7008626204112923
HCM,PLC,0.712094389101951
HCM,PSI,0.7522819372961365
HCM,PTB,0.6873732466550602
HCM,PVC,0.6948230920252402
HCM,PVD,0.7686112757475871
HCM,PVS,0.7417292183475424
HCM,PVT,0.7766099358284058
HCM,SBS,0.797710219551709
HCM,SBT,0.712219577728159
HCM,SCR,0.794073194520497
HCM,SHB,0.7593172779436336
HCM,SHS,0.8975193389368014
HCM,SKG,0.6836143288328113
HCM,SSI,0.9240247133699254
HCM,STB,0.8126215032534884
HCM,SZC,0.8231725214034529
HCM,TCB,0.7641349533356683
HCM,TCH,0.720493994299275
HCM,TCI,0.7519581435035162
HCM,TIP,0.655205128304952
HCM,TLH,0.7499113323546185
HCM,TNG,0.8437378782385339
HCM,TPB,0.6797303968080781
HCM,TSC,0.6501236551433763
HCM,TTF,0.6725012957932063
HCM,TVB,0.6741007751402669
HCM,VCG,0.7739001755620482
HCM,VCI,0.9312111143405757
HCM,VDS,0.6897925611942578
HCM,VGC,0.6776114286857088
HCM,VGS,0.7780051801389288
HCM,VGT,0.6517551725320254
HCM,VHC,0.6938004240919372
HCM,VIB,0.8004716513039393
HCM,VIG,0.6957111493458508
HCM,VIX,0.7897643247934365
HCM,VLB,0.7035606759778639
HCM,VND,0.850481408371544
HCM,VOS,0.667351865510433
HCM,VPB,0.6626170212275416
HCM,WSS,0.6735993739126769
HCT,HLY,0.6740151410515587
HD6,HFX,-0.6546070361041193
HD6,HNP,-0.7446409107035001
HD6,IME,-0.6554904011000541
HD6,KMR,0.7468526934611067
HD6,L18,0.6600560762874472
HD6,LCC,-0.6872891005137376
HD6,NBB,0.6624983941778106
HD6,ODE,0.659034064878207
HD6,PHH,-0.7055458252642035
HD6,PPI,-0.6638732175922564
HD6,PSW,0.736456325435384
HD6,SAL,-0.749118786862626
HD6,SCG,0.708522033449728
HD6,SFN,-0.7277083314670746
HD6,SSF,-0.679089307321418
HD6,TDG,0.670635804219213
HD6,TDT,0.6997082130815275
HD6,TVH,-0.7049869955539274
HD6,UMC,-0.7025590051197856
HD6,VID,0.6779663516391078
HD6,VTG,-0.6811387085344919
HD6,VTI,-0.7193182379425069
HD6,WTC,0.6538523875853265
HD8,THW,0.6620796105080643
HDA,PAS,0.6676647641106819
HDB,MBB,0.7396942183192848
HDB,MSB,0.668471548827218
HDB,OCB,0.6706389860933042
HDB,POW,0.663112718622291
HDB,STB,0.6885617960634585
HDB,TCB,0.6560278131373198
HDB,TPB,0.7538520636761707
HDB,VIB,0.6507042976751409
HDB,VPB,0.7198533399161684
HDC,HDG,0.7189416396951507
HDC,HHS,0.7442314779604068
HDC,HLD,0.6868305768140113
HDC,HPG,0.7469468372811034
HDC,HQC,0.6994150360394584
HDC,HSG,0.7632437308181361
HDC,HT1,0.7004773127212645
HDC,HUT,0.7015358243119687
HDC,IDC,0.7663768114120036
HDC,IDI,0.7587730577022316
HDC,IDJ,0.7119511731346201
HDC,IJC,0.7184879028482514
HDC,IPA,0.674579457078967
HDC,ITC,0.6593296479498794
HDC,KBC,0.7211228533856797
HDC,KDH,0.693148832147828
HDC,KHG,0.6526621901788193
HDC,KSB,0.7213363375091528
HDC,L14,0.7848941474051139
HDC,LCG,0.7545098576444433
HDC,LDG,0.7156392964717132
HDC,LHG,0.6662518415117189
HDC,LPB,0.686457521294466
HDC,MBB,0.6678564534735486
HDC,MBS,0.7400135627194213
HDC,MIG,0.6583744787234123
HDC,MSB,0.6721709393432946
HDC,MSN,0.6630234182779575
HDC,NHA,0.7315666243059669
HDC,NKG,0.7470629409332079
HDC,NLG,0.7963142948539358
HDC,NT2,0.7613596635029297
HDC,OGC,0.676578185754039
HDC,PAN,0.6755581400339397
HDC,PC1,0.738250891374469
HDC,PET,0.7282479970182254
HDC,PHR,0.7238158151461137
HDC,POW,0.6798053942956466
HDC,PSI,0.671774605843252
HDC,PTB,0.6564803294663925
HDC,PVC,0.6846758412423246
HDC,PVD,0.7115181290472018
HDC,PVS,0.655915785936251
HDC,PVT,0.6678688016269673
HDC,SBS,0.6700927804251526
HDC,SCR,0.7985080937962136
HDC,SHB,0.747514820417204
HDC,SHS,0.7780168853005791
HDC,SKG,0.7137247808607124
HDC,SSI,0.8062465320250982
HDC,STB,0.7360475991196404
HDC,SZC,0.8063876306626918
HDC,TCH,0.7826894770399537
HDC,TCI,0.6980782335289363
HDC,THD,0.7340759809714619
HDC,TIG,0.6620441574523278
HDC,TNG,0.7033791510339275
HDC,TPB,0.6592882337331203
HDC,VCG,0.8218207502946673
HDC,VCI,0.8258944722029944
HDC,VGC,0.7439148073308232
HDC,VGS,0.7292716839868623
HDC,VHC,0.7153868588561001
HDC,VIB,0.6963835335401031
HDC,VIG,0.6523029091240622
HDC,VIX,0.7557602989952026
HDC,VND,0.7436077194238557
HDC,VPB,0.6845666177287667
HDG,HPG,0.7178151676511267
HDG,HSG,0.7167712865511109
HDG,HT1,0.7500352487996673
HDG,IJC,0.6994104721432163
HDG,IPA,0.6727405404272354
HDG,KBC,0.6592475280778468
HDG,KDH,0.6933177810120761
HDG,KSB,0.6825549291842697
HDG,LCG,0.6949492345090581
HDG,LHG,0.6702725456898722
HDG,LPB,0.7497724263650757
HDG,MBB,0.7918731799869108
HDG,MBS,0.7473090079950316
HDG,MIG,0.7117657419505958
HDG,MSB,0.6924115751023355
HDG,MSN,0.7303885685686994
HDG,MWG,0.6797439552224142
HDG,NKG,0.7135438377293
HDG,NT2,0.7408573421958159
HDG,PAN,0.7315991648055387
HDG,PC1,0.7904181770602514
HDG,PET,0.7410517644239728
HDG,POW,0.6532019948295082
HDG,PTB,0.6536322874337733
HDG,PVD,0.6731948060891254
HDG,PVT,0.6663777578976872
HDG,SHB,0.6736595086093333
HDG,SHS,0.739097477737879
HDG,SSI,0.7293451922255378
HDG,STB,0.703361427543779
HDG,SZC,0.6595363186648229
HDG,TCB,0.7043596991903168
HDG,TCH,0.6880807345013205
HDG,TIG,0.7122462029573368
HDG,TNG,0.7247867276459669
HDG,TPB,0.6870350243837868
HDG,VCI,0.7291499545876348
HDG,VDS,0.6721837298208987
HDG,VGS,0.7114183712335559
HDG,VIB,0.7299162252038711
HDG,VIX,0.7276081777539263
HDG,VPB,0.7396265701459317
HDM,HNM,0.7067386138212546
HDM,HQC,0.6993982944693932
HDM,IDC,0.7348881917962172
HDM,KMR,0.6525911633600306
HDM,L14,0.6767254874480947
HDM,L18,0.7338728526542831
HDM,LCG,0.6575941847244077
HDM,LHC,0.6773490565018137
HDM,NBB,0.748799693723206
HDM,NBC,0.723943576194544
HDM,NDX,0.7080929382106715
HDM,ODE,0.6546487386680726
HDM,PMB,0.6567333819057415
HDM,PSE,0.6739467510606172
HDM,PTC,0.7093712199550926
HDM,PXL,0.6581719093430876
HDM,SAM,0.6516988927532368
HDM,SCR,0.690223022272527
HDM,SD9,0.7034461543873938
HDM,THT,0.6791172996160695
HDM,TTF,0.6810927938493019
HDM,TVD,0.6855989695148705
HDM,UMC,-0.6548121222496267
HDM,VMT,-0.6512555841980896
HEC,HLS,-0.663593698922236
HEC,IBD,-0.698740825443406
HEC,KMR,0.6629238587120222
HEC,ODE,0.6640275946179519
HEC,PPT,0.6845356272894989
HEC,RBC,-0.6652211965668109
HEC,SAL,-0.7017889010042848
HEC,SCG,0.666265475808047
HEC,SPH,-0.7332591893136041
HEC,SSF,-0.7177393248943692
HEC,TCJ,-0.7991337283248854
HEC,TVH,-0.6918967422639053
HEC,UMC,-0.6571728257398561
HEC,VXB,-0.6762348749113076
HEC,VXP,-0.7032588979436168
HEC,XDH,-0.6789411873149033
HEJ,TB8,0.69850384334217
HEP,HHN,-0.7807425345469352
HEP,HMS,0.6873730421958046
HEP,HNM,0.7510936491745887
HEP,HOT,-0.7054628898652181
HEP,HPD,0.7138685270509233
HEP,HQC,0.6547466823886086
HEP,HSP,0.6548663197154673
HEP,IN4,-0.8584627708192655
HEP,L40,0.7079718145326347
HEP,L62,-0.6845421049726927
HEP,LAF,0.8132508730736945
HEP,LAI,0.7835018938663942
HEP,LCD,0.7771444417397457
HEP,LUT,-0.7235253969050209
HEP,MCP,0.6973859227111249
HEP,MEF,-0.7359503678594034
HEP,MND,-0.7883523036897433
HEP,MPY,-0.788552025170948
HEP,NAC,-0.7735682275230773
HEP,NDW,-0.6791483394163714
HEP,PBP,0.703190647285061
HEP,PCE,0.7189564864175612
HEP,PCH,0.6762889896737321
HEP,PDN,0.6787645373293166
HEP,POM,-0.6810818573119254
HEP,PPI,-0.6722216868145384
HEP,PTC,0.6634286532849447
HEP,PTG,-0.7556115691424866
HEP,PVX,0.712900636232444
HEP,QNP,0.66841444882671
HEP,SBG,0.7387709787995205
HEP,SCD,-0.70960033362216
HEP,SEB,0.7359209088966957
HEP,SIV,0.7491410624429584
HEP,SP2,0.6865717378318059
HEP,STW,-0.6945783641673727
HEP,TDB,0.6686736040016096
HEP,TDC,0.6528230636354347
HEP,TGG,0.6552264555748571
HEP,THN,-0.754231970268368
HEP,THW,0.662239626559734
HEP,TMW,-0.7185791147280779
HEP,TOT,0.7223898768833756
HEP,TSC,0.6657253345838987
HEP,TUG,0.6735908881187967
HEP,VE2,-0.7397975838865599
HEP,VGP,0.7703677935343759
HEP,VKC,-0.6642025227784917
HEP,VLP,-0.6952918868134413
HEP,VNC,0.672471888242683
HEP,VPC,0.7523049865130439
HEP,VSA,0.6504277668868472
HEP,VSF,0.6991288951847043
HEP,VTZ,0.7347941148407037
HEV,KHW,-0.7000209063432243
HEV,PJS,0.6888638001074147
HEV,SDA,0.6839506020566036
HEV,VDL,0.6554566783052839
HEV,VDT,0.7178513196581733
HFB,RTB,0.7005105236494814
HFC,PWS,0.6532908421467641
HFC,TVM,0.6851138385357833
HFC,VBH,0.7117123312281282
HFC,X20,0.7255600768715065
HFX,HHN,0.7271388042395299
HFX,HKB,0.6684813787786607
HFX,HLA,0.6993209536076315
HFX,HNM,-0.7189881280610023
HFX,HNP,0.7439119284735108
HFX,HOT,0.6955636277708598
HFX,IBD,0.7435004068572906
HFX,IME,0.8517954461411843
HFX,IN4,0.6869081197765258
HFX,KMR,-0.7160348555016102
HFX,LCC,0.912123256235618
HFX,LO5,0.7232800943062957
HFX,LQN,0.675119805943148
HFX,LUT,0.6948715179146587
HFX,MGR,0.7230977454475516
HFX,MPY,0.7418276783591261
HFX,MRF,0.7207690298682684
HFX,MTB,0.7592838881463896
HFX,NDW,0.6869557200122245
HFX,NED,-0.670125264845176
HFX,ODE,-0.7619554345069333
HFX,PAI,0.6762450814980346
HFX,PHH,0.8068646496956314
HFX,PPI,0.7257356920880247
HFX,PPT,-0.673320875209944
HFX,PSG,0.7487104739535531
HFX,QNT,0.8435536333350533
HFX,QST,0.7086732717327121
HFX,QTC,0.7084393900572797
HFX,RBC,0.6690994197158809
HFX,SAL,0.850262582682494
HFX,SCD,0.6805317154895274
HFX,SFN,0.7571642875968524
HFX,SPH,0.7100856135725728
HFX,SSF,0.7964713217981177
HFX,STS,0.701059724364331
HFX,TCJ,0.751037203436636
HFX,TDT,-0.7170634185044465
HFX,TNA,-0.693709781593061
HFX,TRT,0.7495933055598505
HFX,TST,0.7567709867397596
HFX,TVH,0.8422737722230269
HFX,UCT,0.7062891625059362
HFX,UMC,0.866721969009891
HFX,UPC,0.6646378652464797
HFX,VCT,0.7162320203826112
HFX,VE2,0.6941619035350387
HFX,VE3,0.6647048185871233
HFX,VIR,0.65728068449029
HFX,VKC,0.7183961533579735
HFX,VMS,0.7103986894107464
HFX,VTG,0.7212132665841273
HFX,VTI,0.9246394275514718
HFX,VVN,0.7452495538910623
HFX,VXB,0.8217574705508952
HFX,VXP,0.7197910759275036
HFX,X26,0.6657786800897442
HFX,XHC,0.7070177470497708
HGM,HMD,-0.6673217073780403
HGM,HNM,0.6516376539775852
HGM,HNP,-0.6697893707561289
HGM,IRC,-0.690319001671433
HGM,LDW,-0.7125102184590871
HGM,LNC,-0.6992774655132832
HGM,MPY,-0.65789936538897
HGM,MQB,-0.6880349968760753
HGM,MRF,-0.6787501123327244
HGM,SCD,-0.654068259084468
HGM,TD6,0.6514411014165005
HGM,VNI,0.7007346339395016
HGT,HPM,0.6581234749838458
HGT,MIE,0.674359726075953
HGT,MLC,0.7114596295878003
HGT,NBT,0.6739952575630164
HGT,PWS,0.6678708743344199
HGT,SD2,0.6674617042412014
HGT,TOW,0.6865914726529264
HGT,VHF,0.6803858714358448
HGT,XDH,0.6634572053117279
HHB,HLO,0.7175222320437004
HHB,HPA,-0.6690915973390363
HHB,HPO,0.6600613394218363
HHB,LNC,0.6972826524086689
HHB,NLS,-0.760727427680783
HHB,PTM,0.7511312018444596
HHB,RGG,0.8684650252946877
HHB,SLD,0.9680806663853329
HHB,VCK,-0.715802090741107
HHB,VMK,0.6952404273370119
HHB,VPX,-0.7749399936968324
HHN,HLA,0.7647726540082715
HHN,HLS,0.6764554014261811
HHN,HNM,-0.776861852828529
HHN,HOT,0.7782452731313078
HHN,HPD,-0.675881810179022
HHN,IN4,0.8787543514643978
HHN,KGM,-0.6831526385045977
HHN,KMR,-0.7588872394264239
HHN,L62,0.6884231850849337
HHN,LAF,-0.8113920656335712
HHN,LAI,-0.75570347864168
HHN,LCC,0.7841720559407145
HHN,LCD,-0.6782689249777084
HHN,LSS,-0.651544700176685
HHN,LUT,0.8210809497883407
HHN,MCP,-0.6558707078555966
HHN,MEF,0.9100398834407831
HHN,MND,0.7529577579714127
HHN,MPY,0.8685153499894895
HHN,NAC,0.789531481173196
HHN,NDW,0.9231464261013196
HHN,NWT,-0.6562142765331079
HHN,ODE,-0.7142599448323516
HHN,PBP,-0.7085466807835138
HHN,PCE,-0.7255587293190553
HHN,PCH,-0.7157600028215908
HHN,PHH,0.6640995685480823
HHN,POM,0.6569187144679813
HHN,PPI,0.8206762902033319
HHN,PTC,-0.676452791820981
HHN,PTG,0.9344335918724426
HHN,PXM,0.6639207784921072
HHN,QNP,-0.6861030377234083
HHN,QNW,0.728499735927382
HHN,SAL,0.7654007670341659
HHN,SBG,-0.8053275833248527
HHN,SBT,-0.6821672718124433
HHN,SCD,0.7650433528649474
HHN,SII,0.6744320037353203
HHN,SSF,0.6970275607607817
HHN,TAR,0.6780459759313433
HHN,TBR,0.7018227166384884
HHN,TCJ,0.6664346197310884
HHN,TDB,-0.6559702062903359
HHN,THN,0.7793072881943143
HHN,TL4,0.6517808961329414
HHN,TMW,0.7344278636622843
HHN,TOT,-0.6865896658318636
HHN,TRT,0.6636834320083572
HHN,TSC,-0.7097734575267992
HHN,TVD,-0.6721004832888829
HHN,TVH,0.7826717060800182
HHN,UMC,0.7632265125522014
HHN,VCT,0.684608783162798
HHN,VE2,0.892830181038484
HHN,VE3,0.659240328701431
HHN,VGP,-0.7648555916761778
HHN,VKC,0.6989617342132104
HHN,VLP,0.7176969350733519
HHN,VNS,-0.7055184720371415
HHN,VSA,-0.6562385113583348
HHN,VSF,-0.7900889696929678
HHN,VTI,0.7397283450173161
HHN,VTZ,-0.6725833785216992
HHN,X26,0.6732266839393003
HHN,XHC,0.7304588867666953
HHP,PLE,-0.6606203296547135
HHS,HT1,0.7182724750473475
HHS,IDC,0.7566072283428646
HHS,IDI,0.6928895413468539
HHS,KDH,0.6850724871043009
HHS,KSB,0.683273439358967
HHS,L14,0.6802598355769801
HHS,LCG,0.6879680160631202
HHS,LDG,0.6693307416719039
HHS,NLG,0.7425837797648507
HHS,NT2,0.6583469126855166
HHS,PC1,0.7032810436742426
HHS,PHR,0.7064064023241076
HHS,POW,0.7238532681278802
HHS,PXL,0.672931355995659
HHS,SCR,0.6666578220891195
HHS,SZC,0.65888632354013
HHS,TCH,0.8875335333550891
HHS,TIG,0.6552394382020819
HHS,TNI,0.6548640896396482
HHS,TPB,0.6710102856769365
HHS,VCG,0.6865632815303785
HHS,VGC,0.6572697208420853
HHV,HPG,0.7415064481591563
HHV,HSG,0.6966207880027071
HHV,IJC,0.6923813373254487
HHV,IPA,0.7559065172195103
HHV,KBC,0.6780250504351449
HHV,KSB,0.675372104757894
HHV,LCG,0.7296019624624765
HHV,LPB,0.7577405284418977
HHV,MBB,0.690764299524162
HHV,MBS,0.8006748093380451
HHV,MSB,0.7035526179356488
HHV,NAB,0.7721870130525127
HHV,NKG,0.7126840322623209
HHV,ORS,0.7484730865433038
HHV,PAN,0.6814254448278124
HHV,PGB,0.6665406357581513
HHV,PSI,0.6936257661557362
HHV,PVD,0.6592537783617795
HHV,PVS,0.6581740407636001
HHV,SBS,0.7845683574729834
HHV,SCR,0.6988433155903623
HHV,SHB,0.6931798752745559
HHV,SHS,0.7690629948947532
HHV,SSI,0.807253571153672
HHV,STB,0.7011768679080572
HHV,TCB,0.6524588051581708
HHV,TCI,0.7365241592306533
HHV,TLH,0.654566570390645
HHV,TNG,0.6751954341704915
HHV,TVB,0.6736018145104056
HHV,VBB,0.6892307351782336
HHV,VCI,0.7496064686935561
HHV,VIB,0.6897173713727903
HHV,VIG,0.6858640380752203
HHV,VIX,0.6953827754662286
HHV,VND,0.8029430135175879
HHV,WSS,0.6907579227158224
HID,HII,0.7691975064287615
HID,PAT,0.6500163622993055
HID,TNI,0.6672793754287379
HII,TTF,0.6608723503574029
HJS,HPM,0.664819741585215
HJS,PNT,-0.7015698430723977
HJS,VBH,0.653586722289131
HKB,HNP,0.7084620184933417
HKB,HPI,0.685096926419524
HKB,IBD,0.703942589024971
HKB,IME,0.7780444977808971
HKB,MIE,0.666531501053068
HKB,MTB,0.6819136951152338
HKB,NQB,0.6596027564476106
HKB,PAI,0.6643439451181253
HKB,PHH,0.7766484997408146
HKB,PTH,0.6502923948854307
HKB,PVY,0.7548901977922148
HKB,QNT,0.6743255976197936
HKB,QST,0.6834376125551511
HKB,SAL,0.7418458428618615
HKB,SFN,0.7180512285344819
HKB,SSF,0.6744347778571219
HKB,STS,0.7358148151563262
HKB,TAW,0.691507426934184
HKB,TVG,0.6893654328460879
HKB,TVH,0.7081669933515684
HKB,UCT,0.7161517552248956
HKB,UMC,0.6753677246009155
HKB,VCT,0.6533484991745848
HKB,VTG,0.6503465354529897
HKB,VTI,0.7062916150078432
HKB,VXB,0.7194559791621957
HLA,HLS,0.8576016977410195
HLA,HNP,0.6658323833136861
HLA,HOT,0.6841912884357056
HLA,HUB,-0.6734528912203819
HLA,IME,0.7051018839869139
HLA,IN4,0.729072739823819
HLA,KMR,-0.7625336518986452
HLA,L35,0.7370293624698004
HLA,LCC,0.7364672228697678
HLA,LO5,0.7195536103131442
HLA,LUT,0.7663971760225663
HLA,MEF,0.7276506681764779
HLA,MPY,0.6855024740531487
HLA,MRF,0.7092720542989425
HLA,NDF,0.7808546408736026
HLA,NDW,0.7447913896302413
HLA,ODE,-0.7214817664195053
HLA,PBP,-0.6779027067222343
HLA,PHH,0.7005436080878077
HLA,POB,0.6828244976960117
HLA,PPI,0.8646732806845988
HLA,PSG,0.8205078471544165
HLA,PTG,0.7383112714788496
HLA,PXM,0.7923841268748067
HLA,QNW,0.6895758862046488
HLA,RBC,0.7184622975670858
HLA,RCD,0.6520635112644186
HLA,SAL,0.796343947541275
HLA,SBT,-0.6693677467002384
HLA,SCG,-0.650002922449819
HLA,SDY,0.6526192952509792
HLA,SFN,0.6519882440398189
HLA,SPH,0.684724016738863
HLA,SSF,0.7662394778083222
HLA,STS,0.7472169851849703
HLA,STW,0.655345647369765
HLA,TBR,0.6577060738435831
HLA,THU,0.7341809781865233
HLA,TKC,0.6665653411170974
HLA,TVH,0.8364604306311604
HLA,TW3,0.703506579997597
HLA,UMC,0.7884119340387077
HLA,UPC,0.7172269190355481
HLA,V21,-0.6521555800675674
HLA,VCT,0.7421560785252166
HLA,VE2,0.6681743401210618
HLA,VKC,0.7207395221951551
HLA,VMT,0.6777269461909246
HLA,VNX,0.6806460842042443
HLA,VTI,0.7142990509829745
HLA,VVN,0.8091465494369611
HLA,VXB,0.730532011731638
HLA,X26,0.9153389071230699
HLA,XHC,0.6532566716238818
HLC,MDC,0.7371809746371369
HLC,NBC,0.702046092971004
HLC,THT,0.7248372382821185
HLC,TVD,0.6947961018469423
HLD,IDC,0.767621980790164
HLD,IDI,0.6891106236586506
HLD,L18,0.6651864735125003
HLD,NLG,0.707885462413845
HLD,PHR,0.7430162463877094
HLD,PVC,0.6891206359684564
HLD,PVD,0.7264820680757414
HLD,PXL,0.676369476413929
HLD,SKG,0.6976588129607466
HLD,SZC,0.6628734136296868
HLD,UDJ,0.680954341859529
HLD,VCG,0.6815665006778391
HLD,VGC,0.724696490568242
HLO,HMD,0.7342162089976498
HLO,IRC,0.679180411794389
HLO,LDW,0.7436971421309134
HLO,LNC,0.8792935719272237
HLO,MQB,0.741787123821686
HLO,NLS,-0.9463057174289708
HLO,PCG,0.6903696553188297
HLO,PTM,0.8719168988519901
HLO,RGG,0.6948559997927494
HLO,SLD,0.7599392457839009
HLO,SSH,0.7006620651240134
HLO,TAB,0.8223983927637241
HLO,TCK,0.7399719705392658
HLO,TD6,-0.6874155954061186
HLO,VE8,0.6691971412928622
HLO,VMK,0.7087157152690582
HLS,HNP,0.6614744302428769
HLS,HUB,-0.6611283080396719
HLS,IME,0.7034293649299953
HLS,IN4,0.6863145843087642
HLS,KMR,-0.7307968034077312
HLS,L35,0.6999633323974463
HLS,LQN,0.6794416137751004
HLS,LUT,0.6518542926951977
HLS,MPT,0.6563973045580643
HLS,NDF,0.770985808616871
HLS,ODE,-0.7135531298275489
HLS,PBP,-0.7153452429642124
HLS,PHH,0.696999679973665
HLS,PPI,0.8402876467676799
HLS,PSG,0.7913789170515415
HLS,PTG,0.6629400787139755
HLS,PXM,0.6876424849745418
HLS,RBC,0.7390471262185239
HLS,SAL,0.7886598951815109
HLS,SCG,-0.7241209617162518
HLS,SCO,0.6819865254308705
HLS,SII,0.650313729039066
HLS,SPH,0.7328365467140513
HLS,SSF,0.7511668026331356
HLS,STS,0.7854844386427531
HLS,TCJ,0.6853387641199837
HLS,TST,0.6652147217131216
HLS,TVH,0.8431001316918223
HLS,TW3,0.6584504155817987
HLS,UMC,0.7603923002013699
HLS,VCT,0.7361363696385385
HLS,VKC,0.7210537721644269
HLS,VMT,0.7061756622347167
HLS,VVN,0.7931352555888557
HLS,VXB,0.7616222077987539
HLS,VXP,0.6694488822335689
HLS,X26,0.8278695068742707
HLT,HRB,0.6790856494459554
HLT,QNU,0.6924317351813046
HLT,TVG,0.6582613456466713
HLT,VLW,0.6535474434741755
HLY,HSA,0.7190033106705128
HLY,NAW,0.7210890314780221
HLY,NGC,0.673394542448532
HLY,NOS,0.6579934675586732
HLY,STL,0.6830266603840515
HLY,TH1,0.7733102414573919
HLY,THS,0.6759721202360336
HLY,TNM,0.7224045644413553
HLY,TOP,0.691907142916501
HLY,VPC,0.6571411249325116
HLY,VSG,0.6711709537897704
HMD,HTP,0.6683575291577453
HMD,IRC,0.8262538019696567
HMD,L62,0.737630102806496
HMD,LDW,0.8496804799623161
HMD,LEC,0.6517946073317168
HMD,LNC,0.8905595256070283
HMD,MQB,0.8678318252900618
HMD,NLS,-0.7834185003935544
HMD,NVP,0.6565194443852865
HMD,PTM,0.7297645441214735
HMD,QBS,0.6710110577139476
HMD,RYG,-0.6968323766330231
HMD,SLD,0.6529499322394551
HMD,TAB,0.8073554304611263
HMD,TCK,0.8135223497851215
HMD,TD6,-0.6682324857091754
HMD,UXC,0.6926893720259806
HMD,VDG,0.7434845006248774
HMD,VE8,0.7140449100675583
HMD,VMK,0.702535816419944
HMG,LAW,0.789902961414638
HMG,MIE,0.8081440569853748
HMG,MLC,0.8050977925811881
HMG,POB,0.6698955021723242
HMG,PSN,0.6647806395825951
HMG,QST,0.7079923615403028
HMG,SFN,0.6705634012370284
HMG,SPH,0.7632127685411212
HMG,STS,0.7171007287229008
HMG,TVG,0.6569481388537947
HMG,TVM,0.7304612492879894
HMG,UCT,0.6770943064366141
HMG,UDL,0.6709452443256291
HMG,UMC,0.6631477006988472
HMG,VBH,0.8430422469591249
HMG,VHF,0.6837402317787333
HMG,VTG,0.7947567111842827
HMG,VXP,0.6667439863651704
HMS,LAF,0.6633649385857114
HMS,TNW,0.6515972878631227
HMS,VSA,0.6674358765009861
HND,NCT,0.6573300031657602
HND,PPC,0.6834099987010421
HND,PTB,0.6520235483018532
HND,PVT,0.6593245757744296
HND,QNS,0.6640473433013442
HND,QTP,0.745374836519307
HND,RAL,0.6808409429403557
HND,VCS,0.675232480342675
HNI,THW,0.6638889626277982
HNM,HNP,-0.7399738486224035
HNM,HOT,-0.6885923373056055
HNM,ICN,0.7810688525987423
HNM,IN4,-0.7993065823630148
HNM,KMR,0.6927746952211542
HNM,L18,0.6884861985513503
HNM,LAF,0.7501921825385268
HNM,LCC,-0.7520503127508498
HNM,LQN,-0.7311490089108872
HNM,LUT,-0.7572198975841034
HNM,MCP,0.7201442667993916
HNM,MDC,0.656286585293824
HNM,MEF,-0.733770702956031
HNM,MND,-0.6512590136636293
HNM,MPY,-0.8002995759535981
HNM,MRF,-0.6666044376245553
HNM,NAC,-0.6647346174907903
HNM,NBB,0.6806436063420033
HNM,NBC,0.7259548484158914
HNM,NDW,-0.73556573752682
HNM,NED,0.6529603766672005
HNM,NUE,0.673371115477828
HNM,ODE,0.7574832082328018
HNM,PBP,0.6528403835789183
HNM,PCH,0.674063532123836
HNM,PHH,-0.6558708602031313
HNM,PMW,0.7105337173301582
HNM,PRC,0.6869766454443437
HNM,PTC,0.7302990094073791
HNM,PTG,-0.7425909533043414
HNM,QNW,-0.6996828325903981
HNM,RBC,-0.7467550183826455
HNM,SAL,-0.7819813317281652
HNM,SBG,0.6843094921279284
HNM,SCD,-0.7108051482194452
HNM,SEB,0.6566378467616227
HNM,SFN,-0.6682662607224623
HNM,SP2,0.6929522943777329
HNM,SSF,-0.6706074956776429
HNM,STW,-0.7915510985936599
HNM,TCJ,-0.7670912667663492
HNM,TGG,0.668049713866316
HNM,THT,0.6895646931780026
HNM,THW,0.7018391996586594
HNM,TOT,0.7368396889806808
HNM,TRT,-0.6816663618752321
HNM,TSC,0.6706691871483658
HNM,TVD,0.7464690556157395
HNM,TVH,-0.7237054242709345
HNM,UMC,-0.787880182956564
HNM,VE2,-0.6569757140413244
HNM,VFG,0.7138926159003702
HNM,VGP,0.7488137944430638
HNM,VHF,-0.6577764734053013
HNM,VKC,-0.6954137151129293
HNM,VMT,-0.7507439514453162
HNM,VNR,0.6795077404863089
HNM,VNS,0.699570275418268
HNM,VSF,0.7296777685562418
HNM,VTI,-0.7281793759826409
HNM,VTZ,0.6570999810853905
HNM,XHC,-0.6554445317918008
HNP,HOT,0.6572791381988579
HNP,IBD,0.7062487857858346
HNP,ICN,-0.6624494345944791
HNP,IME,0.7550780786326772
HNP,IN4,0.6703838649843329
HNP,KMR,-0.7042921922416399
HNP,L35,0.680617821307121
HNP,LCC,0.7573370875561598
HNP,LQN,0.7870735889308997
HNP,LUT,0.6974321741845741
HNP,MGR,0.6797262938191738
HNP,MLC,0.6788678745126783
HNP,MPY,0.6802573703324211
HNP,MRF,0.8096597990933156
HNP,MTB,0.6668181002741692
HNP,NO1,-0.664690010667525
HNP,ODE,-0.7063194747223321
HNP,PDV,-0.703806299446143
HNP,PGC,-0.6578329017585665
HNP,PHH,0.839799674585402
HNP,PMB,-0.6682025525486351
HNP,PPH,-0.6768224934618011
HNP,PPI,0.687289605835666
HNP,PPT,-0.6822056175674809
HNP,PSG,0.6888208041492576
HNP,PSW,-0.6843577657544674
HNP,QNT,0.6731607283770802
HNP,RBC,0.761149402593829
HNP,SAL,0.8914607584348819
HNP,SCD,0.6899161042149058
HNP,SCG,-0.6574977457654266
HNP,SFN,0.8424659877541035
HNP,SPH,0.6873346499318661
HNP,SSF,0.7739143765118632
HNP,SSM,0.7151332183276734
HNP,STS,0.6949810803695861
HNP,STW,0.6907268745379936
HNP,TCJ,0.8000580193489976
HNP,TDT,-0.6827519165827963
HNP,TOT,-0.6620901347238185
HNP,TRT,0.6559478670163956
HNP,TVH,0.8228668505039332
HNP,UMC,0.8006386436479748
HNP,UPC,0.715924170701652
HNP,VFG,-0.6932483047658463
HNP,VHF,0.7001752376374645
HNP,VKC,0.6917695508908446
HNP,VMT,0.6969347069570989
HNP,VTG,0.6942435079500671
HNP,VTI,0.8042472163996046
HNP,VVN,0.687681325402825
HNP,VXB,0.7332623695133074
HNP,VXP,0.6913402602855797
HNP,XHC,0.6521533807394352
HOM,HT1,0.6805075065027935
HOM,MBG,0.6971191750279467
HOM,PHC,0.6740905031468251
HOM,TDG,0.6781761678592427
HOT,IME,0.6705826067721684
HOT,IN4,0.8176149118085073
HOT,KMR,-0.7108723825290377
HOT,L35,0.680560837692471
HOT,LAF,-0.6682641292457622
HOT,LAI,-0.651218609974743
HOT,LCC,0.7652159307141455
HOT,LSS,-0.6827450161399587
HOT,LUT,0.6656732924037289
HOT,MEF,0.703997086193295
HOT,MND,0.6750980951777974
HOT,MPY,0.8406090304312045
HOT,MRF,0.7188043607802722
HOT,NAC,0.7123212907275119
HOT,NDW,0.7011756997842181
HOT,ODE,-0.6594437497500477
HOT,PBP,-0.6500888598862151
HOT,PCH,-0.6868591814521268
HOT,PPI,0.6890191268854005
HOT,PTG,0.7164803779323395
HOT,PXM,0.6700272760832421
HOT,SAL,0.7416936329803729
HOT,SBG,-0.7121203711280142
HOT,SBT,-0.6927787661888568
HOT,SCD,0.7707655779567892
HOT,SD4,0.6771853670812614
HOT,SKG,-0.668411065643736
HOT,SSF,0.6820725633787531
HOT,TB8,0.7295637188653172
HOT,TCJ,0.6557443747376859
HOT,TDC,-0.6514001714357239
HOT,THN,0.6820698061437264
HOT,TNA,-0.6631028189199724
HOT,TOT,-0.6647291727182963
HOT,TSC,-0.6801080732097753
HOT,TTS,0.6580294962147452
HOT,TVH,0.7097986558027685
HOT,UMC,0.7274929727159175
HOT,VE2,0.727068014352466
HOT,VGP,-0.6878238809319558
HOT,VNS,-0.6791075099084166
HOT,VTI,0.7223314134779724
HPA,HPO,-0.8409295300137706
HPA,SLD,-0.7300650424690255
HPA,VMK,-0.7067461552682961
HPB,VTE,0.6687642605568492
HPD,HSP,0.8383241895691411
HPD,IFS,0.6791333412664422
HPD,KTS,0.6660769568300811
HPD,L40,0.6812423206502375
HPD,LAF,0.7133645463089903
HPD,LAI,0.782384073652007
HPD,LCD,0.6964064983484366
HPD,MND,-0.6604287436326219
HPD,NBE,0.6858264223758561
HPD,NWT,0.6842196766166373
HPD,PCE,0.7845459717263543
HPD,STL,0.7049046605940877
HPD,TDS,0.6687451387344582
HPD,TMB,0.6664122556800193
HPD,TPS,0.662957155415448
HPD,TUG,0.6801736975829187
HPD,TVA,0.6525473485977231
HPD,VCF,0.7174958264776015
HPD,VE2,-0.6531514365530042
HPD,VPC,0.666522575656713
HPD,VSF,0.6662808067630803
HPD,VTZ,0.700459478745497
HPG,HQC,0.6590311161224296
HPG,HSG,0.8591133401032559
HPG,HT1,0.7274573268232365
HPG,HUT,0.6654031272999944
HPG,IDC,0.7194046154367735
HPG,IDI,0.6873757580446788
HPG,IDV,0.6563858869669524
HPG,IJC,0.7613586551677011
HPG,IPA,0.7300447017630142
HPG,KBC,0.7536878662060141
HPG,KDH,0.7237849901556225
HPG,KHG,0.675241542402477
HPG,KSB,0.7459327034023313
HPG,L14,0.670897996842759
HPG,LCG,0.773705993297667
HPG,LPB,0.7633165253517437
HPG,MBB,0.8175411680600875
HPG,MBS,0.7920339731889215
HPG,MSB,0.7164084543244789
HPG,MSN,0.7756487091997057
HPG,MWG,0.7525304763603814
HPG,NAB,0.6618137791844529
HPG,NKG,0.8503585821061457
HPG,NLG,0.6904934597305086
HPG,NT2,0.6997524779860191
HPG,PAN,0.7210914016250901
HPG,PC1,0.7296059118532529
HPG,PET,0.7070956489032105
HPG,PHR,0.6753652638084949
HPG,PLC,0.6576821758742586
HPG,PSI,0.6653367948044364
HPG,PTB,0.698045770656714
HPG,PVC,0.6565757028799512
HPG,PVD,0.704258616347446
HPG,PVS,0.6759361408300527
HPG,PVT,0.7145823649525941
HPG,SBS,0.7892508392450237
HPG,SCR,0.7685668627558998
HPG,SHB,0.7661737987221285
HPG,SHS,0.8159360689215474
HPG,SSI,0.8454465543692806
HPG,STB,0.7906288752249961
HPG,SZC,0.7468494229768609
HPG,SZL,0.6732121588604804
HPG,TCB,0.7820901214237945
HPG,TCH,0.6792532344446861
HPG,TCI,0.7159605220867815
HPG,TCT,0.6570444257960211
HPG,TIG,0.6510159300212082
HPG,TLH,0.7273732880165821
HPG,TNG,0.7284098772916278
HPG,TPB,0.7028611010027231
HPG,TRC,0.6942551777945447
HPG,TTF,0.665619490358696
HPG,VBB,0.6522371674315629
HPG,VCB,0.7095415776819467
HPG,VCG,0.7672413882618581
HPG,VCI,0.8384415920712497
HPG,VGS,0.700550770327506
HPG,VIB,0.753885456600999
HPG,VIX,0.7305136251687513
HPG,VLB,0.7164670669050384
HPG,VND,0.7867318669225518
HPG,VPB,0.7228842897113372
HPI,HPM,0.7663882348560175
HPI,MIE,0.7309572008978191
HPI,NGC,0.7000091242983498
HPI,NQN,0.7033110941341373
HPI,PID,0.7367663640458253
HPI,PVY,0.7507202203868977
HPI,PWS,0.6959371383444103
HPI,TTD,0.7027075227381869
HPI,UCT,0.689771496772022
HPI,VBH,0.6850876859451431
HPI,VES,0.6951449088252519
HPM,MIE,0.6540450743016106
HPM,MLC,0.6727284292138946
HPM,NGC,0.710565873053956
HPM,NQN,0.7017667853523483
HPM,PIS,0.672319693543466
HPM,PWS,0.9019644956867351
HPM,VBH,0.7183884569872109
HPM,VGR,0.6591173795122566
HPM,VHF,0.658200961045319
HPO,SLD,0.7092375226143868
HPO,VMK,0.7083719896739221
HPT,PTH,0.6612992799445643
HQC,HSG,0.7148112898606919
HQC,HT1,0.7152746706262832
HQC,HTG,0.6751367671861946
HQC,HUB,0.6802383148001213
HQC,HUT,0.757728077510588
HQC,IDC,0.7971920556272466
HQC,IDI,0.8115515525962391
HQC,IDJ,0.6781337731511147
HQC,IJC,0.7009688265322538
HQC,IN4,-0.7034232451023655
HQC,ITA,0.6787861834687339
HQC,JVC,0.7016276951911474
HQC,KBC,0.6772531722528035
HQC,KHG,0.728480924274632
HQC,KMR,0.7343560804057274
HQC,KSB,0.7513608839711351
HQC,L14,0.7348925067761595
HQC,L18,0.7648741419154699
HQC,LCG,0.8407761073328485
HQC,LDG,0.7063067648983805
HQC,LIG,0.750129924592189
HQC,LSS,0.6676644629853972
HQC,MBG,0.6644895463365488
HQC,MBS,0.6739767482546364
HQC,MSN,0.711593217444889
HQC,NBB,0.7287499495355992
HQC,NBC,0.6899481005351026
HQC,NDN,0.6502108216708075
HQC,NHA,0.7263694386754223
HQC,NHH,0.6979834435860527
HQC,NKG,0.741226451107587
HQC,NLG,0.6853067400788111
HQC,ODE,0.6649199120164174
HQC,OGC,0.7304013276454216
HQC,PC1,0.6811025646197088
HQC,PET,0.6876733609845088
HQC,PHC,0.6561568488775306
HQC,PMB,0.6594296617223702
HQC,PSI,0.6895267028867391
HQC,PTC,0.6505139748951518
HQC,PVC,0.6881989295256977
HQC,PVD,0.6559673705452028
HQC,PXL,0.6609413791891621
HQC,SBT,0.7227404259039598
HQC,SCR,0.8391706758370192
HQC,SHB,0.6820135867547722
HQC,SHS,0.6649129331345053
HQC,SKG,0.7509340786444186
HQC,SSI,0.721970260562848
HQC,STB,0.6520004370119744
HQC,SZC,0.7544068770547109
HQC,TCI,0.693303653688883
HQC,TDC,0.663335654608147
HQC,TID,0.6563746615209483
HQC,TIG,0.6772083765920682
HQC,TIP,0.7140463192675174
HQC,TLD,0.7114046643937322
HQC,TLH,0.6640713640805018
HQC,TNG,0.6962377893110957
HQC,TOT,0.6563747374386573
HQC,TSC,0.7417721764632178
HQC,TTF,0.7817356739419159
HQC,TVD,0.6588929951407037
HQC,VCI,0.6885624620176491
HQC,VGC,0.6877751856565464
HQC,VGP,0.6515478972628631
HQC,VGS,0.6652242898195061
HQC,VHC,0.6690659914180445
HQC,VIB,0.676072432922808
HQC,VIG,0.6957355711453282
HQC,VIX,0.6846401608167685
HQC,VND,0.6783113318132942
HQC,VPH,0.7179123010319878
HRB,SCO,0.8056788217795862
HRB,STS,0.6720652158690624
HRB,TAW,0.7141314217956466
HSA,PTE,0.7244690842958454
HSA,SD8,0.7406288997842665
HSA,STT,0.6764223760284189
HSA,TH1,0.7300312859750872
HSA,THS,0.6951621026262058
HSA,THU,0.7098262527375705
HSG,HT1,0.6928579132617011
HSG,HUT,0.7202521706303506
HSG,IDC,0.6971093093052333
HSG,IDI,0.7829831248959512
HSG,IJC,0.7874177341695163
HSG,IPA,0.7102015258617483
HSG,ITA,0.6767375217308083
HSG,KBC,0.6967639195806605
HSG,KHG,0.6917825210593594
HSG,KSB,0.8051761206032685
HSG,L14,0.6929311571270073
HSG,L18,0.6906769781813447
HSG,LCG,0.805838213809725
HSG,LHG,0.7252939931819813
HSG,LPB,0.7593289522654619
HSG,LSS,0.6576084817774471
HSG,MBB,0.7191618372982691
HSG,MBS,0.8184411284234373
HSG,MIG,0.6528916916758154
HSG,MSN,0.7230275326623963
HSG,MWG,0.682359011735774
HSG,NHA,0.7419688216426762
HSG,NKG,0.947944542889656
HSG,NT2,0.6992560355496183
HSG,OCH,0.6877454794192406
HSG,OGC,0.696401118531211
HSG,PAN,0.7280345445858218
HSG,PC1,0.7549942003612928
HSG,PET,0.7254789770692203
HSG,PHR,0.6650876478013336
HSG,PSI,0.6852524515215811
HSG,PTB,0.6623443353057292
HSG,PVB,0.6850137046084559
HSG,PVC,0.6792744603243551
HSG,PVD,0.7246842922839002
HSG,PVP,0.6778740616062703
HSG,PVS,0.6698439038283939
HSG,PVT,0.7256241013198933
HSG,SBS,0.780483334761777
HSG,SBT,0.7189514500787744
HSG,SCR,0.7757414100454891
HSG,SHB,0.6990608666364531
HSG,SHS,0.7981441705848299
HSG,SKG,0.7287522936514262
HSG,SSI,0.8158304248301428
HSG,STB,0.7298343546276408
HSG,SZC,0.8106813441658008
HSG,TCB,0.6908191302937965
HSG,TCH,0.6899467696679532
HSG,TCI,0.7368576672966733
HSG,TDC,0.698543107679171
HSG,TIG,0.7050472320290528
HSG,TIP,0.6834618100698867
HSG,TLH,0.8500884447127891
HSG,TNG,0.7731112205591425
HSG,TSC,0.6650245026617628
HSG,TTF,0.6599496089933623
HSG,TVB,0.6648461458936807
HSG,VCG,0.76731384552899
HSG,VCI,0.848495345418991
HSG,VGC,0.6658339725861744
HSG,VGS,0.8034856013839087
HSG,VIB,0.7257242437617502
HSG,VIG,0.721507596546103
HSG,VIX,0.7331424327854191
HSG,VLB,0.7053205584739021
HSG,VND,0.748131010423422
HSG,VOS,0.6586924296997066
HSG,VSA,0.6660837088721607
HSG,WSS,0.6583675278917931
HSP,HTL,0.6747525492704264
HSP,HU6,0.7311706461292525
HSP,IFS,0.6772432561383119
HSP,KGM,0.6964522355942482
HSP,L40,0.7112736579845333
HSP,LAF,0.6532598028107212
HSP,LAI,0.7591282719424715
HSP,LCD,0.6984191200062988
HSP,MH3,0.7446605930785926
HSP,MND,-0.6920310961606569
HSP,NWT,0.6742786100213611
HSP,PAP,0.734779732621065
HSP,PCE,0.762316989628432
HSP,PDN,0.6505636971415415
HSP,PTH,0.65784285676685
HSP,STL,0.7448195475652676
HSP,TPS,0.6740588452008317
HSP,TSD,0.6543574314608196
HSP,TUG,0.6631198385240582
HSP,TVA,0.784238823885627
HSP,VE2,-0.671375126747669
HSP,VPC,0.7355568379742071
HSP,VPR,0.6958058038043554
HSP,XPH,0.717357978511779
HT1,HUT,0.6796976256797465
HT1,IDC,0.7641103277498537
HT1,IDI,0.7534858015632467
HT1,IJC,0.658485642627563
HT1,JVC,0.6627186459136377
HT1,KBC,0.717588850670598
HT1,KDH,0.7567579898545599
HT1,KSB,0.7926820662618699
HT1,L14,0.6841469449054309
HT1,LCG,0.7987734269858167
HT1,LDG,0.6676562664782943
HT1,LIG,0.7046496858209836
HT1,LPB,0.6580650140518682
HT1,MBB,0.7125375090146989
HT1,MSN,0.7511105541232771
HT1,NDN,0.6529472581587014
HT1,NHA,0.6557912103365281
HT1,NKG,0.7217757701022618
HT1,NLG,0.7512508321234594
HT1,NNC,0.6552928705367068
HT1,NT2,0.7193577422478176
HT1,OCB,0.662582305713136
HT1,PAN,0.7164094279297235
HT1,PC1,0.7707858082038389
HT1,PET,0.7224690812723042
HT1,PHR,0.6893619278476656
HT1,PLC,0.7289864000820593
HT1,POW,0.7013251097355087
HT1,PSD,0.66352583416107
HT1,PVC,0.6870446830994937
HT1,PVD,0.6842958944717598
HT1,PVS,0.6656577250078006
HT1,PVT,0.7075551302519246
HT1,SCR,0.7412179995662245
HT1,SHS,0.7116462506176267
HT1,SSI,0.7376189630826044
HT1,STB,0.7262067167749732
HT1,SZC,0.6771475499024597
HT1,TCH,0.696946501394977
HT1,TIG,0.7026078454176325
HT1,TNG,0.7299261918577354
HT1,TPB,0.7069961766223731
HT1,TTF,0.6750391023563739
HT1,UDJ,0.6595863777734675
HT1,VCG,0.6766545936445226
HT1,VCI,0.6865504781042854
HT1,VGC,0.7070735453245564
HT1,VGS,0.6868870629455363
HT1,VIB,0.6915313767032235
HT1,VIX,0.7334106935492122
HT1,VND,0.6719625248199984
HT1,VPB,0.7375595473495072
HTC,IBD,0.6952905555405979
HTC,KHD,0.727024811237388
HTC,NDP,0.6691562039674938
HTC,SGD,0.6521411366470528
HTC,VMS,0.6953428408754035
HTG,IDC,0.6956463452645308
HTG,IDI,0.68267278619658
HTG,L18,0.6958600783558112
HTG,LAS,0.68166219485327
HTG,LHG,0.724889705476601
HTG,LIG,0.6709917250002827
HTG,MBG,0.6550621823454418
HTG,NBC,0.6542015202468937
HTG,PAN,0.656702038297133
HTG,PGC,0.6652665241784713
HTG,PPH,0.7031639315222792
HTG,PSE,0.6558662945594461
HTG,REE,0.7163999838766671
HTG,SKG,0.7027732597104864
HTG,STK,0.6647550780697187
HTG,SZC,0.6791607608252865
HTG,TCM,0.6934220436933759
HTG,TNG,0.6679571627359214
HTG,VGS,0.7224070379342727
HTG,VHC,0.6772003904604081
HTG,VNR,0.6528711423568779
HTG,VSH,0.7030973480808207
HTL,LCD,0.6678671469789449
HTL,MND,-0.670499879657417
HTL,VPR,0.6809358882533418
HTN,L14,0.6795255065101286
HTP,IN4,0.7486058071111557
HTP,IRC,0.7565302459147557
HTP,L62,0.7493001601372523
HTP,LCD,-0.7037147731931586
HTP,LDW,0.7197234691628325
HTP,LM7,0.6754677385677714
HTP,LNC,0.6629211861581112
HTP,MND,0.7392617800136955
HTP,MPY,0.7444350127227936
HTP,MQB,0.6607400876575011
HTP,MTS,-0.6750684461919753
HTP,NAC,0.7743660125860957
HTP,NVP,0.6905701915817178
HTP,PCH,-0.6985068879506576
HTP,PIV,-0.6988250344744912
HTP,POM,0.6961994240576416
HTP,QBS,0.7700928724683577
HTP,RYG,-0.6520817897842721
HTP,SCD,0.7547748604491518
HTP,SGC,-0.658477179193908
HTP,TB8,0.7371543332732523
HTP,THN,0.7688198513032747
HTP,TVA,-0.6557883547100469
HTP,UXC,0.7092550028795372
HTP,VDG,0.777131114854327
HTP,VE2,0.6578489655339146
HTP,VE8,0.6876894187327669
HTP,VGP,-0.6502788055016936
HTP,VLP,0.6671580391369424
HTP,VPR,-0.7073701980485261
HTP,VUA,0.69353084412665
HTT,S12,0.7777232692117831
HU4,PHC,0.6672557230565269
HU6,TSD,0.6509018082370929
HU6,VPR,0.6762010066692844
HUB,HUT,0.6528561781523614
HUB,IDI,0.7197703184466966
HUB,IN4,-0.6764006981289098
HUB,KMR,0.6853361811112301
HUB,LCG,0.6785690633813671
HUB,LHG,0.6848000447976442
HUB,NBB,0.6627237140535829
HUB,NKG,0.6569635578822629
HUB,OGC,0.6774300247461115
HUB,PBP,0.6642606286894558
HUB,PTB,0.6522200159155644
HUB,PVD,0.656890595715103
HUB,REE,0.6628237756560095
HUB,SKG,0.7678878990797308
HUB,TIP,0.6891410108251307
HUB,TLD,0.6688661635294263
HUB,TSC,0.7021373886775445
HUB,VGC,0.6621714774453794
HUB,X26,-0.6570524327363625
HUT,IDC,0.7107272902243446
HUT,IDI,0.7632498574941409
HUT,IPA,0.6536544809459487
HUT,KHG,0.6708500781269028
HUT,LCG,0.711020511131765
HUT,MBS,0.678594542673793
HUT,MSN,0.660123410732132
HUT,NKG,0.7459614507271679
HUT,OGC,0.7023226400011602
HUT,PC1,0.7537051981682095
HUT,PET,0.7316645160497363
HUT,PSI,0.6591662456109264
HUT,PVC,0.759591328437104
HUT,PVD,0.6820055495629778
HUT,PVS,0.7098473151010957
HUT,SCR,0.739734742614944
HUT,SHB,0.658107139116822
HUT,SHS,0.7058670543874502
HUT,SSI,0.7251938277725594
HUT,SZC,0.6995421748696455
HUT,TNG,0.6642044464555041
HUT,TSC,0.6991352574263634
HUT,TTF,0.6621287984517144
HUT,VGC,0.6545303697684541
HUT,VHC,0.6575578109410144
HUT,VIX,0.7249999005100591
HUT,VND,0.7218301363845523
HVH,VTO,0.6722453467756991
IBD,IME,0.7558884144317523
IBD,LCC,0.7229450919356453
IBD,MGR,0.7951356634992507
IBD,MIE,0.8050090838784334
IBD,MRF,0.6652753403666435
IBD,MTB,0.8178857410764392
IBD,NDP,0.6806496094477253
IBD,ODE,-0.6887229621683492
IBD,PAI,0.7463860163773025
IBD,PHH,0.713102197997415
IBD,PMJ,0.7175448958707547
IBD,PPT,-0.7684194783378432
IBD,PSW,-0.6927273313770324
IBD,PTX,0.6562847117338059
IBD,QNT,0.7445604980636438
IBD,QST,0.6761610571165098
IBD,SAL,0.7742080634450981
IBD,SFN,0.6996385031346071
IBD,SGD,0.6955302119988911
IBD,SPH,0.8090135579655118
IBD,SSF,0.878626543896347
IBD,SSM,0.693633281234908
IBD,TCJ,0.8056667189819287
IBD,TKC,0.6708765044216949
IBD,TRT,0.6702003311485772
IBD,TST,0.703044164750127
IBD,TVH,0.7593063792719003
IBD,UMC,0.7979786575406392
IBD,UPC,0.7490479985447168
IBD,VTG,0.7116718439240085
IBD,VTI,0.7312359805846527
IBD,VXB,0.8351529615381996
IBD,VXP,0.9052852098966943
IBD,XDH,0.7716726672873356
ICC,VIR,0.6550384667736264
ICI,UDL,0.6786045037257198
ICI,VTG,0.655531779185071
ICN,IN4,-0.6567600290635044
ICN,LUT,-0.6888895632355304
ICN,MLC,-0.6630984033854157
ICN,MPY,-0.6602044494520939
ICN,OCH,0.7396494807299057
ICN,PTC,0.6980061498017068
ICN,QNW,-0.6570797240069469
ICN,RBC,-0.7335605108980273
ICN,SAL,-0.6531481551810684
ICN,STW,-0.701891727339813
ICN,TAN,0.6632302744445748
ICN,TCJ,-0.7015669738807842
ICN,TDB,0.6701058701396002
ICN,TOT,0.6678840602144352
ICN,UMC,-0.6524015177097909
ICN,VFG,0.6576877963544258
ICN,VHF,-0.667487589534303
ICN,VMT,-0.7169581747204501
IDC,IDI,0.8112107190803522
IDC,IDV,0.6580331032413839
IDC,IJC,0.685617421747709
IDC,IPA,0.6560249785129156
IDC,ITA,0.671986502461478
IDC,ITC,0.6541209780537213
IDC,JVC,0.7517561319330972
IDC,KBC,0.7696887339633971
IDC,KDH,0.6776119163141398
IDC,KHG,0.6786607006022756
IDC,KMR,0.6900959348314103
IDC,KSB,0.7462698170342182
IDC,L14,0.7309421807932063
IDC,L18,0.7922466609182228
IDC,LAS,0.6977501434608779
IDC,LCG,0.8015961548363845
IDC,LDG,0.6879123598309976
IDC,LGL,0.6520863424304354
IDC,LHC,0.6931125599996857
IDC,LHG,0.7195386033935409
IDC,LIG,0.7386918705525971
IDC,LPB,0.6521475300358954
IDC,MBB,0.6724511960126355
IDC,MBG,0.6845962802912081
IDC,MBS,0.6622329352760881
IDC,MPC,0.6504710330776029
IDC,MSN,0.6854210752398112
IDC,NBB,0.7120064631082358
IDC,NBC,0.701254223593654
IDC,NDX,0.663540379534822
IDC,NHA,0.6791155305872291
IDC,NHH,0.6524570423826769
IDC,NKG,0.7245801473629762
IDC,NLG,0.7467439373833231
IDC,NT2,0.7020197879315158
IDC,OCH,0.6868313891101725
IDC,ODE,0.6540437070583923
IDC,OGC,0.7308734778268924
IDC,PAN,0.7715299038294539
IDC,PAT,0.6953924063020259
IDC,PC1,0.754501000839523
IDC,PDB,0.658022510940627
IDC,PET,0.7387473314814779
IDC,PFL,0.6657821535977195
IDC,PGC,0.6758938848720807
IDC,PHC,0.7014732659327481
IDC,PHR,0.8175148614398596
IDC,PLC,0.7875712138163123
IDC,POW,0.7530152739879128
IDC,PSD,0.6889020841397515
IDC,PSI,0.7280427282987371
IDC,PTB,0.6680146049490396
IDC,PTC,0.6646141981694672
IDC,PVC,0.7835738788467258
IDC,PVD,0.7943746606247614
IDC,PVG,0.6979843662452908
IDC,PVS,0.752065102208943
IDC,PVT,0.7319543192677193
IDC,PXL,0.7332090060588259
IDC,QTP,0.7034753805525267
IDC,SAM,0.6837229060692946
IDC,SBS,0.7031250972762555
IDC,SCR,0.8197973587201115
IDC,SD9,0.6633926033253627
IDC,SHB,0.7542323230199999
IDC,SHS,0.7000576446175644
IDC,SKG,0.7419257305640219
IDC,SSI,0.7504599310054396
IDC,STB,0.7309291004324224
IDC,SZC,0.8036758785445036
IDC,TCD,0.652027352560952
IDC,TCH,0.7065814786801987
IDC,TCI,0.7298644182650282
IDC,THD,0.6959627044412767
IDC,TID,0.7010978135673378
IDC,TIP,0.6697487993378775
IDC,TLD,0.685109451058725
IDC,TNG,0.7840215182674641
IDC,TNI,0.6676598013828012
IDC,TPB,0.700462638150825
IDC,TSC,0.7075898155340515
IDC,TTF,0.7482288919668192
IDC,TVB,0.6667786435119549
IDC,UDJ,0.7074853178545563
IDC,VCG,0.7001436483050539
IDC,VCI,0.7067379838685375
IDC,VGC,0.8176548575779387
IDC,VGS,0.7193598048316595
IDC,VGT,0.7229506002708564
IDC,VHC,0.7891599810377714
IDC,VIB,0.7068282060255034
IDC,VIG,0.6648497502359291
IDC,VIX,0.7000728579815232
IDC,VMT,-0.6768671256621425
IDC,VND,0.7295925949394644
IDC,VPH,0.6573135365808481
IDI,IDJ,0.671352485068389
IDI,IJC,0.6723694296118486
IDI,IN4,-0.6719747355840555
IDI,ITA,0.732266277305968
IDI,ITC,0.6908339809043792
IDI,JVC,0.6714529316158839
IDI,KBC,0.6896050516432444
IDI,KMR,0.6550575389093143
IDI,KSB,0.7930218431508532
IDI,L14,0.7334280244457418
IDI,L18,0.7203978867282729
IDI,LAS,0.6549342388159772
IDI,LCG,0.8240446436554488
IDI,LDG,0.7260879273675551
IDI,LHC,0.6776294735715765
IDI,LHG,0.7382126703795161
IDI,LIG,0.7295664406253354
IDI,MBS,0.6685290650091168
IDI,MSN,0.6546007984984917
IDI,NBB,0.6531500865051706
IDI,NBC,0.654532903156165
IDI,NHA,0.7270201296845644
IDI,NHH,0.680191501602541
IDI,NKG,0.7681349600480938
IDI,NLG,0.703723522187438
IDI,NT2,0.7069366066819986
IDI,OCH,0.7122795205452527
IDI,OGC,0.7839988139625041
IDI,PAN,0.7027681106091259
IDI,PC1,0.738455818141429
IDI,PET,0.7177079332052798
IDI,PHR,0.7315418609974512
IDI,PLC,0.6735168294128623
IDI,POW,0.6663210241574209
IDI,PSI,0.6675490784923694
IDI,PTB,0.6513278228299586
IDI,PTC,0.6712892769241512
IDI,PVC,0.7671918988322194
IDI,PVD,0.7401065827248007
IDI,PVG,0.6550790512549036
IDI,PVS,0.6585173629580386
IDI,PVT,0.6984606795399775
IDI,PXL,0.7219066952763029
IDI,REE,0.653716478827928
IDI,SBT,0.6705230511603093
IDI,SCR,0.793123240787941
IDI,SD9,0.6500046182227326
IDI,SHS,0.685587674963887
IDI,SKG,0.7778830883988108
IDI,SSI,0.7230177532505212
IDI,SZC,0.8141738253562214
IDI,TCH,0.6784320752549617
IDI,TCI,0.697174220627454
IDI,TDC,0.705123447653993
IDI,THD,0.6699388201662276
IDI,TID,0.6687787220075037
IDI,TIG,0.7148385019357626
IDI,TIP,0.7230106964731428
IDI,TLD,0.6703624934394645
IDI,TLH,0.7366554165112331
IDI,TNG,0.7420558669502313
IDI,TPB,0.6553161548168653
IDI,TSC,0.6980044205995595
IDI,TTF,0.6833429833987602
IDI,VCG,0.7235704703342161
IDI,VCI,0.711447067368763
IDI,VGC,0.8406167936537055
IDI,VGS,0.731061366615792
IDI,VHC,0.738518691410783
IDI,VIB,0.6814912034676253
IDI,VIG,0.7243150785212539
IDI,VIX,0.7016811271613634
IDI,VND,0.6832790388370807
IDI,VPH,0.6755277803538853
IDJ,L14,0.6900182180717809
IDJ,LCG,0.6663864017084768
IDJ,LDG,0.675686739337469
IDJ,LIG,0.7220588094241442
IDJ,NHA,0.7424271221123484
IDJ,NLG,0.6739672924165026
IDJ,PFL,0.6676254050071819
IDJ,PXL,0.6963724794465
IDJ,SKG,0.6806196354833779
IDJ,TDC,0.6654423804942792
IDJ,TIG,0.7456927809360665
IDJ,VPH,0.6573827892914611
IDV,MSN,0.6574275849632751
IDV,NTC,0.6933637044706047
IDV,RAL,0.6648767734581624
IDV,VCS,0.6601623128879816
IDV,VGT,0.666094697973928
IFS,LCD,0.7034940945021438
IFS,PDN,0.6872063434721405
IFS,SIV,0.6652991174471159
IFS,VPR,0.6504616339254834
IJC,IPA,0.6830626220035025
IJC,IVS,0.6614070255825303
IJC,JVC,0.6543126808551669
IJC,KBC,0.7237732481807452
IJC,KDH,0.6540117698646106
IJC,KHG,0.6993715064163436
IJC,KSB,0.751721798419805
IJC,LCG,0.7933151537352122
IJC,LHG,0.6659322664451409
IJC,LPB,0.7462776298313231
IJC,LSS,0.6849660592471113
IJC,MBB,0.6983396520649369
IJC,MBS,0.790664346568784
IJC,MSB,0.7160076211543729
IJC,MSN,0.6635478933159942
IJC,MWG,0.6558338169645678
IJC,NHA,0.6867981915997372
IJC,NHH,0.6787702947334406
IJC,NKG,0.7965898671874403
IJC,PAN,0.7609038567641524
IJC,PC1,0.6765165100802084
IJC,PSI,0.7262780619630418
IJC,S99,0.671579874909796
IJC,SBS,0.7269551234939482
IJC,SBT,0.7078754613544865
IJC,SCR,0.7912180162006429
IJC,SHB,0.761811100620148
IJC,SHS,0.7629099040887286
IJC,SSI,0.7801066351645477
IJC,STB,0.6831198014074561
IJC,SZC,0.7226193174018145
IJC,TCB,0.720254053232755
IJC,TCI,0.7861997610682623
IJC,TDC,0.6681287604717572
IJC,TLH,0.711602950382802
IJC,TNG,0.6908183956973863
IJC,TPB,0.6658287981048743
IJC,TVB,0.7137739300349848
IJC,VCG,0.6870681913242657
IJC,VCI,0.8176890800689849
IJC,VGS,0.6788619796193666
IJC,VIB,0.7255183517704004
IJC,VIG,0.6979532694258637
IJC,VIX,0.7254086944236995
IJC,VND,0.7422412057899674
IJC,WSS,0.6892023961259436
IME,KMR,-0.6893485243809583
IME,LCC,0.8538419139597713
IME,LO5,0.7674689429769351
IME,LQN,0.6693533038886739
IME,MGR,0.7281053527723034
IME,MPY,0.654649759107903
IME,MRF,0.7131876323548934
IME,MTB,0.7497905752141367
IME,ODE,-0.6591411008752257
IME,PAI,0.6595084432247761
IME,PBC,-0.6542863186558139
IME,PHH,0.8811510191118033
IME,PPI,0.8094674859444807
IME,PPT,-0.7077422623448064
IME,PSG,0.7921125210971726
IME,PXM,0.6798521046260901
IME,QNT,0.7966651477208497
IME,QTC,0.7721274627663226
IME,SAL,0.8758465149276067
IME,SCD,0.6880389219406398
IME,SCG,-0.7209544112074637
IME,SCO,0.6572961807441723
IME,SFN,0.7236363737378043
IME,SHP,-0.6864721556438007
IME,SPH,0.6783856202398022
IME,SSF,0.7838751170306939
IME,STS,0.8330971918774195
IME,TAW,0.7751253888071437
IME,TCJ,0.707033830273401
IME,TDT,-0.6528030645036728
IME,TRT,0.6833564373387232
IME,TST,0.6616432623064461
IME,TVG,0.684578199919217
IME,TVH,0.884319238649527
IME,TW3,0.6587718081542459
IME,UCT,0.6533357950447273
IME,UMC,0.8158096806084159
IME,UPC,0.6748928848001804
IME,VCT,0.8376253793324534
IME,VE2,0.6902232020869283
IME,VIR,0.8044679656675042
IME,VKC,0.7123769297005952
IME,VMS,0.6735639731854693
IME,VNX,0.6725083031973855
IME,VTG,0.692030650820677
IME,VTI,0.9036311702643777
IME,VVN,0.8008379565207531
IME,VXB,0.8758872558562155
IME,VXP,0.6913658974392374
IME,X26,0.7264809611946395
IME,XHC,0.7220590170246755
IN4,KMR,-0.7680157005643677
IN4,L18,-0.6790797410039623
IN4,L40,-0.707382396618326
IN4,L62,0.7657595036580933
IN4,LAF,-0.8066659540406869
IN4,LAI,-0.7840068758261828
IN4,LCC,0.7704846698793056
IN4,LCD,-0.8073980326951825
IN4,LDW,0.7023948061706535
IN4,LM7,0.6927194237508687
IN4,LO5,0.6647423760865891
IN4,LQN,0.6787486337023928
IN4,LSS,-0.7468500557112363
IN4,LUT,0.765967053640553
IN4,MCP,-0.7018950537530677
IN4,MEF,0.8547460943663783
IN4,MND,0.8965096798068242
IN4,MPY,0.9352072457197754
IN4,MRF,0.7743247438300204
IN4,NAC,0.8825195188059316
IN4,NBB,-0.6871644053030922
IN4,NDW,0.7547880971276081
IN4,NHA,-0.6764098676292397
IN4,ODE,-0.7393068157021305
IN4,PBP,-0.7365095412403619
IN4,PCE,-0.6735358007353938
IN4,PCH,-0.8135816247397192
IN4,PDN,-0.7215920402927442
IN4,PHC,-0.6507554120517541
IN4,PHH,0.6740089018336702
IN4,PMW,-0.657154286271879
IN4,PNP,-0.6888740216907685
IN4,POM,0.725464324670708
IN4,PPI,0.8060293629992785
IN4,PSG,0.6729529659523327
IN4,PTC,-0.7455348054211082
IN4,PTG,0.8648614062504194
IN4,PXM,0.693909679554497
IN4,QNP,-0.767452263013326
IN4,RBC,0.6675307374488274
IN4,SAL,0.7683227061729517
IN4,SBG,-0.8704001725763201
IN4,SBT,-0.7439697673108864
IN4,SCD,0.8878812710860757
IN4,SII,0.7257531789237639
IN4,SIV,-0.6768992303881621
IN4,SKG,-0.736320696502967
IN4,SP2,-0.7536835443942191
IN4,SSF,0.6886566758759018
IN4,STG,0.6966810593081303
IN4,TB8,0.7600495607135228
IN4,TCI,-0.6550539215372074
IN4,TCJ,0.717102504877119
IN4,TDB,-0.7355881236967426
IN4,TDC,-0.7143511485602083
IN4,TGG,-0.6634574499812449
IN4,THN,0.8779411684199558
IN4,TLD,-0.6846832796851875
IN4,TMW,0.814146789497559
IN4,TNA,-0.6901910379877365
IN4,TOT,-0.7218940257356766
IN4,TSC,-0.7477520070008189
IN4,TVA,-0.6575020714730995
IN4,TVD,-0.6575538819220901
IN4,TVH,0.7600030858493091
IN4,UMC,0.7269498508732801
IN4,VDG,0.7179682387482429
IN4,VE2,0.8155341677710007
IN4,VE8,0.6752861207642975
IN4,VGP,-0.7843448571578142
IN4,VKC,0.7133139083858323
IN4,VLP,0.7885195591578105
IN4,VNS,-0.7615491947973346
IN4,VPC,-0.6591284151210095
IN4,VPH,-0.7124058038831426
IN4,VPR,-0.6608091482683751
IN4,VSF,-0.7556498656633515
IN4,VTH,-0.6628954473014224
IN4,VTI,0.7390638444516506
IN4,VTZ,-0.684236092339952
INC,TTS,0.650166514700847
IPA,IVS,0.6929767597269711
IPA,KBC,0.6577998183758297
IPA,KSB,0.7244921142332035
IPA,L14,0.6614573292918889
IPA,LCG,0.7675349040293158
IPA,LPB,0.7628448224143637
IPA,MBB,0.6843291878657919
IPA,MBS,0.7810445096926434
IPA,MSB,0.6850148831987717
IPA,NHA,0.696647615858072
IPA,NKG,0.7480702401077676
IPA,ORS,0.6634064534483014
IPA,PAN,0.7289965075784824
IPA,PC1,0.6742695264974439
IPA,PHC,0.6814209954735115
IPA,PSI,0.7251019033801339
IPA,S99,0.7012746685497218
IPA,SBS,0.7793784633292076
IPA,SCR,0.7571360892681085
IPA,SHB,0.7146523611545704
IPA,SHS,0.8214189557742367
IPA,SSI,0.818645679048818
IPA,STB,0.6617708270593804
IPA,TCI,0.7751306984522932
IPA,TDC,0.6606611888203503
IPA,TLH,0.6688570320721166
IPA,TNG,0.6600024402884435
IPA,TNT,0.6586279955324243
IPA,TVB,0.6910547664325828
IPA,VC2,0.654780657949926
IPA,VCI,0.7870888282424183
IPA,VGS,0.7188971914425829
IPA,VIB,0.6935958677720058
IPA,VIG,0.6776475614823422
IPA,VIX,0.7473762115676242
IPA,VND,0.8508271545953138
IPA,WSS,0.7288014639954504
IRC,L61,0.6542030635994943
IRC,L62,0.8211619993361385
IRC,LDW,0.8815693821017135
IRC,LM7,0.7497973590597979
IRC,LNC,0.8652066062427376
IRC,MND,0.6750812726703032
IRC,MPY,0.6657267509017278
IRC,MQB,0.869546662610433
IRC,MRF,0.6865559199447924
IRC,MTS,-0.6577253526354241
IRC,NLS,-0.7307884705264532
IRC,NVP,0.8357072323653342
IRC,PTM,0.6730045362540353
IRC,QBS,0.7996923958680231
IRC,RYG,-0.8146511023263354
IRC,S72,-0.6572776418348684
IRC,SCD,0.6680813163057461
IRC,SD4,0.6631109783617136
IRC,SPD,-0.7383961631306103
IRC,SSH,0.659175942234575
IRC,TAB,0.8048267785449559
IRC,TCK,0.915641764601664
IRC,TD6,-0.6917793351131643
IRC,TVA,-0.6902650956145562
IRC,UXC,0.8752748769358386
IRC,VDG,0.7919797157138274
IRC,VE8,0.7892398688740555
IRC,VIR,0.7136013828135707
IRC,VMK,0.8179001975695299
IRC,VUA,0.8200180803246934
IRC,X20,-0.6683602556938117
ISG,SSH,-0.6639697350440192
ISG,TVM,0.6630700812190139
ISG,USC,0.6659414533933775
ISG,VTQ,0.7136671655482515
ITA,KSB,0.6611586571453177
ITA,L14,0.6883789374784914
ITA,L18,0.6603409229490113
ITA,LCG,0.7024894924783087
ITA,LDG,0.7080607145400794
ITA,LIG,0.7187328797549308
ITA,NHA,0.6740545478329169
ITA,NKG,0.6736285055178136
ITA,OCH,0.6686688286150255
ITA,OGC,0.7012964016416133
ITA,PTC,0.6684223976223612
ITA,SCR,0.6587251531802537
ITA,TCH,0.6549862969118191
ITA,TDC,0.6925273589730028
ITA,TLD,0.7414118088696977
ITA,TTF,0.6505862151230218
ITA,VCG,0.6561557725792113
ITA,VGS,0.6657127782433642
ITA,VHG,0.6547082168808745
ITA,VPH,0.6780024222938301
ITC,L14,0.6764264285121124
ITC,LDG,0.6611912410782219
ITC,LHG,0.6552714958928204
ITC,NHA,0.6554946520465553
ITC,NLG,0.6786251914094598
ITC,PXL,0.6981260016810821
ITC,SCR,0.655958039215306
ITC,SKG,0.6848672253884092
ITC,TIG,0.6809059255949522
ITC,VCG,0.6636165805238929
ITC,VGC,0.6768090693483892
ITC,VPH,0.6567918562056461
ITD,TNH,0.6689322351691833
ITD,VIP,0.6728441413125772
ITD,VOS,0.6637830222730697
IVS,LCG,0.7192601587862116
IVS,LSS,0.6569751665352944
IVS,NDN,0.6904357067831647
IVS,NHA,0.7139728029725009
IVS,PHC,0.7187903044936276
IVS,PSI,0.7013143307275485
IVS,S99,0.6620787283969607
IVS,SBS,0.6554658066828543
IVS,SGT,0.6795644878384278
IVS,SSI,0.6683239680933901
IVS,TCI,0.7109182429952895
IVS,TLH,0.650480804146915
IVS,TVB,0.7000626883939636
IVS,VIG,0.6949653162277565
IVS,VND,0.6799151073926959
IVS,WSS,0.7155832954215912
JVC,KMR,0.6619962822108018
JVC,KSB,0.6502143429910517
JVC,L14,0.6549315571864309
JVC,L18,0.6903373179395041
JVC,LCG,0.7081695227810564
JVC,LIG,0.666960920606428
JVC,MBG,0.6889588376169575
JVC,MDC,0.6591911642428846
JVC,NBC,0.7204660546034359
JVC,NT2,0.6609764230389371
JVC,OCH,0.6546254539391393
JVC,ODE,0.6546921790485443
JVC,OGC,0.6621566009136266
JVC,PAN,0.6603341535642009
JVC,PAT,0.6959649655674324
JVC,PLC,0.680729003972955
JVC,PLP,0.6765985406209484
JVC,POW,0.6781384977207369
JVC,PSD,0.6727850994814324
JVC,SAM,0.7224044338203837
JVC,SCR,0.7924241338642213
JVC,TAN,0.6789601789849284
JVC,TEG,0.6621579089311088
JVC,THT,0.655148581811591
JVC,TNI,0.6738672629726988
JVC,TVD,0.680625008567907
JVC,VHC,0.662482746826781
JVC,VMT,-0.7215713980426232
KBC,KDH,0.7462966720178755
KBC,KSB,0.7375297138287044
KBC,L18,0.6502591809878697
KBC,LCG,0.7989104422680768
KBC,LHG,0.6718440588495731
KBC,LPB,0.6962019708777345
KBC,MBB,0.7004550903167517
KBC,MBS,0.7743952220776734
KBC,MSB,0.6911930312278692
KBC,MSN,0.7108314030108398
KBC,MWG,0.6574138189190042
KBC,NKG,0.7064691512813627
KBC,NLG,0.7016809914713785
KBC,OCB,0.6519911471343621
KBC,PAN,0.7050014250185803
KBC,PC1,0.6686966586529531
KBC,PET,0.7025098820087456
KBC,PHR,0.7111927752566993
KBC,PLC,0.7522247691896078
KBC,PSI,0.6886208198890582
KBC,PVD,0.7293222407697765
KBC,PVS,0.6697259009321734
KBC,PVT,0.6893090339492001
KBC,SBS,0.6954788474031107
KBC,SCR,0.7634218183476403
KBC,SHB,0.7152865338002506
KBC,SHS,0.7696999641321274
KBC,SSI,0.8224221351733915
KBC,STB,0.7555162388081583
KBC,SZC,0.7765261250698371
KBC,TCB,0.7092903082310242
KBC,TCH,0.678148624846777
KBC,TCI,0.6532872967867691
KBC,TNG,0.748985190373846
KBC,TPB,0.6945586982753222
KBC,TTF,0.6503095657776219
KBC,VCG,0.6606732501164261
KBC,VCI,0.7750578225463979
KBC,VGC,0.6923345167720402
KBC,VGS,0.6528682906860734
KBC,VIB,0.7084938803598194
KBC,VIG,0.6605748905361898
KBC,VIX,0.7306172260648307
KBC,VND,0.7282046542038653
KBC,WSS,0.6590257560999733
KDH,KSB,0.6663506937572352
KDH,LCG,0.6884702509761796
KDH,MBB,0.7142929092933219
KDH,MSN,0.6676123517587084
KDH,NLG,0.7934833407507654
KDH,NTL,0.6649074110627161
KDH,PC1,0.6839014016340408
KDH,PET,0.6510120953819069
KDH,PHR,0.6506397662155825
KDH,SHS,0.7113094276080804
KDH,SSI,0.7086220088207457
KDH,STB,0.7516179759237629
KDH,SZC,0.6574860227958809
KDH,TCB,0.7290904354740958
KDH,TCH,0.7367938195674438
KDH,TCT,0.6669167260707032
KDH,TIG,0.6526842884495898
KDH,VCG,0.685199510883482
KDH,VCI,0.6529144777689229
KDH,VGC,0.653042482900992
KDH,VIX,0.7260377168269715
KDH,VPB,0.7383236223945173
KDH,VRE,0.7227283431061153
KDM,LAI,0.6684545749463332
KDM,OCH,0.668907738898916
KGM,LAF,0.6551449394712123
KGM,LAI,0.6775515016600775
KGM,MEF,-0.6600538496850683
KGM,MH3,0.6848731127729102
KGM,MND,-0.6584083482934099
KGM,PCE,0.6551390620478302
KGM,PTG,-0.660689823354104
KGM,QPH,0.7525123909861431
KGM,RTB,0.7244677272701817
KGM,SBG,0.6616695812056935
KGM,TTT,0.6697478168374985
KGM,VE2,-0.7646357268882484
KHD,LM7,0.69511030399448
KHD,NDP,0.6648946467061199
KHD,VE8,0.6788362907876417
KHG,KMR,0.683390566412249
KHG,LAF,0.6552463460790542
KHG,LCG,0.6916698195640234
KHG,MBS,0.6999578932316108
KHG,MEF,-0.6545921034721509
KHG,NKG,0.6910330562013832
KHG,PSI,0.6945385123168705
KHG,PTG,-0.6602734399156696
KHG,SBS,0.665636913347007
KHG,SBT,0.6839001324750358
KHG,SCR,0.7736197023219353
KHG,SHB,0.7051857610062922
KHG,SHS,0.6969875858132323
KHG,SSI,0.7570848873524649
KHG,SZC,0.6752244588600772
KHG,TLH,0.6501651999904757
KHG,TSC,0.6953072675412266
KHG,TTF,0.6544285651149763
KHG,VCI,0.6944636903404139
KHG,VIX,0.6696757376273681
KHG,VND,0.7532177748034745
KHP,NDX,0.7268473622709348
KHP,SD9,0.6661054949088725
KHS,LCD,0.6654247571423064
KHS,MA1,0.6737699494186148
KHS,MND,-0.6785860928831666
KHS,MTS,0.749996335734496
KHS,NQN,0.6682166280593633
KHS,NVP,-0.6863301730503698
KHS,SPD,0.7433290612480284
KHS,TB8,-0.7002109929226585
KHS,TSD,0.6882862049133388
KHS,VDG,-0.6703322508174748
KHS,VPR,0.8023391510660012
KHW,TAN,-0.6870594027880649
KHW,TDW,0.6646912189215195
KHW,TVM,0.7149062241720207
KHW,VMT,0.6520001800282456
KHW,VVS,0.6650414203856291
KMR,L18,0.7664098488649272
KMR,LAF,0.6792414691007964
KMR,LCC,-0.7708648092330562
KMR,LCG,0.6942616251357517
KMR,LGL,0.6581042056302772
KMR,LHC,0.6805326746624726
KMR,LIG,0.6893944608132457
KMR,LSS,0.781945144129509
KMR,LUT,-0.6965786155655499
KMR,MEF,-0.7615999804961643
KMR,MPY,-0.7398129385767762
KMR,NAC,-0.6570168114029236
KMR,NBB,0.7377446023497433
KMR,NBC,0.6897702682498779
KMR,NDW,-0.7157376895749188
KMR,NDX,0.6548344005938126
KMR,NED,0.7233469227500718
KMR,NHA,0.7300382509367263
KMR,ODE,0.8202134859675779
KMR,PAT,0.6583830971943614
KMR,PBP,0.7341129139352645
KMR,PGC,0.651838627837985
KMR,PHC,0.7346589092609161
KMR,PHH,-0.7224413744308115
KMR,PMB,0.7289191506503784
KMR,PPI,-0.7800709030340452
KMR,PPT,0.6921859522590553
KMR,PSG,-0.6762363909253113
KMR,PSI,0.6752411871704936
KMR,PSW,0.7553382638899153
KMR,PTC,0.7770031976993456
KMR,PTG,-0.7606463996042997
KMR,PXM,-0.6589627915178758
KMR,QNT,-0.6674055399466305
KMR,QTP,0.6606878189057918
KMR,RBC,-0.6797397101091573
KMR,SAL,-0.7929399745672925
KMR,SBG,0.7433791243729163
KMR,SBT,0.7818786010486348
KMR,SCD,-0.6520265839297181
KMR,SCG,0.6639705598216878
KMR,SCR,0.6825501053546352
KMR,SD5,0.6948317215913125
KMR,SD9,0.6966024439288485
KMR,SGT,0.7146974869950776
KMR,SHA,0.6845475132067802
KMR,SKG,0.6878822438050475
KMR,SLS,0.6570348533384609
KMR,SPH,-0.6861690996886904
KMR,SSF,-0.8054699932679827
KMR,STS,-0.6576340869519341
KMR,TBR,-0.6902662361657828
KMR,TCI,0.675496584961536
KMR,TCJ,-0.7131717543523168
KMR,TDC,0.6884893522911806
KMR,TDG,0.6982390309788764
KMR,TDT,0.7138215051763506
KMR,TGG,0.7044732832898065
KMR,THN,-0.6512116873573491
KMR,TIP,0.6873085044780406
KMR,TLD,0.7467142381502504
KMR,TLH,0.7248271965716734
KMR,TNA,0.7234752218626866
KMR,TOT,0.7023775034927118
KMR,TRT,-0.6732307785528228
KMR,TSC,0.7943565452215865
KMR,TTF,0.7416035419479008
KMR,TVB,0.7256399641679027
KMR,TVD,0.6906850673404558
KMR,TVH,-0.82135650951135
KMR,UMC,-0.7799696710241311
KMR,V21,0.6943492955216657
KMR,VCT,-0.6870645261711303
KMR,VE2,-0.687791891205192
KMR,VHG,0.6733646979622517
KMR,VID,0.7242000018893812
KMR,VIG,0.7020617452841097
KMR,VKC,-0.6559239278245567
KMR,VMT,-0.6751817637760514
KMR,VNL,0.6675373630820212
KMR,VPH,0.7201841463206651
KMR,VTI,-0.7548774685979823
KMR,VVN,-0.6758010520180315
KMR,VXB,-0.7141702507685829
KMR,VXP,-0.6801364219422447
KMR,WSS,0.7224244682321413
KMR,WTC,0.6666536436197111
KMR,X26,-0.6924481301112334
KMR,XHC,-0.655952223904724
KSB,L14,0.713784598993179
KSB,L18,0.7352359672625194
KSB,LCG,0.8927164833050049
KSB,LHG,0.679792917923555
KSB,LIG,0.6630783130997362
KSB,LPB,0.6953704393494702
KSB,MBB,0.6628450951973613
KSB,MBS,0.7344197061203616
KSB,MSB,0.6520167529018982
KSB,MSN,0.6787074370886991
KSB,NHA,0.7621715563713203
KSB,NKG,0.8209100811278466
KSB,NLG,0.6962332659949922
KSB,NT2,0.6953024573696175
KSB,OGC,0.7304889123962847
KSB,PAN,0.7283721039250526
KSB,PC1,0.7319962253896037
KSB,PET,0.6757442545588874
KSB,PLC,0.6916381765545208
KSB,POW,0.6671816261129131
KSB,PVD,0.6562200218550217
KSB,PVT,0.6836956419576874
KSB,SBS,0.6846662027291778
KSB,SBT,0.6666093221491178
KSB,SCR,0.7881555842628545
KSB,SHS,0.7399040333416652
KSB,SKG,0.6974566560717519
KSB,SSI,0.7669219394806971
KSB,STB,0.6987454672981291
KSB,SZC,0.7544526873539737
KSB,TCH,0.6811556935576839
KSB,TCI,0.7473267602931958
KSB,TDC,0.717607227623479
KSB,TIG,0.6800696789768571
KSB,TIP,0.7020590960344528
KSB,TLH,0.7398565734733492
KSB,TNG,0.7342298039596373
KSB,TPB,0.6743767136035707
KSB,TTF,0.6535153949687199
KSB,VCG,0.7302880363557774
KSB,VCI,0.7787133629945564
KSB,VGC,0.7120029718292862
KSB,VGS,0.769700083102261
KSB,VIB,0.7077415463705595
KSB,VIG,0.7218073884356175
KSB,VIX,0.7179570567638165
KSB,VLB,0.6951053035026237
KSB,VND,0.7005892546746998
KSB,WSS,0.6636367156448303
KSF,LMC,-0.656727558319865
KTC,NAW,0.6639482699092193
KTL,NQN,0.6860666848934956
KTL,NTT,0.664918745951137
KTL,QHW,0.6909687205514773
KTL,STL,0.6817682264010356
KTL,TNC,0.6571207813492753
KTL,VBH,0.6552568184873891
KTL,VES,0.6512795708942828
KTL,VPR,0.6677467747232654
KTS,LAF,0.6712015240108027
KTS,PCE,0.6855764466275834
KTS,TMB,0.6685333491885874
KTS,TUG,0.6546672697980837
KTS,VSA,0.6573356026596752
L10,TRS,0.7254942729330515
L14,L18,0.7413752126252743
L14,LCG,0.7653006242374866
L14,LDG,0.7486223310927792
L14,LIG,0.7357408103577531
L14,MBG,0.6628817101602665
L14,NBB,0.6768002131640689
L14,NHA,0.769322933365751
L14,NKG,0.7110850842302259
L14,NLG,0.7398256894771095
L14,NT2,0.6588918212303411
L14,OCH,0.6661632856965387
L14,OGC,0.7228695214246282
L14,PFL,0.676238405343955
L14,PXL,0.6612065312635583
L14,SAM,0.6739268009605172
L14,SCR,0.8180370723772061
L14,SHS,0.6936007530586997
L14,SKG,0.6888252478739981
L14,SSI,0.6962466541395598
L14,SZC,0.6587641117741326
L14,TCH,0.7012921711398383
L14,TCI,0.672732992001876
L14,TDC,0.6920087785686895
L14,THD,0.7192961702020074
L14,TIG,0.6567304143642495
L14,VCG,0.7444049189833821
L14,VCI,0.694869438883544
L14,VGC,0.7054827200345615
L14,VGS,0.692578508034082
L14,VIX,0.6700671803951
L18,LAS,0.6898950906581299
L18,LCG,0.7944906371957798
L18,LHG,0.6643163356857948
L18,LIG,0.7344568433047369
L18,LQN,-0.6642277708958663
L18,MBG,0.7466286988036311
L18,MCP,0.6779653493364223
L18,NBB,0.7525714547460786
L18,NBC,0.7487668314703284
L18,NDX,0.6748535197559341
L18,NED,0.7190412257574536
L18,NHA,0.7733032122084005
L18,NKG,0.7199614368021604
L18,OCH,0.7020693935279856
L18,ODE,0.7610894800088067
L18,OGC,0.71013198756091
L18,PAN,0.705707631248772
L18,PAT,0.672087337208928
L18,PBP,0.7039843481577869
L18,PFL,0.7116385851253326
L18,PHC,0.7046101258239093
L18,PMB,0.7058329487172715
L18,PSI,0.6653746093968396
L18,PSW,0.6507162265705626
L18,PTC,0.7162631168938314
L18,PVD,0.6508026572608508
L18,PXL,0.7185890433788024
L18,S99,0.672081719015576
L18,SAM,0.6678522822230814
L18,SBT,0.6782967261796757
L18,SCI,0.6691710895015311
L18,SCR,0.7512620711164654
L18,SGT,0.6730310232104576
L18,SKG,0.7527236978259035
L18,STW,-0.6588610747608415
L18,SZC,0.7023581629795574
L18,TCI,0.7417074340900385
L18,TDC,0.7269844553756998
L18,TDG,0.6638188458561448
L18,TGG,0.7033764882305359
L18,TID,0.6733017807515437
L18,TIP,0.7434682952553373
L18,TLD,0.7225647750206015
L18,TLH,0.6933543371555734
L18,TNA,0.6929349103341257
L18,TOS,0.6710701719650044
L18,TOT,0.7073167689964776
L18,TSC,0.671743109297271
L18,TTF,0.6894726231401249
L18,TTH,0.6771731182047833
L18,TVB,0.6901945530093395
L18,TVD,0.6765243410470099
L18,VGC,0.6606693728277648
L18,VGS,0.7516160365319636
L18,VHG,0.7497185125607824
L18,VIG,0.6952016043566064
L18,VMT,-0.6712283627314248
L18,VNS,0.6755272733901878
L18,VPH,0.7019647308366769
L35,LQN,0.6697656754928417
L35,LUT,0.7352099704442985
L35,MCP,-0.6540717006142536
L35,MLC,0.6690946930832256
L35,NDW,0.6775111448081418
L35,QNW,0.7144380365220747
L35,RBC,0.7089164102589404
L35,SAL,0.7361966485240445
L35,SEB,-0.7162476060968005
L35,SFN,0.6661231972790108
L35,SSF,0.6918740334900385
L35,STS,0.6737921803679352
L35,STW,0.7774107327006077
L35,TAN,-0.7482367989032125
L35,TTS,0.7238572320749079
L35,TVH,0.7167820922485019
L35,UMC,0.7720778659597778
L35,VCT,0.6578458001304736
L35,VGP,-0.6601436142380394
L35,VHF,0.7494670936072279
L35,VMT,0.8093206984916431
L35,VXB,0.6639907284930879
L35,X26,0.6900596891808521
L40,L62,-0.6687039344676358
L40,LAI,0.706277659503892
L40,LCD,0.7943182210885262
L40,MGG,0.6860573441002459
L40,MND,-0.7734582594814365
L40,MPY,-0.7184966246769031
L40,NAW,0.6702265291078533
L40,NGC,0.6517584948391322
L40,SP2,0.6606057038226892
L40,THN,-0.6521092207590676
L40,TVA,0.7279006552224385
L40,VGP,0.6529418799558844
L40,VPC,0.7236867190858667
L40,VPR,0.7506898099763919
L61,L62,0.6584604036105591
L61,LDW,0.7188790356789223
L61,LNC,0.6883372278438585
L61,QBS,0.6958029087902715
L61,VE8,0.6811347325129097
L62,LAF,-0.6601864558985758
L62,LCD,-0.6739810125682945
L62,LDW,0.8705648496961427
L62,LM7,0.6860324258966131
L62,LNC,0.7994236370198862
L62,LO5,0.6723413049352848
L62,LUT,0.6869032326743237
L62,MND,0.8253670350620864
L62,MPY,0.7608098030087737
L62,MQB,0.7846880490211601
L62,MTS,-0.6540440924065389
L62,NAC,0.8178002372991577
L62,NLS,-0.7034163161039055
L62,NVP,0.68861402377223
L62,PHH,0.7185626335588976
L62,PIV,-0.6507180226916693
L62,PNT,0.6508912950338793
L62,POM,0.8346211876445608
L62,QBS,0.8674603209318075
L62,QNP,-0.7326460694183183
L62,RYG,-0.7002704991025552
L62,SBG,-0.7132073355870426
L62,SCD,0.7865873766901716
L62,SGC,-0.7285060580558737
L62,TAB,0.6982084917520447
L62,TB8,0.6763101052499922
L62,TCK,0.6884856578772145
L62,THN,0.8359306773411476
L62,TVA,-0.7571216999907777
L62,UXC,0.7342468227970884
L62,VDG,0.7628447182116681
L62,VE2,0.805528658966444
L62,VE8,0.7451162524557567
L62,VGL,-0.6807416527803231
L62,VGP,-0.650913909458485
L62,VIR,0.7806203341711524
L62,VLP,0.7373058621662266
L62,VNH,0.7334272359712068
L62,VTI,0.6802877538030919
L62,VUA,0.7264259212321239
L62,X20,-0.7050771232127286
LAF,LAI,0.7149784258676345
LAF,LCC,-0.6667810626817685
LAF,LCD,0.660545743473829
LAF,LUT,-0.7168243198548478
LAF,MCP,0.679166014444425
LAF,MEF,-0.7789662691434539
LAF,MND,-0.7178003363908602
LAF,MPY,-0.7311827986511726
LAF,NAC,-0.7554284637461384
LAF,NDW,-0.753092713480403
LAF,PCE,0.7643826544033665
LAF,PCH,0.6653603979789189
LAF,POM,-0.6554206692931187
LAF,PPI,-0.7223903942584339
LAF,PTC,0.6772555423608785
LAF,PTG,-0.7932848467662434
LAF,QNW,-0.6655185606406561
LAF,SBG,0.7769413097765185
LAF,THN,-0.7512502887038538
LAF,TMW,-0.6557882148681476
LAF,TOT,0.7512729339374099
LAF,UMC,-0.6514939443211079
LAF,VCP,0.6622496612898453
LAF,VE2,-0.7926747101570675
LAF,VGP,0.7063806792224026
LAF,VKC,-0.712380762282751
LAF,VLP,-0.6886462608083034
LAF,VSA,0.6593439467666385
LAF,VSM,0.7049973949201342
LAF,VTZ,0.7200437097408895
LAI,LCD,0.8029718414164584
LAI,LMI,0.6523836085440691
LAI,MEF,-0.7204306503995206
LAI,MND,-0.8078610613710446
LAI,MPY,-0.7510722994703305
LAI,NAC,-0.6974102869562617
LAI,NAW,0.6705138573455546
LAI,NDW,-0.6768981978428912
LAI,NWT,0.7611466214827839
LAI,PCE,0.7527141824077495
LAI,PDN,0.7483766033093308
LAI,PTG,-0.7264033769217731
LAI,SBG,0.7340225936979451
LAI,SIV,0.7091103094650757
LAI,SKG,0.7010750404023228
LAI,STL,0.7037664160012752
LAI,TDF,0.6558301631510555
LAI,THN,-0.6879174931383257
LAI,TMB,0.6656047422964635
LAI,TMW,-0.6511055029965681
LAI,TPS,0.6847648641519245
LAI,TSC,0.6770424969252277
LAI,TUG,0.7400631172779233
LAI,TVA,0.6826252956362127
LAI,TVD,0.6736319302300836
LAI,VCF,0.670721974147257
LAI,VE2,-0.67926067159573
LAI,VGP,0.7521240150368115
LAI,VPC,0.800399700870465
LAI,VPR,0.7057639838174766
LAI,VRG,0.6616032986359248
LAI,VSF,0.7662965717079724
LAI,VTZ,0.6624631206932468
LAS,LHG,0.7632401544905023
LAS,LSS,0.6630480205555812
LAS,NBC,0.6933403889682558
LAS,NED,0.6541881691460637
LAS,NHA,0.6658963968677674
LAS,OIL,0.7036240811420551
LAS,PAN,0.676777759123097
LAS,PBP,0.6686814579956294
LAS,PMB,0.6616284731496884
LAS,PSW,0.6548527365521102
LAS,PTB,0.681237738365404
LAS,PVB,0.726242043059251
LAS,PVC,0.7102517206778732
LAS,PVD,0.6807248747522994
LAS,PVO,0.6737637823978228
LAS,PVP,0.6691825591783747
LAS,PVS,0.6902987506749144
LAS,PVT,0.7222897615591837
LAS,QTP,0.7034091398396749
LAS,SBT,0.6527971628141536
LAS,SKG,0.6834654961358401
LAS,STK,0.7247780445521115
LAS,SZC,0.6793635097356288
LAS,TIP,0.7490136996671513
LAS,TNG,0.7661818789107855
LAS,TNH,0.6659477759192015
LAS,VGS,0.7247538105153896
LAS,VGT,0.7076260259467789
LAS,VOS,0.7063852442305059
LAW,MIE,0.7080127554653495
LAW,MLC,0.7143465919744376
LAW,PSN,0.6678477158182551
LAW,SPH,0.671931082767506
LAW,TOW,0.6976168199058689
LAW,TVM,0.6827872506880287
LAW,VBH,0.7748702410085522
LAW,VTG,0.6547120666742111
LBE,NAC,-0.6510639940116216
LBE,THN,-0.6524162067221514
LBE,VGL,0.69635076716846
LCC,LO5,0.672691574429608
LCC,LQN,0.6608769699719543
LCC,LSS,-0.7075212522013626
LCC,LUT,0.7200155138257497
LCC,MEF,0.7265330238394265
LCC,MGR,0.7038024051615109
LCC,MPY,0.799995082392191
LCC,MRF,0.7791464781964875
LCC,MTB,0.7125083639235142
LCC,NAC,0.6536875526807253
LCC,NDW,0.732717588585442
LCC,ODE,-0.776998304984277
LCC,PDV,-0.6599958788064054
LCC,PHH,0.7717196646380199
LCC,PMB,-0.6594037675544626
LCC,PPI,0.7862099067967042
LCC,PPT,-0.659299013987076
LCC,PSG,0.7402806182834232
LCC,PSW,-0.6784828152274238
LCC,PTG,0.7248454515161209
LCC,QNT,0.8077178711150351
LCC,QNW,0.6598407712045964
LCC,QTC,0.7386342834948294
LCC,RBC,0.6862940318828707
LCC,SAL,0.8583117329289733
LCC,SBG,-0.6774109242431527
LCC,SBT,-0.7026302907193644
LCC,SCD,0.7088448135456584
LCC,SFN,0.7424289299829635
LCC,SPH,0.6842503681303036
LCC,SSF,0.7917521132307934
LCC,STS,0.7048713914433816
LCC,TB8,0.6519590364852095
LCC,TCJ,0.7394783355474832
LCC,TDT,-0.6820789234811573
LCC,TNA,-0.6586403669144758
LCC,TOT,-0.6644138261429434
LCC,TRT,0.7189337311242467
LCC,TST,0.7033405921770649
LCC,TVH,0.8596216673273168
LCC,UMC,0.8661892777106942
LCC,UPC,0.6934846292228368
LCC,V21,-0.6613898001581705
LCC,VCT,0.7583758022801894
LCC,VE2,0.7649869369933849
LCC,VE3,0.6886066284479037
LCC,VIR,0.6744626146377124
LCC,VKC,0.6896304531201602
LCC,VMS,0.6712906931943545
LCC,VTG,0.7044737246332788
LCC,VTI,0.9160281735645611
LCC,VVN,0.7402550665405276
LCC,VXB,0.798320987990234
LCC,VXP,0.6771519944239188
LCC,X26,0.6884656958230382
LCC,XHC,0.8111873259584881
LCD,LM7,-0.653511998493482
LCD,LMI,0.7320408154709526
LCD,MCP,0.6623994833715178
LCD,MND,-0.8747410063243735
LCD,MPY,-0.7898592063667802
LCD,MTP,0.6581392472995355
LCD,MTS,0.7378465049551372
LCD,NAC,-0.7797893954581964
LCD,NAW,0.653820488083011
LCD,NDC,0.6644639874700725
LCD,NGC,0.7447517681537194
LCD,NQN,0.7479589051844322
LCD,NWT,0.7819613264289308
LCD,PCE,0.6687064026457334
LCD,PDN,0.827157087345064
LCD,POM,-0.6790729206107664
LCD,QBS,-0.6784804078088443
LCD,SBD,0.654865281131688
LCD,SBG,0.6675796916435414
LCD,SCD,-0.7187393174183114
LCD,SGC,0.7013143974203138
LCD,SIV,0.7191276219842194
LCD,SP2,0.7138776061629264
LCD,SPD,0.652167637492794
LCD,STL,0.7403290776385403
LCD,TB8,-0.6723173448213279
LCD,TDB,0.8003634697329419
LCD,TDF,0.652774574400605
LCD,THN,-0.7797493011763993
LCD,TSD,0.7251629598918704
LCD,TVA,0.7377394591674445
LCD,VES,0.7007552493141327
LCD,VGP,0.7748451727356517
LCD,VLP,-0.7148885127910917
LCD,VPC,0.7301580590284051
LCD,VPR,0.8965291998043395
LCD,VRG,0.6559696390027056
LCD,VSF,0.7231974544070754
LCD,VTH,0.7307815975778258
LCD,VUA,-0.6546415463057754
LCG,LDG,0.6623056768098151
LCG,LHG,0.6863934760532987
LCG,LIG,0.7415493133238178
LCG,LPB,0.7397064916981636
LCG,LSS,0.6770158535493638
LCG,MBB,0.6853072024726827
LCG,MBG,0.6930644538188285
LCG,MBS,0.780256059823082
LCG,MSB,0.7024083474208245
LCG,MSN,0.7247987005856981
LCG,NBB,0.7124401205464078
LCG,NBC,0.6855937556791117
LCG,NDN,0.6794856478223271
LCG,NHA,0.8118179675581997
LCG,NHH,0.7136154781083706
LCG,NKG,0.840805347847954
LCG,NLG,0.7395514221501929
LCG,NT2,0.7014239937379441
LCG,ODE,0.6575437085886956
LCG,OGC,0.7578125947775406
LCG,PAN,0.7517260386344393
LCG,PAT,0.6677017146276935
LCG,PC1,0.7723280950568877
LCG,PET,0.7148140925202996
LCG,PHC,0.734279662171539
LCG,PLC,0.7172843547659967
LCG,POW,0.6531869788580639
LCG,PSI,0.7396077419639077
LCG,PVC,0.6776685252344554
LCG,PVD,0.7264392328862228
LCG,PVT,0.6911497389276418
LCG,PXL,0.6916040489951665
LCG,S99,0.7072182660946642
LCG,SAM,0.6531609294405544
LCG,SBS,0.7180470362421681
LCG,SBT,0.7186029945898057
LCG,SCI,0.6503481989173178
LCG,SCR,0.859652303007347
LCG,SGT,0.6599352467311733
LCG,SHB,0.7069722794354829
LCG,SHS,0.7915427028922937
LCG,SKG,0.7422084449938334
LCG,SSI,0.8281976348374197
LCG,STB,0.7319657575939552
LCG,SZC,0.7689997498130344
LCG,TCH,0.694585451986411
LCG,TCI,0.8032738713529747
LCG,TCT,0.6517728664830681
LCG,TDC,0.7487784252842635
LCG,TIG,0.6833819937333968
LCG,TIP,0.7253016268806767
LCG,TLD,0.7164273628202142
LCG,TLH,0.7497708187521294
LCG,TNG,0.7416155804308
LCG,TOT,0.6677472601454365
LCG,TPB,0.7048353589065139
LCG,TSC,0.7256827479322507
LCG,TTF,0.7762855290634707
LCG,TTH,0.7003737603029465
LCG,TVB,0.6965093646165789
LCG,VCG,0.7302695947632943
LCG,VCI,0.8212181090649291
LCG,VGC,0.7378369237583609
LCG,VGS,0.7805388504642279
LCG,VHG,0.6521081358747088
LCG,VIB,0.8006128595158017
LCG,VIG,0.7741359626374608
LCG,VIX,0.7905756134498965
LCG,VLB,0.6783050725517595
LCG,VND,0.7744689001248031
LCG,VPH,0.6737127573333992
LCG,WSS,0.7124009691826955
LCM,NAC,0.6527842380310266
LCM,QBS,0.7103628365800024
LCM,SRA,0.736994015146598
LCM,TB8,0.6539771790806425
LDG,LGL,0.66097466426365
LDG,LIG,0.731682849503177
LDG,NHA,0.6555605866018795
LDG,OGC,0.6566849326571484
LDG,PFL,0.70209531294901
LDG,PXL,0.7098880227485473
LDG,SAM,0.6501221803601834
LDG,SCR,0.7274124223363215
LDG,SDA,0.6561142141158677
LDG,TCD,0.6568348656081782
LDG,TCH,0.6511848087762327
LDG,THD,0.6631372580549845
LDG,TIG,0.6507451816032711
LDG,TNI,0.6534580724648529
LDG,TTF,0.6627503110638896
LDG,VGC,0.6977161885853749
LDG,VIX,0.6639188497758773
LDW,LM7,0.7290260708607621
LDW,LNC,0.9066019088165912
LDW,LUT,0.6513558534626323
LDW,MND,0.7334133902502867
LDW,MPY,0.7052661389982711
LDW,MQB,0.8869790238565484
LDW,MRF,0.6818137439453563
LDW,NAC,0.6784972865376938
LDW,NLS,-0.8007236879302351
LDW,NVP,0.7109991098272176
LDW,PHH,0.6695907450217196
LDW,POM,0.7575574054067116
LDW,PTM,0.7392056442085012
LDW,QBS,0.815858923785613
LDW,QNP,-0.6800006198467066
LDW,RYG,-0.735326919535236
LDW,SBG,-0.6508713813835847
LDW,SCD,0.7131116584385837
LDW,SD4,0.6955075265834992
LDW,SGC,-0.6536728891069674
LDW,SLD,0.6597368617175274
LDW,TAB,0.8432365057723623
LDW,TCK,0.8257261160388325
LDW,TD6,-0.7079420959296114
LDW,THN,0.7338107571259284
LDW,TVA,-0.7079605055367731
LDW,UXC,0.7524540874492995
LDW,VDG,0.7549108109517325
LDW,VE2,0.725524308453511
LDW,VE8,0.7627643172443213
LDW,VIR,0.7119544986691353
LDW,VMK,0.7427860647912412
LDW,VNH,0.6630155084141646
LDW,VUA,0.7184054497989787
LDW,X20,-0.6729989220826192
LEC,LNC,0.6636303701984744
LEC,NLS,-0.6751985182428611
LEC,VE8,0.6556122518503235
LG9,PTH,0.6840177354174483
LG9,PVY,0.6798674650241693
LG9,VHH,0.6658016096038781
LGL,PHC,0.6776995823000553
LGL,SCR,0.6549039629040124
LGL,TLD,0.6687838462733803
LGL,TNI,0.6819139777143016
LGL,TSC,0.7099678907866035
LGL,TTF,0.6999284622480443
LHC,NDX,0.6607083350149345
LHC,POW,0.7194276332036871
LHC,PSW,0.6631374007418585
LHC,SCR,0.6718208827968768
LHC,TID,0.6632339195869067
LHC,TNH,0.6565375840998764
LHC,TTF,0.6534354155655638
LHC,TVS,0.6698400746042912
LHG,LPB,0.6774910330898716
LHG,LSS,0.6944388531379568
LHG,MBS,0.6860083826282648
LHG,MIG,0.6930163591706636
LHG,MSH,0.6706715351850064
LHG,NHA,0.6734851123687272
LHG,NKG,0.668344156287237
LHG,NT2,0.6703707826171751
LHG,PAN,0.735695211257692
LHG,PC1,0.6856927542499756
LHG,PHR,0.746777990876802
LHG,POW,0.650544061238636
LHG,PTB,0.7420579333612064
LHG,PVD,0.68145588418173
LHG,PVT,0.6702699057139577
LHG,QTP,0.6524606961754802
LHG,RAL,0.6679666537328846
LHG,REE,0.730315674559034
LHG,SBT,0.7012911509233589
LHG,SHB,0.6606803206332267
LHG,SKG,0.7209773195474031
LHG,SSI,0.6537070819190316
LHG,STK,0.6732853596209635
LHG,SZC,0.8049405861358815
LHG,TIG,0.6558623184171708
LHG,TIP,0.773888065868247
LHG,TLH,0.6738553725096866
LHG,TNG,0.7811211121297958
LHG,TNH,0.6726347632040743
LHG,TVB,0.6617725629545457
LHG,VCI,0.6917585182087946
LHG,VCS,0.6834491715891223
LHG,VGC,0.6756366739604802
LHG,VGS,0.7462369903628121
LHG,VGT,0.6563426015130104
LHG,VHC,0.705017742848194
LHG,VOS,0.658941109196545
LHG,VPH,0.6898337086910415
LHG,VSH,0.7021781210143161
LIG,MBG,0.6867316287176594
LIG,NHA,0.7337855710161559
LIG,ODE,0.6513466690825922
LIG,OGC,0.6604309384736505
LIG,PFL,0.7000835609670755
LIG,PHC,0.7081794580687065
LIG,SAM,0.6831543416287884
LIG,SCR,0.7062882009440988
LIG,SZC,0.6702596689648238
LIG,TDC,0.6910158964612219
LIG,TIG,0.6809791086236991
LIG,TLD,0.6894132661109224
LIG,VGS,0.6916552088284255
LIG,VHG,0.728968973041595
LIX,SCS,0.6528627434690487
LM7,LNC,0.6517754271355662
LM7,LQN,0.6522799591793502
LM7,MCP,-0.6517612903540663
LM7,MND,0.6779358825336582
LM7,MPY,0.6738840528722332
LM7,MQB,0.6696806633216438
LM7,MRF,0.7131594750873537
LM7,NAC,0.6788319308381814
LM7,NVP,0.7100178961389686
LM7,QBS,0.7409250911517432
LM7,RYG,-0.6659347388066492
LM7,SCD,0.715031368271151
LM7,SP2,-0.6734326188213647
LM7,SRA,0.6676172706376161
LM7,THN,0.6993181317381737
LM7,UXC,0.734731618129696
LM7,VDG,0.7123405324385919
LM7,VE8,0.6588149560681338
LM7,VPR,-0.6518636258820467
LMC,SD7,0.6583568857147076
LMC,SPH,0.6789970285052862
LMC,TVM,0.7393127891776675
LMC,VTG,0.71759154095181
LMC,VVS,0.709979183407903
LMH,NAC,0.6548115046919385
LMH,THN,0.6592139174894921
LMI,MND,-0.6985306926644879
LMI,MPY,-0.6707618259827814
LMI,VSF,0.6586127988517281
LNC,MQB,0.9406241504115549
LNC,NLS,-0.9161199090966617
LNC,NVP,0.685444641500446
LNC,PCG,0.7264846635888732
LNC,POM,0.6634261523314655
LNC,PTM,0.8395098071950272
LNC,QBS,0.7124412322444902
LNC,RGG,0.6739436465829804
LNC,RYG,-0.6993586472087233
LNC,SD4,0.7063463671700998
LNC,SLD,0.7329618904743527
LNC,SSH,0.668501276343613
LNC,TAB,0.9296926118703162
LNC,TCK,0.8538574874799412
LNC,TD6,-0.7775053318788802
LNC,UXC,0.7292981544551306
LNC,VDG,0.72687072955179
LNC,VE8,0.7954268977130837
LNC,VIR,0.6542885843412647
LNC,VMK,0.7908764609589746
LO5,NAC,0.7801188352656842
LO5,PHH,0.8114096683144253
LO5,POM,0.6577095823354082
LO5,PPI,0.7692117703131058
LO5,PSG,0.79238496673336
LO5,PXM,0.70624899778841
LO5,QNT,0.6589776202309117
LO5,SAL,0.7516016857366988
LO5,SCD,0.7094958282331303
LO5,SSF,0.6517233343004256
LO5,STS,0.6514615846612308
LO5,TA6,0.77019428779266
LO5,THN,0.7581565137748331
LO5,TVH,0.7588182361192071
LO5,UMC,0.6752015689711506
LO5,VCT,0.6692063265152162
LO5,VE2,0.6994960170546751
LO5,VIR,0.7539553770678352
LO5,VLP,0.7003824712017415
LO5,VNX,0.7037811983061104
LO5,VTI,0.7864828257040911
LO5,VVN,0.7448514494164109
LO5,VXB,0.6715306976768571
LO5,X26,0.7540533514034821
LPB,MBB,0.8477200666762156
LPB,MBS,0.8019857497894473
LPB,MIG,0.684824256240654
LPB,MSB,0.7604497909867367
LPB,MSN,0.6949108099230019
LPB,MWG,0.6620216019909331
LPB,NAB,0.6910208813278905
LPB,NDN,0.6715846594206449
LPB,NHA,0.6877138142030403
LPB,NKG,0.747936740502726
LPB,NT2,0.6624330541356408
LPB,OCB,0.7149945421893453
LPB,PAN,0.7978590395841446
LPB,PAT,0.6506858909576305
LPB,PC1,0.690359480960837
LPB,PET,0.695320405065169
LPB,PSI,0.7061200661902534
LPB,PTB,0.6694753923376962
LPB,PVD,0.6953199981169891
LPB,PVS,0.7031934681372686
LPB,PVT,0.6514519497592887
LPB,SBS,0.8055065394714842
LPB,SBT,0.6706557128017782
LPB,SCR,0.7387832857218821
LPB,SGT,0.6540785647239913
LPB,SHB,0.7549633221247389
LPB,SHS,0.785025626660955
LPB,SSI,0.7992819326665225
LPB,STB,0.7944294468598224
LPB,SZC,0.6674119320321401
LPB,TCB,0.8006083098194062
LPB,TCI,0.7405315559145634
LPB,TLH,0.7048123961264876
LPB,TNG,0.7580513852745501
LPB,TPB,0.7113872679016693
LPB,TTF,0.6857475941587505
LPB,TVB,0.7084888317781407
LPB,VCI,0.7472772021673205
LPB,VDS,0.721589362992582
LPB,VGS,0.7036810771299039
LPB,VIB,0.764514076702884
LPB,VIG,0.6530999488262594
LPB,VIX,0.7254907143275994
LPB,VLB,0.6835193103390641
LPB,VND,0.7686398875235836
LPB,VPB,0.6804277692959594
LPB,WSS,0.6941444720562362
LQN,LUT,0.6871703091004386
LQN,MCP,-0.6873850482350533
LQN,MLC,0.7460918316613673
LQN,MPY,0.6627512773967981
LQN,MRF,0.7909792356203167
LQN,NBB,-0.6808186750976072
LQN,ODE,-0.7063030442701812
LQN,PBP,-0.7161519018079915
LQN,PHH,0.6847090689977674
LQN,PSG,0.7127756618565224
LQN,RBC,0.7620836673579049
LQN,SAL,0.7956953239650446
LQN,SCD,0.6698301269898953
LQN,SFN,0.6995956439207185
LQN,SP2,-0.6669788134682166
LQN,SPH,0.6683739599758188
LQN,SSF,0.7055225593604103
LQN,STS,0.6721085722870793
LQN,STW,0.7987670905883171
LQN,TCJ,0.773587823777082
LQN,TGG,-0.728762118762132
LQN,TOT,-0.6557842256231492
LQN,TST,0.6644205396639646
LQN,TVH,0.751550502295892
LQN,UEM,0.7455870128748571
LQN,UMC,0.742070880794593
LQN,UPC,0.6977354080703743
LQN,VFG,-0.6789100316941022
LQN,VHF,0.8213981854572874
LQN,VKC,0.7299424126246923
LQN,VMS,0.6692162713976691
LQN,VMT,0.7480451180578027
LQN,VTI,0.6691343434469593
LQN,VXB,0.6945044049137119
LQN,X26,0.6521988584389435
LSS,MND,-0.651228950436458
LSS,MPY,-0.7158137705635342
LSS,NAC,-0.6523286623347884
LSS,NDN,0.6664947057893883
LSS,NED,0.668049269864687
LSS,NHA,0.7338388638928746
LSS,NHH,0.6763875133443726
LSS,NKG,0.6522644964154485
LSS,ODE,0.6566156725165467
LSS,PHC,0.6778569642466564
LSS,PPI,-0.6874629528341217
LSS,PSW,0.6990994643154131
LSS,QNS,0.6906950615054301
LSS,SBG,0.6856438306809576
LSS,SBT,0.8573250786693142
LSS,SGT,0.6867164107397102
LSS,SKG,0.6828691024376947
LSS,SLS,0.6600954270624239
LSS,TB8,-0.6738288146143755
LSS,TCI,0.6724067761516813
LSS,TDC,0.7318126577050466
LSS,THN,-0.6537784268648462
LSS,TIP,0.7011510759723059
LSS,TLH,0.740986077393923
LSS,TNA,0.6763817490360498
LSS,TSC,0.7302899808308708
LSS,TVB,0.6678907787741467
LSS,TVH,-0.6574409351197936
LSS,TVS,0.6544767880976092
LSS,VDG,-0.6830584252044037
LSS,VE2,-0.6931747126897172
LSS,VGS,0.6608166102156795
LSS,VIP,0.6680587836882004
LSS,VOS,0.6739406308929006
LSS,VPH,0.658601259752226
LSS,WSS,0.6518681366301706
LTC,PVV,0.6522994657442723
LTG,QBS,0.6717677954409
LTG,SRA,0.6595289242558143
LUT,MCP,-0.7157906608347462
LUT,MEF,0.7315183696875763
LUT,MPY,0.7719440413440931
LUT,MRF,0.7199430899750219
LUT,NAC,0.6614690341967964
LUT,NDW,0.7845219204345095
LUT,ODE,-0.6851536659239837
LUT,PBP,-0.7041099352528455
LUT,PDN,-0.6645494963394757
LUT,PHH,0.6731233437267248
LUT,PMW,-0.7177452062064402
LUT,PPI,0.7217345544568867
LUT,PTC,-0.6566740436549021
LUT,PTG,0.7440976926051681
LUT,QNW,0.8324726150440999
LUT,RBC,0.7064622850508641
LUT,SAL,0.7590142686154044
LUT,SCD,0.6816399467908051
LUT,SFN,0.7052486816897869
LUT,SSF,0.6949108411937894
LUT,STW,0.7406093966612942
LUT,TBR,0.6822581739940553
LUT,TCJ,0.6799604740973312
LUT,TOT,-0.692916401224863
LUT,TVH,0.753923227069566
LUT,TW3,0.6561856199533898
LUT,UMC,0.7557340313247148
LUT,VCT,0.6723250040231653
LUT,VE2,0.7401267520182495
LUT,VFG,-0.6632312707965075
LUT,VGP,-0.7767980995344186
LUT,VKC,0.7771611664025133
LUT,VMT,0.6592838003140737
LUT,VSF,-0.6784308809664242
LUT,VTI,0.67873455069115
LUT,VTZ,-0.6823189168883326
LUT,VXB,0.6554354463582959
LUT,X26,0.6899491903036736
MA1,NVP,-0.6626442252529071
MA1,SPD,0.7130231509722194
MA1,VBH,0.6767614447448356
MA1,VTX,0.6549071812885865
MBB,MBS,0.7378846738320576
MBB,MIG,0.6833496895561093
MBB,MSB,0.827396097410771
MBB,MSN,0.7408869470039775
MBB,MWG,0.7254199639689776
MBB,NAB,0.6982818401227684
MBB,NKG,0.7070840507982685
MBB,NT2,0.6602837833244947
MBB,OCB,0.7482991688781825
MBB,PAN,0.7497325551577608
MBB,PC1,0.7365538564112494
MBB,PET,0.7463269979649607
MBB,PHR,0.7113640112102178
MBB,POW,0.6874720594190359
MBB,PTB,0.7089550938071246
MBB,PVD,0.7047666887282156
MBB,PVS,0.7044215487897124
MBB,PVT,0.6742959164026644
MBB,SBS,0.7336052249802397
MBB,SCR,0.6864525747471818
MBB,SHB,0.7789243788812131
MBB,SHS,0.754183795653364
MBB,SSI,0.7781809372004386
MBB,STB,0.8189806601011625
MBB,SZC,0.6599924560919872
MBB,TCB,0.8789193292557875
MBB,TCH,0.655481076324542
MBB,TCT,0.6606361003323347
MBB,TNG,0.7235666971504435
MBB,TPB,0.8168099800565338
MBB,TTF,0.6582111064227135
MBB,VCB,0.7036250464168976
MBB,VCI,0.714096969165515
MBB,VCS,0.6605928734885452
MBB,VGS,0.6507758554485525
MBB,VIB,0.7782423305765173
MBB,VIX,0.6929928386966651
MBB,VND,0.722450225531661
MBB,VPB,0.7932536439209951
MBB,VRE,0.6523038950663391
MBG,NBB,0.6632483862850372
MBG,NDX,0.6729468046991182
MBG,ODE,0.6517233545040053
MBG,PFL,0.6551671421715894
MBG,PGC,0.6585601497234883
MBG,PV2,0.6549166291856833
MBG,SAM,0.6731795573800068
MBG,SCR,0.6616320632863655
MBG,TDG,0.6694423764180506
MBG,VIG,0.6558019828264955
MBG,VPH,0.6749025794271207
MBS,MSB,0.7110101198426823
MBS,MSN,0.7106476105602995
MBS,MWG,0.6791101765307954
MBS,NHA,0.7032720067596817
MBS,NKG,0.8218396584631106
MBS,OCB,0.686937699528009
MBS,ORS,0.7001489160711525
MBS,PAN,0.7248902834726226
MBS,PC1,0.7393979437683574
MBS,PET,0.7069859185091993
MBS,PSI,0.769986271415448
MBS,PVD,0.6854287368622917
MBS,PVS,0.6844384121089147
MBS,PVT,0.6902897806052389
MBS,SBS,0.8176424528740435
MBS,SBT,0.6848695230346443
MBS,SCR,0.7547949244210606
MBS,SHB,0.754264192099875
MBS,SHS,0.9272045806279484
MBS,SSI,0.9196106268676539
MBS,STB,0.7819249243825787
MBS,SZC,0.7480864517805902
MBS,TCB,0.7311319456016269
MBS,TCH,0.6772236744304564
MBS,TCI,0.7549818862320349
MBS,TLH,0.7426132717574312
MBS,TNG,0.7749199377682283
MBS,TPB,0.6689350193770853
MBS,VCG,0.6645400936966656
MBS,VCI,0.8907927988689213
MBS,VDS,0.7498462114300457
MBS,VGS,0.7349898556443983
MBS,VIB,0.7530758149958661
MBS,VIG,0.681480376332395
MBS,VIX,0.8073613633969338
MBS,VLB,0.6573472060916986
MBS,VND,0.8334664023549191
MBS,VOS,0.6527609783799799
MBS,WSS,0.7383345109394279
MCF,SLS,0.6633140692758004
MCM,VEA,0.6654617799660206
MCM,VLC,0.6708961862078082
MCP,MPY,-0.7120630638303392
MCP,NAC,-0.7028322760392749
MCP,NBC,0.6508730920431488
MCP,ODE,0.6685751699670891
MCP,PMW,0.7418788336566949
MCP,PRC,0.6856539128284299
MCP,SAL,-0.6523460509672158
MCP,SEB,0.6941244290153327
MCP,STW,-0.7084950231590602
MCP,THN,-0.682142924461475
MCP,TMB,0.6650198696636647
MCP,TOT,0.682949283352634
MCP,UMC,-0.7115466561859827
MCP,VFG,0.7341505822413876
MCP,VGP,0.8241069311164047
MCP,VKC,-0.6793705152576781
MDC,NBC,0.8657482538370218
MDC,POV,0.665112107820867
MDC,PPH,0.7225450956004275
MDC,TAN,0.6554092423756682
MDC,TCL,0.714157668658437
MDC,THT,0.855220964925723
MDC,TSC,0.6826197362293045
MDC,TVD,0.884557212687973
MDC,UMC,-0.6613364464452348
MDC,VMT,-0.6945662234635224
MDC,VNL,0.6559249603411553
MDG,XPH,0.6500148838842145
MEF,MND,0.7273426879095974
MEF,MPY,0.8079773647410938
MEF,NAC,0.7165319075950941
MEF,NDW,0.8603630226696865
MEF,NSL,0.685298682657061
MEF,NWT,-0.6751309064402385
MEF,ODE,-0.6823857807627645
MEF,PBP,-0.670204553317376
MEF,PCE,-0.7047179233647387
MEF,PCH,-0.6833777402443704
MEF,PNP,-0.6617320752290415
MEF,PPI,0.8261066632597593
MEF,PTC,-0.6924893820682851
MEF,PTG,0.9787169894208162
MEF,QNW,0.6635449814374337
MEF,SAL,0.714098601922796
MEF,SBG,-0.832375427263366
MEF,SBT,-0.6584381263057759
MEF,SCD,0.7017490908178015
MEF,SDN,-0.6504156977765874
MEF,SII,0.6917237208638356
MEF,SSF,0.6582018429921924
MEF,STG,0.6660126859461659
MEF,TAR,0.6816812724351708
MEF,TBR,0.670915978051359
MEF,THN,0.7204333454349822
MEF,TL4,0.6889594465996447
MEF,TMW,0.7739025290622958
MEF,TOT,-0.6567328502190937
MEF,TSC,-0.7280017372377867
MEF,TVD,-0.6635609767381055
MEF,TVH,0.7534216147551877
MEF,UMC,0.7166653243848973
MEF,VCT,0.658384824628819
MEF,VE2,0.8163587791900307
MEF,VLP,0.6671567062288665
MEF,VNS,-0.6705605026851665
MEF,VSF,-0.7317681163954933
MEF,VTI,0.6874914707094694
MEF,VTZ,-0.6526123638988234
MEF,XHC,0.7242264497416914
MGG,NQN,0.6849975277384499
MGG,SPD,0.7456825937547266
MGG,VPR,0.6729220564511379
MGG,XPH,0.6786649653373281
MGR,MIE,0.7349447881019237
MGR,MTB,0.8132106017066638
MGR,PAI,0.7411280510122114
MGR,PHH,0.6866586197903859
MGR,PMJ,0.6654969343883502
MGR,PSG,0.672287044192739
MGR,QNT,0.7149460747341599
MGR,SAL,0.7614970904581284
MGR,SFN,0.6695752682662515
MGR,SPH,0.7586614222397597
MGR,SSF,0.7649937186035604
MGR,STS,0.6709564593940713
MGR,TCJ,0.7281315621106446
MGR,TRT,0.6993582240047237
MGR,TST,0.7272666074923092
MGR,TVH,0.75691790626482
MGR,UMC,0.7837011613140059
MGR,UPC,0.7071993733734309
MGR,VTG,0.7587355415172023
MGR,VTI,0.7346447006954376
MGR,VXB,0.7629759472310942
MGR,VXP,0.7766689213891959
MGR,XDH,0.6798387021315949
MH3,PAP,0.6639603813206975
MH3,TPS,0.6946357335962074
MIE,MLC,0.667188686473336
MIE,MTB,0.7368327856966764
MIE,PID,0.6979655713164753
MIE,PMJ,0.7919986764801422
MIE,PTH,0.6738764471391202
MIE,QST,0.7170490352635005
MIE,SPH,0.7449752952249449
MIE,SSF,0.6552441363275368
MIE,TCJ,0.6620578196827908
MIE,TVG,0.6745718801877871
MIE,UCT,0.7554770114086568
MIE,UMC,0.650317011747723
MIE,VBH,0.7125746124624269
MIE,VHF,0.6664626739828411
MIE,VTG,0.7635076558809235
MIE,VXB,0.6756336526246403
MIE,VXP,0.7510625628350849
MIE,XDH,0.7722501866361067
MIE,XPH,0.7103420288005686
MIG,NT2,0.7069103651485007
MIG,PC1,0.6730744702538839
MIG,PET,0.6835056571918451
MIG,POW,0.7048079145329366
MIG,PTB,0.704050752623626
MIG,PVD,0.6689319743001313
MIG,PVT,0.6576055485785874
MIG,QTP,0.6622715291343234
MIG,REE,0.7455584170827025
MIG,TNG,0.7035193985766075
MIG,TNH,0.6880778426834111
MIG,VCI,0.6603086606790797
MIG,VGS,0.6609018901158286
MIG,VLC,0.6717305183315033
MIG,VNR,0.6536274336179186
MIG,VSH,0.7124882680848517
MLC,RBC,0.7370843541714328
MLC,SFN,0.668765011996723
MLC,SPH,0.6960400023019776
MLC,STW,0.7135826290635506
MLC,TCJ,0.6551284032836074
MLC,TGG,-0.6548536341423403
MLC,VBH,0.7062943988264733
MLC,VHF,0.8298863584732891
MLC,VMT,0.7992553378414842
MLC,VNF,-0.6559956167568398
MLC,VTG,0.7003236072269002
MNB,PVX,0.6773800187616208
MNB,TNP,0.6702712891439144
MND,MPY,0.8541939310084551
MND,MTS,-0.6993844193412172
MND,NAC,0.8672532683385153
MND,NAW,-0.6697086101202451
MND,NGC,-0.7984863463987028
MND,NQN,-0.6567216879113607
MND,NVP,0.6894353497784763
MND,PCE,-0.7073141845889652
MND,PCH,-0.6844538498323476
MND,PDN,-0.7468506896179868
MND,PIV,-0.7148808179008894
MND,PNP,-0.7028603063406789
MND,PNT,0.7158788038491024
MND,POM,0.7482729733166278
MND,PTG,0.7455337101507088
MND,QBS,0.7720809280437612
MND,QNP,-0.7599313058126848
MND,RYG,-0.6568373968129154
MND,SBG,-0.8204876174662628
MND,SCD,0.8296151772615673
MND,SGC,-0.7591919716137426
MND,SII,0.6791150550828354
MND,SIV,-0.6745983304425347
MND,SP2,-0.7111060468568455
MND,TB8,0.755598697366827
MND,TDB,-0.6730372685933402
MND,THN,0.8864770388554977
MND,TKU,0.6601363977983834
MND,TMW,0.7745737546629682
MND,TVA,-0.778869925335839
MND,TVC,-0.667639232965736
MND,UXC,0.6654100531459777
MND,VDG,0.7332397447301517
MND,VE2,0.7453820881401214
MND,VE8,0.6671052348711595
MND,VES,-0.6963792569166883
MND,VGL,-0.663867936854897
MND,VGP,-0.7170402381506874
MND,VLP,0.7987901618884765
MND,VNH,0.6970329784694248
MND,VNS,-0.6737762444173786
MND,VPC,-0.7096697313842839
MND,VPR,-0.7948552386478609
MND,VSF,-0.7026771823851579
MND,VTH,-0.7366176107607046
MND,VUA,0.7083919763940448
MPC,OIL,0.6633656890193962
MPC,PAN,0.6586908520838005
MPC,PHR,0.7068932308184808
MPC,PVC,0.6621313344448915
MPC,PVS,0.7128501814946745
MPC,TCM,0.6571878279172685
MPC,THG,0.6641263398622596
MPC,TNG,0.653888404452881
MPC,VGT,0.6659141638851023
MPC,VHC,0.6755112883319726
MPT,TTS,0.6508598125176066
MPT,X26,0.6616037715044241
MPY,MRF,0.7896087943797866
MPY,NAC,0.8435031153951045
MPY,NAW,-0.6722573929274203
MPY,NDW,0.761510908046019
MPY,NUE,-0.6760855311107541
MPY,ODE,-0.7275553625038745
MPY,PBP,-0.6814941403323397
MPY,PCH,-0.7559876257064673
MPY,PDN,-0.6818752962292509
MPY,PHH,0.678899022037241
MPY,PIV,-0.6654520057238003
MPY,PMW,-0.738495566744348
MPY,PNP,-0.7054883223599605
MPY,POM,0.693590774007718
MPY,PPI,0.7114604344238559
MPY,PPT,-0.6753362652249874
MPY,PTC,-0.6791886529018729
MPY,PTG,0.8168613180738707
MPY,PXM,0.6505968872856046
MPY,QNP,-0.7379485045297707
MPY,RBC,0.650733520703254
MPY,RYG,-0.657386636033088
MPY,SAL,0.7841704876822885
MPY,SBG,-0.7961266897941758
MPY,SBT,-0.7019092665973415
MPY,SCD,0.9089690935007737
MPY,SD4,0.6637244056639001
MPY,SGC,-0.6794958389869077
MPY,SKG,-0.679558346690428
MPY,SP2,-0.7471275522278052
MPY,SSF,0.7345436092851795
MPY,TB8,0.7723643418158929
MPY,TCJ,0.7988410135900094
MPY,TDB,-0.7274912453948366
MPY,TDC,-0.6561781003260447
MPY,THN,0.8347421864278899
MPY,TMW,0.7078725538319053
MPY,TNA,-0.7261558770924285
MPY,TOT,-0.7168589115498754
MPY,TSC,-0.7025972440771312
MPY,TVA,-0.6635401385016408
MPY,TVH,0.7467332649206382
MPY,UMC,0.7476137934115603
MPY,UXC,0.6560135124642668
MPY,VDG,0.7302353684547904
MPY,VE2,0.7659513049589904
MPY,VE8,0.668415969255949
MPY,VFG,-0.6519800480539274
MPY,VGP,-0.7915910405954011
MPY,VKC,0.6590057196020751
MPY,VLP,0.7436991618737029
MPY,VNS,-0.731066801013616
MPY,VPH,-0.6627454557615526
MPY,VSF,-0.7798773921580291
MPY,VTH,-0.7259590416008448
MPY,VTI,0.7552034196560911
MPY,VTZ,-0.6653380320349157
MPY,VXB,0.6695601032456349
MQB,NLS,-0.7656718558124097
MQB,NVP,0.7313773912712823
MQB,PCG,0.6879061989967677
MQB,PTM,0.7051296688802163
MQB,QBS,0.7408499118401444
MQB,RYG,-0.7109357292625786
MQB,SD4,0.676009653806398
MQB,TAB,0.933753827388722
MQB,TCK,0.8524421621206956
MQB,TD6,-0.745248435296536
MQB,UXC,0.7359582885713611
MQB,VDG,0.744265787278218
MQB,VE8,0.7307378361197318
MQB,VMK,0.7610805594724727
MQB,VUA,0.7237878210974512
MQB,X20,-0.6500759499628652
MQN,NQN,0.6688870387971507
MQN,SPD,0.7198867269304645
MQN,VHD,0.6699519050429567
MQN,XPH,0.7243789305574118
MRF,NDP,0.6959482612383888
MRF,ODE,-0.6879549695218522
MRF,PCH,-0.6541644091130183
MRF,PHH,0.6883405929840212
MRF,PPI,0.6717415376381575
MRF,PSG,0.6889400035935346
MRF,RBC,0.7077118546481846
MRF,SAL,0.7864961076726771
MRF,SBT,-0.6517094806814704
MRF,SCD,0.7759844186345445
MRF,SD4,0.7222220373128272
MRF,SP2,-0.6741683063772279
MRF,SSF,0.6983809147968567
MRF,TCJ,0.7438782895765416
MRF,TNA,-0.6589747841570409
MRF,TVH,0.7360355470023846
MRF,TW3,0.6604773737673602
MRF,UMC,0.7219393134268411
MRF,UPC,0.7611844329660236
MRF,UXC,0.6556109269125748
MRF,VFG,-0.6651875091472547
MRF,VHF,0.650022460467107
MRF,VMS,0.685563514355067
MRF,VNX,0.7055324365597211
MRF,VTI,0.7584996783065531
MRF,VXB,0.6633159160867572
MSB,MSN,0.6760403736270327
MSB,NAB,0.714839592952577
MSB,OCB,0.8387723721274061
MSB,ORS,0.6508286766638518
MSB,PAN,0.743188641431593
MSB,PC1,0.67932068067423
MSB,PSI,0.6703628271405395
MSB,SBS,0.6999214632037164
MSB,SCR,0.702917355439912
MSB,SHB,0.7737344394527378
MSB,SHS,0.7387244329367659
MSB,SSI,0.7709060573309653
MSB,STB,0.7389052041867352
MSB,TCB,0.7659695995923708
MSB,TCI,0.6529856558916218
MSB,TPB,0.8362482051604433
MSB,VCI,0.6998026691190313
MSB,VIB,0.80822430505755
MSB,VIX,0.6663921492418048
MSB,VND,0.7339195520251747
MSB,VPB,0.7157480921017224
MSB,WSS,0.6742020659992343
MSH,PHR,0.7391849810920965
MSH,PNJ,0.6541200011291907
MSH,PTB,0.6901534071701105
MSH,PVS,0.6686676058313694
MSH,PVT,0.6775171578565087
MSH,REE,0.7372532010234425
MSH,SZC,0.656232934029833
MSH,THG,0.6512112925560184
MSH,TNG,0.6695062467047015
MSH,VHC,0.7616569268065158
MSN,MWG,0.720313709414837
MSN,NKG,0.7101425424498745
MSN,OCB,0.6784959853340365
MSN,PAN,0.7130588728706189
MSN,PC1,0.699346833895917
MSN,PET,0.6518639216690583
MSN,PLC,0.6587546149420843
MSN,PSI,0.6535134050890729
MSN,PVD,0.6894723030041784
MSN,PVS,0.7078530154233994
MSN,PVT,0.7197123179366024
MSN,SBS,0.65940971592279
MSN,SBT,0.6523797005617921
MSN,SCR,0.6806021121178564
MSN,SHB,0.6970774902249847
MSN,SHS,0.7217142503113931
MSN,SLS,0.6604032655383999
MSN,SSI,0.755528747093815
MSN,STB,0.7424295433921568
MSN,SZC,0.7247893136830306
MSN,TCB,0.7190050550328219
MSN,TIP,0.6531238280414445
MSN,TLH,0.6551437937907307
MSN,TNG,0.7462749979683706
MSN,TPB,0.6954553595565764
MSN,VCI,0.7152805049402655
MSN,VGS,0.683899453004913
MSN,VHC,0.7035128276194464
MSN,VIB,0.7403431606907271
MSN,VIX,0.6611776320231886
MSN,VND,0.6591697146848606
MSN,VPB,0.6707016510266804
MST,PAS,0.6821976536550841
MST,VC2,0.7316306757152102
MTB,PAI,0.8409626380094068
MTB,PHH,0.739809296829897
MTB,PMJ,0.714684016529431
MTB,POB,0.671807993702432
MTB,PSG,0.6974943034083503
MTB,QNT,0.7979904871159796
MTB,QST,0.7037404558530058
MTB,QTC,0.7284809709020478
MTB,SAL,0.7672466444038062
MTB,SFN,0.7319139044617451
MTB,SPH,0.784508606326799
MTB,SSF,0.7865229949774882
MTB,STS,0.6943413982511826
MTB,TCJ,0.7025324144976884
MTB,TRT,0.8139704572678353
MTB,TST,0.7216504873995453
MTB,TVG,0.6954194659734755
MTB,TVH,0.7740965110118598
MTB,UCT,0.6735909560892118
MTB,UDL,0.7274034123243721
MTB,UMC,0.8498609242181444
MTB,UPC,0.6868095957271053
MTB,VCT,0.6677218190500771
MTB,VTG,0.8218400506114314
MTB,VTI,0.7654248821987573
MTB,VVN,0.677570643718974
MTB,VXB,0.7918775649064071
MTB,VXP,0.8401599827311066
MTH,NWT,0.6543042323437631
MTH,STL,0.7003556683868842
MTH,TNP,0.6687917035304823
MTS,NGC,0.7215773856524383
MTS,NQN,0.7927235819920476
MTS,NVP,-0.7146972188829346
MTS,PIV,0.6582621815030099
MTS,QBS,-0.720935840430256
MTS,SPD,0.8653598074484401
MTS,TB8,-0.6572466186222728
MTS,TSD,0.68655048700278
MTS,VBH,0.7651377488143929
MTS,VDG,-0.6811004525023748
MTS,VES,0.7281522993267575
MTS,VIW,0.7386268994365262
MTS,VPR,0.8746568302007501
MTS,VUA,-0.6816585461156958
MTS,X20,0.6736314238702941
MVC,PPH,0.6524299015947006
MWG,NKG,0.6623009971836372
MWG,PC1,0.70212156946232
MWG,PET,0.6723588404582723
MWG,PTB,0.6785690397269941
MWG,PVT,0.6597056476905552
MWG,SHS,0.703082402673986
MWG,SSI,0.7118703197026094
MWG,STB,0.6710309355204066
MWG,TCB,0.7914484170466095
MWG,TNG,0.6505512512186464
MWG,VCG,0.6912672289130158
MWG,VCI,0.7210210505360337
MWG,VCS,0.6995588332603551
MWG,VIX,0.6629779773949237
MWG,VPB,0.6713278182558045
NAB,OCB,0.6735103063219774
NAB,SBS,0.7315876207665034
NAB,SBT,0.6567265320974549
NAB,SHB,0.7020106323975169
NAB,SSI,0.6646115665180115
NAB,TCB,0.6800979563403878
NAB,TLH,0.6515441676517711
NAB,TVB,0.658175735634886
NAB,VBB,0.6604795382998369
NAB,VND,0.7153933565095413
NAB,WSS,0.6584143312876957
NAC,PCH,-0.711550452558487
NAC,PDN,-0.7201997438192146
NAC,PHH,0.7291634364681103
NAC,PNT,0.7406449384667164
NAC,POM,0.8209715916346271
NAC,PPI,0.7487545502180855
NAC,PSG,0.6772623467952484
NAC,PTG,0.752128093968575
NAC,QBS,0.8121329553150266
NAC,QNP,-0.7805244795064736
NAC,SAL,0.7236419095940683
NAC,SBG,-0.8012421368975274
NAC,SBT,-0.657608387244552
NAC,SCC,0.6687818424532406
NAC,SCD,0.879935967521888
NAC,SGC,-0.758479720236874
NAC,SII,0.7778544054044733
NAC,TAR,0.6549529084834589
NAC,TB8,0.7918784413187451
NAC,THN,0.9700022372829437
NAC,TKU,0.6516861850016081
NAC,TMW,0.6625858615191927
NAC,TOT,-0.6738324499819505
NAC,TSA,-0.6644708927649391
NAC,TSC,-0.6735966742521388
NAC,TVH,0.71430924145147
NAC,UMC,0.6509390785885372
NAC,VDG,0.7413486916045238
NAC,VE2,0.7724601406092736
NAC,VE8,0.6771539254134089
NAC,VGL,-0.7297612057268992
NAC,VGP,-0.7841146445173417
NAC,VIR,0.665273100066865
NAC,VKC,0.7183850559260606
NAC,VLP,0.9426302101392007
NAC,VNH,0.6996506855480246
NAC,VNS,-0.6500693508647225
NAC,VPR,-0.652749695217108
NAC,VSF,-0.6883408289092654
NAC,VTH,-0.7145494451330512
NAC,VTI,0.7073059925750819
NAF,PTB,0.6546052516034038
NAF,REE,0.675333457757782
NAF,SKG,0.6964683656245563
NAW,PBP,0.6658301134191643
NAW,SIV,0.6652357734908664
NAW,SP2,0.6790989778298341
NAW,VNI,0.655385168972593
NAW,VPC,0.7919891946088832
NBB,NHA,0.7015109888731986
NBB,ODE,0.7511358221137469
NBB,PAN,0.6559150475793805
NBB,PHC,0.7012913821376363
NBB,PMB,0.6555479785574702
NBB,PSW,0.6962783970903885
NBB,PTC,0.7122754727677305
NBB,RBC,-0.6968046319397809
NBB,S99,0.6582258813900349
NBB,SAL,-0.6852494566066357
NBB,SAM,0.70103908137662
NBB,SCR,0.702061692277793
NBB,SHB,0.6557158079336418
NBB,SKG,0.6676591885208526
NBB,SPH,-0.6672166128786421
NBB,SSF,-0.6984084734843548
NBB,TCI,0.7258292828721274
NBB,TCJ,-0.682319395829117
NBB,TGG,0.6898785196576294
NBB,TIP,0.6773154902353778
NBB,TLD,0.6550600447707481
NBB,TNA,0.6509794799368656
NBB,TTF,0.7421077630772949
NBB,TVH,-0.6616827704152192
NBB,UMC,-0.6797437260427818
NBB,VMT,-0.6614975808556725
NBB,VPH,0.6990441816379117
NBB,VXP,-0.6527523650629036
NBC,NKG,0.669536197060973
NBC,ODE,0.6628542123348634
NBC,OGC,0.6844668030733352
NBC,PGC,0.7193245124378167
NBC,PLC,0.6627412251320715
NBC,PMB,0.6757409947202554
NBC,POV,0.7053907767492429
NBC,PPH,0.732385507538496
NBC,PSD,0.6699043829829602
NBC,PTC,0.7082197652556288
NBC,PVG,0.680087318586154
NBC,PVP,0.6881706807687394
NBC,QTP,0.6829937216786859
NBC,SBT,0.6986553203561857
NBC,SCR,0.7190549099043219
NBC,SKG,0.6840276271753917
NBC,SSF,-0.6648616403879312
NBC,STW,-0.6795298119922899
NBC,TCL,0.66674776192051
NBC,THT,0.8660734287035445
NBC,TMB,0.6714886717182768
NBC,TNG,0.6556557590120012
NBC,TOT,0.7069436406331385
NBC,TSC,0.7365477401125509
NBC,TVD,0.9453951423881256
NBC,TVH,-0.6528833263936059
NBC,UMC,-0.6736655034375727
NBC,VGP,0.6727986465286928
NBC,VMT,-0.6747791415119179
NBC,VNL,0.6711045439611925
NBC,VNR,0.6783619552216972
NBC,VOS,0.7106014474286557
NBE,PCE,0.7007575122081731
NBE,TMB,0.65240657588806
ND2,PNT,-0.6985627175331657
NDF,PPI,0.6796222762117691
NDF,PXM,0.664859407202734
NDF,STS,0.6542604303250836
NDF,THU,0.764641732722364
NDF,VNX,0.6579046170115627
NDF,VVN,0.6932517075320227
NDF,X26,0.804076900493149
NDN,NHA,0.7194739745974145
NDN,NTL,0.6644145517845497
NDN,PAN,0.7086774877345279
NDN,PSI,0.6807097758130746
NDN,S99,0.6771943280265235
NDN,SBT,0.6646303644244724
NDN,TDC,0.6500080989641632
NDN,TIP,0.6995699640113943
NDN,TLH,0.6715985650832416
NDN,TPB,0.6635456390228739
NDN,TVS,0.667835167659218
NDN,WSS,0.695297350468024
NDP,SLD,0.6546996486172152
NDP,SPB,0.6690228684195334
NDP,SSM,0.6959476492523855
NDP,UPC,0.6914471900091659
NDW,NWT,-0.6604025188062189
NDW,ODE,-0.6825137952578657
NDW,PBP,-0.66688994580991
NDW,PCE,-0.6572524718245608
NDW,PLE,0.6563414815227113
NDW,PPI,0.7322806654742487
NDW,PTG,0.8768292483945532
NDW,QNW,0.7617145256196546
NDW,SAL,0.7068498349074134
NDW,SBG,-0.6720894157151824
NDW,SSF,0.6643300541858795
NDW,TRT,0.6553335990552863
NDW,TVH,0.733659352918908
NDW,UMC,0.7497021853155906
NDW,VCT,0.6539698851882669
NDW,VE2,0.7552508965575758
NDW,VGP,-0.69398866376214
NDW,VMT,0.6596167908434648
NDW,VNS,-0.6565973300144815
NDW,VSF,-0.7556270464518865
NDW,X26,0.6542946427741663
NDW,XHC,0.7421075211898358
NDX,PSE,0.6631794507434248
NDX,SD9,0.6802969299632201
NDX,SHA,0.6746630306395432
NED,NHA,0.679498514465435
NED,ODE,0.6581554644662502
NED,SGT,0.7185469868514215
NED,SKG,0.6661684244078905
NED,TDG,0.6563227963610249
NED,TDT,0.6523512378748256
NED,TLD,0.6837710514381626
NED,TNA,0.6675074947499949
NED,TVB,0.6866313809933274
NED,VPH,0.668565071019029
NED,VTI,-0.6566894467613176
NGC,NQN,0.7854916388345528
NGC,PIV,0.6841426144109397
NGC,PNP,0.6528892554956792
NGC,PTE,0.7279621878116372
NGC,PWS,0.6803761116419753
NGC,SBV,-0.6642086061793894
NGC,SGC,0.6961497959908906
NGC,STL,0.6879463300993378
NGC,TH1,0.8069378794483665
NGC,TVA,0.7592689148253656
NGC,VES,0.8212396946436046
NGC,VIW,0.7042721004874851
NGC,VPC,0.6591499733673349
NGC,VPR,0.7122548402609097
NHA,NKG,0.7540322435044051
NHA,ODE,0.6807055400781837
NHA,OGC,0.6929488968833252
NHA,PAN,0.6644416164991204
NHA,PFL,0.6671459628252999
NHA,PHC,0.725656220641006
NHA,PSI,0.6674810880839575
NHA,PTC,0.6728812233583794
NHA,PXL,0.65627120791501
NHA,S99,0.6829245030852256
NHA,SAM,0.6509939701452115
NHA,SBT,0.7431016258862325
NHA,SCR,0.7455510869257485
NHA,SGT,0.7062084544643247
NHA,SHS,0.6757562246131553
NHA,SKG,0.7217366307371079
NHA,SSI,0.6963439948972501
NHA,SZC,0.6906519629061055
NHA,TCH,0.6668606468084262
NHA,TCI,0.726443972350124
NHA,TDC,0.7848854096530714
NHA,TIG,0.6736147797216111
NHA,TIP,0.736483799954043
NHA,TLD,0.7160851966104721
NHA,TLH,0.7485750861443218
NHA,TNA,0.6816687002809337
NHA,TVB,0.6526291573153631
NHA,TVS,0.6699532823683165
NHA,VCI,0.7303802118352347
NHA,VGS,0.787431509038489
NHA,VHG,0.6884588568044355
NHA,VIB,0.6573980905138633
NHA,VIG,0.7294064505623191
NHA,VIX,0.6865589042196772
NHA,VND,0.656810966867651
NHA,VPH,0.7429235089126406
NHA,WSS,0.6883122938910815
NHH,PC1,0.6707274430328404
NHH,SKG,0.6650107983644338
NHH,SSI,0.674219525972377
NHH,SZC,0.6928638733818644
NHH,TIP,0.656308187758312
NHH,TSC,0.7191384869503666
NHH,VCI,0.6547435749356862
NHH,VHC,0.6623412215851738
NHH,VND,0.6802516458876801
NJC,THW,0.7455464860513168
NJC,VCF,0.6595616633472173
NKG,NLG,0.6622282127728907
NKG,NT2,0.699658372425027
NKG,OGC,0.6994886162748422
NKG,PAN,0.741098085489147
NKG,PAT,0.6805814945578056
NKG,PC1,0.7618829925418249
NKG,PET,0.7127531732167862
NKG,PSI,0.7008279015398975
NKG,PTB,0.6513559850127991
NKG,PTC,0.6614796601182491
NKG,PVB,0.6629481779782442
NKG,PVC,0.6762692409518228
NKG,PVD,0.7150181549964353
NKG,PVP,0.6562645039919539
NKG,PVS,0.655022420008634
NKG,PVT,0.7148765890642389
NKG,SBS,0.7599120000752212
NKG,SBT,0.7142513547611237
NKG,SCR,0.797522186986166
NKG,SHB,0.6946513035010591
NKG,SHS,0.8159131539834527
NKG,SKG,0.7387649193195781
NKG,SSI,0.8289802406997049
NKG,STB,0.7227628394734548
NKG,SZC,0.7478039119521341
NKG,TCB,0.6711222640992052
NKG,TCH,0.6740292709356478
NKG,TCI,0.7797558853775411
NKG,TDC,0.7067266162256166
NKG,TIG,0.6846207530929771
NKG,TIP,0.6832710346808397
NKG,TLH,0.8229223527488317
NKG,TNG,0.7466476930298802
NKG,TSC,0.6718012675957106
NKG,TTF,0.6747056983517612
NKG,TVB,0.6833265737953548
NKG,VCG,0.7339014637344133
NKG,VCI,0.853872217533738
NKG,VGC,0.658607528533421
NKG,VGS,0.8090345400204983
NKG,VIB,0.7376904577732236
NKG,VIG,0.7102996256128151
NKG,VIX,0.7675662499007653
NKG,VLB,0.6840332365127099
NKG,VND,0.7570837839947264
NKG,WSS,0.6720308179557516
NLG,NT2,0.697595156408356
NLG,PC1,0.714055290589409
NLG,PET,0.6572724186280205
NLG,PHR,0.7036337814522537
NLG,PVD,0.6521256015441043
NLG,PXL,0.65846966792013
NLG,SCR,0.6999157257762262
NLG,SHB,0.6543838460716432
NLG,SHS,0.7016484398733087
NLG,SKG,0.6786092002563758
NLG,SSI,0.7027837313592867
NLG,SZC,0.7251941757617948
NLG,TCH,0.7575856870174809
NLG,TIG,0.6511262933966192
NLG,UDJ,0.6605084586277981
NLG,VCG,0.7829077014914405
NLG,VCI,0.706021405818739
NLG,VGC,0.7745101884200613
NLG,VIX,0.7339643774550586
NLS,PCG,-0.6710595692165597
NLS,PTM,-0.9209293296173785
NLS,RGG,-0.7352648382917143
NLS,SLD,-0.7994930322286128
NLS,SSH,-0.7155844701656511
NLS,TAB,-0.7978993751438886
NLS,TCK,-0.7291367231840539
NLS,TCX,0.6501878219265922
NLS,TD6,0.6922718691429567
NLS,VCR,-0.6725131506124349
NLS,VE8,-0.7687058239468604
NLS,VMK,-0.7155403347941753
NNT,SGC,0.724120329921051
NNT,VGR,0.6573241415579169
NOS,THU,0.6511676984663207
NQB,PMJ,0.7512319922222325
NQB,PTH,0.6694964494887152
NQB,QST,0.6550384450436597
NQB,STL,0.6721097620108591
NQB,TNM,0.7372953894953119
NQB,TNP,0.6841865111868645
NQB,TPS,0.744871337832768
NQB,TVG,0.7727492767835822
NQB,UCT,0.7660612506879698
NQB,VHH,0.7142354843736308
NQB,VSG,0.6794456429653579
NQN,NTT,0.6904098207452873
NQN,PID,0.6935998516814775
NQN,PWS,0.7169251317381382
NQN,SBV,-0.6862409513133172
NQN,SPD,0.7756322906500094
NQN,STL,0.7296978823114407
NQN,TVA,0.6899116318866725
NQN,VBH,0.7280930859255361
NQN,VES,0.7501662124606379
NQN,VIW,0.6719454242079725
NQN,VPR,0.7865070653577844
NQN,XPH,0.7563108661548662
NSG,SPD,-0.6901519526885987
NSG,VBH,-0.6523671626623992
NSH,TLH,0.6662243376894742
NSL,PTG,0.6869342356405727
NT2,OCH,0.6622708645296727
NT2,PAN,0.6977750659519696
NT2,PAT,0.6696543415178046
NT2,PC1,0.6963767154391814
NT2,PET,0.6633717629088536
NT2,PHR,0.6897518519667057
NT2,POW,0.6979297838564863
NT2,PTB,0.7262697300508245
NT2,PVC,0.6540679555162283
NT2,PVD,0.7348647692082977
NT2,PVS,0.6528930049244397
NT2,PVT,0.6655064759992654
NT2,REE,0.7456473437033757
NT2,SCR,0.6995914067828036
NT2,SKG,0.6753453862153092
NT2,SSI,0.6976781598226324
NT2,STB,0.6583036445627268
NT2,SZC,0.6778921911190977
NT2,TCH,0.6776807777623269
NT2,THD,0.6997540336387394
NT2,THG,0.7160913218437835
NT2,TNG,0.673254190877966
NT2,VCG,0.7290971577786356
NT2,VCI,0.6939945362513389
NT2,VGC,0.7177788964541737
NT2,VGS,0.6504056074243325
NT2,VHC,0.6714241678882377
NT2,VIB,0.7145322428569262
NT2,VIX,0.6576193932772237
NT2,VSH,0.683306189103544
NTC,VCS,0.6508025990955201
NTF,TSD,0.7220484325924985
NTH,SPD,0.7256644419514318
NTH,TVM,0.6616610037573231
NTH,VBH,0.7031412017863817
NTL,TIG,0.6828421801661387
NTT,STL,0.7187843796178094
NUE,PMW,0.6826789175152652
NUE,TVD,0.6609268438879147
NVB,SHB,0.6542508431773251
NVL,PDR,0.7814456721714447
NVP,QBS,0.7589080401407583
NVP,RYG,-0.7763517037487254
NVP,S72,-0.7662041637081786
NVP,SPD,-0.7793646804835591
NVP,SRA,0.7937548212362964
NVP,TB8,0.7339541721146631
NVP,TCK,0.6997804699149541
NVP,THN,0.6543350706241446
NVP,UXC,0.8467408418775937
NVP,VDG,0.832367426197261
NVP,VE8,0.7127655878912901
NVP,VMK,0.6636198055280111
NVP,VPR,-0.7082065755212104
NVP,VUA,0.8629898743252892
NVP,WSB,0.7293136279805803
NWT,PTG,-0.6761358771174266
NWT,SIV,0.6630234557850686
NWT,STL,0.8143137088274729
NWT,TDB,0.7582194335011256
NWT,TDF,0.6873218975763107
NWT,TNP,0.7246226609365258
NWT,TPS,0.6500124419703132
NWT,VPC,0.7640214122172915
NWT,VSF,0.6859833133634111
NXT,PNT,0.6843267161648061
NXT,THN,0.6701758099844933
OCB,PAN,0.6926463932693793
OCB,SHB,0.7395452614647554
OCB,SHS,0.6800948728398142
OCB,SSI,0.7042152318107727
OCB,STB,0.6892229331541786
OCB,TCB,0.6948241956875238
OCB,TPB,0.8259906638383534
OCB,VIB,0.7240183272089974
OCB,VND,0.6777919898610513
OCB,VPB,0.660959040230691
OCB,WSS,0.683255083572892
OCH,OGC,0.7694171551776864
OCH,PTC,0.6900017957017693
OCH,PVG,0.6587336259408182
OCH,PXL,0.6552763829331747
OCH,SCR,0.6532654331441219
OCH,SJE,0.6944595689600116
OCH,SKG,0.7129277811079118
OCH,STW,-0.6773131599365076
OCH,VGC,0.6848848335139338
OCH,VMT,-0.6902122063884214
OCH,VNS,0.6554592535458366
ODE,PHC,0.6600244211211105
ODE,PHH,-0.696868416704415
ODE,PMB,0.6645742728008589
ODE,PMW,0.6620811074906758
ODE,PPI,-0.7112779508185908
ODE,PSG,-0.6958727901380348
ODE,PSW,0.6513013114641539
ODE,PTC,0.7056249447037368
ODE,PTG,-0.695698041505472
ODE,QNT,-0.6704788624064785
ODE,RBC,-0.7481313397625108
ODE,SAL,-0.8050119655228672
ODE,SBT,0.7374149798772397
ODE,SCD,-0.6534577290851251
ODE,SCR,0.6845605053674234
ODE,SPH,-0.7404670422487944
ODE,SSF,-0.8123685163079771
ODE,STW,-0.6646214686845044
ODE,TBR,-0.6620396032699912
ODE,TCI,0.7067802339259727
ODE,TCJ,-0.7539337122877314
ODE,TDT,0.6761636236983498
ODE,TGG,0.6587842021312688
ODE,TNA,0.7423774640038593
ODE,TOT,0.7258756389390172
ODE,TRT,-0.6923945054510752
ODE,TST,-0.6780910253756454
ODE,TVH,-0.8040948424609035
ODE,UMC,-0.8173160717723635
ODE,VCT,-0.6701472062495869
ODE,VKC,-0.6631112703823411
ODE,VMT,-0.698584528702371
ODE,VNR,0.6835747482411705
ODE,VTG,-0.6694602536943535
ODE,VTI,-0.7523555874434278
ODE,VVN,-0.6576920641727805
ODE,VXB,-0.7250772431459378
ODE,VXP,-0.7122772568910005
OGC,PC1,0.6554602057705982
OGC,PET,0.6565499320575424
OGC,PHC,0.6516216205721268
OGC,PSD,0.6628235432547934
OGC,PTC,0.6781132037721751
OGC,PVC,0.6834444350954719
OGC,PVG,0.680569291983024
OGC,PXL,0.6906992446611656
OGC,SCR,0.747804298796801
OGC,SKG,0.7544008839847904
OGC,SZC,0.6801618798672328
OGC,TLD,0.6865738243380851
OGC,TSC,0.6919367580321153
OGC,VCG,0.6606304301603649
OGC,VGC,0.7322833912041335
OGC,VGS,0.6885206289785017
OIL,PHR,0.6898014356302148
OIL,PLX,0.8388096321169276
OIL,POW,0.7239968277107872
OIL,PTV,0.6641153463963144
OIL,PVC,0.7449733079218783
OIL,PVD,0.6983901210613181
OIL,PVO,0.6792918248465875
OIL,PVS,0.7658873539207742
OIL,PVT,0.7431415917885656
OIL,TNG,0.711594814691744
OIL,TVN,0.677554297368872
OIL,VEA,0.6704668285496196
OIL,VGT,0.7628716180316917
ONW,VIR,0.7033163589859877
ORS,PSI,0.6928868574482872
ORS,SBS,0.6891778222306021
ORS,SHS,0.7011264312136573
ORS,SSI,0.7247296604431113
ORS,VCI,0.6679480926868969
ORS,VDS,0.6915934439648791
ORS,VND,0.7286419424523588
PAI,PHH,0.6859199604609088
PAI,PMJ,0.7087565695603829
PAI,QNT,0.6763401118355264
PAI,QST,0.7237529739726818
PAI,QTC,0.6713903202119753
PAI,SFN,0.6714996516544323
PAI,TST,0.6547127974648594
PAI,UMC,0.6720720508065989
PAI,VTI,0.6609064704880925
PAI,VXB,0.6992553600547672
PAI,VXP,0.7219930765065581
PAN,PAT,0.6571701798960016
PAN,PC1,0.7132470922345014
PAN,PHC,0.6580629583514248
PAN,PHR,0.7093960491739117
PAN,PLC,0.6588713791802847
PAN,POW,0.6657623241052882
PAN,PSI,0.7627870666543793
PAN,PTB,0.6731886177007598
PAN,PVC,0.6500134028419985
PAN,PVD,0.7561589003882598
PAN,PVS,0.7197773689903882
PAN,PVT,0.7149426302289991
PAN,QTP,0.7005163073119111
PAN,REE,0.681166882565381
PAN,S99,0.7254731201398182
PAN,SBS,0.731613291386555
PAN,SBT,0.6676674758405179
PAN,SCI,0.6688951030492126
PAN,SCR,0.7422583152981218
PAN,SHB,0.7291115131799528
PAN,SHS,0.7259135480825679
PAN,SLS,0.6522887233005202
PAN,SSI,0.7393475384535978
PAN,STB,0.7019168318703124
PAN,SZC,0.7164902719707386
PAN,TCB,0.6965735055314137
PAN,TCH,0.6602226149037916
PAN,TCI,0.765867013162921
PAN,TCM,0.6632311168145939
PAN,TEG,0.6709748805838319
PAN,TIP,0.6526622555469359
PAN,TLH,0.7389206583126909
PAN,TNG,0.7961429912883382
PAN,TPB,0.6844593873489208
PAN,TTF,0.6524670598032462
PAN,TVB,0.7399412862874292
PAN,VCI,0.7258269377001533
PAN,VGS,0.7522305673562399
PAN,VGT,0.6913489678797414
PAN,VHC,0.6732556434243722
PAN,VIB,0.7348532138430205
PAN,VIG,0.6664393080323345
PAN,VIX,0.7020042698313266
PAN,VND,0.7146759643926361
PAN,WSS,0.7007833474016013
PAP,TVA,0.6533296649638953
PAT,PTC,0.6707192074778687
PAT,PVD,0.7048708591467607
PAT,PVS,0.65972638781083
PAT,SCR,0.6911236535151525
PAT,STB,0.6505077575421692
PAT,TNI,0.6606449478893753
PAT,TTF,0.723475028092862
PAT,VIB,0.6719914326508377
PBC,SCG,0.6610074536131878
PBC,STS,-0.6539129019964974
PBP,PCH,0.6704133628689671
PBP,PMB,0.6535880455826993
PBP,PPI,-0.6824542283682826
PBP,PSW,0.7084866649731512
PBP,PTC,0.6985153642794794
PBP,PTG,-0.6694247467829537
PBP,RBC,-0.6690769512837942
PBP,SAL,-0.6766082022166608
PBP,STW,-0.6761352573570971
PBP,TGG,0.7660871344537519
PBP,TSC,0.6626399741000423
PBP,TVH,-0.6965126315779809
PBP,UMC,-0.6683705919051339
PBP,VGP,0.6722523486866475
PBP,VKC,-0.6591403005235044
PBP,VMT,-0.6829002491560529
PBP,VSA,0.6658266501324053
PBP,X26,-0.6500857615544288
PC1,PET,0.8553036838043477
PC1,PHR,0.6871288386645841
PC1,PLC,0.6696890036990949
PC1,POW,0.6621218658139183
PC1,PSI,0.6655101292120351
PC1,PTB,0.6609592271290835
PC1,PVC,0.7328564236688164
PC1,PVD,0.732807749529978
PC1,PVS,0.7224169945173181
PC1,PVT,0.7869835111490285
PC1,SCR,0.6869725356927335
PC1,SHB,0.6760042589551161
PC1,SHS,0.7714966555672012
PC1,SSI,0.7677426636363451
PC1,STB,0.6886658399024939
PC1,SZC,0.7759660278582817
PC1,TCH,0.6823380847570567
PC1,TCI,0.6508478592884063
PC1,TIG,0.6619969628781338
PC1,TNG,0.781891818906551
PC1,TNT,0.6502107719809345
PC1,TPB,0.6528533651552267
PC1,VCG,0.7279442435834983
PC1,VCI,0.7650256085389459
PC1,VGC,0.7551573711337289
PC1,VGS,0.7345432674640713
PC1,VHC,0.6769312767530283
PC1,VIB,0.7284715302251585
PC1,VIX,0.7660622062911373
PC1,VND,0.7107782117230864
PC1,VOS,0.6754164454746698
PC1,VPB,0.730718602897342
PCC,POM,0.687052053316933
PCC,THN,0.6528847078615533
PCC,VNH,0.6904154852242889
PCE,PTG,-0.7156909167787
PCE,SBG,0.6847951665543526
PCE,STL,0.6522797654024474
PCE,THN,-0.6545146938813384
PCE,TUG,0.6855635917397089
PCE,VE2,-0.7086183998550699
PCE,VGP,0.6800415963565031
PCE,VSM,0.6698867024338623
PCG,TAB,0.6921645549581097
PCG,TD6,-0.654918631048396
PCH,PPI,-0.6760288840885258
PCH,PTG,-0.6840024997186374
PCH,SCD,-0.740063622078859
PCH,THN,-0.6803548319834868
PCH,VE2,-0.6791618801175926
PCH,VNS,0.6553749510248128
PDB,SD9,0.6610064114711548
PDN,POM,-0.6964277493762737
PDN,QBS,-0.6669904588044486
PDN,SCD,-0.6646615271974762
PDN,SIV,0.7567485036586681
PDN,SP2,0.6607861172239379
PDN,TDB,0.7490317007998636
PDN,THN,-0.7199750263879755
PDN,TPS,0.6606493417541538
PDN,VGP,0.75919149683885
PDN,VLP,-0.6824772190410505
PDN,VPR,0.7475464949451067
PDN,VTH,0.6752644476002043
PDV,PPH,0.6993368886614839
PDV,SAL,-0.7169152403004284
PDV,SFN,-0.6643136418534332
PDV,THT,0.6737289133057814
PDV,TOT,0.6525260080391488
PDV,TVD,0.6571673702496426
PDV,UMC,-0.6558267403186269
PET,PHR,0.6891313584575689
PET,PLC,0.6955100961237535
PET,POW,0.6700823414705568
PET,PSD,0.6702800675883193
PET,PTB,0.672832818229799
PET,PVB,0.6927834538846664
PET,PVC,0.7893375027084912
PET,PVD,0.7757898878425175
PET,PVS,0.7869069714469027
PET,PVT,0.7806685299993068
PET,SCR,0.7111829800763608
PET,SHB,0.6640166191650465
PET,SHS,0.728298682600601
PET,SSI,0.732988299183996
PET,STB,0.7259864218849803
PET,SZC,0.733767253862226
PET,TIG,0.655828230913387
PET,TNG,0.7883677763640298
PET,VCG,0.6878305119488823
PET,VCI,0.7276373000532658
PET,VGC,0.7202601597840328
PET,VGS,0.6632563031259907
PET,VHC,0.6822478805277523
PET,VIB,0.6878206764856458
PET,VIX,0.7469939533687713
PET,VND,0.6870156562045866
PET,VOS,0.6804042031145789
PET,VPB,0.7204782917225137
PFL,PXL,0.7071935448048335
PFL,VHG,0.6919906601234885
PFL,VPH,0.653318975006278
PGC,PGV,0.6859689565279907
PGC,PMB,0.7029870591190367
PGC,PPH,0.7149318148210174
PGC,PSW,0.6620183345437514
PGC,PVC,0.6710029993542775
PGC,PVG,0.7195764188205758
PGC,PVP,0.6543701656393711
PGC,PVT,0.6680806845118995
PGC,QTP,0.7113380008300799
PGC,SAL,-0.6701699649907018
PGC,SD9,0.6734921445050417
PGC,SPH,-0.6665785321343465
PGC,SSF,-0.6970844865316483
PGC,THT,0.7441210922181587
PGC,TVD,0.7051165844789943
PGC,TVH,-0.6745293242281395
PGC,UMC,-0.689747337636629
PGC,VNL,0.6510861259858545
PGC,VNR,0.6707568599464993
PGC,VOS,0.6669560423409057
PGC,VTG,-0.6668412699678664
PGC,VXP,-0.6523433064597027
PGD,PPH,0.6579160117603733
PGV,PPH,0.6726631739940485
PGV,QTP,0.6708176281762132
PGV,THT,0.6948917535839488
PHC,PSI,0.6667705754817758
PHC,PSW,0.6904878989677496
PHC,PTL,0.6580364044874101
PHC,QNS,0.6669288284789235
PHC,QTP,0.6888578797563986
PHC,S99,0.6889322987204455
PHC,SAM,0.657805366229756
PHC,SBT,0.6844482886593685
PHC,SCR,0.6609487845439488
PHC,SGT,0.7165661114577783
PHC,SHA,0.6531427975358443
PHC,SKG,0.7052544986425923
PHC,TCI,0.7227850616565807
PHC,TDC,0.7026475000691377
PHC,TDG,0.6725848287224666
PHC,TDT,0.7016396278468167
PHC,TLD,0.7193265351971756
PHC,TLH,0.6553030402567193
PHC,TNA,0.7047089727305837
PHC,TSC,0.7349418758073522
PHC,TVB,0.6924854471875102
PHC,VC7,0.7169465053271833
PHC,VGS,0.6886089816064433
PHC,VIG,0.6765174540450395
PHC,VNS,0.7184356081772787
PHC,VPH,0.7020663729173346
PHC,WSS,0.6563633818582016
PHH,POM,0.7165079608533033
PHH,PPI,0.7824176138705429
PHH,PPT,-0.7325288322408939
PHH,PSG,0.7851183052699133
PHH,PXM,0.6523715584301693
PHH,QNT,0.7715053665315637
PHH,QTC,0.7288604966603701
PHH,RBC,0.6680473948206498
PHH,SAL,0.9060998313557196
PHH,SBG,-0.6507783405389952
PHH,SCD,0.7489586216917695
PHH,SCG,-0.7153322173971801
PHH,SFN,0.7791298560626719
PHH,SHP,-0.6599717181399846
PHH,SPH,0.6742322144829805
PHH,SSF,0.807023747355194
PHH,STS,0.7681443223495441
PHH,TAW,0.681264024203399
PHH,TBR,0.6788109736274468
PHH,TCJ,0.749477791115618
PHH,TDT,-0.6740962926003625
PHH,THN,0.7302709426378388
PHH,TRT,0.7908956451073519
PHH,TVH,0.8824094001066286
PHH,UMC,0.8319329251504237
PHH,UPC,0.654828456532841
PHH,VCT,0.7728395742335006
PHH,VE2,0.7229485603708968
PHH,VGL,-0.6577742458602716
PHH,VID,-0.6583100696782505
PHH,VIR,0.7876540184723758
PHH,VKC,0.7445280679130516
PHH,VLP,0.6829940752511693
PHH,VNX,0.6594210095774983
PHH,VTG,0.6738580117314796
PHH,VTI,0.9009444377681955
PHH,VVN,0.7839851144872065
PHH,VXB,0.8361733070183858
PHH,VXP,0.7073778992585553
PHH,WTC,-0.6841731941753003
PHH,X26,0.6939763497086333
PHH,XHC,0.6530901015375145
PHP,SGP,0.7379414459559605
PHP,TCL,0.6628027893848378
PHP,VEA,0.6551085810305205
PHR,PLC,0.7282947866286951
PHR,PLX,0.7096284179122332
PHR,PNJ,0.6690482944873657
PHR,POW,0.7382995280748642
PHR,PTB,0.7620440344999835
PHR,PVC,0.7537441873556123
PHR,PVD,0.7811824018842933
PHR,PVS,0.7553831401678419
PHR,PVT,0.7208236575352843
PHR,REE,0.6728865495945021
PHR,SCR,0.6540904293917662
PHR,SHB,0.6782240448304833
PHR,SSI,0.6709341047784263
PHR,STB,0.6884995416979182
PHR,SZC,0.7752447840033341
PHR,TCB,0.6799933671012719
PHR,TCH,0.7149855386382372
PHR,THD,0.698206059344272
PHR,TNG,0.7590211157359825
PHR,UDJ,0.6540622273667452
PHR,VCG,0.6891639513232356
PHR,VGC,0.747757190515925
PHR,VGS,0.67726523684475
PHR,VGT,0.7245580909760626
PHR,VHC,0.7190444303669837
PIA,SDK,0.7638561640288376
PID,POB,0.6517663524075188
PID,PTH,0.6716602777976184
PID,TVG,0.692131816159044
PID,XPH,0.7154733830307838
PIS,PSN,0.6723619276226579
PIS,VBH,0.6585309496018852
PIV,QBS,-0.6565078882838176
PIV,SCD,-0.7155726475489597
PIV,SGC,0.6692632362838016
PIV,TB8,-0.6668377277301781
PIV,THN,-0.6647435305616233
PIV,VGL,0.699576293490071
PIV,VTH,0.6606088319587821
PJS,SGH,0.6897164100780127
PLC,POW,0.6859966248534278
PLC,PTB,0.6957476119557056
PLC,PVB,0.6777967105999392
PLC,PVC,0.7480405235004867
PLC,PVD,0.7679122532957792
PLC,PVS,0.7583986608741288
PLC,PVT,0.7620728893051744
PLC,QTP,0.6775442201181062
PLC,SCR,0.6898434115242733
PLC,SSI,0.6725399423839149
PLC,STB,0.6770959163678031
PLC,SZC,0.7213386046616338
PLC,TNG,0.806767569661898
PLC,VCG,0.6682416892575805
PLC,VCI,0.6783606066761833
PLC,VGC,0.7033166393895354
PLC,VGT,0.6647420266273035
PLC,VHC,0.7227472716157849
PLC,VOS,0.6695542357196522
PLE,SAL,0.651157927062014
PLE,SPH,0.7639163575456642
PLE,STS,0.6968734897171733
PLE,TST,0.7045715216159607
PLE,TVH,0.7028324522123938
PLE,UDL,0.8040339987265528
PLE,UMC,0.6809210473791381
PLE,USC,0.7205602915767709
PLE,VCT,0.6925495655124366
PLE,VTG,0.8135397855895207
PLE,VVN,0.6771290455485639
PLO,THW,0.6911759505113949
PLO,TSD,0.7690497302001688
PLP,TNI,0.6575316952571992
PLP,TSC,0.6546536438838038
PLP,TTF,0.7077600185695668
PLX,PNJ,0.6782764171280875
PLX,PVC,0.6728743782140533
PLX,PVD,0.684224193110822
PLX,PVS,0.7062972000941282
PLX,PVT,0.777091655734983
PLX,TNG,0.6681595804762308
PLX,VEA,0.6663803830160042
PLX,VGI,0.6816413285880235
PLX,VGT,0.6738231274018239
PLX,VNM,0.6767674902812897
PMB,PPH,0.6801112763771421
PMB,PSE,0.7980498133574316
PMB,PSW,0.7913868066111889
PMB,SAL,-0.6799014910106567
PMB,SSF,-0.7178630597767188
PMB,TDT,0.6534469240719046
PMB,THT,0.6885779548698268
PMB,TRT,-0.653851701001481
PMB,TVD,0.652903135814562
PMB,TVH,-0.6944837016027308
PMB,UMC,-0.7332924207339346
PMB,VXP,-0.6754009389467915
PMJ,PTH,0.7869244344145411
PMJ,PTX,0.6935515351822605
PMJ,SGD,0.6915265327447936
PMJ,SPH,0.6672091083758825
PMJ,TPS,0.7294592093479444
PMJ,TVG,0.7002557534121807
PMJ,VHL,0.6513042940865865
PMJ,VTG,0.6937913747082664
PMJ,VXP,0.693952038413585
PMJ,XDH,0.7338331051125423
PMJ,XPH,0.6561574389929905
PMT,YBC,0.6572371615004492
PMW,PRC,0.6634167322012735
PMW,RBC,-0.6613218644883331
PMW,SAL,-0.65585247951896
PMW,SPH,-0.656090586082187
PMW,SSF,-0.7169778862492847
PMW,TCJ,-0.7873847328918736
PMW,TDB,0.664727230256035
PMW,TGG,0.6858586391943506
PMW,THW,0.6582394676125736
PMW,UMC,-0.6963199392891466
PMW,VGP,0.7795392675941345
PMW,VMT,-0.6507414013175505
PNG,SNC,0.6617992383735438
PNJ,PVS,0.6676526293327988
PNJ,REE,0.6754671986948582
PNJ,VHC,0.7177911876046078
PNJ,VNM,0.6701037688151082
PNP,PTG,-0.6760399592514352
PNP,SBG,0.6956676173212731
PNP,SCD,-0.6813683241775853
PNP,TH1,0.656173860127979
PNT,POM,0.6509662068497296
PNT,QNP,-0.6962846187799901
PNT,SBG,-0.7070622871903669
PNT,SII,0.6706185676894397
PNT,THN,0.7822883741448128
PNT,VLP,0.7399411989472945
PNT,VNH,0.6674470991652479
POB,PSG,0.6586979174273745
POB,PTE,0.758424564442069
POB,STS,0.7020246298007721
POB,THU,0.7604927659863688
POB,TNM,0.7525567821524756
POB,TVG,0.7099766752027011
POB,VVN,0.7252005607465306
POB,X26,0.7063062499541966
POM,QBS,0.7932026999738655
POM,QNP,-0.6942301146093195
POM,SBG,-0.6984452101125417
POM,SCD,0.7608617847481493
POM,SGC,-0.7500070474492101
POM,THN,0.8223825991909174
POM,TVA,-0.6898977071215774
POM,VE2,0.7138858651802759
POM,VGP,-0.6750304089493946
POM,VLP,0.8145138778737887
POM,VNH,0.8107146554393705
POV,THT,0.7292323984165984
POV,TVD,0.7095933850857225
POW,PTB,0.6543820335174978
POW,PVD,0.6776254492533694
POW,PVT,0.6874196057172562
POW,QTP,0.7062912383804942
POW,REE,0.6518217234838363
POW,SCR,0.6722050622042454
POW,STB,0.7136636779404351
POW,SZC,0.6562556842641101
POW,TCH,0.7072114148678406
POW,THD,0.7162756834871422
POW,TNG,0.712409378545165
POW,TNH,0.6584996727338936
POW,TPB,0.7124734354413323
POW,TVS,0.6817005868031886
POW,VGT,0.681354016816217
POW,VIB,0.6670158940866574
POW,VLC,0.6615192101205085
PPC,QNS,0.6525279313770657
PPC,QTP,0.7282122739866433
PPE,SCC,0.686439518661592
PPH,PSE,0.6723469012898947
PPH,QTP,0.6627032254767701
PPH,SAL,-0.6918745749996867
PPH,SSF,-0.6587981234577098
PPH,TCL,0.6764763521371471
PPH,TDG,0.6904482700023384
PPH,TDT,0.6503835699976518
PPH,THT,0.7552475706722431
PPH,TVD,0.7259468475629473
PPH,TVH,-0.6631072353800983
PPH,VNL,0.7688962862441818
PPH,VNR,0.6617662453725212
PPH,VOS,0.6651430332462231
PPH,VTG,-0.6528660745415693
PPI,PSG,0.8483922298809821
PPI,PTG,0.8339324656311259
PPI,PXM,0.7993283660120521
PPI,QNP,-0.6645716839557086
PPI,RBC,0.6683840297069243
PPI,SAL,0.8356080762525571
PPI,SBG,-0.778848875139501
PPI,SBT,-0.7221770179665195
PPI,SCD,0.7099471917688664
PPI,SCG,-0.6968378012279549
PPI,SCO,0.6805325047055136
PPI,SII,0.7250872909262557
PPI,SLS,-0.6586659894845112
PPI,SSF,0.7226994303992373
PPI,STS,0.8015652751041255
PPI,TBR,0.6689696355575687
PPI,THN,0.7428908554949861
PPI,TMW,0.6852394188789749
PPI,TOT,-0.6586620557566308
PPI,TRT,0.6546106186663738
PPI,TSC,-0.6664825942037198
PPI,TVH,0.8865009857302961
PPI,UMC,0.768439552879299
PPI,V21,-0.6558203080411324
PPI,VCT,0.8384944309643646
PPI,VE2,0.8216856638882493
PPI,VIR,0.6931178669341405
PPI,VKC,0.7697303600369737
PPI,VLP,0.6814484850589425
PPI,VNX,0.6765915910938846
PPI,VTI,0.8071440324457524
PPI,VVN,0.8338535539150113
PPI,VXB,0.7516637084922522
PPI,X26,0.8540124103601515
PPI,XHC,0.7490593703064912
PPT,PSW,0.675797324815641
PPT,SAL,-0.7822592827312348
PPT,SCD,-0.7099647008655103
PPT,SPH,-0.7452791814573271
PPT,SSF,-0.7850752472114646
PPT,TCJ,-0.797399397699813
PPT,TST,-0.6863263790591754
PPT,TVH,-0.7522093985361976
PPT,UMC,-0.6922090600613213
PPT,VTI,-0.70930082856359
PPT,VXB,-0.780505599556508
PPT,VXP,-0.7259367048419478
PPT,XDH,-0.7158280839623631
PRC,SP2,0.652576850547478
PRC,STW,-0.6655908802560905
PRC,TDB,0.7024636502849575
PRC,THW,0.6821118093632627
PRC,VGP,0.6865599022440759
PRC,VMT,-0.6634007708523153
PSD,PVC,0.6555899389968675
PSD,PVG,0.7413825845231126
PSD,SD5,0.6732776636241979
PSD,SKG,0.6855374226172776
PSD,VGC,0.672293133581809
PSE,PSW,0.7050852531808269
PSE,SSF,-0.6841493203264609
PSE,VXP,-0.6516694503816117
PSG,PVH,0.6715157420249053
PSG,PXM,0.6717708901975135
PSG,QNT,0.7271204969806047
PSG,RBC,0.6689291212401227
PSG,SAL,0.8134332290427938
PSG,SCG,-0.6680401958793465
PSG,SFN,0.6570405294202389
PSG,SPH,0.6582077420548235
PSG,SSF,0.7213915895498678
PSG,STS,0.8051026505754099
PSG,TAW,0.6563911699483206
PSG,THU,0.7058130765285575
PSG,TRT,0.6897427606199019
PSG,TST,0.6734543157865269
PSG,TVH,0.8481705659594475
PSG,UMC,0.815536504376579
PSG,UPC,0.7447365081368196
PSG,VCT,0.780149581138819
PSG,VKC,0.7468890397502773
PSG,VNX,0.652821749131143
PSG,VTG,0.6673273414956193
PSG,VTI,0.8010498852761623
PSG,VVN,0.8696771412988747
PSG,VXB,0.7741176499517259
PSG,X26,0.858027345118869
PSI,PSW,0.650453738901679
PSI,PVC,0.6504085006647815
PSI,PVD,0.6648763877266066
PSI,PVS,0.6570216986882051
PSI,S99,0.6748952764441547
PSI,SBS,0.8023754560445658
PSI,SBT,0.6611318289113204
PSI,SCR,0.7759850491372478
PSI,SHB,0.7502286325591075
PSI,SHS,0.7905953005594573
PSI,SSI,0.7688040616148194
PSI,SZC,0.6856164806081124
PSI,TCI,0.7860313561715514
PSI,TLH,0.7022218061547417
PSI,TNG,0.707536127979624
PSI,TTF,0.657379310359045
PSI,TVB,0.7472580138534599
PSI,VCI,0.7421127595178966
PSI,VDS,0.6969587709845833
PSI,VGS,0.6840665744576729
PSI,VGT,0.6885207781497811
PSI,VIB,0.7196795604755533
PSI,VIG,0.7832125955954009
PSI,VIX,0.7017061759484452
PSI,VND,0.750909728236878
PSI,WSS,0.8293013342569596
PSN,VBH,0.7545414341157319
PSN,YTC,0.6612244374024655
PSW,SAL,-0.7212535525326019
PSW,SBT,0.6532952883178649
PSW,SGT,0.6688114986677316
PSW,SPH,-0.6719355691965488
PSW,SSF,-0.7388188054983248
PSW,TCJ,-0.6828340754420157
PSW,TDG,0.6925987835126322
PSW,TDT,0.6902735014464442
PSW,TNA,0.6622789496050322
PSW,TVH,-0.7139893367952842
PSW,UMC,-0.6862057971838743
PSW,VPH,0.6812968556755196
PSW,VTI,-0.6632523301874995
PSW,VXP,-0.6957265554077408
PTB,PVB,0.6882262847861578
PTB,PVC,0.6773238157003774
PTB,PVD,0.7104618566930145
PTB,PVP,0.6926284160967597
PTB,PVS,0.691455025614197
PTB,PVT,0.7150240969931336
PTB,QTP,0.7247868093330069
PTB,REE,0.7217663812237413
PTB,SKG,0.6924040971816395
PTB,SZC,0.7037090842685579
PTB,TCB,0.6563185528977751
PTB,TCM,0.6507927335133368
PTB,TNG,0.7369309445506367
PTB,VCI,0.6557281234253031
PTB,VCS,0.7206107674203507
PTB,VGC,0.6581298002364229
PTB,VGI,0.682946462404069
PTB,VGT,0.656004738875302
PTB,VHC,0.6529908029134099
PTB,VIB,0.6589255393821526
PTC,PTG,-0.6920130024796006
PTC,RBC,-0.6966937361277542
PTC,SAL,-0.6562723137051867
PTC,SBG,0.667600827466871
PTC,SBT,0.6764316854718442
PTC,SCR,0.68380804714035
PTC,SD9,0.6651795347012167
PTC,SKG,0.6674003931317499
PTC,TCI,0.6530857702065143
PTC,TCJ,-0.6849489025318872
PTC,TDC,0.6628216460552687
PTC,TGG,0.7135016225426166
PTC,TID,0.6609625652437238
PTC,TLD,0.6695933490297037
PTC,TLH,0.6637806156379379
PTC,TSC,0.7302705546593818
PTC,TTF,0.6649372693501775
PTC,TVD,0.7041976351437972
PTC,TVH,-0.6728762160831184
PTC,UMC,-0.6705106857749958
PTC,VMT,-0.6823521886208298
PTC,VPH,0.6503652980734462
PTE,TH1,0.6707242360385746
PTE,THU,0.7449125294785018
PTE,VES,0.6755699563180224
PTE,VIW,0.6694018253483798
PTE,VTQ,0.698027239734538
PTG,QNP,-0.6608661044006583
PTG,QNW,0.6744543636147589
PTG,SAL,0.7311583266094469
PTG,SBG,-0.8385866284740376
PTG,SBT,-0.6583992854358209
PTG,SCD,0.7215006267213858
PTG,SDN,-0.6692952699809402
PTG,SII,0.7054126492860865
PTG,SSF,0.6721550052624045
PTG,STG,0.6534112757199575
PTG,TAR,0.6874571425677368
PTG,TBR,0.6935195823064223
PTG,THN,0.7525085426546492
PTG,TL4,0.6969889577729249
PTG,TMW,0.7929815272297679
PTG,TOT,-0.6639261544477053
PTG,TRT,0.6607932893505696
PTG,TSC,-0.7335944324013921
PTG,TVD,-0.6596442264348154
PTG,TVH,0.7633678760971151
PTG,UMC,0.7304160656733341
PTG,VCT,0.6719349232607554
PTG,VE2,0.8343609815146525
PTG,VGP,-0.6628967239361321
PTG,VKC,0.6516292200986656
PTG,VLP,0.7132811510532947
PTG,VNS,-0.6819736018944411
PTG,VSF,-0.744239791226601
PTG,VTI,0.6990346621621609
PTG,XHC,0.7356424406761813
PTH,PTX,0.6815012192986443
PTH,STL,0.7795849010583185
PTH,TNP,0.7486311723173089
PTH,VHH,0.6507800759315515
PTH,VHL,0.6565756604307935
PTH,VXT,0.651259421535326
PTH,XDH,0.6717046160372852
PTL,TSC,0.7077224074112197
PTM,RGG,0.7130583516547765
PTM,SLD,0.7607195550741674
PTM,TAB,0.7174562754220248
PTM,TCK,0.6716757179566366
PTM,TCX,-0.6677975694658568
PTM,VE8,0.6912306764191805
PTV,PVO,0.7266727923547236
PTV,PVS,0.6618411168834963
PTX,SGD,0.697496982301972
PTX,VXP,0.651984774717198
PTX,XDH,0.6589464852401019
PV2,SHA,0.6611745511409182
PVB,PVC,0.8279948314008709
PVB,PVD,0.7946880198496428
PVB,PVG,0.6775422607846197
PVB,PVP,0.693196160958429
PVB,PVS,0.7870423444259734
PVB,PVT,0.7703907874510109
PVB,TNG,0.7502869895171523
PVC,PVD,0.8856199416394068
PVC,PVG,0.7829479052908727
PVC,PVO,0.6712721599050089
PVC,PVP,0.6776557700955134
PVC,PVS,0.8928071720190303
PVC,PVT,0.8407826747617154
PVC,PXT,0.6582221566220924
PVC,SCR,0.6709141558465227
PVC,SKG,0.6647364003211915
PVC,SSI,0.6661864777170518
PVC,SZC,0.7276272926421657
PVC,TNG,0.7943844096780622
PVC,VGC,0.6930637989793025
PVC,VGS,0.6537933388184514
PVC,VHC,0.7043866902648412
PVD,PVG,0.6959891744405462
PVD,PVS,0.8963933404323461
PVD,PVT,0.8562507859156339
PVD,REE,0.6726236326380718
PVD,SCR,0.6991356445722335
PVD,SHS,0.697505549217948
PVD,SKG,0.6519122668517554
PVD,SSI,0.7526800896855247
PVD,STB,0.7496483313135678
PVD,SZC,0.7438284359179015
PVD,TCI,0.653156539221323
PVD,TNG,0.822117919113388
PVD,TTF,0.6648010381670858
PVD,VCG,0.6745843461261837
PVD,VCI,0.7351672639735862
PVD,VGC,0.7204297791620071
PVD,VGS,0.6621430775159912
PVD,VHC,0.7075168751603946
PVD,VIB,0.6921682196276218
PVD,VIX,0.6985345522544391
PVD,VND,0.6780589795852495
PVG,PVO,0.6634554287793715
PVG,PVS,0.6737731287924427
PVG,PVT,0.6548104728999679
PVG,QTP,0.6520423451407614
PVG,REE,0.659540587903686
PVG,SD9,0.6851058787557064
PVG,SKG,0.702470183345767
PVG,TVD,0.6822170405076188
PVG,VNR,0.6586288105030732
PVP,PVT,0.7664883071897665
PVP,TCM,0.6520920835958142
PVP,TNG,0.7038757611924376
PVP,TVD,0.654339743322206
PVS,PVT,0.8521947255989054
PVS,REE,0.709296187548193
PVS,SBS,0.6539950178850974
PVS,SHS,0.6763041070089428
PVS,SSI,0.7236039447954494
PVS,STB,0.7395882658651476
PVS,SZC,0.7125268974315837
PVS,TNG,0.8417588336252729
PVS,VCI,0.6666614806678761
PVS,VGT,0.670826166674764
PVS,VHC,0.7417392109270333
PVS,VIB,0.6861850460751882
PVS,VND,0.6926185518753097
PVT,QTP,0.6985321506505701
PVT,REE,0.6787556011820348
PVT,SHS,0.694996664930814
PVT,SSI,0.7441849624717841
PVT,STB,0.7154097001663221
PVT,SZC,0.7720220494667447
PVT,TNG,0.8560708534886685
PVT,VCG,0.6684259607197609
PVT,VCI,0.7576594832280722
PVT,VGS,0.6870709024488902
PVT,VGT,0.6768245336283035
PVT,VHC,0.712835318566783
PVT,VIB,0.6694131268782697
PVT,VND,0.6586800656373029
PVT,VOS,0.7313485652564169
PVX,TNW,0.6988634115092611
PVX,TUG,0.6653736525094694
PVX,VPC,0.7158510483305586
PVY,QST,0.6717572555944731
PVY,TSG,0.6586190744560187
PVY,TTD,0.7544098258789533
PVY,UCT,0.6978043589902148
PWS,VBH,0.6669024910043877
PWS,VIW,0.6596084611726596
PXA,TA6,0.6525258338051355
PXL,SAM,0.7102941942821955
PXL,SD9,0.7525161407889831
PXL,SKG,0.7481471282748784
PXL,TDC,0.6753151812163505
PXL,TID,0.6929648937299087
PXL,TIG,0.6807586918869293
PXL,TIP,0.6528381515511026
PXL,TLD,0.6703380777268397
PXL,TSC,0.6606246212178786
PXL,VGC,0.7282517550846688
PXL,VPH,0.6586672592050881
PXM,SCD,0.6584427431234506
PXM,TVH,0.6565543940179546
PXM,VE2,0.7339093685373413
PXM,VE8,0.6589093316479787
PXM,VNX,0.7514813500550502
PXM,X26,0.7382486079588462
QBS,QNP,-0.69055558242041
QBS,RYG,-0.6831031097916469
QBS,SCC,0.6612265799326825
QBS,SCD,0.7416228608940244
QBS,SGC,-0.760280144912464
QBS,SPD,-0.7477743468006277
QBS,SRA,0.7123302147386165
QBS,TB8,0.6623909257463049
QBS,TCK,0.668518930626685
QBS,THN,0.83815004604114
QBS,TVA,-0.6868651680436022
QBS,UXC,0.7428395766465999
QBS,VDG,0.754489356069219
QBS,VE8,0.7056472432115464
QBS,VIR,0.6785687865450422
QBS,VLP,0.7596402339459817
QBS,VNH,0.7043045615439975
QBS,VPR,-0.6969459007754752
QBS,VUA,0.7953163852491969
QBS,X20,-0.6985046194410313
QHD,SPH,-0.7907058279037127
QHD,SSF,-0.6793803966431826
QHD,STH,-0.6653849457702004
QHD,TCJ,-0.6895327404499609
QHD,TST,-0.6996921804289531
QHD,UMC,-0.6961480715177605
QHD,VTG,-0.7278610768625056
QHD,VXP,-0.7049237684764316
QHW,TPS,0.7022809978901561
QHW,VPR,0.6686833981879118
QNP,SBG,0.7565180556034261
QNP,SCD,-0.7444165326307017
QNP,SGC,0.6506916824499895
QNP,THN,-0.8021372699323148
QNP,TMW,-0.650910873334576
QNP,VE2,-0.7012593122573427
QNP,VLP,-0.7335424360433478
QNS,QTP,0.7547946999390984
QNS,RAL,0.682056059227743
QNS,SHP,0.6657206941011202
QNS,SJD,0.7093105934266913
QNS,SKG,0.7060749974259718
QNS,TSC,0.6639365706477879
QNT,QST,0.662064383442842
QNT,QTC,0.7491163340186302
QNT,SAL,0.7651466755672811
QNT,SFN,0.6823680124738938
QNT,SSF,0.7505203852295137
QNT,STS,0.6749649016942879
QNT,TDT,-0.6975156703096609
QNT,TRT,0.7415562011515311
QNT,TVH,0.7670278898141808
QNT,UCT,0.7107794809787829
QNT,UMC,0.8068920901041755
QNT,UPC,0.6683198728206394
QNT,VCT,0.6718548042707093
QNT,VTG,0.719243933543895
QNT,VTI,0.8478367903693138
QNT,VVN,0.6640461787468754
QNT,VXB,0.7438263203547811
QNT,VXP,0.7219547344195281
QNT,XHC,0.6780082074463004
QNU,SCO,0.6882254223146941
QNU,STS,0.8027115122572588
QNU,TVG,0.8287088335141751
QNU,UDL,0.7174874272163583
QNU,VCT,0.6678086901447975
QNW,RBC,0.6681671848371376
QNW,SFN,0.6843587831370893
QNW,STW,0.6906604911673013
QNW,TAN,-0.7039986753211573
QNW,UMC,0.7073408682899265
QNW,VMT,0.6863811083977787
QNW,XHC,0.6818337617691346
QPH,RTB,0.7275779059094243
QPH,TTT,0.6548609576801081
QPH,VE2,-0.6736243430932009
QST,SAL,0.6504976616664637
QST,SFN,0.8102883395189324
QST,STS,0.6596852286505905
QST,UCT,0.8358887165535975
QST,UDL,0.7053477799607967
QST,UMC,0.6747345412868603
QST,UPC,0.6738285495672197
QST,VTG,0.700989951198633
QST,VTI,0.6562725089975359
QTC,SAL,0.6752593481500171
QTC,TRT,0.7143733963872706
QTC,TVH,0.6528198605789025
QTC,UMC,0.7091557926334368
QTC,VIR,0.6881699211228002
QTC,VTI,0.7830512465720302
QTC,VXB,0.6588740400443972
QTC,XHC,0.6885692239474273
QTP,RAL,0.6674406259008759
QTP,REE,0.6715356432467448
QTP,SD9,0.6650786768701262
QTP,SGT,0.6562261140992983
QTP,SJD,0.6766346974148117
QTP,SKG,0.69567507494451
QTP,STK,0.6731922455788674
QTP,TCL,0.683302462858993
QTP,TNG,0.6807289348912934
QTP,TNH,0.6558291620573546
QTP,TTA,0.6582085884271737
QTP,TVD,0.6589244101000413
QTP,TVS,0.679049507918314
QTP,UDJ,0.662935923858907
QTP,VGT,0.7177945486081299
QTP,VLB,0.6553532255734632
RAL,SLS,0.682086989869164
RAL,VLB,0.6632992311075614
RAT,TV1,0.7019726943595829
RBC,SAL,0.8136109667799121
RBC,SFN,0.6883841382688497
RBC,SPH,0.7893116198835809
RBC,SSF,0.7590387057057583
RBC,STS,0.6973260616437227
RBC,STW,0.7086343472498366
RBC,TCJ,0.7867427162028866
RBC,TGG,-0.6685359355957282
RBC,TST,0.7018109015863693
RBC,TVH,0.7900293454994914
RBC,UMC,0.8015767167154667
RBC,VHF,0.7658411676214
RBC,VKC,0.6660454148243184
RBC,VMT,0.7783913318156214
RBC,VTG,0.7357859541196494
RBC,VTI,0.6638317587245764
RBC,VXB,0.7113680693298721
RBC,VXP,0.6972175545677121
RBC,X26,0.6572343104315319
REE,SKG,0.6584592186520984
REE,SZC,0.6665682709710059
REE,TCM,0.7017243043670914
REE,THD,0.664861496060982
REE,THG,0.6968864620791975
REE,TNG,0.6782214554845379
REE,TNH,0.6847164676420074
REE,VGS,0.6599533384186751
REE,VHC,0.728668429717285
REE,VIB,0.6842522728339523
REE,VSH,0.771253745538598
RGG,SLD,0.8846368025102489
RGG,TCX,-0.7030767229545004
RTB,VE2,-0.6546220308499331
RYG,SCD,-0.6628976235779939
RYG,SPD,0.6591016528391209
RYG,TB8,-0.6637896560103803
RYG,TCK,-0.6857973995434021
RYG,UXC,-0.7995532617144316
RYG,VDG,-0.7014867710481323
RYG,VE8,-0.764993049332948
RYG,VMK,-0.6864630016696919
RYG,VUA,-0.7282652561264934
S72,SRA,-0.6586530870497864
S72,UXC,-0.6804572931329471
S72,VDG,-0.6808162958209523
S72,VUA,-0.6976162518810755
S74,SBM,0.6845969296257403
S99,SCI,0.8364069361247483
S99,SCR,0.6763507393499397
S99,SHB,0.6666708436118906
S99,SSI,0.653758549652715
S99,TCI,0.7407056217364468
S99,TDC,0.6715981849463998
S99,TLH,0.6741140471245752
S99,TVB,0.687300958428613
S99,VGS,0.650400188606754
S99,VIG,0.6709530223452724
S99,VIX,0.6728286106057785
S99,WSS,0.7106493511745976
SAL,SBG,-0.6860438782496462
SAL,SBT,-0.7022434397703508
SAL,SCD,0.7830460454031757
SAL,SCG,-0.7364695599082829
SAL,SFN,0.8328739249019433
SAL,SHI,-0.6521608804882113
SAL,SPH,0.8494747337309629
SAL,SSF,0.9032840387565454
SAL,STS,0.8317579997507325
SAL,STW,0.7044905020492475
SAL,TBR,0.7168659873322413
SAL,TCJ,0.8819487809812293
SAL,TDT,-0.723880539710478
SAL,THN,0.7028273196771664
SAL,THT,-0.6805571232222091
SAL,TOT,-0.7387061165529267
SAL,TRT,0.7948527516706668
SAL,TSC,-0.6565730348282042
SAL,TST,0.789016479817173
SAL,TVD,-0.6736452522643598
SAL,TVH,0.9615838109188146
SAL,UMC,0.9292978141086754
SAL,UPC,0.7157296237937618
SAL,V21,-0.6589378465489459
SAL,VCT,0.8237223695104712
SAL,VE2,0.6907510519822583
SAL,VGP,-0.6500690520906746
SAL,VHF,0.7045164194922072
SAL,VID,-0.6664180102462743
SAL,VIR,0.6856512357546977
SAL,VKC,0.7750920124030598
SAL,VMT,0.743918487091443
SAL,VNL,-0.6652422989481918
SAL,VNR,-0.6546884679413919
SAL,VNX,0.6579716451515585
SAL,VTG,0.825958051778606
SAL,VTI,0.8972599460499676
SAL,VVN,0.8182729420027245
SAL,VXB,0.8943072384411563
SAL,VXP,0.7901345000056818
SAL,WTC,-0.694970499958295
SAL,X26,0.7629307194156967
SAL,XHC,0.7605924019332134
SAM,SCR,0.6666263627556721
SAM,SD9,0.7586077998847492
SAM,SKG,0.661781583276872
SAM,TCI,0.6735182959362596
SAM,TNI,0.6855063064711777
SAM,VPH,0.6550074516535936
SAS,TTN,0.6839435044587879
SBG,SBT,0.6641935598071488
SBG,SCD,-0.7688618445324441
SBG,SII,-0.7765947547603262
SBG,SKG,0.6785738060432671
SBG,TAL,0.7388375619112575
SBG,TBR,-0.7071148833739647
SBG,TDC,0.6656512034545027
SBG,THM,-0.6593412871983909
SBG,THN,-0.8210065281829141
SBG,TMW,-0.7418994397794169
SBG,TSC,0.7434187588774064
SBG,TVD,0.655053463111679
SBG,TVH,-0.7088931560770972
SBG,VE2,-0.7769889560356383
SBG,VKC,-0.6976876877871682
SBG,VLP,-0.7680813797255573
SBG,VNS,0.6813992895137684
SBG,VTI,-0.6788078590470074
SBS,SCR,0.7839917907539361
SBS,SHB,0.7627535189472835
SBS,SHS,0.8270304503907216
SBS,SSI,0.8405584391217397
SBS,STB,0.7595491138934319
SBS,SZC,0.6895575300581034
SBS,TCB,0.7305274410160153
SBS,TCI,0.7449515581803802
SBS,TLH,0.7210179939845489
SBS,TNG,0.7287971669243528
SBS,TSC,0.6599338293116181
SBS,TTF,0.6964521676337436
SBS,TVB,0.7286605627741284
SBS,VBB,0.6651622162069458
SBS,VCI,0.7812532477619072
SBS,VDS,0.660132528663208
SBS,VGS,0.7081758754665204
SBS,VGT,0.6941793717989144
SBS,VIB,0.6912377857380095
SBS,VIG,0.7228310792680607
SBS,VIX,0.7128104944853197
SBS,VLB,0.7110290903110849
SBS,VND,0.8183287182906716
SBS,WSS,0.777347790571482
SBT,SCR,0.7062947410408936
SBT,SGT,0.689994067966498
SBT,SKG,0.7247749227503242
SBT,SLS,0.6997761017454895
SBT,SSF,-0.6654953447685042
SBT,SSI,0.6869502809687632
SBT,SZC,0.6842328728951005
SBT,TCI,0.6955261084838932
SBT,TDC,0.7060784816688677
SBT,TIP,0.6994812390463407
SBT,TLH,0.7653727330037535
SBT,TNA,0.7011746751186978
SBT,TNG,0.6539015614555113
SBT,TOT,0.7098048513341694
SBT,TSC,0.7575761506821382
SBT,TVB,0.6600355350636505
SBT,TVD,0.6693321527868921
SBT,TVH,-0.7138685096312135
SBT,VCI,0.6725331652693856
SBT,VE2,-0.6713052089903756
SBT,VGS,0.6930143794724869
SBT,VIB,0.6558872690898744
SBT,VIG,0.6744647979981817
SBT,VLB,0.6633634344837568
SBT,VPH,0.6859045349096086
SBT,VTI,-0.6607769040414974
SBT,VTZ,0.6563052580211103
SBT,WSS,0.6572207704182083
SBV,SPD,-0.6641681150666151
SBV,VBH,-0.6578708008456694
SCC,THN,0.6822116139221595
SCD,SD4,0.6638085513074308
SCD,SGC,-0.7196378921067711
SCD,SII,0.6928235189204813
SCD,SP2,-0.7204940252157994
SCD,SRA,0.6558886447184862
SCD,SSF,0.6878602343123056
SCD,TB8,0.7585432217398699
SCD,TCJ,0.7710972005836102
SCD,TDB,-0.6712218475361436
SCD,THN,0.8729487597493979
SCD,TNA,-0.6705788726170868
SCD,TOT,-0.6538441507860783
SCD,TVH,0.737418140511357
SCD,UMC,0.6892122240088133
SCD,VDG,0.7098481081313899
SCD,VE2,0.7014069416150738
SCD,VE8,0.7027096929284707
SCD,VGL,-0.7025830714272634
SCD,VGP,-0.7364988193556319
SCD,VKC,0.6568918615788001
SCD,VLP,0.7891999545487995
SCD,VNS,-0.6690099771033644
SCD,VSF,-0.6699276493880154
SCD,VTH,-0.6827572468778277
SCD,VTI,0.7323691006535173
SCD,VUA,0.654778467386443
SCD,VXB,0.6831571666317735
SCG,SCO,-0.7324573438619448
SCG,SFN,-0.695748109894208
SCG,SPH,-0.6757172783128499
SCG,SSF,-0.6999436880036972
SCG,STS,-0.7430209791379694
SCG,TAW,-0.6738426018200522
SCG,TRT,-0.6588754248158235
SCG,TVG,-0.6849023205875966
SCG,TVH,-0.7459452187622245
SCG,UMC,-0.7025664291417864
SCG,VCT,-0.6854693428390066
SCG,VTG,-0.687152239634962
SCG,VVN,-0.6892347856901773
SCG,VXB,-0.7434660426090205
SCG,X26,-0.6556961862842076
SCI,TDC,0.663889688192433
SCO,STS,0.7744209218698271
SCO,TAW,0.790036489720368
SCO,TVG,0.7132286956502994
SCO,TVH,0.6636763601139737
SCO,VCT,0.7389881834153706
SCO,VVN,0.6592474988666347
SCO,VXB,0.6678024614053188
SCR,SHB,0.7839451795107104
SCR,SHS,0.7998554891558275
SCR,SKG,0.7200187140185673
SCR,SSI,0.838919790832281
SCR,STB,0.7450030372949815
SCR,SZC,0.7271081924232842
SCR,TCH,0.6738452380964324
SCR,TCI,0.765055779846838
SCR,TDC,0.6693764609414495
SCR,THD,0.7046905640711199
SCR,TIG,0.6657298707664514
SCR,TLH,0.7052793845472133
SCR,TNG,0.7177415909266698
SCR,TNI,0.650365740669012
SCR,TOT,0.6606162075677041
SCR,TPB,0.7273256363693762
SCR,TSC,0.72209208839311
SCR,TTF,0.7712159251220616
SCR,TVB,0.6837956422507799
SCR,TVD,0.6617942114280063
SCR,VCG,0.7338677269005094
SCR,VCI,0.794284835658327
SCR,VGC,0.7168435101734888
SCR,VGS,0.6788492931885652
SCR,VHC,0.6917830040447072
SCR,VIB,0.7586048416814272
SCR,VIG,0.7233895802484361
SCR,VIX,0.7461478007369312
SCR,VLB,0.6858961537429794
SCR,VMT,-0.6921806599458972
SCR,VND,0.8164973452993964
SCR,WSS,0.6926693080256576
SD4,TW3,0.6639005230329353
SD4,VDG,0.6663444353554456
SD4,VE8,0.6525535963435503
SD5,SD9,0.6811932653992159
SD5,TDG,0.6565848435124112
SD8,THU,0.6863590117060858
SD9,SKG,0.6956124249230246
SD9,TDG,0.6517474608272914
SD9,TLD,0.6780847468590763
SD9,TNA,0.7063876497320125
SD9,VNS,0.6561665755444553
SD9,VPH,0.6897747658197054
SDA,TNI,0.7202874735105369
SDN,TMW,-0.738009046753149
SDY,THU,0.6864630663770833
SDY,X26,0.6592056320355595
SEB,STW,-0.7486258002025448
SEB,TAN,0.6777010925874052
SEB,TOT,0.6516411627963519
SEB,VGP,0.7375033547117392
SEB,VMT,-0.6681511394150672
SFN,SPH,0.6884496141143145
SFN,SSF,0.7576794328557762
SFN,STS,0.7162062430021917
SFN,STW,0.679982872937116
SFN,TBR,0.6608022052025151
SFN,TCJ,0.7145119294073268
SFN,TRT,0.7490560015763366
SFN,TVH,0.7985756812227587
SFN,UCT,0.6972559090091484
SFN,UDL,0.6566442500973737
SFN,UMC,0.8293257404820149
SFN,UPC,0.6915717187243217
SFN,VCT,0.7033007067170043
SFN,VKC,0.7189313488720404
SFN,VMT,0.6707541598398477
SFN,VNF,-0.6754440278206874
SFN,VNL,-0.6768032062039507
SFN,VTG,0.7393158873927839
SFN,VTI,0.757542698811437
SFN,VVN,0.7066122734179825
SFN,VXB,0.7207758917680793
SFN,VXP,0.690774109055649
SFN,XHC,0.6813861711910644
SGC,THN,-0.7793758364561901
SGC,TVA,0.6539133642428976
SGC,VES,0.6528994116506178
SGC,VLP,-0.7419835022666579
SGC,VTH,0.7132072314515385
SGD,VXP,0.6726488655152508
SGD,XDH,0.6922813020194131
SGP,TCL,0.6667909491130848
SGP,VEA,0.6581486406540843
SGP,VGT,0.690857054848639
SGP,VLC,0.7029411128003362
SGP,VNA,0.676384424712251
SGP,VNF,0.6548859332376221
SGT,TCI,0.7119493856504051
SGT,TDT,0.6899569048410108
SGT,TLD,0.6727292506498082
SGT,TLH,0.6908243492919923
SGT,TNA,0.6878246216395348
SGT,TVB,0.6674990444621882
SGT,TVH,-0.655358990809235
SGT,VOS,0.6506412128542542
SGT,VPH,0.6547010298678481
SGT,WSS,0.6582786313660114
SHB,SHS,0.76143375008181
SHB,SSI,0.7871564562973877
SHB,STB,0.7264534345064368
SHB,SZC,0.7145056958085215
SHB,TCB,0.7544416375335236
SHB,TCI,0.7685371903628678
SHB,TLH,0.6644917264499139
SHB,TNG,0.66603942627898
SHB,TPB,0.7980958111852021
SHB,TTF,0.708907942783564
SHB,TVB,0.6804893853746128
SHB,VCI,0.743842560555105
SHB,VHC,0.6612972381499245
SHB,VIB,0.7365154984187381
SHB,VIG,0.6947576375852016
SHB,VIX,0.6956006785760729
SHB,VMT,-0.6508050179430256
SHB,VND,0.7843232279120558
SHB,VPB,0.7320025141488983
SHB,WSS,0.7229446398239672
SHI,SPH,-0.7405017562043954
SHI,SSF,-0.6939639200566496
SHI,STS,-0.6599641411425825
SHI,TRT,-0.6521204291819482
SHI,TTF,0.6591549976409011
SHI,TVH,-0.688149086720664
SHI,UMC,-0.7082102146371219
SHI,VMT,-0.6658336330367208
SHI,VTG,-0.7352391269325174
SHI,VXP,-0.6731383200511087
SHP,TAW,-0.661319516026891
SHP,VVN,-0.706354192010546
SHP,X26,-0.6621778324683762
SHS,SSI,0.9514252829990045
SHS,STB,0.8035348403151887
SHS,SZC,0.7121837753054867
SHS,TCB,0.7638755930260027
SHS,TCH,0.7443888580116232
SHS,TCI,0.7506550446497872
SHS,TLH,0.6917983494777018
SHS,TNG,0.7424179792110432
SHS,TNT,0.6540584533366199
SHS,TPB,0.7009820886001559
SHS,TTF,0.6585567806244196
SHS,VCG,0.759557764386481
SHS,VCI,0.9092695448463823
SHS,VDS,0.7087970428670217
SHS,VGS,0.7312101918475141
SHS,VIB,0.7596293605554107
SHS,VIG,0.6508063660236862
SHS,VIX,0.8720455711555161
SHS,VLB,0.6616100003588579
SHS,VND,0.8835681496129092
SHS,VPB,0.7335398404165813
SHS,WSS,0.7372163116737304
SII,THN,0.7534030681655026
SII,TVH,0.6549627988412471
SII,VKC,0.6705425459877581
SII,VLP,0.6860930663949775
SIV,TDB,0.6514364360428857
SIV,TPS,0.7139508059580958
SIV,VGP,0.6559022605537068
SIV,VPC,0.6943514434082952
SIV,VPR,0.6655322596280124
SJD,SKG,0.6597915124026834
SKG,SZC,0.7273775585255674
SKG,SZL,0.6849496320144838
SKG,TA9,0.6761861151348982
SKG,TCI,0.6698237950673528
SKG,TDC,0.7187546554139892
SKG,THG,0.6615702296166044
SKG,TIG,0.6572910897611659
SKG,TIP,0.7645973122577159
SKG,TLD,0.7070394635526756
SKG,TLH,0.6823515049604549
SKG,TNA,0.6545697411673349
SKG,TSC,0.748592155026811
SKG,TVB,0.6564431573418521
SKG,TVD,0.6735044107472138
SKG,VCI,0.663894531393412
SKG,VGC,0.7225164699753309
SKG,VGP,0.6879079688998379
SKG,VGS,0.7034050343828578
SKG,VHC,0.6737771298185465
SKG,VIG,0.6808175721342355
SKG,VNR,0.7262767182795825
SKG,VNS,0.7544059092465
SKG,VPH,0.7166389166995767
SLD,TAB,0.6757843123241174
SLD,VE8,0.6834742564838714
SLD,VMK,0.7469545701257478
SLD,VPX,-0.7168495822278321
SLS,TLH,0.6548599109671832
SP2,TB8,-0.6772257562442735
SP2,TDB,0.6773851969140247
SP2,THN,-0.674459241029165
SP2,THW,0.698398910952576
SP2,VGP,0.6925203754121915
SP2,VPR,0.6617473647349867
SP2,VTH,0.6701203558859443
SPD,SSH,-0.7151833530473171
SPD,TCK,-0.6617158737616515
SPD,TOW,0.6765187228739797
SPD,TVM,0.70531226351023
SPD,UXC,-0.7016504353342365
SPD,VBH,0.7958945489911746
SPD,VDG,-0.6538289088574364
SPD,VES,0.673888174515679
SPD,VIW,0.6588694367675625
SPD,VPR,0.8144177628885431
SPD,VTQ,0.6920698483730651
SPD,VUA,-0.746686020935799
SPD,X20,0.7227030170713453
SPD,XPH,0.7236852309534019
SPH,SSF,0.9092103662458674
SPH,STS,0.7383553626536631
SPH,TCJ,0.8657385005154349
SPH,TKC,0.6831010315844208
SPH,TRT,0.7302238335244138
SPH,TST,0.8769911074426489
SPH,TVH,0.8482607523350091
SPH,UDL,0.7201237026780036
SPH,UMC,0.8540303200489422
SPH,VCM,0.732261276270193
SPH,VCT,0.6822236949953568
SPH,VHF,0.7077918340971758
SPH,VMT,0.6929294681219828
SPH,VTG,0.9015470683657449
SPH,VTI,0.6894672728286534
SPH,VVN,0.698552000006718
SPH,VXB,0.8534053037096554
SPH,VXP,0.8917876981696823
SPH,XDH,0.7664438602766929
SRA,TB8,0.7157122854049244
SRA,THN,0.653104476979434
SRA,UXC,0.7083512731594765
SRA,VDG,0.7120453558192219
SRA,VUA,0.7411759204030188
SRA,WSB,0.6610764502657532
SRB,VHG,0.7023230912377725
SSF,SSM,0.6509039179745701
SSF,STS,0.7349912205547299
SSF,TBR,0.744584561380479
SSF,TCJ,0.8791029032974134
SSF,TDT,-0.7147080739022806
SSF,THT,-0.6647727116176471
SSF,TKC,0.770746192495799
SSF,TNA,-0.6613203527563104
SSF,TRT,0.7872055557361651
SSF,TST,0.7871158756333209
SSF,TVD,-0.668081132587313
SSF,TVH,0.912821447736226
SSF,UMC,0.907711345088167
SSF,UPC,0.7201408158356888
SSF,VCT,0.7401070586078144
SSF,VKC,0.6735528420833211
SSF,VMT,0.6928922931147405
SSF,VTG,0.8056942467363074
SSF,VTI,0.8149354431784372
SSF,VVN,0.7363470820656094
SSF,VXB,0.8939236521758606
SSF,VXP,0.9261212356895756
SSF,X26,0.6544568279838838
SSF,XDH,0.7011140713217224
SSF,XHC,0.6546503615832577
SSH,TCK,0.6525092115827156
SSH,VMK,0.6928049581825244
SSI,STB,0.8432253581311325
SSI,SZC,0.7684903939383548
SSI,TCB,0.763485257234142
SSI,TCH,0.7412923208522396
SSI,TCI,0.7585690710308731
SSI,TLH,0.723010054206474
SSI,TNG,0.772870778730859
SSI,TNT,0.6725952814258196
SSI,TPB,0.73672363855142
SSI,TSC,0.6824152113147924
SSI,TTF,0.7257918758937089
SSI,TVB,0.6613000070663113
SSI,VCG,0.7648691503770981
SSI,VCI,0.9245904575337435
SSI,VDS,0.7044333990508835
SSI,VGC,0.6737874673061163
SSI,VGS,0.7283558396768097
SSI,VHC,0.6679654973179091
SSI,VIB,0.8094822221764835
SSI,VIG,0.6865819339971566
SSI,VIX,0.8648863264262779
SSI,VLB,0.7058230606457306
SSI,VND,0.9130610659132904
SSI,VPB,0.7147227570135708
SSI,WSS,0.7390099358781194
SSN,UMC,0.7029296974163777
SSN,VXB,0.6525352918287829
STB,SZC,0.6915753042472189
STB,TCB,0.791181285888024
STB,TCH,0.6898792232005312
STB,TCI,0.6764208957255643
STB,THD,0.6581046360415147
STB,TNG,0.761959946390942
STB,TPB,0.7242950602635038
STB,TTF,0.6898452751719106
STB,VCB,0.6601354654651508
STB,VCG,0.6740694267238915
STB,VCI,0.770444567484934
STB,VIB,0.7399431556820418
STB,VIX,0.72181062755006
STB,VLB,0.6551095551153124
STB,VND,0.7545464212915706
STB,VPB,0.750133823676493
STB,VRE,0.7089127357928285
STK,TNH,0.6867920798284306
STK,VCS,0.6592585246036169
STK,VGS,0.6552731401673094
STL,TNP,0.843276709000974
STL,TOP,0.7080706468492314
STL,TPS,0.7593741072669743
STL,TVA,0.6570095480937124
STL,VPC,0.7559507371567947
STL,VPR,0.6861636147222573
STL,VSG,0.7030797109653942
STL,VXT,0.7074821572488355
STS,TAW,0.7396888450688064
STS,THU,0.667724464036472
STS,TRT,0.6600765699066652
STS,TST,0.6531473166597846
STS,TVG,0.7933324044595044
STS,TVH,0.8888775473493903
STS,UDL,0.6970050896219769
STS,UMC,0.7851229837421806
STS,VCT,0.9171423130846663
STS,VKC,0.707574153105041
STS,VMT,0.6795091437008779
STS,VNL,-0.6669809690676154
STS,VTG,0.7770723394379789
STS,VTI,0.739273398597349
STS,VVN,0.8445208962486839
STS,VXB,0.7834532889168738
STS,VXP,0.6568521841879444
STS,X26,0.8301481313316393
STS,XHC,0.7066958707967439
STW,TAN,-0.7743320466608009
STW,TGG,-0.679465783929062
STW,TOT,-0.6994398230336724
STW,TTS,0.7325244000061146
STW,TVD,-0.6523197587562262
STW,TVH,0.6609220863941792
STW,UEM,0.7271257229753995
STW,UMC,0.7111818845167206
STW,VHF,0.7967579210606419
STW,VKC,0.6735376475724816
STW,VMT,0.8653556942258324
SZC,TCB,0.6529257029104554
SZC,TCH,0.6697435338472364
SZC,TCI,0.6781113374697129
SZC,TID,0.6593795493838355
SZC,TIG,0.6665862200724031
SZC,TIP,0.7399619377383384
SZC,TLH,0.7083864770400361
SZC,TNG,0.8130726356491212
SZC,TSC,0.6682261506131975
SZC,VCG,0.7407136097920936
SZC,VCI,0.7922630663857723
SZC,VGC,0.7680376510544195
SZC,VGS,0.7544475985897036
SZC,VGT,0.6538943445018448
SZC,VHC,0.7813958564270719
SZC,VIB,0.717809153906562
SZC,VIG,0.7105574645394709
SZC,VIX,0.6818414747947855
SZC,VLB,0.6558679895326188
SZC,VND,0.7015207825022044
SZC,VOS,0.6861021008732194
SZC,VPH,0.6534012539341094
TA6,VIR,0.699255189967396
TAB,TCK,0.8788974116756209
TAB,TD6,-0.7017330487933646
TAB,TDW,-0.663355185021122
TAB,VE8,0.672070131723005
TAB,VMK,0.8095756692171157
TAB,VPL,-0.6718980865526405
TAB,VTQ,-0.655021972215656
TAN,TTS,-0.7094001037021387
TAN,UMC,-0.6688011273303115
TAN,VMT,-0.8402173774187632
TAR,VGR,-0.6562271098609578
TAW,TNM,0.725472479337436
TAW,TVG,0.7667531200532617
TAW,TVH,0.650706652427106
TAW,VCT,0.7062319591722449
TAW,VVN,0.7044797192592909
TAW,VXB,0.6728451399477239
TB8,THN,0.7762136806873818
TB8,TSA,-0.7118047510815161
TB8,UXC,0.6665876553602699
TB8,VDG,0.8353390915141208
TB8,VE8,0.6755762984039921
TB8,VGL,-0.6618571897060421
TB8,VLP,0.6518961965495431
TB8,VPR,-0.7136236425390546
TB8,VTH,-0.6744837544282802
TB8,VUA,0.672806455970076
TBR,TRT,0.6947278995330225
TBR,TVH,0.7273619093687734
TBR,UMC,0.7336337499653275
TBR,VKC,0.6640000762285008
TBR,VTI,0.680412449354956
TBR,VXB,0.6831963227587646
TCB,TPB,0.7031893561505678
TCB,VCI,0.718702367545947
TCB,VCS,0.6559029407154641
TCB,VIB,0.7513703232031106
TCB,VIX,0.6900792300902352
TCB,VND,0.7102273105884066
TCB,VPB,0.7617075423828671
TCB,VRE,0.669679937681506
TCH,VCG,0.7675056426455239
TCH,VCI,0.6983740161279977
TCH,VGS,0.6858190911965358
TCH,VIX,0.7356577544079647
TCH,VND,0.6759781931319179
TCI,TDC,0.6721471762423935
TCI,TID,0.6698994099015544
TCI,TLH,0.7336712958195077
TCI,TNG,0.6757456673708871
TCI,TPB,0.6604065649808513
TCI,TTF,0.6790047307421897
TCI,TVB,0.7651943649587755
TCI,VCI,0.7516196231231529
TCI,VGS,0.7221415542283656
TCI,VIB,0.6720636737599173
TCI,VIG,0.7444952853751107
TCI,VIX,0.6983677923260215
TCI,VND,0.733128121226087
TCI,WSS,0.7414638524626502
TCJ,TGG,-0.6530149915892154
TCJ,TKC,0.6891498294129837
TCJ,TOT,-0.6579367191186075
TCJ,TRT,0.6840967486301895
TCJ,TST,0.7996050646154047
TCJ,TVH,0.8252087284989239
TCJ,UMC,0.8390211197913784
TCJ,UPC,0.6717423082550225
TCJ,VGP,-0.6534860101362583
TCJ,VHF,0.7097376137339497
TCJ,VKC,0.6510543484011065
TCJ,VMT,0.6838238318242162
TCJ,VTG,0.7404100159038846
TCJ,VTI,0.7526975545214862
TCJ,VXB,0.8323876853723453
TCJ,VXP,0.83857085356521
TCJ,XDH,0.739373820449129
TCK,TD6,-0.6971378378302171
TCK,UXC,0.8017146967688765
TCK,VE8,0.671875548658125
TCK,VIC,0.6749798717102268
TCK,VMK,0.8314656418018711
TCK,VUA,0.7014593851332803
TCL,VNL,0.7188584740853216
TCM,VGT,0.6725782883645608
TCM,VNL,0.6530441683430291
TCW,THG,0.6553902848389773
TCX,VCK,0.6646394324698254
TCX,VPX,0.6913732602062135
TD6,VDG,-0.6831019527395064
TDB,TET,0.6601843191459762
TDB,TSB,0.6551642025990375
TDB,VGP,0.7444694822917126
TDB,VSF,0.7092468090730191
TDC,TIG,0.6767041800205917
TDC,TIP,0.7118816144325211
TDC,TLD,0.6843433826201267
TDC,TLH,0.7462735456710834
TDC,VGS,0.7037502415679705
TDC,VIG,0.6788129049263459
TDC,VNS,0.6591411805108698
TDC,VPH,0.6878621305311852
TDC,WSS,0.6584064499319741
TDF,TVA,0.6972942182386092
TDF,VPC,0.6554543334458993
TDF,VSF,0.6650033918393302
TDG,VPH,0.73503569869574
TDS,VIF,0.6650956092731456
TDT,TLD,0.6882994705980591
TDT,TNA,0.6926341424414583
TDT,TVH,-0.7138045100512601
TDT,UMC,-0.701104765694096
TDT,VID,0.67852447312744
TDT,VTG,-0.6677222766823785
TDT,VTI,-0.7345435787943958
TDT,VXP,-0.6514594763493258
TGG,UMC,-0.6622920233428665
TGG,VMT,-0.7129740748844274
TH1,THS,0.7479019373448648
TH1,VES,0.7387582210158361
THD,THG,0.6974670556446004
THD,VGC,0.6686737416579793
THD,VHC,0.6677774358379251
THN,TKU,0.6691964647241547
THN,TMW,0.6925648301647087
THN,TVC,-0.6530951138396736
THN,TVH,0.6971669845010295
THN,VDG,0.7409570825778019
THN,VE2,0.7812271259861004
THN,VE8,0.6714745515685826
THN,VGL,-0.7299999459910802
THN,VGP,-0.7483177658762599
THN,VIR,0.6825599799633624
THN,VKC,0.6994079017549437
THN,VLP,0.9209421571512392
THN,VNH,0.7316666380903815
THN,VPR,-0.6532666243267206
THN,VSF,-0.6638349735657564
THN,VTH,-0.7026865538817324
THN,VTI,0.7001831387769821
THN,VUA,0.6527326381792564
THT,TVD,0.8962029829095655
THT,TVH,-0.6537815944039785
THT,UMC,-0.6984601451382548
THT,VMT,-0.6649848361545521
THT,VNR,0.6912244275212387
THT,VOS,0.6621644568988382
THT,VTG,-0.6587107186198019
THU,VVN,0.7361701207869515
THU,X26,0.816007967419025
THW,VGP,0.691780382679067
THW,VPC,0.6631698913641821
THW,VSF,0.652785060390964
THW,VSG,0.6505936421270406
TID,TVB,0.6536640384498731
TID,VIG,0.6709901470760649
TIG,VGC,0.6726118086184979
TIG,VGS,0.6705961315717055
TIG,VIX,0.6699566418951226
TIP,TLD,0.673032310086549
TIP,TLH,0.6865482729955548
TIP,TNA,0.7249784652175609
TIP,TNG,0.674006848407415
TIP,TNH,0.6555282385063045
TIP,VGS,0.7169029414041934
TIP,VPH,0.7299223165032022
TIS,TVN,0.6894994335067736
TKC,TVH,0.6674419453264759
TKC,UMC,0.6957298034027493
TKC,VXB,0.6735574877687498
TKC,VXP,0.7579787087574503
TKU,VLP,0.6711515263746575
TL4,TMW,0.7012379052458069
TLD,TLH,0.6593498559685939
TLD,TNA,0.6639132905895568
TLD,TSC,0.6640508912569728
TLD,TVC,0.6723210657810045
TLD,VHE,0.6692534311920229
TLD,VHG,0.6666602303060346
TLD,VNS,0.684884169437452
TLD,VPH,0.7583669560171836
TLH,TNG,0.6938510666021946
TLH,TSC,0.6888902206291133
TLH,TVB,0.6663493991956501
TLH,VCI,0.693660605050649
TLH,VGS,0.7947038077245393
TLH,VIB,0.6693805939126702
TLH,VIG,0.7604791014548987
TLH,VIX,0.683411741078801
TLH,VND,0.6791577640741133
TLH,VOS,0.6513051812266708
TLH,VPH,0.6769134903449004
TLH,WSS,0.756111738700086
TMW,VE2,0.7393335545685182
TMW,VNH,0.6690483701606413
TNA,VNS,0.6608989188853782
TNA,VPH,0.708480965199129
TNG,VCG,0.6860562277771347
TNG,VCI,0.7796523719091832
TNG,VGC,0.6774285266661104
TNG,VGS,0.7311942921842107
TNG,VGT,0.7784683781103838
TNG,VHC,0.7567716172062781
TNG,VIB,0.6973978033968016
TNG,VIX,0.683875988196498
TNG,VLB,0.6614829469359476
TNG,VND,0.7206026571194829
TNG,VOS,0.7401380501819503
TNH,TVS,0.693024058298967
TNI,TTF,0.6735751156759128
TNM,TVG,0.7538389626696722
TNM,VSG,0.782213264947239
TNP,TPS,0.6687163552873179
TNP,VHH,0.6822188643211081
TNP,VXT,0.6738455793810205
TNT,TTF,0.6747138917840101
TNT,VND,0.6698555788873612
TNT,WSS,0.6626558660847885
TNV,UXC,0.8011749660469956
TNW,TTT,0.6627020732727079
TNW,TUG,0.6561807522204858
TOP,VXT,0.7016394018275336
TOT,TSC,0.6670474463108269
TOT,TVD,0.6793587460482969
TOT,TVH,-0.7013987701017993
TOT,UMC,-0.7039439685175524
TOT,VGP,0.6751993824963974
TOT,VIG,0.6614066509054107
TOT,VKC,-0.6601040754428951
TOT,VTI,-0.6541267095236694
TOW,TVM,0.6847789836150288
TPB,VCB,0.6629479995404611
TPB,VIB,0.7921644014304343
TPB,VND,0.698690839354656
TPB,VPB,0.7881593259496487
TPB,WSS,0.6943214099134174
TPS,VPC,0.6828372984953945
TPS,VPR,0.6779002342948668
TPS,VSG,0.6949560039812849
TRT,TST,0.6528119497301265
TRT,TV1,-0.6829139064556541
TRT,TVH,0.7945206487434174
TRT,UDL,0.6817697016362109
TRT,UMC,0.8948343084519851
TRT,VCT,0.7305304405251526
TRT,VMT,0.6689393402053333
TRT,VTG,0.7841848957679796
TRT,VTI,0.800291862021237
TRT,VVN,0.686468671003405
TRT,VXB,0.7536429669465969
TRT,VXP,0.7261654460724449
TRT,XHC,0.7196894385598918
TS3,VPR,0.6730144983702333
TSC,TTF,0.7348221303483691
TSC,TVB,0.7291833966710642
TSC,TVD,0.7357007853736958
TSC,TVH,-0.6795932226199788
TSC,VIB,0.6504980203576003
TSC,VIG,0.6958468369134818
TSC,VND,0.7009911870706336
TSC,VNS,0.6902053795034815
TSC,VPH,0.6720985922246799
TSC,WSS,0.6578063916466468
TSD,VPR,0.8233531654695798
TSD,VUA,-0.6649141022900178
TST,TVH,0.7970922040555924
TST,UDL,0.6586768078510118
TST,UMC,0.7815379953094214
TST,UPC,0.6590317308723969
TST,VKC,0.673862099095847
TST,VTG,0.7792661674663558
TST,VTI,0.712207093181226
TST,VVN,0.7163500503556611
TST,VXB,0.7903320175162233
TST,VXP,0.7675145030392064
TST,XDH,0.6675464293575514
TTF,VIB,0.6721886401411642
TTF,VIX,0.6793414017215753
TTF,VND,0.6941371543556554
TTF,WSS,0.6768007176729044
TTS,VMT,0.7589579653271099
TUG,VGP,0.6662683558686744
TUG,VNC,0.6607042615788057
TUG,VSF,0.6862008388531773
TUG,VSM,0.6750856929501444
TVA,VPC,0.7365913571492689
TVA,VPR,0.7017683095433432
TVB,TVC,0.6991610460288514
TVB,VCI,0.6532188469500461
TVB,VGS,0.6669952159255902
TVB,VIB,0.7056756481128179
TVB,VIG,0.7254582156155878
TVB,VND,0.6931815820326627
TVB,WSS,0.715457619641424
TVD,TVH,-0.6661197840399442
TVD,UMC,-0.671720576854188
TVD,VGP,0.6890873471729542
TVD,VMT,-0.6562755857270264
TVD,VNR,0.7109605559633959
TVD,VOS,0.6677150790256289
TVG,TVH,0.6511287837447535
TVG,UCT,0.6988556036360176
TVG,UDL,0.7178600682455603
TVG,VCT,0.691611267782414
TVG,VHH,0.6739015240231059
TVG,VTG,0.7429795388259793
TVG,VVN,0.680294690235022
TVH,UDL,0.6714016744190944
TVH,UMC,0.9253141101327677
TVH,UPC,0.72875473945425
TVH,V21,-0.6678473681392395
TVH,VCT,0.8920052857023373
TVH,VE2,0.7147709819774141
TVH,VID,-0.6866835344217903
TVH,VIR,0.6687052984845223
TVH,VKC,0.8124194281794724
TVH,VMT,0.7191972276853874
TVH,VNL,-0.6929702879449481
TVH,VTG,0.8141975024148204
TVH,VTI,0.8875080795607342
TVH,VVN,0.8822762320600143
TVH,VXB,0.8983423068379117
TVH,VXP,0.7997911563325777
TVH,WTC,-0.672012926919621
TVH,X26,0.8150146748585143
TVH,XHC,0.7531438606381948
TVM,VBH,0.7228788998526837
TVM,VMT,0.6943854538421516
TVM,VTQ,0.697050808956165
TVM,VVS,0.6892557832157715
TW3,VNX,0.6504113669641698
UCT,UDL,0.6609201475192263
UCT,VTG,0.7414736790059572
UCT,VTI,0.7011002791577013
UDL,UMC,0.7169765889994963
UDL,USC,0.7052492445089736
UDL,VCT,0.6750754220313531
UDL,VTG,0.7879390386653898
UDL,VVN,0.6668904606450872
UDL,VXB,0.6755484827322751
UEM,VHF,0.7701477049817821
UMC,UPC,0.7396314087332859
UMC,V21,-0.6507402037073484
UMC,VCT,0.8122073510989731
UMC,VGP,-0.6570749865398617
UMC,VHF,0.6753725154886562
UMC,VKC,0.7605205219563765
UMC,VMT,0.7649711944695444
UMC,VNL,-0.6554603195161164
UMC,VTG,0.844931462731564
UMC,VTI,0.8731332588747752
UMC,VVN,0.7873747692789562
UMC,VXB,0.884475161811426
UMC,VXP,0.8327912451210243
UMC,X26,0.7240018861389735
UMC,XHC,0.7669718676849966
UPC,VTI,0.703422648500878
UPC,VVN,0.6862180713670185
UPC,VXB,0.6804644080526536
UPC,VXP,0.7153496423088589
UPH,VES,0.6686830214744309
UXC,VDG,0.7946929974557317
UXC,VE8,0.7583777154219231
UXC,VIR,0.6678569926878614
UXC,VMK,0.6977393140226146
UXC,VUA,0.7901010540961468
V21,VTI,-0.7040904071703146
VAF,VIM,0.6547373497546831
VBB,VLB,0.6539745419488249
VBH,VES,0.7384521060876489
VBH,VIW,0.7205006951388789
VBH,VTX,0.6587347857087019
VBH,VW3,0.6927522227593228
VBH,XPH,0.6902311417822596
VCB,VNM,0.7115168878372302
VCG,VCI,0.8068044589228317
VCG,VGC,0.7516191479104314
VCG,VGS,0.6536897882418153
VCG,VIX,0.7066812201756961
VCG,VLB,0.6763195838937134
VCG,VND,0.7423575282758674
VCI,VDS,0.6901237716669351
VCI,VGC,0.682841736951347
VCI,VGS,0.7555422353401654
VCI,VHC,0.6593766513596084
VCI,VIB,0.7670269395925218
VCI,VIG,0.6944209459110643
VCI,VIX,0.8101841279438806
VCI,VLB,0.694314311218992
VCI,VND,0.8472077050682365
VCI,VPB,0.6685247455679465
VCI,WSS,0.6562968943446501
VCK,VLS,-0.8061350541563103
VCK,VPX,0.9325800218776713
VCM,VTG,0.6749976666751606
VCM,VXP,0.7145174149978963
VCS,VGT,0.6720812305872608
VCT,VE2,0.6818385248901963
VCT,VKC,0.7776299678511942
VCT,VNL,-0.665566113230945
VCT,VTG,0.7141121469521695
VCT,VTI,0.7775739184469748
VCT,VVN,0.8206146351442171
VCT,VXB,0.7863052289528596
VCT,X26,0.777265536168313
VCT,XHC,0.7521201895803687
VDG,VE2,0.6535083723733258
VDG,VE8,0.7329981994398775
VDG,VIR,0.6638101265089363
VDG,VPR,-0.7304780092320975
VDG,VUA,0.745843050763251
VDS,VIB,0.6636675528086358
VDS,WSS,0.651845842411997
VE2,VE3,0.723991652659809
VE2,VIR,0.7469355793334372
VE2,VLP,0.7077232591799326
VE2,VTI,0.7754384418023887
VE2,VTZ,-0.6701538334911975
VE2,X26,0.6500821291363954
VE2,XHC,0.7219637137507843
VE3,VTI,0.6979697835740931
VE8,VMK,0.7004384707635101
VEA,VGT,0.6563490157062284
VEA,VLC,0.72194289002775
VES,VPR,0.7319373460100713
VFG,VGP,0.6952285302104255
VFG,VNS,0.6638969259460745
VGC,VGS,0.6557220413738405
VGC,VHC,0.7174795951884728
VGC,VIX,0.7123251516335173
VGI,VTK,0.668302423987431
VGI,VTP,0.734838836935381
VGL,VIR,-0.722354044733667
VGL,VLP,-0.6567275041725537
VGL,VTI,-0.6574455533932377
VGP,VKC,-0.6870918930901254
VGP,VLP,-0.7010768740614042
VGP,VNC,0.6652344015325453
VGP,VPR,0.6547595472740183
VGP,VSF,0.7553340702777794
VGP,VTH,0.6568633875558743
VGS,VHG,0.6589939866820682
VGS,VIB,0.6606296604595988
VGS,VIG,0.6877169209144
VGS,VIX,0.7275280394958644
VGS,VND,0.7048823409194119
VGS,VOS,0.6761090645215458
VGS,VPH,0.6691158048401444
VGT,VOS,0.6817457680350675
VHC,VIB,0.6673943755782262
VHC,VND,0.6679346488341983
VHC,VNR,0.6639797776905813
VHC,VSH,0.6557735062738143
VHE,VHG,0.7388048627672713
VHF,VMT,0.7576561813172726
VHF,VTG,0.6664848664731862
VHM,VIC,0.7702283822972236
VHM,VRE,0.6717842136494029
VIB,VIG,0.687989212704066
VIB,VIX,0.7137784292208763
VIB,VND,0.74855046360218
VIB,VPB,0.7290125780591602
VIB,WSS,0.6929645227283923
VID,VNL,0.664723483538122
VIG,VIX,0.6644704392716189
VIG,WSS,0.7894245609690083
VIP,VOS,0.7144823517511484
VIP,VTO,0.8351492876515134
VIR,VNX,0.7210395121247473
VIR,VTI,0.7749029220665781
VIX,VND,0.7856088312812509
VIX,VPB,0.6735105794498042
VIX,WSS,0.7189747682312858
VKC,VTI,0.7275698319922208
VKC,VVN,0.7468940582037165
VKC,VXB,0.7235209276421445
VKC,X26,0.7183845312163143
VLB,VND,0.6575133589311617
VLP,VNH,0.6946266067449111
VLS,VPX,-0.6906760088453586
VLW,VPR,0.6543621611904522
VMT,VNL,-0.6903913297213199
VMT,VTG,0.7122170157025527
VMT,XMP,0.6746889619370079
VND,VPB,0.673662974245927
VND,WSS,0.7081746621098808
VNR,VNS,0.6836310055483718
VNR,VSH,0.7055447667124992
VNS,VPH,0.6835791223042561
VNX,VVN,0.6871372710868193
VNX,X26,0.7153522063801198
VOS,VTO,0.6646247787875035
VPB,VRE,0.6712927220634981
VPC,VSG,0.6685069170932054
VPR,VTH,0.6967509935001033
VPR,VUA,-0.7231565175329581
VSA,VTZ,0.653018590520158
VTG,VTI,0.7331843182558312
VTG,VVN,0.7019367781631218
VTG,VXB,0.7756143650157186
VTG,VXP,0.7897443468317428
VTG,XDH,0.6559049272488108
VTG,XHC,0.7169727278319589
VTI,VVN,0.7902430256882212
VTI,VXB,0.8346966025600463
VTI,VXP,0.7087043069226067
VTI,X26,0.6768272513579147
VTI,XHC,0.7719678178644617
VTS,VTX,0.7014562855859262
VTX,VW3,0.6726497808299757
VVN,VXB,0.7969320600111226
VVN,X26,0.8572191614819692
VXB,VXP,0.8298789874402487
VXB,X26,0.680728346040957
VXB,XDH,0.7174818155690305
VXP,XDH,0.7543613430106497
