Ticker,Latest_Data,Day1_Date,Day1_Signal,Day1_Confidence,Day1_Level,Day2_Date,Day2_Signal,Day2_Confidence,Day2_Level,Day3_Date,Day3_Signal,Day3_Confidence,Day3_Level,Day4_Date,Day4_Signal,Day4_Confidence,Day4_Level,Day5_Date,Day5_Signal,Day5_Confidence,Day5_Level,Day6_Date,Day6_Signal,Day6_Confidence,Day6_Level,Day7_Date,Day7_Signal,Day7_Confidence,Day7_Level,Day8_Date,Day8_Signal,Day8_Confidence,Day8_Level,Day9_Date,Day9_Signal,Day9_Confidence,Day9_Level,Day10_Date,Day10_Signal,Day10_Confidence,Day10_Level,Day11_Date,Day11_Signal,Day11_Confidence,Day11_Level,Day12_Date,Day12_Signal,Day12_Confidence,Day12_Level,Day13_Date,Day13_Signal,Day13_Confidence,Day13_Level,Day14_Date,Day14_Signal,Day14_Confidence,Day14_Level,Day15_Date,Day15_Signal,Day15_Confidence,Day15_Level
ART,2022-11-18,2026-06-04,📉 GIẢM,42.5%,LOW,2026-06-05,📉 GIẢM,42.8%,LOW,2026-06-08,📉 GIẢM,43.2%,LOW,2026-06-09,📉 GIẢM,43.6%,LOW,2026-06-10,📉 GIẢM,44.0%,LOW,2026-06-11,📉 GIẢM,44.3%,LOW,2026-06-12,📉 GIẢM,44.7%,LOW,2026-06-15,📉 GIẢM,45.1%,LOW,2026-06-16,📉 GIẢM,45.5%,HIGH,2026-06-17,📉 GIẢM,45.9%,HIGH,2026-06-18,📉 GIẢM,46.2%,HIGH,2026-06-19,📉 GIẢM,46.6%,HIGH,2026-06-22,📉 GIẢM,47.0%,HIGH,2026-06-23,📉 GIẢM,47.4%,HIGH,2026-06-24,📉 GIẢM,47.7%,HIGH
DZM,2022-12-02,2026-06-04,📉 GIẢM,42.0%,LOW,2026-06-05,📉 GIẢM,42.4%,LOW,2026-06-08,📉 GIẢM,42.8%,LOW,2026-06-09,📉 GIẢM,43.2%,LOW,2026-06-10,📉 GIẢM,43.6%,LOW,2026-06-11,📉 GIẢM,44.0%,LOW,2026-06-12,📉 GIẢM,44.4%,LOW,2026-06-15,📉 GIẢM,44.8%,LOW,2026-06-16,📉 GIẢM,45.2%,HIGH,2026-06-17,📉 GIẢM,45.6%,HIGH,2026-06-18,📉 GIẢM,46.0%,HIGH,2026-06-19,📉 GIẢM,46.4%,HIGH,2026-06-22,📉 GIẢM,46.8%,HIGH,2026-06-23,📉 GIẢM,47.2%,HIGH,2026-06-24,📉 GIẢM,47.6%,HIGH
TTZ,2022-12-02,2026-06-04,📈 TĂNG,53.1%,LOW,2026-06-05,📈 TĂNG,53.1%,LOW,2026-06-08,📈 TĂNG,52.9%,LOW,2026-06-09,📈 TĂNG,52.8%,LOW,2026-06-10,📈 TĂNG,52.6%,LOW,2026-06-11,📈 TĂNG,52.5%,LOW,2026-06-12,📈 TĂNG,52.3%,LOW,2026-06-15,📈 TĂNG,52.0%,LOW,2026-06-16,📈 TĂNG,51.8%,LOW,2026-06-17,📈 TĂNG,51.7%,LOW,2026-06-18,📈 TĂNG,51.5%,HIGH,2026-06-19,📈 TĂNG,51.4%,HIGH,2026-06-22,📈 TĂNG,51.2%,HIGH,2026-06-23,📈 TĂNG,51.1%,HIGH,2026-06-24,📈 TĂNG,50.9%,HIGH
NDF,2023-02-24,2026-06-04,📉 GIẢM,48.1%,LOW,2026-06-05,📉 GIẢM,48.2%,LOW,2026-06-08,📉 GIẢM,48.3%,LOW,2026-06-09,📉 GIẢM,48.4%,LOW,2026-06-10,📉 GIẢM,48.5%,LOW,2026-06-11,📉 GIẢM,48.6%,LOW,2026-06-12,📉 GIẢM,48.7%,LOW,2026-06-15,📉 GIẢM,48.8%,LOW,2026-06-16,📉 GIẢM,48.9%,LOW,2026-06-17,📉 GIẢM,49.0%,LOW,2026-06-18,📉 GIẢM,49.1%,HIGH,2026-06-19,📉 GIẢM,49.2%,HIGH,2026-06-22,📉 GIẢM,49.3%,HIGH,2026-06-23,📉 GIẢM,49.4%,HIGH,2026-06-24,📉 GIẢM,49.4%,HIGH
CTA,2023-02-24,2026-06-04,📈 TĂNG,53.0%,LOW,2026-06-05,📈 TĂNG,54.2%,LOW,2026-06-08,📈 TĂNG,53.7%,LOW,2026-06-09,📈 TĂNG,53.5%,LOW,2026-06-10,📈 TĂNG,53.3%,LOW,2026-06-11,📈 TĂNG,53.1%,LOW,2026-06-12,📈 TĂNG,52.9%,LOW,2026-06-15,📈 TĂNG,52.7%,LOW,2026-06-16,📈 TĂNG,52.5%,LOW,2026-06-17,📈 TĂNG,52.3%,HIGH,2026-06-18,📈 TĂNG,52.1%,HIGH,2026-06-19,📈 TĂNG,51.9%,HIGH,2026-06-22,📈 TĂNG,51.7%,HIGH,2026-06-23,📈 TĂNG,51.5%,HIGH,2026-06-24,📈 TĂNG,51.3%,HIGH
TTB,2023-07-06,2026-06-04,📈 TĂNG,53.4%,LOW,2026-06-05,📈 TĂNG,53.8%,LOW,2026-06-08,📈 TĂNG,53.6%,LOW,2026-06-09,📈 TĂNG,53.4%,LOW,2026-06-10,📈 TĂNG,53.2%,LOW,2026-06-11,📈 TĂNG,53.0%,LOW,2026-06-12,📈 TĂNG,52.8%,LOW,2026-06-15,📈 TĂNG,52.6%,LOW,2026-06-16,📈 TĂNG,52.0%,LOW,2026-06-17,📈 TĂNG,51.9%,LOW,2026-06-18,📈 TĂNG,51.7%,HIGH,2026-06-19,📈 TĂNG,51.5%,HIGH,2026-06-22,📈 TĂNG,51.4%,HIGH,2026-06-23,📈 TĂNG,51.2%,HIGH,2026-06-24,📈 TĂNG,51.0%,HIGH
MHL,2023-09-08,2026-06-04,📉 GIẢM,42.9%,LOW,2026-06-05,📉 GIẢM,43.0%,LOW,2026-06-08,📉 GIẢM,43.3%,LOW,2026-06-09,📉 GIẢM,43.7%,LOW,2026-06-10,📉 GIẢM,44.1%,LOW,2026-06-11,📉 GIẢM,44.4%,LOW,2026-06-12,📉 GIẢM,44.8%,LOW,2026-06-15,📉 GIẢM,45.2%,LOW,2026-06-16,📉 GIẢM,45.6%,HIGH,2026-06-17,📉 GIẢM,45.9%,HIGH,2026-06-18,📉 GIẢM,46.4%,HIGH,2026-06-19,📉 GIẢM,46.8%,HIGH,2026-06-22,📉 GIẢM,47.1%,HIGH,2026-06-23,📉 GIẢM,47.5%,HIGH,2026-06-24,📉 GIẢM,47.8%,HIGH
TGG,2023-09-15,2026-06-04,📉 GIẢM,47.2%,LOW,2026-06-05,📉 GIẢM,47.3%,LOW,2026-06-08,📈 TĂNG,52.0%,LOW,2026-06-09,📉 GIẢM,47.6%,LOW,2026-06-10,📈 TĂNG,51.8%,LOW,2026-06-11,📉 GIẢM,47.9%,LOW,2026-06-12,📈 TĂNG,51.6%,LOW,2026-06-15,📉 GIẢM,48.2%,LOW,2026-06-16,📈 TĂNG,51.3%,LOW,2026-06-17,📉 GIẢM,48.5%,LOW,2026-06-18,📈 TĂNG,51.1%,HIGH,2026-06-19,📉 GIẢM,48.7%,HIGH,2026-06-22,📈 TĂNG,50.9%,HIGH,2026-06-23,📉 GIẢM,49.0%,HIGH,2026-06-24,📈 TĂNG,50.7%,HIGH
TKC,2023-09-22,2026-06-04,📈 TĂNG,54.5%,LOW,2026-06-05,📈 TĂNG,54.5%,LOW,2026-06-08,📈 TĂNG,53.8%,LOW,2026-06-09,📈 TĂNG,53.4%,LOW,2026-06-10,📈 TĂNG,53.7%,LOW,2026-06-11,📈 TĂNG,53.4%,LOW,2026-06-12,📈 TĂNG,53.2%,LOW,2026-06-15,📈 TĂNG,53.0%,LOW,2026-06-16,📈 TĂNG,52.8%,LOW,2026-06-17,📈 TĂNG,52.5%,HIGH,2026-06-18,📈 TĂNG,52.3%,HIGH,2026-06-19,📈 TĂNG,52.1%,HIGH,2026-06-22,📈 TĂNG,51.8%,HIGH,2026-06-23,📈 TĂNG,51.6%,HIGH,2026-06-24,📈 TĂNG,51.4%,HIGH
VXP,2023-10-24,2026-06-04,📉 GIẢM,21.6%,HIGH,2026-06-05,📉 GIẢM,23.5%,HIGH,2026-06-08,📉 GIẢM,24.9%,HIGH,2026-06-09,📉 GIẢM,26.3%,HIGH,2026-06-10,📉 GIẢM,27.7%,HIGH,2026-06-11,📉 GIẢM,29.2%,HIGH,2026-06-12,📉 GIẢM,30.6%,HIGH,2026-06-15,📉 GIẢM,31.9%,HIGH,2026-06-16,📉 GIẢM,33.3%,HIGH,2026-06-17,📉 GIẢM,34.7%,HIGH,2026-06-18,📉 GIẢM,36.1%,HIGH,2026-06-19,📉 GIẢM,37.5%,HIGH,2026-06-22,📉 GIẢM,38.9%,HIGH,2026-06-23,📉 GIẢM,40.3%,HIGH,2026-06-24,📉 GIẢM,41.7%,HIGH
SJF,2023-11-10,2026-06-04,📈 TĂNG,50.1%,LOW,2026-06-05,📈 TĂNG,50.1%,LOW,2026-06-08,📈 TĂNG,50.1%,LOW,2026-06-09,📈 TĂNG,50.1%,LOW,2026-06-10,📈 TĂNG,50.1%,LOW,2026-06-11,📈 TĂNG,50.1%,LOW,2026-06-12,📈 TĂNG,50.0%,LOW,2026-06-15,📈 TĂNG,50.0%,LOW,2026-06-16,📈 TĂNG,50.0%,LOW,2026-06-17,📈 TĂNG,50.0%,LOW,2026-06-18,📈 TĂNG,50.0%,HIGH,2026-06-19,📈 TĂNG,50.0%,HIGH,2026-06-22,📈 TĂNG,50.0%,HIGH,2026-06-23,📈 TĂNG,50.0%,HIGH,2026-06-24,📈 TĂNG,50.0%,HIGH
STL,2023-12-08,2026-06-04,📉 GIẢM,38.3%,MEDIUM,2026-06-05,📉 GIẢM,39.0%,MEDIUM,2026-06-08,📉 GIẢM,39.6%,MEDIUM,2026-06-09,📉 GIẢM,40.2%,LOW,2026-06-10,📉 GIẢM,40.7%,LOW,2026-06-11,📉 GIẢM,41.3%,LOW,2026-06-12,📉 GIẢM,41.9%,HIGH,2026-06-15,📉 GIẢM,42.5%,HIGH,2026-06-16,📉 GIẢM,43.1%,HIGH,2026-06-17,📉 GIẢM,43.6%,HIGH,2026-06-18,📉 GIẢM,44.2%,HIGH,2026-06-19,📉 GIẢM,44.8%,HIGH,2026-06-22,📉 GIẢM,45.4%,HIGH,2026-06-23,📉 GIẢM,45.9%,HIGH,2026-06-24,📉 GIẢM,46.5%,HIGH
HLA,2023-12-08,2026-06-04,📈 TĂNG,52.4%,LOW,2026-06-05,📈 TĂNG,53.1%,LOW,2026-06-08,📈 TĂNG,55.8%,LOW,2026-06-09,📈 TĂNG,55.4%,LOW,2026-06-10,📈 TĂNG,56.5%,LOW,2026-06-11,📈 TĂNG,56.1%,LOW,2026-06-12,📈 TĂNG,55.6%,LOW,2026-06-15,📈 TĂNG,55.2%,LOW,2026-06-16,📈 TĂNG,54.8%,HIGH,2026-06-17,📈 TĂNG,54.4%,HIGH,2026-06-18,📈 TĂNG,54.0%,HIGH,2026-06-19,📈 TĂNG,53.6%,HIGH,2026-06-22,📈 TĂNG,53.2%,HIGH,2026-06-23,📈 TĂNG,52.8%,HIGH,2026-06-24,📈 TĂNG,52.4%,HIGH
AVF,2023-12-08,2026-06-04,📈 TĂNG,60.9%,MEDIUM,2026-06-05,📈 TĂNG,60.5%,MEDIUM,2026-06-08,📈 TĂNG,59.9%,LOW,2026-06-09,📈 TĂNG,59.3%,LOW,2026-06-10,📈 TĂNG,58.9%,LOW,2026-06-11,📈 TĂNG,58.4%,LOW,2026-06-12,📈 TĂNG,57.8%,LOW,2026-06-15,📈 TĂNG,57.2%,HIGH,2026-06-16,📈 TĂNG,56.7%,HIGH,2026-06-17,📈 TĂNG,56.1%,HIGH,2026-06-18,📈 TĂNG,55.6%,HIGH,2026-06-19,📈 TĂNG,55.0%,HIGH,2026-06-22,📈 TĂNG,54.5%,HIGH,2026-06-23,📈 TĂNG,53.9%,HIGH,2026-06-24,📈 TĂNG,53.3%,HIGH
TNM,2023-12-08,2026-06-04,📉 GIẢM,28.1%,HIGH,2026-06-05,📉 GIẢM,29.2%,HIGH,2026-06-08,📉 GIẢM,30.3%,HIGH,2026-06-09,📉 GIẢM,31.2%,HIGH,2026-06-10,📉 GIẢM,32.3%,HIGH,2026-06-11,📉 GIẢM,33.5%,HIGH,2026-06-12,📉 GIẢM,34.6%,HIGH,2026-06-15,📉 GIẢM,35.7%,HIGH,2026-06-16,📉 GIẢM,36.8%,HIGH,2026-06-17,📉 GIẢM,38.4%,HIGH,2026-06-18,📉 GIẢM,39.4%,HIGH,2026-06-19,📉 GIẢM,40.5%,HIGH,2026-06-22,📉 GIẢM,41.5%,HIGH,2026-06-23,📉 GIẢM,42.6%,HIGH,2026-06-24,📉 GIẢM,43.7%,HIGH
BT6,2023-12-08,2026-06-04,📉 GIẢM,38.7%,MEDIUM,2026-06-05,📉 GIẢM,39.3%,MEDIUM,2026-06-08,📉 GIẢM,39.9%,MEDIUM,2026-06-09,📉 GIẢM,40.4%,LOW,2026-06-10,📉 GIẢM,41.0%,LOW,2026-06-11,📉 GIẢM,41.6%,LOW,2026-06-12,📉 GIẢM,42.1%,LOW,2026-06-15,📉 GIẢM,42.7%,HIGH,2026-06-16,📉 GIẢM,43.2%,HIGH,2026-06-17,📉 GIẢM,43.8%,HIGH,2026-06-18,📉 GIẢM,44.4%,HIGH,2026-06-19,📉 GIẢM,44.9%,HIGH,2026-06-22,📉 GIẢM,45.5%,HIGH,2026-06-23,📉 GIẢM,46.1%,HIGH,2026-06-24,📉 GIẢM,46.6%,HIGH
SD8,2023-12-08,2026-06-04,📈 TĂNG,54.8%,LOW,2026-06-05,📈 TĂNG,54.5%,LOW,2026-06-08,📈 TĂNG,51.8%,LOW,2026-06-09,📈 TĂNG,51.7%,LOW,2026-06-10,📈 TĂNG,51.6%,LOW,2026-06-11,📈 TĂNG,51.5%,LOW,2026-06-12,📈 TĂNG,51.4%,LOW,2026-06-15,📈 TĂNG,51.3%,LOW,2026-06-16,📈 TĂNG,51.2%,LOW,2026-06-17,📈 TĂNG,51.1%,LOW,2026-06-18,📈 TĂNG,51.0%,HIGH,2026-06-19,📈 TĂNG,50.9%,HIGH,2026-06-22,📈 TĂNG,50.8%,HIGH,2026-06-23,📈 TĂNG,50.7%,HIGH,2026-06-24,📈 TĂNG,50.6%,HIGH
GTT,2023-12-08,2026-06-04,📈 TĂNG,50.2%,LOW,2026-06-05,📈 TĂNG,52.2%,LOW,2026-06-08,📈 TĂNG,52.5%,LOW,2026-06-09,📈 TĂNG,52.4%,LOW,2026-06-10,📈 TĂNG,53.2%,LOW,2026-06-11,📈 TĂNG,53.0%,LOW,2026-06-12,📈 TĂNG,52.8%,LOW,2026-06-15,📈 TĂNG,52.6%,LOW,2026-06-16,📈 TĂNG,52.4%,LOW,2026-06-17,📈 TĂNG,52.2%,HIGH,2026-06-18,📈 TĂNG,52.0%,HIGH,2026-06-19,📈 TĂNG,51.8%,HIGH,2026-06-22,📈 TĂNG,51.6%,HIGH,2026-06-23,📈 TĂNG,51.4%,HIGH,2026-06-24,📈 TĂNG,51.2%,HIGH
PID,2023-12-08,2026-06-04,📉 GIẢM,32.4%,MEDIUM,2026-06-05,📉 GIẢM,33.3%,MEDIUM,2026-06-08,📉 GIẢM,34.1%,MEDIUM,2026-06-09,📉 GIẢM,35.0%,HIGH,2026-06-10,📉 GIẢM,35.9%,HIGH,2026-06-11,📉 GIẢM,36.9%,HIGH,2026-06-12,📉 GIẢM,37.8%,HIGH,2026-06-15,📉 GIẢM,38.6%,HIGH,2026-06-16,📉 GIẢM,39.5%,HIGH,2026-06-17,📉 GIẢM,40.4%,HIGH,2026-06-18,📉 GIẢM,41.3%,HIGH,2026-06-19,📉 GIẢM,42.1%,HIGH,2026-06-22,📉 GIẢM,43.0%,HIGH,2026-06-23,📉 GIẢM,43.9%,HIGH,2026-06-24,📉 GIẢM,44.8%,HIGH
HSA,2024-01-26,2026-06-04,📉 GIẢM,30.4%,MEDIUM,2026-06-05,📉 GIẢM,31.4%,HIGH,2026-06-08,📉 GIẢM,32.5%,HIGH,2026-06-09,📉 GIẢM,33.5%,HIGH,2026-06-10,📉 GIẢM,34.5%,HIGH,2026-06-11,📉 GIẢM,35.5%,HIGH,2026-06-12,📉 GIẢM,36.4%,HIGH,2026-06-15,📉 GIẢM,37.4%,HIGH,2026-06-16,📉 GIẢM,38.4%,HIGH,2026-06-17,📉 GIẢM,39.3%,HIGH,2026-06-18,📉 GIẢM,40.3%,HIGH,2026-06-19,📉 GIẢM,41.3%,HIGH,2026-06-22,📉 GIẢM,42.2%,HIGH,2026-06-23,📉 GIẢM,43.2%,HIGH,2026-06-24,📉 GIẢM,44.2%,HIGH
PSG,2024-05-31,2026-06-04,📉 GIẢM,37.7%,MEDIUM,2026-06-05,📉 GIẢM,25.2%,HIGH,2026-06-08,📉 GIẢM,26.5%,HIGH,2026-06-09,📉 GIẢM,27.8%,HIGH,2026-06-10,📉 GIẢM,29.1%,HIGH,2026-06-11,📉 GIẢM,30.4%,HIGH,2026-06-12,📉 GIẢM,31.7%,HIGH,2026-06-15,📉 GIẢM,33.0%,HIGH,2026-06-16,📉 GIẢM,34.3%,HIGH,2026-06-17,📉 GIẢM,35.7%,HIGH,2026-06-18,📉 GIẢM,37.0%,HIGH,2026-06-19,📉 GIẢM,38.3%,HIGH,2026-06-22,📉 GIẢM,39.6%,HIGH,2026-06-23,📉 GIẢM,40.9%,HIGH,2026-06-24,📉 GIẢM,42.2%,HIGH
PPI,2024-05-31,2026-06-04,📉 GIẢM,19.6%,HIGH,2026-06-05,📉 GIẢM,22.1%,HIGH,2026-06-08,📉 GIẢM,23.6%,HIGH,2026-06-09,📉 GIẢM,25.1%,HIGH,2026-06-10,📉 GIẢM,26.5%,HIGH,2026-06-11,📉 GIẢM,28.0%,HIGH,2026-06-12,📉 GIẢM,29.5%,HIGH,2026-06-15,📉 GIẢM,30.9%,HIGH,2026-06-16,📉 GIẢM,32.4%,HIGH,2026-06-17,📉 GIẢM,33.9%,HIGH,2026-06-18,📉 GIẢM,35.3%,HIGH,2026-06-19,📉 GIẢM,36.8%,HIGH,2026-06-22,📉 GIẢM,38.3%,HIGH,2026-06-23,📉 GIẢM,39.7%,HIGH,2026-06-24,📉 GIẢM,41.2%,HIGH
DAG,2024-08-14,2026-06-04,📉 GIẢM,41.7%,LOW,2026-06-05,📉 GIẢM,42.1%,LOW,2026-06-08,📉 GIẢM,42.5%,LOW,2026-06-09,📉 GIẢM,43.0%,LOW,2026-06-10,📉 GIẢM,43.4%,LOW,2026-06-11,📉 GIẢM,43.8%,LOW,2026-06-12,📉 GIẢM,44.2%,LOW,2026-06-15,📉 GIẢM,44.6%,LOW,2026-06-16,📉 GIẢM,45.0%,HIGH,2026-06-17,📉 GIẢM,45.4%,HIGH,2026-06-18,📉 GIẢM,46.1%,HIGH,2026-06-19,📉 GIẢM,46.5%,HIGH,2026-06-22,📉 GIẢM,46.9%,HIGH,2026-06-23,📉 GIẢM,47.3%,HIGH,2026-06-24,📉 GIẢM,47.7%,HIGH
KTT,2024-09-06,2026-06-04,📉 GIẢM,48.7%,LOW,2026-06-05,📉 GIẢM,48.0%,LOW,2026-06-08,📉 GIẢM,48.1%,LOW,2026-06-09,📉 GIẢM,48.2%,LOW,2026-06-10,📉 GIẢM,48.3%,LOW,2026-06-11,📉 GIẢM,48.4%,LOW,2026-06-12,📉 GIẢM,48.6%,LOW,2026-06-15,📉 GIẢM,48.7%,LOW,2026-06-16,📉 GIẢM,48.8%,LOW,2026-06-17,📉 GIẢM,48.9%,LOW,2026-06-18,📉 GIẢM,49.6%,HIGH,2026-06-19,📉 GIẢM,49.6%,HIGH,2026-06-22,📉 GIẢM,49.7%,HIGH,2026-06-23,📉 GIẢM,49.7%,HIGH,2026-06-24,📉 GIẢM,49.8%,HIGH
TNA,2024-09-13,2026-06-04,📈 TĂNG,50.3%,LOW,2026-06-05,📈 TĂNG,50.3%,LOW,2026-06-08,📈 TĂNG,50.3%,LOW,2026-06-09,📈 TĂNG,50.3%,LOW,2026-06-10,📈 TĂNG,50.3%,LOW,2026-06-11,📈 TĂNG,50.3%,LOW,2026-06-12,📈 TĂNG,50.2%,LOW,2026-06-15,📈 TĂNG,50.2%,LOW,2026-06-16,📈 TĂNG,50.2%,LOW,2026-06-17,📈 TĂNG,50.2%,LOW,2026-06-18,📈 TĂNG,50.2%,HIGH,2026-06-19,📈 TĂNG,50.2%,HIGH,2026-06-22,📈 TĂNG,50.1%,HIGH,2026-06-23,📈 TĂNG,50.1%,HIGH,2026-06-24,📈 TĂNG,50.1%,HIGH
ITA,2024-09-25,2026-06-04,📉 GIẢM,46.8%,LOW,2026-06-05,📉 GIẢM,47.0%,LOW,2026-06-08,📉 GIẢM,47.8%,LOW,2026-06-09,📉 GIẢM,47.9%,LOW,2026-06-10,📉 GIẢM,48.0%,LOW,2026-06-11,📉 GIẢM,48.1%,LOW,2026-06-12,📉 GIẢM,48.3%,LOW,2026-06-15,📉 GIẢM,48.4%,LOW,2026-06-16,📉 GIẢM,48.5%,LOW,2026-06-17,📉 GIẢM,48.6%,LOW,2026-06-18,📉 GIẢM,48.8%,HIGH,2026-06-19,📉 GIẢM,48.9%,HIGH,2026-06-22,📉 GIẢM,49.0%,HIGH,2026-06-23,📉 GIẢM,49.1%,HIGH,2026-06-24,📉 GIẢM,49.3%,HIGH
VLP,2024-10-30,2026-06-04,📈 TĂNG,55.9%,LOW,2026-06-05,📉 GIẢM,48.7%,LOW,2026-06-08,📈 TĂNG,55.3%,LOW,2026-06-09,📉 GIẢM,48.9%,LOW,2026-06-10,📈 TĂNG,54.7%,LOW,2026-06-11,📉 GIẢM,49.0%,LOW,2026-06-12,📈 TĂNG,54.1%,LOW,2026-06-15,📉 GIẢM,49.1%,LOW,2026-06-16,📈 TĂNG,53.5%,LOW,2026-06-17,📉 GIẢM,49.3%,LOW,2026-06-18,📈 TĂNG,53.0%,HIGH,2026-06-19,📉 GIẢM,49.4%,HIGH,2026-06-22,📈 TĂNG,52.4%,HIGH,2026-06-23,📉 GIẢM,49.5%,HIGH,2026-06-24,📈 TĂNG,51.8%,HIGH
RDP,2024-11-27,2026-06-04,📈 TĂNG,53.4%,LOW,2026-06-05,📈 TĂNG,53.2%,LOW,2026-06-08,📈 TĂNG,53.0%,LOW,2026-06-09,📈 TĂNG,52.9%,LOW,2026-06-10,📈 TĂNG,52.7%,LOW,2026-06-11,📈 TĂNG,52.5%,LOW,2026-06-12,📈 TĂNG,52.4%,LOW,2026-06-15,📈 TĂNG,52.2%,LOW,2026-06-16,📈 TĂNG,52.0%,LOW,2026-06-17,📈 TĂNG,51.9%,LOW,2026-06-18,📈 TĂNG,51.7%,HIGH,2026-06-19,📈 TĂNG,51.5%,HIGH,2026-06-22,📈 TĂNG,51.3%,HIGH,2026-06-23,📈 TĂNG,51.2%,HIGH,2026-06-24,📈 TĂNG,51.0%,HIGH
HLT,2024-12-10,2026-06-04,📉 GIẢM,37.6%,MEDIUM,2026-06-05,📉 GIẢM,37.8%,MEDIUM,2026-06-08,📉 GIẢM,38.4%,MEDIUM,2026-06-09,📉 GIẢM,39.1%,MEDIUM,2026-06-10,📉 GIẢM,39.7%,MEDIUM,2026-06-11,📉 GIẢM,40.4%,LOW,2026-06-12,📉 GIẢM,41.0%,HIGH,2026-06-15,📉 GIẢM,41.7%,HIGH,2026-06-16,📉 GIẢM,42.3%,HIGH,2026-06-17,📉 GIẢM,42.9%,HIGH,2026-06-18,📉 GIẢM,43.6%,HIGH,2026-06-19,📉 GIẢM,44.2%,HIGH,2026-06-22,📉 GIẢM,44.9%,HIGH,2026-06-23,📉 GIẢM,45.5%,HIGH,2026-06-24,📉 GIẢM,46.1%,HIGH
UMC,2024-12-13,2026-06-04,📉 GIẢM,34.3%,MEDIUM,2026-06-05,📉 GIẢM,35.1%,MEDIUM,2026-06-08,📉 GIẢM,35.9%,MEDIUM,2026-06-09,📉 GIẢM,36.7%,MEDIUM,2026-06-10,📉 GIẢM,37.5%,HIGH,2026-06-11,📉 GIẢM,38.4%,HIGH,2026-06-12,📉 GIẢM,39.1%,HIGH,2026-06-15,📉 GIẢM,39.9%,HIGH,2026-06-16,📉 GIẢM,40.7%,HIGH,2026-06-17,📉 GIẢM,41.5%,HIGH,2026-06-18,📉 GIẢM,42.2%,HIGH,2026-06-19,📉 GIẢM,43.0%,HIGH,2026-06-22,📉 GIẢM,43.8%,HIGH,2026-06-23,📉 GIẢM,44.6%,HIGH,2026-06-24,📉 GIẢM,45.3%,HIGH
SPI,2025-02-14,2026-06-04,📉 GIẢM,31.0%,MEDIUM,2026-06-05,📉 GIẢM,32.0%,MEDIUM,2026-06-08,📉 GIẢM,33.0%,HIGH,2026-06-09,📉 GIẢM,33.9%,HIGH,2026-06-10,📉 GIẢM,34.9%,HIGH,2026-06-11,📉 GIẢM,35.8%,HIGH,2026-06-12,📉 GIẢM,36.8%,HIGH,2026-06-15,📉 GIẢM,37.7%,HIGH,2026-06-16,📉 GIẢM,38.6%,HIGH,2026-06-17,📉 GIẢM,39.6%,HIGH,2026-06-18,📉 GIẢM,40.5%,HIGH,2026-06-19,📉 GIẢM,41.5%,HIGH,2026-06-22,📉 GIẢM,42.4%,HIGH,2026-06-23,📉 GIẢM,43.4%,HIGH,2026-06-24,📉 GIẢM,44.3%,HIGH
LCD,2025-02-21,2026-06-04,📉 GIẢM,47.8%,LOW,2026-06-05,📉 GIẢM,47.6%,LOW,2026-06-08,📉 GIẢM,47.8%,LOW,2026-06-09,📉 GIẢM,47.9%,LOW,2026-06-10,📉 GIẢM,48.0%,LOW,2026-06-11,📉 GIẢM,48.1%,LOW,2026-06-12,📉 GIẢM,48.3%,LOW,2026-06-15,📉 GIẢM,48.4%,LOW,2026-06-16,📉 GIẢM,48.5%,LOW,2026-06-17,📉 GIẢM,48.6%,LOW,2026-06-18,📉 GIẢM,48.8%,HIGH,2026-06-19,📉 GIẢM,48.9%,HIGH,2026-06-22,📉 GIẢM,49.0%,HIGH,2026-06-23,📉 GIẢM,49.1%,HIGH,2026-06-24,📉 GIẢM,49.3%,HIGH
KPF,2025-02-25,2026-06-04,📉 GIẢM,47.4%,LOW,2026-06-05,📉 GIẢM,47.5%,LOW,2026-06-08,📉 GIẢM,47.6%,LOW,2026-06-09,📉 GIẢM,47.8%,LOW,2026-06-10,📉 GIẢM,48.3%,LOW,2026-06-11,📉 GIẢM,48.4%,LOW,2026-06-12,📉 GIẢM,48.5%,LOW,2026-06-15,📉 GIẢM,48.6%,LOW,2026-06-16,📉 GIẢM,48.7%,LOW,2026-06-17,📉 GIẢM,48.8%,LOW,2026-06-18,📉 GIẢM,48.9%,HIGH,2026-06-19,📉 GIẢM,49.0%,HIGH,2026-06-22,📉 GIẢM,49.1%,HIGH,2026-06-23,📉 GIẢM,49.3%,HIGH,2026-06-24,📉 GIẢM,49.4%,HIGH
PSH,2025-03-11,2026-06-04,📉 GIẢM,48.4%,LOW,2026-06-05,📉 GIẢM,48.5%,LOW,2026-06-08,📉 GIẢM,48.6%,LOW,2026-06-09,📉 GIẢM,48.6%,LOW,2026-06-10,📉 GIẢM,48.7%,LOW,2026-06-11,📉 GIẢM,48.8%,LOW,2026-06-12,📉 GIẢM,48.9%,LOW,2026-06-15,📉 GIẢM,49.0%,LOW,2026-06-16,📉 GIẢM,49.0%,LOW,2026-06-17,📉 GIẢM,49.1%,LOW,2026-06-18,📉 GIẢM,49.2%,HIGH,2026-06-19,📉 GIẢM,49.3%,HIGH,2026-06-22,📉 GIẢM,49.4%,HIGH,2026-06-23,📉 GIẢM,49.4%,HIGH,2026-06-24,📉 GIẢM,49.5%,HIGH
NWT,2025-04-08,2026-06-04,📉 GIẢM,45.3%,LOW,2026-06-05,📉 GIẢM,45.5%,LOW,2026-06-08,📉 GIẢM,45.8%,LOW,2026-06-09,📉 GIẢM,46.0%,LOW,2026-06-10,📉 GIẢM,46.2%,LOW,2026-06-11,📉 GIẢM,46.5%,LOW,2026-06-12,📉 GIẢM,46.7%,LOW,2026-06-15,📉 GIẢM,47.0%,LOW,2026-06-16,📉 GIẢM,47.2%,LOW,2026-06-17,📉 GIẢM,47.4%,HIGH,2026-06-18,📉 GIẢM,47.7%,HIGH,2026-06-19,📉 GIẢM,47.9%,HIGH,2026-06-22,📉 GIẢM,48.1%,HIGH,2026-06-23,📉 GIẢM,48.4%,HIGH,2026-06-24,📉 GIẢM,48.6%,HIGH
UEM,2025-04-16,2026-06-04,📉 GIẢM,41.6%,LOW,2026-06-05,📉 GIẢM,42.0%,LOW,2026-06-08,📉 GIẢM,42.4%,LOW,2026-06-09,📉 GIẢM,42.8%,LOW,2026-06-10,📉 GIẢM,43.3%,LOW,2026-06-11,📉 GIẢM,43.7%,LOW,2026-06-12,📉 GIẢM,44.1%,LOW,2026-06-15,📉 GIẢM,44.5%,LOW,2026-06-16,📉 GIẢM,44.9%,HIGH,2026-06-17,📉 GIẢM,45.4%,HIGH,2026-06-18,📉 GIẢM,45.8%,HIGH,2026-06-19,📉 GIẢM,46.2%,HIGH,2026-06-22,📉 GIẢM,46.6%,HIGH,2026-06-23,📉 GIẢM,47.0%,HIGH,2026-06-24,📉 GIẢM,47.5%,HIGH
DTE,2025-04-25,2026-06-04,📈 TĂNG,54.4%,LOW,2026-06-05,📈 TĂNG,55.6%,LOW,2026-06-08,📈 TĂNG,55.3%,LOW,2026-06-09,📈 TĂNG,55.0%,LOW,2026-06-10,📈 TĂNG,55.8%,LOW,2026-06-11,📈 TĂNG,55.4%,LOW,2026-06-12,📈 TĂNG,55.0%,LOW,2026-06-15,📈 TĂNG,54.7%,LOW,2026-06-16,📈 TĂNG,54.3%,HIGH,2026-06-17,📈 TĂNG,54.0%,HIGH,2026-06-18,📈 TĂNG,54.1%,HIGH,2026-06-19,📈 TĂNG,53.7%,HIGH,2026-06-22,📈 TĂNG,53.3%,HIGH,2026-06-23,📈 TĂNG,52.9%,HIGH,2026-06-24,📈 TĂNG,52.5%,HIGH
POB,2025-04-29,2026-06-04,📉 GIẢM,18.0%,HIGH,2026-06-05,📉 GIẢM,19.7%,HIGH,2026-06-08,📉 GIẢM,21.3%,HIGH,2026-06-09,📉 GIẢM,22.9%,HIGH,2026-06-10,📉 GIẢM,24.5%,HIGH,2026-06-11,📉 GIẢM,26.1%,HIGH,2026-06-12,📉 GIẢM,27.7%,HIGH,2026-06-15,📉 GIẢM,29.3%,HIGH,2026-06-16,📉 GIẢM,30.9%,HIGH,2026-06-17,📉 GIẢM,32.5%,HIGH,2026-06-18,📉 GIẢM,34.0%,HIGH,2026-06-19,📉 GIẢM,35.6%,HIGH,2026-06-22,📉 GIẢM,37.2%,HIGH,2026-06-23,📉 GIẢM,38.8%,HIGH,2026-06-24,📉 GIẢM,40.4%,HIGH
MLC,2025-05-16,2026-06-04,📉 GIẢM,38.1%,MEDIUM,2026-06-05,📉 GIẢM,38.7%,MEDIUM,2026-06-08,📉 GIẢM,39.3%,MEDIUM,2026-06-09,📉 GIẢM,39.9%,MEDIUM,2026-06-10,📉 GIẢM,40.3%,LOW,2026-06-11,📉 GIẢM,41.0%,LOW,2026-06-12,📉 GIẢM,41.6%,HIGH,2026-06-15,📉 GIẢM,42.2%,HIGH,2026-06-16,📉 GIẢM,42.8%,HIGH,2026-06-17,📉 GIẢM,43.9%,HIGH,2026-06-18,📉 GIẢM,44.5%,HIGH,2026-06-19,📉 GIẢM,45.0%,HIGH,2026-06-22,📉 GIẢM,45.6%,HIGH,2026-06-23,📉 GIẢM,46.1%,HIGH,2026-06-24,📉 GIẢM,46.7%,HIGH
DKC,2025-05-22,2026-06-04,📉 GIẢM,46.0%,LOW,2026-06-05,📉 GIẢM,46.2%,LOW,2026-06-08,📉 GIẢM,46.4%,LOW,2026-06-09,📉 GIẢM,46.6%,LOW,2026-06-10,📉 GIẢM,46.8%,LOW,2026-06-11,📉 GIẢM,47.0%,LOW,2026-06-12,📉 GIẢM,47.2%,LOW,2026-06-15,📉 GIẢM,47.2%,LOW,2026-06-16,📉 GIẢM,47.4%,LOW,2026-06-17,📉 GIẢM,47.6%,HIGH,2026-06-18,📉 GIẢM,47.8%,HIGH,2026-06-19,📉 GIẢM,48.1%,HIGH,2026-06-22,📉 GIẢM,48.3%,HIGH,2026-06-23,📉 GIẢM,48.5%,HIGH,2026-06-24,📉 GIẢM,49.0%,HIGH
LCC,2025-05-23,2026-06-04,📈 TĂNG,50.8%,LOW,2026-06-05,📈 TĂNG,52.4%,LOW,2026-06-08,📈 TĂNG,52.2%,LOW,2026-06-09,📈 TĂNG,52.1%,LOW,2026-06-10,📈 TĂNG,52.0%,LOW,2026-06-11,📈 TĂNG,51.9%,LOW,2026-06-12,📈 TĂNG,51.7%,LOW,2026-06-15,📈 TĂNG,51.6%,LOW,2026-06-16,📈 TĂNG,51.5%,LOW,2026-06-17,📈 TĂNG,51.4%,LOW,2026-06-18,📈 TĂNG,51.2%,HIGH,2026-06-19,📈 TĂNG,51.1%,HIGH,2026-06-22,📈 TĂNG,50.9%,HIGH,2026-06-23,📈 TĂNG,50.8%,HIGH,2026-06-24,📈 TĂNG,50.7%,HIGH
TOP,2025-05-30,2026-06-04,📈 TĂNG,53.0%,LOW,2026-06-05,📈 TĂNG,50.7%,LOW,2026-06-08,📈 TĂNG,51.2%,LOW,2026-06-09,📈 TĂNG,51.1%,LOW,2026-06-10,📈 TĂNG,51.0%,LOW,2026-06-11,📈 TĂNG,51.0%,LOW,2026-06-12,📈 TĂNG,50.9%,LOW,2026-06-15,📈 TĂNG,50.8%,LOW,2026-06-16,📈 TĂNG,50.8%,LOW,2026-06-17,📈 TĂNG,50.7%,LOW,2026-06-18,📈 TĂNG,50.6%,HIGH,2026-06-19,📈 TĂNG,50.6%,HIGH,2026-06-22,📈 TĂNG,50.5%,HIGH,2026-06-23,📈 TĂNG,50.4%,HIGH,2026-06-24,📈 TĂNG,50.4%,HIGH
NHV,2025-05-30,2026-06-04,📉 GIẢM,28.9%,HIGH,2026-06-05,📉 GIẢM,32.1%,MEDIUM,2026-06-08,📉 GIẢM,33.0%,HIGH,2026-06-09,📉 GIẢM,34.0%,HIGH,2026-06-10,📉 GIẢM,34.9%,HIGH,2026-06-11,📉 GIẢM,35.8%,HIGH,2026-06-12,📉 GIẢM,36.8%,HIGH,2026-06-15,📉 GIẢM,37.7%,HIGH,2026-06-16,📉 GIẢM,38.7%,HIGH,2026-06-17,📉 GIẢM,39.6%,HIGH,2026-06-18,📉 GIẢM,40.6%,HIGH,2026-06-19,📉 GIẢM,41.5%,HIGH,2026-06-22,📉 GIẢM,42.5%,HIGH,2026-06-23,📉 GIẢM,43.4%,HIGH,2026-06-24,📉 GIẢM,44.3%,HIGH
SSN,2025-05-30,2026-06-04,📉 GIẢM,28.6%,HIGH,2026-06-05,📉 GIẢM,30.9%,HIGH,2026-06-08,📉 GIẢM,31.9%,HIGH,2026-06-09,📉 GIẢM,32.9%,HIGH,2026-06-10,📉 GIẢM,33.9%,HIGH,2026-06-11,📉 GIẢM,34.9%,HIGH,2026-06-12,📉 GIẢM,35.9%,HIGH,2026-06-15,📉 GIẢM,36.9%,HIGH,2026-06-16,📉 GIẢM,37.9%,HIGH,2026-06-17,📉 GIẢM,38.9%,HIGH,2026-06-18,📉 GIẢM,39.9%,HIGH,2026-06-19,📉 GIẢM,40.9%,HIGH,2026-06-22,📉 GIẢM,41.9%,HIGH,2026-06-23,📉 GIẢM,42.9%,HIGH,2026-06-24,📉 GIẢM,44.0%,HIGH
GH3,2025-06-09,2026-06-04,📉 GIẢM,48.6%,LOW,2026-06-05,📉 GIẢM,48.4%,LOW,2026-06-08,📉 GIẢM,48.5%,LOW,2026-06-09,📉 GIẢM,48.6%,LOW,2026-06-10,📉 GIẢM,48.6%,LOW,2026-06-11,📉 GIẢM,48.7%,LOW,2026-06-12,📉 GIẢM,48.8%,LOW,2026-06-15,📉 GIẢM,48.9%,LOW,2026-06-16,📉 GIẢM,49.0%,LOW,2026-06-17,📉 GIẢM,49.1%,LOW,2026-06-18,📉 GIẢM,49.2%,HIGH,2026-06-19,📉 GIẢM,49.2%,HIGH,2026-06-22,📉 GIẢM,49.3%,HIGH,2026-06-23,📉 GIẢM,49.4%,HIGH,2026-06-24,📉 GIẢM,49.5%,HIGH
FHN,2025-06-19,2026-06-04,📈 TĂNG,53.2%,LOW,2026-06-05,📈 TĂNG,55.1%,LOW,2026-06-08,📈 TĂNG,54.8%,LOW,2026-06-09,📈 TĂNG,54.6%,LOW,2026-06-10,📈 TĂNG,54.3%,LOW,2026-06-11,📈 TĂNG,54.0%,LOW,2026-06-12,📈 TĂNG,53.8%,LOW,2026-06-15,📈 TĂNG,53.5%,LOW,2026-06-16,📈 TĂNG,53.2%,LOW,2026-06-17,📈 TĂNG,53.0%,HIGH,2026-06-18,📈 TĂNG,52.7%,HIGH,2026-06-19,📈 TĂNG,52.4%,HIGH,2026-06-22,📈 TĂNG,52.2%,HIGH,2026-06-23,📈 TĂNG,51.9%,HIGH,2026-06-24,📈 TĂNG,51.6%,HIGH
STS,2025-06-24,2026-06-04,📉 GIẢM,37.4%,MEDIUM,2026-06-05,📉 GIẢM,36.9%,MEDIUM,2026-06-08,📉 GIẢM,37.6%,MEDIUM,2026-06-09,📉 GIẢM,38.3%,MEDIUM,2026-06-10,📉 GIẢM,39.0%,MEDIUM,2026-06-11,📉 GIẢM,39.6%,HIGH,2026-06-12,📉 GIẢM,40.3%,HIGH,2026-06-15,📉 GIẢM,41.0%,HIGH,2026-06-16,📉 GIẢM,41.7%,HIGH,2026-06-17,📉 GIẢM,42.4%,HIGH,2026-06-18,📉 GIẢM,43.1%,HIGH,2026-06-19,📉 GIẢM,43.8%,HIGH,2026-06-22,📉 GIẢM,44.5%,HIGH,2026-06-23,📉 GIẢM,45.2%,HIGH,2026-06-24,📉 GIẢM,45.9%,HIGH
TVG,2025-07-04,2026-06-04,📈 TĂNG,71.0%,HIGH,2026-06-05,📈 TĂNG,60.3%,MEDIUM,2026-06-08,📈 TĂNG,59.8%,LOW,2026-06-09,📈 TĂNG,59.2%,LOW,2026-06-10,📈 TĂNG,58.7%,LOW,2026-06-11,📈 TĂNG,58.1%,LOW,2026-06-12,📈 TĂNG,57.6%,LOW,2026-06-15,📈 TĂNG,57.0%,HIGH,2026-06-16,📈 TĂNG,56.5%,HIGH,2026-06-17,📈 TĂNG,56.0%,HIGH,2026-06-18,📈 TĂNG,55.4%,HIGH,2026-06-19,📈 TĂNG,54.9%,HIGH,2026-06-22,📈 TĂNG,54.3%,HIGH,2026-06-23,📈 TĂNG,53.8%,HIGH,2026-06-24,📈 TĂNG,53.3%,HIGH
VCT,2025-07-18,2026-06-04,📉 GIẢM,19.7%,HIGH,2026-06-05,📉 GIẢM,21.1%,HIGH,2026-06-08,📉 GIẢM,22.6%,HIGH,2026-06-09,📉 GIẢM,24.2%,HIGH,2026-06-10,📉 GIẢM,25.7%,HIGH,2026-06-11,📉 GIẢM,27.2%,HIGH,2026-06-12,📉 GIẢM,28.7%,HIGH,2026-06-15,📉 GIẢM,30.2%,HIGH,2026-06-16,📉 GIẢM,31.8%,HIGH,2026-06-17,📉 GIẢM,33.3%,HIGH,2026-06-18,📉 GIẢM,34.8%,HIGH,2026-06-19,📉 GIẢM,36.4%,HIGH,2026-06-22,📉 GIẢM,37.9%,HIGH,2026-06-23,📉 GIẢM,39.4%,HIGH,2026-06-24,📉 GIẢM,40.9%,HIGH
NAC,2025-07-23,2026-06-04,📈 TĂNG,57.4%,LOW,2026-06-05,📉 GIẢM,46.8%,LOW,2026-06-08,📈 TĂNG,56.7%,LOW,2026-06-09,📉 GIẢM,47.1%,LOW,2026-06-10,📈 TĂNG,55.9%,LOW,2026-06-11,📉 GIẢM,47.4%,LOW,2026-06-12,📈 TĂNG,55.2%,LOW,2026-06-15,📉 GIẢM,47.8%,LOW,2026-06-16,📈 TĂNG,54.4%,HIGH,2026-06-17,📉 GIẢM,48.1%,LOW,2026-06-18,📈 TĂNG,53.7%,HIGH,2026-06-19,📉 GIẢM,48.5%,HIGH,2026-06-22,📈 TĂNG,53.0%,HIGH,2026-06-23,📉 GIẢM,48.8%,HIGH,2026-06-24,📈 TĂNG,52.2%,HIGH
HRB,2025-07-29,2026-06-04,📈 TĂNG,55.7%,LOW,2026-06-05,📈 TĂNG,53.5%,LOW,2026-06-08,📈 TĂNG,53.6%,LOW,2026-06-09,📈 TĂNG,53.4%,LOW,2026-06-10,📈 TĂNG,53.2%,LOW,2026-06-11,📈 TĂNG,53.0%,LOW,2026-06-12,📈 TĂNG,52.8%,LOW,2026-06-15,📈 TĂNG,52.6%,LOW,2026-06-16,📈 TĂNG,52.4%,LOW,2026-06-17,📈 TĂNG,52.2%,HIGH,2026-06-18,📈 TĂNG,52.0%,HIGH,2026-06-19,📈 TĂNG,51.8%,HIGH,2026-06-22,📈 TĂNG,51.6%,HIGH,2026-06-23,📈 TĂNG,51.4%,HIGH,2026-06-24,📈 TĂNG,51.2%,HIGH
DUS,2025-07-31,2026-06-04,📈 TĂNG,52.4%,LOW,2026-06-05,📈 TĂNG,54.1%,LOW,2026-06-08,📈 TĂNG,53.9%,LOW,2026-06-09,📈 TĂNG,53.7%,LOW,2026-06-10,📈 TĂNG,54.3%,LOW,2026-06-11,📈 TĂNG,54.0%,LOW,2026-06-12,📈 TĂNG,53.8%,LOW,2026-06-15,📈 TĂNG,53.5%,LOW,2026-06-16,📈 TĂNG,53.2%,LOW,2026-06-17,📈 TĂNG,53.0%,HIGH,2026-06-18,📈 TĂNG,52.7%,HIGH,2026-06-19,📈 TĂNG,52.6%,HIGH,2026-06-22,📈 TĂNG,52.3%,HIGH,2026-06-23,📈 TĂNG,52.0%,HIGH,2026-06-24,📈 TĂNG,51.7%,HIGH
DLT,2025-08-04,2026-06-04,📉 GIẢM,48.6%,LOW,2026-06-05,📉 GIẢM,48.4%,LOW,2026-06-08,📉 GIẢM,48.5%,LOW,2026-06-09,📉 GIẢM,48.5%,LOW,2026-06-10,📉 GIẢM,48.6%,LOW,2026-06-11,📉 GIẢM,48.7%,LOW,2026-06-12,📉 GIẢM,48.8%,LOW,2026-06-15,📉 GIẢM,48.9%,LOW,2026-06-16,📉 GIẢM,49.0%,LOW,2026-06-17,📉 GIẢM,49.1%,LOW,2026-06-18,📉 GIẢM,49.1%,HIGH,2026-06-19,📉 GIẢM,49.2%,HIGH,2026-06-22,📉 GIẢM,49.3%,HIGH,2026-06-23,📉 GIẢM,49.4%,HIGH,2026-06-24,📉 GIẢM,49.5%,HIGH
LQN,2025-08-22,2026-06-04,📉 GIẢM,35.1%,MEDIUM,2026-06-05,📉 GIẢM,35.9%,MEDIUM,2026-06-08,📉 GIẢM,36.6%,MEDIUM,2026-06-09,📉 GIẢM,37.4%,MEDIUM,2026-06-10,📉 GIẢM,38.1%,MEDIUM,2026-06-11,📉 GIẢM,38.8%,HIGH,2026-06-12,📉 GIẢM,39.6%,HIGH,2026-06-15,📉 GIẢM,40.3%,HIGH,2026-06-16,📉 GIẢM,41.1%,HIGH,2026-06-17,📉 GIẢM,41.8%,HIGH,2026-06-18,📉 GIẢM,42.6%,HIGH,2026-06-19,📉 GIẢM,43.3%,HIGH,2026-06-22,📉 GIẢM,44.0%,HIGH,2026-06-23,📉 GIẢM,44.8%,HIGH,2026-06-24,📉 GIẢM,45.5%,HIGH
DPP,2025-09-03,2026-06-04,📉 GIẢM,22.0%,HIGH,2026-06-05,📉 GIẢM,23.0%,HIGH,2026-06-08,📉 GIẢM,24.5%,HIGH,2026-06-09,📉 GIẢM,25.9%,HIGH,2026-06-10,📉 GIẢM,27.3%,HIGH,2026-06-11,📉 GIẢM,29.1%,HIGH,2026-06-12,📉 GIẢM,30.5%,HIGH,2026-06-15,📉 GIẢM,31.9%,HIGH,2026-06-16,📉 GIẢM,33.3%,HIGH,2026-06-17,📉 GIẢM,34.7%,HIGH,2026-06-18,📉 GIẢM,36.1%,HIGH,2026-06-19,📉 GIẢM,37.5%,HIGH,2026-06-22,📉 GIẢM,38.8%,HIGH,2026-06-23,📉 GIẢM,40.2%,HIGH,2026-06-24,📉 GIẢM,41.6%,HIGH
NSG,2025-09-19,2026-06-04,📉 GIẢM,38.8%,MEDIUM,2026-06-05,📉 GIẢM,39.4%,MEDIUM,2026-06-08,📉 GIẢM,39.9%,MEDIUM,2026-06-09,📉 GIẢM,40.5%,LOW,2026-06-10,📉 GIẢM,41.1%,LOW,2026-06-11,📉 GIẢM,41.8%,LOW,2026-06-12,📉 GIẢM,42.4%,LOW,2026-06-15,📉 GIẢM,42.9%,HIGH,2026-06-16,📉 GIẢM,43.4%,HIGH,2026-06-17,📉 GIẢM,44.0%,HIGH,2026-06-18,📉 GIẢM,44.5%,HIGH,2026-06-19,📉 GIẢM,45.3%,HIGH,2026-06-22,📉 GIẢM,45.8%,HIGH,2026-06-23,📉 GIẢM,46.4%,HIGH,2026-06-24,📉 GIẢM,46.9%,HIGH
VE2,2025-09-19,2026-06-04,📉 GIẢM,42.2%,LOW,2026-06-05,📉 GIẢM,42.5%,LOW,2026-06-08,📉 GIẢM,42.9%,LOW,2026-06-09,📉 GIẢM,43.4%,LOW,2026-06-10,📉 GIẢM,43.8%,LOW,2026-06-11,📉 GIẢM,44.2%,LOW,2026-06-12,📉 GIẢM,44.6%,LOW,2026-06-15,📉 GIẢM,45.0%,LOW,2026-06-16,📉 GIẢM,45.3%,HIGH,2026-06-17,📉 GIẢM,45.7%,HIGH,2026-06-18,📉 GIẢM,46.1%,HIGH,2026-06-19,📉 GIẢM,46.5%,HIGH,2026-06-22,📉 GIẢM,46.9%,HIGH,2026-06-23,📉 GIẢM,47.3%,HIGH,2026-06-24,📉 GIẢM,47.7%,HIGH
MCC,2025-09-30,2026-06-04,📉 GIẢM,39.7%,MEDIUM,2026-06-05,📉 GIẢM,39.1%,MEDIUM,2026-06-08,📉 GIẢM,39.6%,MEDIUM,2026-06-09,📉 GIẢM,40.2%,LOW,2026-06-10,📉 GIẢM,40.8%,LOW,2026-06-11,📉 GIẢM,41.4%,LOW,2026-06-12,📉 GIẢM,41.9%,HIGH,2026-06-15,📉 GIẢM,42.5%,HIGH,2026-06-16,📉 GIẢM,43.1%,HIGH,2026-06-17,📉 GIẢM,43.7%,HIGH,2026-06-18,📉 GIẢM,44.2%,HIGH,2026-06-19,📉 GIẢM,44.8%,HIGH,2026-06-22,📉 GIẢM,45.4%,HIGH,2026-06-23,📉 GIẢM,46.0%,HIGH,2026-06-24,📉 GIẢM,46.5%,HIGH
DAC,2025-10-03,2026-06-04,📉 GIẢM,40.9%,LOW,2026-06-05,📉 GIẢM,41.3%,LOW,2026-06-08,📉 GIẢM,41.8%,LOW,2026-06-09,📉 GIẢM,42.3%,LOW,2026-06-10,📉 GIẢM,42.7%,LOW,2026-06-11,📉 GIẢM,43.2%,LOW,2026-06-12,📉 GIẢM,43.6%,LOW,2026-06-15,📉 GIẢM,44.1%,LOW,2026-06-16,📉 GIẢM,44.5%,HIGH,2026-06-17,📉 GIẢM,45.0%,HIGH,2026-06-18,📉 GIẢM,45.4%,HIGH,2026-06-19,📉 GIẢM,45.9%,HIGH,2026-06-22,📉 GIẢM,46.4%,HIGH,2026-06-23,📉 GIẢM,46.8%,HIGH,2026-06-24,📉 GIẢM,47.3%,HIGH
EMG,2025-10-03,2026-06-04,📈 TĂNG,55.2%,LOW,2026-06-05,📈 TĂNG,56.7%,LOW,2026-06-08,📈 TĂNG,56.4%,LOW,2026-06-09,📈 TĂNG,56.0%,LOW,2026-06-10,📈 TĂNG,55.7%,LOW,2026-06-11,📈 TĂNG,55.3%,LOW,2026-06-12,📈 TĂNG,55.0%,LOW,2026-06-15,📈 TĂNG,54.6%,LOW,2026-06-16,📈 TĂNG,54.3%,HIGH,2026-06-17,📈 TĂNG,53.9%,HIGH,2026-06-18,📈 TĂNG,53.5%,HIGH,2026-06-19,📈 TĂNG,53.2%,HIGH,2026-06-22,📈 TĂNG,52.8%,HIGH,2026-06-23,📈 TĂNG,52.5%,HIGH,2026-06-24,📈 TĂNG,52.1%,HIGH
LNC,2025-10-07,2026-06-04,📈 TĂNG,50.4%,LOW,2026-06-05,📈 TĂNG,52.5%,LOW,2026-06-08,📈 TĂNG,52.5%,LOW,2026-06-09,📈 TĂNG,52.4%,LOW,2026-06-10,📈 TĂNG,52.3%,LOW,2026-06-11,📈 TĂNG,52.1%,LOW,2026-06-12,📈 TĂNG,52.0%,LOW,2026-06-15,📈 TĂNG,51.8%,LOW,2026-06-16,📈 TĂNG,51.7%,LOW,2026-06-17,📈 TĂNG,51.6%,LOW,2026-06-18,📈 TĂNG,51.4%,HIGH,2026-06-19,📈 TĂNG,51.3%,HIGH,2026-06-22,📈 TĂNG,51.1%,HIGH,2026-06-23,📈 TĂNG,51.0%,HIGH,2026-06-24,📈 TĂNG,50.8%,HIGH
BCG,2025-10-08,2026-06-04,📈 TĂNG,51.1%,LOW,2026-06-05,📈 TĂNG,51.0%,LOW,2026-06-08,📈 TĂNG,50.8%,LOW,2026-06-09,📈 TĂNG,50.8%,LOW,2026-06-10,📈 TĂNG,50.7%,LOW,2026-06-11,📈 TĂNG,50.7%,LOW,2026-06-12,📈 TĂNG,50.6%,LOW,2026-06-15,📈 TĂNG,50.6%,LOW,2026-06-16,📈 TĂNG,50.6%,LOW,2026-06-17,📈 TĂNG,50.2%,LOW,2026-06-18,📈 TĂNG,50.2%,HIGH,2026-06-19,📈 TĂNG,50.2%,HIGH,2026-06-22,📈 TĂNG,50.2%,HIGH,2026-06-23,📈 TĂNG,50.1%,HIGH,2026-06-24,📈 TĂNG,50.1%,HIGH
TCD,2025-10-08,2026-06-04,📈 TĂNG,51.1%,LOW,2026-06-05,📈 TĂNG,50.5%,LOW,2026-06-08,📈 TĂNG,50.5%,LOW,2026-06-09,📈 TĂNG,50.5%,LOW,2026-06-10,📈 TĂNG,50.4%,LOW,2026-06-11,📈 TĂNG,50.4%,LOW,2026-06-12,📈 TĂNG,50.4%,LOW,2026-06-15,📈 TĂNG,50.3%,LOW,2026-06-16,📈 TĂNG,50.3%,LOW,2026-06-17,📈 TĂNG,50.3%,LOW,2026-06-18,📈 TĂNG,50.3%,HIGH,2026-06-19,📉 GIẢM,49.9%,HIGH,2026-06-22,📈 TĂNG,50.2%,HIGH,2026-06-23,📉 GIẢM,50.0%,HIGH,2026-06-24,📈 TĂNG,50.2%,HIGH
VE4,2025-11-04,2026-06-04,📉 GIẢM,29.8%,HIGH,2026-06-05,📉 GIẢM,30.7%,HIGH,2026-06-08,📉 GIẢM,31.8%,HIGH,2026-06-09,📉 GIẢM,32.8%,HIGH,2026-06-10,📉 GIẢM,33.8%,HIGH,2026-06-11,📉 GIẢM,34.8%,HIGH,2026-06-12,📉 GIẢM,35.8%,HIGH,2026-06-15,📉 GIẢM,36.8%,HIGH,2026-06-16,📉 GIẢM,37.8%,HIGH,2026-06-17,📉 GIẢM,38.8%,HIGH,2026-06-18,📉 GIẢM,39.9%,HIGH,2026-06-19,📉 GIẢM,40.9%,HIGH,2026-06-22,📉 GIẢM,41.9%,HIGH,2026-06-23,📉 GIẢM,42.9%,HIGH,2026-06-24,📉 GIẢM,43.9%,HIGH
PLE,2025-12-04,2026-06-04,📉 GIẢM,26.0%,HIGH,2026-06-05,📉 GIẢM,27.6%,HIGH,2026-06-08,📉 GIẢM,28.8%,HIGH,2026-06-09,📉 GIẢM,30.0%,HIGH,2026-06-10,📉 GIẢM,31.2%,HIGH,2026-06-11,📉 GIẢM,32.4%,HIGH,2026-06-12,📉 GIẢM,33.6%,HIGH,2026-06-15,📉 GIẢM,34.7%,HIGH,2026-06-16,📉 GIẢM,35.9%,HIGH,2026-06-17,📉 GIẢM,37.1%,HIGH,2026-06-18,📉 GIẢM,38.3%,HIGH,2026-06-19,📉 GIẢM,39.4%,HIGH,2026-06-22,📉 GIẢM,40.6%,HIGH,2026-06-23,📉 GIẢM,41.8%,HIGH,2026-06-24,📉 GIẢM,43.0%,HIGH
NGC,2025-12-05,2026-06-04,📉 GIẢM,44.6%,LOW,2026-06-05,📉 GIẢM,44.9%,LOW,2026-06-08,📉 GIẢM,45.1%,LOW,2026-06-09,📉 GIẢM,45.4%,LOW,2026-06-10,📉 GIẢM,45.7%,LOW,2026-06-11,📉 GIẢM,46.0%,LOW,2026-06-12,📉 GIẢM,46.2%,LOW,2026-06-15,📉 GIẢM,46.5%,LOW,2026-06-16,📉 GIẢM,46.8%,LOW,2026-06-17,📉 GIẢM,47.0%,HIGH,2026-06-18,📉 GIẢM,47.3%,HIGH,2026-06-19,📉 GIẢM,47.6%,HIGH,2026-06-22,📉 GIẢM,47.8%,HIGH,2026-06-23,📉 GIẢM,48.1%,HIGH,2026-06-24,📉 GIẢM,48.4%,HIGH
VTI,2025-12-05,2026-06-04,📈 TĂNG,55.4%,LOW,2026-06-05,📈 TĂNG,51.5%,LOW,2026-06-08,📈 TĂNG,51.7%,LOW,2026-06-09,📈 TĂNG,51.6%,LOW,2026-06-10,📈 TĂNG,51.5%,LOW,2026-06-11,📈 TĂNG,51.4%,LOW,2026-06-12,📈 TĂNG,51.3%,LOW,2026-06-15,📈 TĂNG,51.2%,LOW,2026-06-16,📈 TĂNG,51.1%,LOW,2026-06-17,📈 TĂNG,51.0%,LOW,2026-06-18,📈 TĂNG,50.9%,HIGH,2026-06-19,📈 TĂNG,50.8%,HIGH,2026-06-22,📈 TĂNG,50.7%,HIGH,2026-06-23,📈 TĂNG,50.7%,HIGH,2026-06-24,📈 TĂNG,50.6%,HIGH
GMA,2025-12-24,2026-06-04,📈 TĂNG,64.5%,MEDIUM,2026-06-05,📈 TĂNG,57.2%,LOW,2026-06-08,📈 TĂNG,56.9%,LOW,2026-06-09,📈 TĂNG,56.5%,LOW,2026-06-10,📈 TĂNG,56.1%,LOW,2026-06-11,📈 TĂNG,55.7%,LOW,2026-06-12,📈 TĂNG,55.3%,LOW,2026-06-15,📈 TĂNG,55.0%,LOW,2026-06-16,📈 TĂNG,54.6%,HIGH,2026-06-17,📈 TĂNG,54.2%,HIGH,2026-06-18,📈 TĂNG,53.8%,HIGH,2026-06-19,📈 TĂNG,53.4%,HIGH,2026-06-22,📈 TĂNG,53.1%,HIGH,2026-06-23,📈 TĂNG,52.7%,HIGH,2026-06-24,📈 TĂNG,52.3%,HIGH
X26,2025-12-26,2026-06-04,📈 TĂNG,51.0%,LOW,2026-06-05,📈 TĂNG,52.6%,LOW,2026-06-08,📈 TĂNG,52.2%,LOW,2026-06-09,📈 TĂNG,52.1%,LOW,2026-06-10,📈 TĂNG,52.0%,LOW,2026-06-11,📈 TĂNG,51.9%,LOW,2026-06-12,📈 TĂNG,51.7%,LOW,2026-06-15,📈 TĂNG,51.6%,LOW,2026-06-16,📈 TĂNG,51.5%,LOW,2026-06-17,📈 TĂNG,51.4%,LOW,2026-06-18,📈 TĂNG,51.2%,HIGH,2026-06-19,📈 TĂNG,51.1%,HIGH,2026-06-22,📈 TĂNG,51.0%,HIGH,2026-06-23,📈 TĂNG,50.9%,HIGH,2026-06-24,📈 TĂNG,50.7%,HIGH
HGT,2025-12-29,2026-06-04,📉 GIẢM,29.2%,HIGH,2026-06-05,📉 GIẢM,30.3%,HIGH,2026-06-08,📉 GIẢM,31.3%,HIGH,2026-06-09,📉 GIẢM,32.3%,HIGH,2026-06-10,📉 GIẢM,33.4%,HIGH,2026-06-11,📉 GIẢM,34.4%,HIGH,2026-06-12,📉 GIẢM,35.4%,HIGH,2026-06-15,📉 GIẢM,36.5%,HIGH,2026-06-16,📉 GIẢM,37.5%,HIGH,2026-06-17,📉 GIẢM,38.6%,HIGH,2026-06-18,📉 GIẢM,39.6%,HIGH,2026-06-19,📉 GIẢM,41.2%,HIGH,2026-06-22,📉 GIẢM,42.1%,HIGH,2026-06-23,📉 GIẢM,43.1%,HIGH,2026-06-24,📉 GIẢM,44.1%,HIGH
TRT,2025-12-31,2026-06-04,📉 GIẢM,44.7%,LOW,2026-06-05,📉 GIẢM,45.1%,LOW,2026-06-08,📉 GIẢM,45.3%,LOW,2026-06-09,📉 GIẢM,45.6%,LOW,2026-06-10,📉 GIẢM,45.3%,LOW,2026-06-11,📉 GIẢM,45.6%,LOW,2026-06-12,📉 GIẢM,45.9%,LOW,2026-06-15,📉 GIẢM,46.2%,LOW,2026-06-16,📉 GIẢM,46.4%,LOW,2026-06-17,📉 GIẢM,46.7%,HIGH,2026-06-18,📉 GIẢM,47.0%,HIGH,2026-06-19,📉 GIẢM,47.3%,HIGH,2026-06-22,📉 GIẢM,47.6%,HIGH,2026-06-23,📉 GIẢM,47.9%,HIGH,2026-06-24,📉 GIẢM,48.2%,HIGH
DLD,2026-01-08,2026-06-04,📉 GIẢM,45.6%,LOW,2026-06-05,📉 GIẢM,45.8%,LOW,2026-06-08,📉 GIẢM,45.3%,LOW,2026-06-09,📉 GIẢM,45.6%,LOW,2026-06-10,📉 GIẢM,45.9%,LOW,2026-06-11,📉 GIẢM,46.1%,LOW,2026-06-12,📉 GIẢM,46.4%,LOW,2026-06-15,📉 GIẢM,46.6%,LOW,2026-06-16,📉 GIẢM,46.9%,LOW,2026-06-17,📉 GIẢM,47.2%,HIGH,2026-06-18,📉 GIẢM,47.4%,HIGH,2026-06-19,📉 GIẢM,47.7%,HIGH,2026-06-22,📉 GIẢM,47.9%,HIGH,2026-06-23,📉 GIẢM,48.2%,HIGH,2026-06-24,📉 GIẢM,48.4%,HIGH
DNT,2026-01-08,2026-06-04,📉 GIẢM,49.8%,LOW,2026-06-05,📉 GIẢM,49.8%,LOW,2026-06-08,📉 GIẢM,49.8%,LOW,2026-06-09,📉 GIẢM,49.9%,LOW,2026-06-10,📉 GIẢM,49.9%,LOW,2026-06-11,📉 GIẢM,49.9%,LOW,2026-06-12,📉 GIẢM,49.9%,LOW,2026-06-15,📉 GIẢM,49.9%,LOW,2026-06-16,📉 GIẢM,49.9%,LOW,2026-06-17,📉 GIẢM,49.9%,LOW,2026-06-18,📉 GIẢM,49.9%,HIGH,2026-06-19,📉 GIẢM,49.9%,HIGH,2026-06-22,📉 GIẢM,49.9%,HIGH,2026-06-23,📉 GIẢM,49.9%,HIGH,2026-06-24,📉 GIẢM,49.9%,HIGH
DLR,2026-01-09,2026-06-04,📉 GIẢM,44.0%,LOW,2026-06-05,📉 GIẢM,44.3%,LOW,2026-06-08,📉 GIẢM,44.6%,LOW,2026-06-09,📉 GIẢM,44.9%,LOW,2026-06-10,📉 GIẢM,45.2%,LOW,2026-06-11,📉 GIẢM,45.5%,LOW,2026-06-12,📉 GIẢM,45.8%,LOW,2026-06-15,📉 GIẢM,46.0%,LOW,2026-06-16,📉 GIẢM,46.3%,LOW,2026-06-17,📉 GIẢM,46.6%,HIGH,2026-06-18,📉 GIẢM,46.9%,HIGH,2026-06-19,📉 GIẢM,47.2%,HIGH,2026-06-22,📉 GIẢM,47.5%,HIGH,2026-06-23,📉 GIẢM,48.1%,HIGH,2026-06-24,📉 GIẢM,48.3%,HIGH
TAW,2026-01-12,2026-06-04,📉 GIẢM,48.5%,LOW,2026-06-05,📉 GIẢM,48.6%,LOW,2026-06-08,📉 GIẢM,48.7%,LOW,2026-06-09,📉 GIẢM,48.8%,LOW,2026-06-10,📉 GIẢM,48.8%,LOW,2026-06-11,📉 GIẢM,48.9%,LOW,2026-06-12,📉 GIẢM,49.0%,LOW,2026-06-15,📉 GIẢM,49.0%,LOW,2026-06-16,📉 GIẢM,49.1%,LOW,2026-06-17,📉 GIẢM,49.2%,LOW,2026-06-18,📉 GIẢM,49.3%,HIGH,2026-06-19,📉 GIẢM,49.3%,HIGH,2026-06-22,📉 GIẢM,49.4%,HIGH,2026-06-23,📉 GIẢM,49.5%,HIGH,2026-06-24,📉 GIẢM,49.6%,HIGH
CJC,2026-01-13,2026-06-04,📉 GIẢM,42.8%,LOW,2026-06-05,📉 GIẢM,43.2%,LOW,2026-06-08,📉 GIẢM,43.6%,LOW,2026-06-09,📉 GIẢM,43.9%,LOW,2026-06-10,📉 GIẢM,44.3%,LOW,2026-06-11,📉 GIẢM,44.6%,LOW,2026-06-12,📉 GIẢM,45.0%,LOW,2026-06-15,📉 GIẢM,45.4%,LOW,2026-06-16,📉 GIẢM,45.7%,HIGH,2026-06-17,📉 GIẢM,46.1%,HIGH,2026-06-18,📉 GIẢM,46.4%,HIGH,2026-06-19,📉 GIẢM,46.8%,HIGH,2026-06-22,📉 GIẢM,47.1%,HIGH,2026-06-23,📉 GIẢM,47.5%,HIGH,2026-06-24,📉 GIẢM,47.9%,HIGH
IN4,2026-01-19,2026-06-04,📈 TĂNG,58.5%,LOW,2026-06-05,📈 TĂNG,56.7%,LOW,2026-06-08,📈 TĂNG,56.3%,LOW,2026-06-09,📈 TĂNG,56.0%,LOW,2026-06-10,📈 TĂNG,55.6%,LOW,2026-06-11,📈 TĂNG,55.3%,LOW,2026-06-12,📈 TĂNG,54.9%,LOW,2026-06-15,📈 TĂNG,54.6%,LOW,2026-06-16,📈 TĂNG,54.2%,HIGH,2026-06-17,📈 TĂNG,53.9%,HIGH,2026-06-18,📈 TĂNG,53.5%,HIGH,2026-06-19,📈 TĂNG,53.2%,HIGH,2026-06-22,📈 TĂNG,52.8%,HIGH,2026-06-23,📈 TĂNG,52.5%,HIGH,2026-06-24,📈 TĂNG,52.1%,HIGH
BTG,2026-01-19,2026-06-04,📉 GIẢM,40.5%,LOW,2026-06-05,📉 GIẢM,41.0%,LOW,2026-06-08,📉 GIẢM,41.5%,LOW,2026-06-09,📉 GIẢM,42.0%,LOW,2026-06-10,📉 GIẢM,42.4%,LOW,2026-06-11,📉 GIẢM,42.9%,LOW,2026-06-12,📉 GIẢM,43.4%,LOW,2026-06-15,📉 GIẢM,43.8%,HIGH,2026-06-16,📉 GIẢM,44.3%,HIGH,2026-06-17,📉 GIẢM,44.8%,HIGH,2026-06-18,📉 GIẢM,45.3%,HIGH,2026-06-19,📉 GIẢM,45.7%,HIGH,2026-06-22,📉 GIẢM,46.2%,HIGH,2026-06-23,📉 GIẢM,46.7%,HIGH,2026-06-24,📉 GIẢM,47.2%,HIGH
THU,2026-01-20,2026-06-04,📈 TĂNG,53.8%,LOW,2026-06-05,📈 TĂNG,54.3%,LOW,2026-06-08,📈 TĂNG,54.1%,LOW,2026-06-09,📈 TĂNG,53.9%,LOW,2026-06-10,📈 TĂNG,53.6%,LOW,2026-06-11,📈 TĂNG,53.4%,LOW,2026-06-12,📈 TĂNG,53.2%,LOW,2026-06-15,📈 TĂNG,52.9%,LOW,2026-06-16,📈 TĂNG,52.7%,LOW,2026-06-17,📈 TĂNG,52.5%,HIGH,2026-06-18,📈 TĂNG,52.3%,HIGH,2026-06-19,📈 TĂNG,52.0%,HIGH,2026-06-22,📈 TĂNG,51.8%,HIGH,2026-06-23,📈 TĂNG,51.6%,HIGH,2026-06-24,📈 TĂNG,51.4%,HIGH
UCT,2026-01-27,2026-06-04,📉 GIẢM,32.3%,MEDIUM,2026-06-05,📉 GIẢM,33.2%,MEDIUM,2026-06-08,📉 GIẢM,34.0%,MEDIUM,2026-06-09,📉 GIẢM,34.9%,HIGH,2026-06-10,📉 GIẢM,35.8%,HIGH,2026-06-11,📉 GIẢM,36.7%,HIGH,2026-06-12,📉 GIẢM,37.6%,HIGH,2026-06-15,📉 GIẢM,38.5%,HIGH,2026-06-16,📉 GIẢM,39.4%,HIGH,2026-06-17,📉 GIẢM,40.3%,HIGH,2026-06-18,📉 GIẢM,41.1%,HIGH,2026-06-19,📉 GIẢM,42.0%,HIGH,2026-06-22,📉 GIẢM,42.9%,HIGH,2026-06-23,📉 GIẢM,43.8%,HIGH,2026-06-24,📉 GIẢM,44.7%,HIGH
VNX,2026-01-28,2026-06-04,📈 TĂNG,65.0%,MEDIUM,2026-06-05,📈 TĂNG,55.8%,LOW,2026-06-08,📈 TĂNG,55.5%,LOW,2026-06-09,📈 TĂNG,55.2%,LOW,2026-06-10,📈 TĂNG,54.9%,LOW,2026-06-11,📈 TĂNG,54.6%,LOW,2026-06-12,📈 TĂNG,54.3%,LOW,2026-06-15,📈 TĂNG,54.0%,LOW,2026-06-16,📈 TĂNG,53.7%,LOW,2026-06-17,📈 TĂNG,53.4%,HIGH,2026-06-18,📈 TĂNG,53.1%,HIGH,2026-06-19,📈 TĂNG,52.8%,HIGH,2026-06-22,📈 TĂNG,52.5%,HIGH,2026-06-23,📈 TĂNG,52.2%,HIGH,2026-06-24,📈 TĂNG,51.8%,HIGH
TCK,2026-01-30,2026-06-04,📉 GIẢM,39.6%,MEDIUM,2026-06-05,📉 GIẢM,40.1%,LOW,2026-06-08,📉 GIẢM,40.7%,LOW,2026-06-09,📉 GIẢM,41.2%,LOW,2026-06-10,📉 GIẢM,41.7%,LOW,2026-06-11,📉 GIẢM,42.2%,LOW,2026-06-12,📉 GIẢM,42.7%,LOW,2026-06-15,📉 GIẢM,43.3%,HIGH,2026-06-16,📉 GIẢM,43.8%,HIGH,2026-06-17,📉 GIẢM,44.3%,HIGH,2026-06-18,📉 GIẢM,44.8%,HIGH,2026-06-19,📉 GIẢM,45.4%,HIGH,2026-06-22,📉 GIẢM,45.9%,HIGH,2026-06-23,📉 GIẢM,46.4%,HIGH,2026-06-24,📉 GIẢM,46.9%,HIGH
DOC,2026-02-04,2026-06-04,📈 TĂNG,55.7%,LOW,2026-06-05,📈 TĂNG,57.8%,LOW,2026-06-08,📈 TĂNG,57.4%,LOW,2026-06-09,📈 TĂNG,56.9%,LOW,2026-06-10,📈 TĂNG,56.5%,LOW,2026-06-11,📈 TĂNG,56.1%,LOW,2026-06-12,📈 TĂNG,55.7%,LOW,2026-06-15,📈 TĂNG,55.3%,LOW,2026-06-16,📈 TĂNG,54.9%,HIGH,2026-06-17,📈 TĂNG,54.5%,HIGH,2026-06-18,📈 TĂNG,54.1%,HIGH,2026-06-19,📈 TĂNG,53.7%,HIGH,2026-06-22,📈 TĂNG,52.7%,HIGH,2026-06-23,📈 TĂNG,52.4%,HIGH,2026-06-24,📈 TĂNG,52.0%,HIGH
BED,2026-02-06,2026-06-04,📉 GIẢM,41.6%,LOW,2026-06-05,📉 GIẢM,41.7%,LOW,2026-06-08,📉 GIẢM,42.2%,LOW,2026-06-09,📉 GIẢM,43.0%,LOW,2026-06-10,📉 GIẢM,43.4%,LOW,2026-06-11,📉 GIẢM,43.9%,LOW,2026-06-12,📉 GIẢM,44.3%,LOW,2026-06-15,📉 GIẢM,44.7%,LOW,2026-06-16,📉 GIẢM,45.1%,HIGH,2026-06-17,📉 GIẢM,45.5%,HIGH,2026-06-18,📉 GIẢM,45.9%,HIGH,2026-06-19,📉 GIẢM,46.3%,HIGH,2026-06-22,📉 GIẢM,46.8%,HIGH,2026-06-23,📉 GIẢM,47.2%,HIGH,2026-06-24,📉 GIẢM,47.6%,HIGH
PHH,2026-02-06,2026-06-04,📉 GIẢM,39.7%,MEDIUM,2026-06-05,📉 GIẢM,41.7%,LOW,2026-06-08,📉 GIẢM,42.1%,LOW,2026-06-09,📉 GIẢM,42.6%,LOW,2026-06-10,📉 GIẢM,43.0%,LOW,2026-06-11,📉 GIẢM,43.4%,LOW,2026-06-12,📉 GIẢM,43.9%,LOW,2026-06-15,📉 GIẢM,44.3%,LOW,2026-06-16,📉 GIẢM,44.7%,HIGH,2026-06-17,📉 GIẢM,45.2%,HIGH,2026-06-18,📉 GIẢM,45.6%,HIGH,2026-06-19,📉 GIẢM,46.1%,HIGH,2026-06-22,📉 GIẢM,46.5%,HIGH,2026-06-23,📉 GIẢM,46.9%,HIGH,2026-06-24,📉 GIẢM,47.4%,HIGH
VIR,2026-02-06,2026-06-04,📈 TĂNG,65.7%,MEDIUM,2026-06-05,📈 TĂNG,64.9%,MEDIUM,2026-06-08,📈 TĂNG,64.2%,MEDIUM,2026-06-09,📈 TĂNG,63.4%,MEDIUM,2026-06-10,📈 TĂNG,63.1%,HIGH,2026-06-11,📈 TĂNG,62.3%,HIGH,2026-06-12,📈 TĂNG,61.5%,HIGH,2026-06-15,📈 TĂNG,60.7%,HIGH,2026-06-16,📈 TĂNG,59.8%,HIGH,2026-06-17,📈 TĂNG,59.0%,HIGH,2026-06-18,📈 TĂNG,58.2%,HIGH,2026-06-19,📈 TĂNG,57.4%,HIGH,2026-06-22,📈 TĂNG,56.6%,HIGH,2026-06-23,📈 TĂNG,55.7%,HIGH,2026-06-24,📈 TĂNG,54.9%,HIGH
KTC,2026-02-09,2026-06-04,📉 GIẢM,45.3%,LOW,2026-06-05,📉 GIẢM,45.6%,LOW,2026-06-08,📉 GIẢM,45.8%,LOW,2026-06-09,📉 GIẢM,46.0%,LOW,2026-06-10,📉 GIẢM,46.3%,LOW,2026-06-11,📉 GIẢM,46.5%,LOW,2026-06-12,📉 GIẢM,46.7%,LOW,2026-06-15,📉 GIẢM,47.0%,LOW,2026-06-16,📉 GIẢM,47.2%,LOW,2026-06-17,📉 GIẢM,47.4%,HIGH,2026-06-18,📉 GIẢM,47.7%,HIGH,2026-06-19,📉 GIẢM,47.9%,HIGH,2026-06-22,📉 GIẢM,48.1%,HIGH,2026-06-23,📉 GIẢM,48.4%,HIGH,2026-06-24,📉 GIẢM,48.6%,HIGH
PTH,2026-02-11,2026-06-04,📉 GIẢM,36.7%,MEDIUM,2026-06-05,📉 GIẢM,37.1%,MEDIUM,2026-06-08,📉 GIẢM,37.8%,MEDIUM,2026-06-09,📉 GIẢM,38.5%,MEDIUM,2026-06-10,📉 GIẢM,39.1%,MEDIUM,2026-06-11,📉 GIẢM,39.8%,HIGH,2026-06-12,📉 GIẢM,40.5%,HIGH,2026-06-15,📉 GIẢM,41.2%,HIGH,2026-06-16,📉 GIẢM,41.8%,HIGH,2026-06-17,📉 GIẢM,42.5%,HIGH,2026-06-18,📉 GIẢM,43.2%,HIGH,2026-06-19,📉 GIẢM,43.9%,HIGH,2026-06-22,📉 GIẢM,44.6%,HIGH,2026-06-23,📉 GIẢM,45.2%,HIGH,2026-06-24,📉 GIẢM,45.9%,HIGH
NSL,2026-02-13,2026-06-04,📈 TĂNG,59.3%,LOW,2026-06-05,📈 TĂNG,58.2%,LOW,2026-06-08,📈 TĂNG,57.6%,LOW,2026-06-09,📈 TĂNG,57.4%,LOW,2026-06-10,📈 TĂNG,58.7%,LOW,2026-06-11,📈 TĂNG,58.2%,LOW,2026-06-12,📈 TĂNG,57.7%,LOW,2026-06-15,📈 TĂNG,57.1%,HIGH,2026-06-16,📈 TĂNG,56.6%,HIGH,2026-06-17,📈 TĂNG,56.0%,HIGH,2026-06-18,📈 TĂNG,55.5%,HIGH,2026-06-19,📈 TĂNG,54.9%,HIGH,2026-06-22,📈 TĂNG,54.4%,HIGH,2026-06-23,📈 TĂNG,53.8%,HIGH,2026-06-24,📈 TĂNG,53.3%,HIGH
HES,2026-02-23,2026-06-04,📉 GIẢM,45.7%,LOW,2026-06-05,📉 GIẢM,45.9%,LOW,2026-06-08,📉 GIẢM,46.1%,LOW,2026-06-09,📉 GIẢM,46.3%,LOW,2026-06-10,📉 GIẢM,46.5%,LOW,2026-06-11,📉 GIẢM,46.7%,LOW,2026-06-12,📉 GIẢM,47.0%,LOW,2026-06-15,📉 GIẢM,47.2%,LOW,2026-06-16,📉 GIẢM,47.4%,LOW,2026-06-17,📉 GIẢM,47.6%,HIGH,2026-06-18,📉 GIẢM,47.8%,HIGH,2026-06-19,📉 GIẢM,48.0%,HIGH,2026-06-22,📉 GIẢM,48.3%,HIGH,2026-06-23,📉 GIẢM,48.5%,HIGH,2026-06-24,📉 GIẢM,48.7%,HIGH
BHK,2026-02-24,2026-06-04,📉 GIẢM,37.9%,MEDIUM,2026-06-05,📉 GIẢM,38.5%,MEDIUM,2026-06-08,📉 GIẢM,39.1%,MEDIUM,2026-06-09,📉 GIẢM,39.7%,MEDIUM,2026-06-10,📉 GIẢM,40.3%,LOW,2026-06-11,📉 GIẢM,40.9%,LOW,2026-06-12,📉 GIẢM,41.5%,HIGH,2026-06-15,📉 GIẢM,42.1%,HIGH,2026-06-16,📉 GIẢM,42.7%,HIGH,2026-06-17,📉 GIẢM,43.3%,HIGH,2026-06-18,📉 GIẢM,44.0%,HIGH,2026-06-19,📉 GIẢM,44.6%,HIGH,2026-06-22,📉 GIẢM,45.2%,HIGH,2026-06-23,📉 GIẢM,45.8%,HIGH,2026-06-24,📉 GIẢM,46.4%,HIGH
VMT,2026-02-26,2026-06-04,📉 GIẢM,28.2%,HIGH,2026-06-05,📉 GIẢM,29.3%,HIGH,2026-06-08,📉 GIẢM,30.4%,HIGH,2026-06-09,📉 GIẢM,31.5%,HIGH,2026-06-10,📉 GIẢM,32.5%,HIGH,2026-06-11,📉 GIẢM,34.0%,HIGH,2026-06-12,📉 GIẢM,35.1%,HIGH,2026-06-15,📉 GIẢM,36.1%,HIGH,2026-06-16,📉 GIẢM,37.2%,HIGH,2026-06-17,📉 GIẢM,38.3%,HIGH,2026-06-18,📉 GIẢM,39.3%,HIGH,2026-06-19,📉 GIẢM,40.4%,HIGH,2026-06-22,📉 GIẢM,41.5%,HIGH,2026-06-23,📉 GIẢM,42.5%,HIGH,2026-06-24,📉 GIẢM,43.6%,HIGH
DNL,2026-02-27,2026-06-04,📉 GIẢM,25.8%,HIGH,2026-06-05,📉 GIẢM,26.8%,HIGH,2026-06-08,📉 GIẢM,28.1%,HIGH,2026-06-09,📉 GIẢM,29.3%,HIGH,2026-06-10,📉 GIẢM,30.5%,HIGH,2026-06-11,📉 GIẢM,31.7%,HIGH,2026-06-12,📉 GIẢM,32.9%,HIGH,2026-06-15,📉 GIẢM,34.2%,HIGH,2026-06-16,📉 GIẢM,35.5%,HIGH,2026-06-17,📉 GIẢM,36.7%,HIGH,2026-06-18,📉 GIẢM,37.9%,HIGH,2026-06-19,📉 GIẢM,39.1%,HIGH,2026-06-22,📉 GIẢM,40.3%,HIGH,2026-06-23,📉 GIẢM,41.5%,HIGH,2026-06-24,📉 GIẢM,42.7%,HIGH
HMG,2026-02-27,2026-06-04,📉 GIẢM,41.6%,LOW,2026-06-05,📉 GIẢM,42.0%,LOW,2026-06-08,📉 GIẢM,42.4%,LOW,2026-06-09,📉 GIẢM,42.8%,LOW,2026-06-10,📉 GIẢM,43.3%,LOW,2026-06-11,📉 GIẢM,43.7%,LOW,2026-06-12,📉 GIẢM,44.1%,LOW,2026-06-15,📉 GIẢM,44.5%,LOW,2026-06-16,📉 GIẢM,44.9%,HIGH,2026-06-17,📉 GIẢM,45.4%,HIGH,2026-06-18,📉 GIẢM,45.8%,HIGH,2026-06-19,📉 GIẢM,46.2%,HIGH,2026-06-22,📉 GIẢM,46.6%,HIGH,2026-06-23,📉 GIẢM,47.0%,HIGH,2026-06-24,📉 GIẢM,47.5%,HIGH
HPM,2026-02-27,2026-06-04,📉 GIẢM,47.5%,LOW,2026-06-05,📉 GIẢM,47.3%,LOW,2026-06-08,📉 GIẢM,47.5%,LOW,2026-06-09,📉 GIẢM,47.6%,LOW,2026-06-10,📉 GIẢM,47.8%,LOW,2026-06-11,📉 GIẢM,47.9%,LOW,2026-06-12,📉 GIẢM,48.0%,LOW,2026-06-15,📉 GIẢM,48.2%,LOW,2026-06-16,📉 GIẢM,48.3%,LOW,2026-06-17,📉 GIẢM,48.5%,LOW,2026-06-18,📉 GIẢM,48.6%,HIGH,2026-06-19,📉 GIẢM,48.7%,HIGH,2026-06-22,📉 GIẢM,48.9%,HIGH,2026-06-23,📉 GIẢM,49.0%,HIGH,2026-06-24,📉 GIẢM,49.2%,HIGH
BPC,2026-03-03,2026-06-04,📉 GIẢM,35.4%,MEDIUM,2026-06-05,📉 GIẢM,36.1%,MEDIUM,2026-06-08,📉 GIẢM,36.8%,MEDIUM,2026-06-09,📉 GIẢM,37.6%,MEDIUM,2026-06-10,📉 GIẢM,38.3%,MEDIUM,2026-06-11,📉 GIẢM,39.0%,HIGH,2026-06-12,📉 GIẢM,39.8%,HIGH,2026-06-15,📉 GIẢM,40.5%,HIGH,2026-06-16,📉 GIẢM,41.2%,HIGH,2026-06-17,📉 GIẢM,42.0%,HIGH,2026-06-18,📉 GIẢM,42.7%,HIGH,2026-06-19,📉 GIẢM,43.4%,HIGH,2026-06-22,📉 GIẢM,44.2%,HIGH,2026-06-23,📉 GIẢM,44.9%,HIGH,2026-06-24,📉 GIẢM,45.6%,HIGH
ATS,2026-03-04,2026-06-04,📈 TĂNG,52.2%,LOW,2026-06-05,📉 GIẢM,46.0%,LOW,2026-06-08,📈 TĂNG,51.9%,LOW,2026-06-09,📉 GIẢM,46.4%,LOW,2026-06-10,📈 TĂNG,51.7%,LOW,2026-06-11,📉 GIẢM,46.9%,LOW,2026-06-12,📈 TĂNG,51.5%,LOW,2026-06-15,📉 GIẢM,47.3%,LOW,2026-06-16,📈 TĂNG,51.3%,LOW,2026-06-17,📉 GIẢM,47.7%,HIGH,2026-06-18,📈 TĂNG,51.1%,HIGH,2026-06-19,📉 GIẢM,48.1%,HIGH,2026-06-22,📈 TĂNG,50.9%,HIGH,2026-06-23,📉 GIẢM,48.5%,HIGH,2026-06-24,📈 TĂNG,50.6%,HIGH
VXB,2026-03-06,2026-06-04,📉 GIẢM,40.7%,LOW,2026-06-05,📉 GIẢM,41.6%,LOW,2026-06-08,📉 GIẢM,42.0%,LOW,2026-06-09,📉 GIẢM,42.4%,LOW,2026-06-10,📉 GIẢM,43.0%,LOW,2026-06-11,📉 GIẢM,43.4%,LOW,2026-06-12,📉 GIẢM,43.8%,LOW,2026-06-15,📉 GIẢM,44.3%,LOW,2026-06-16,📉 GIẢM,44.7%,HIGH,2026-06-17,📉 GIẢM,45.2%,HIGH,2026-06-18,📉 GIẢM,45.6%,HIGH,2026-06-19,📉 GIẢM,46.0%,HIGH,2026-06-22,📉 GIẢM,46.5%,HIGH,2026-06-23,📉 GIẢM,46.9%,HIGH,2026-06-24,📉 GIẢM,47.4%,HIGH
LMI,2026-03-06,2026-06-04,📉 GIẢM,23.6%,HIGH,2026-06-05,📉 GIẢM,24.9%,HIGH,2026-06-08,📉 GIẢM,26.3%,HIGH,2026-06-09,📉 GIẢM,27.6%,HIGH,2026-06-10,📉 GIẢM,28.9%,HIGH,2026-06-11,📉 GIẢM,30.2%,HIGH,2026-06-12,📉 GIẢM,31.5%,HIGH,2026-06-15,📉 GIẢM,32.8%,HIGH,2026-06-16,📉 GIẢM,34.2%,HIGH,2026-06-17,📉 GIẢM,35.5%,HIGH,2026-06-18,📉 GIẢM,36.8%,HIGH,2026-06-19,📉 GIẢM,38.1%,HIGH,2026-06-22,📉 GIẢM,39.4%,HIGH,2026-06-23,📉 GIẢM,41.0%,HIGH,2026-06-24,📉 GIẢM,42.3%,HIGH
IBD,2026-03-09,2026-06-04,📈 TĂNG,55.9%,LOW,2026-06-05,📈 TĂNG,57.0%,LOW,2026-06-08,📈 TĂNG,56.6%,LOW,2026-06-09,📈 TĂNG,56.2%,LOW,2026-06-10,📈 TĂNG,55.9%,LOW,2026-06-11,📈 TĂNG,55.5%,LOW,2026-06-12,📈 TĂNG,55.1%,LOW,2026-06-15,📈 TĂNG,54.8%,LOW,2026-06-16,📈 TĂNG,54.4%,HIGH,2026-06-17,📈 TĂNG,54.0%,HIGH,2026-06-18,📈 TĂNG,53.8%,HIGH,2026-06-19,📈 TĂNG,53.4%,HIGH,2026-06-22,📈 TĂNG,53.0%,HIGH,2026-06-23,📈 TĂNG,52.7%,HIGH,2026-06-24,📈 TĂNG,52.3%,HIGH
VTS,2026-03-10,2026-06-04,📈 TĂNG,51.8%,LOW,2026-06-05,📈 TĂNG,53.9%,LOW,2026-06-08,📈 TĂNG,53.7%,LOW,2026-06-09,📈 TĂNG,53.5%,LOW,2026-06-10,📈 TĂNG,53.3%,LOW,2026-06-11,📈 TĂNG,53.1%,LOW,2026-06-12,📈 TĂNG,52.8%,LOW,2026-06-15,📈 TĂNG,52.6%,LOW,2026-06-16,📈 TĂNG,52.4%,LOW,2026-06-17,📈 TĂNG,52.2%,HIGH,2026-06-18,📈 TĂNG,52.0%,HIGH,2026-06-19,📈 TĂNG,51.8%,HIGH,2026-06-22,📈 TĂNG,51.6%,HIGH,2026-06-23,📈 TĂNG,51.4%,HIGH,2026-06-24,📈 TĂNG,51.2%,HIGH
SSF,2026-03-13,2026-06-04,📈 TĂNG,54.0%,LOW,2026-06-05,📉 GIẢM,47.8%,LOW,2026-06-08,📈 TĂNG,53.6%,LOW,2026-06-09,📉 GIẢM,48.1%,LOW,2026-06-10,📈 TĂNG,53.2%,LOW,2026-06-11,📉 GIẢM,48.3%,LOW,2026-06-12,📈 TĂNG,52.8%,LOW,2026-06-15,📉 GIẢM,48.5%,LOW,2026-06-16,📈 TĂNG,52.4%,LOW,2026-06-17,📉 GIẢM,48.7%,LOW,2026-06-18,📈 TĂNG,52.0%,HIGH,2026-06-19,📉 GIẢM,49.0%,HIGH,2026-06-22,📈 TĂNG,51.6%,HIGH,2026-06-23,📉 GIẢM,49.2%,HIGH,2026-06-24,📈 TĂNG,51.2%,HIGH
ARM,2026-03-16,2026-06-04,📉 GIẢM,22.5%,HIGH,2026-06-05,📉 GIẢM,23.9%,HIGH,2026-06-08,📉 GIẢM,25.3%,HIGH,2026-06-09,📉 GIẢM,26.6%,HIGH,2026-06-10,📉 GIẢM,28.0%,HIGH,2026-06-11,📉 GIẢM,29.4%,HIGH,2026-06-12,📉 GIẢM,30.8%,HIGH,2026-06-15,📉 GIẢM,32.1%,HIGH,2026-06-16,📉 GIẢM,33.5%,HIGH,2026-06-17,📉 GIẢM,34.9%,HIGH,2026-06-18,📉 GIẢM,36.3%,HIGH,2026-06-19,📉 GIẢM,37.6%,HIGH,2026-06-22,📉 GIẢM,39.0%,HIGH,2026-06-23,📉 GIẢM,40.4%,HIGH,2026-06-24,📉 GIẢM,41.8%,HIGH
DVT,2026-03-18,2026-06-04,📈 TĂNG,56.4%,LOW,2026-06-05,📈 TĂNG,56.0%,LOW,2026-06-08,📈 TĂNG,55.6%,LOW,2026-06-09,📈 TĂNG,55.3%,LOW,2026-06-10,📈 TĂNG,55.0%,LOW,2026-06-11,📈 TĂNG,54.7%,LOW,2026-06-12,📈 TĂNG,54.4%,LOW,2026-06-15,📈 TĂNG,54.1%,LOW,2026-06-16,📈 TĂNG,53.8%,LOW,2026-06-17,📈 TĂNG,53.4%,HIGH,2026-06-18,📈 TĂNG,53.1%,HIGH,2026-06-19,📈 TĂNG,52.8%,HIGH,2026-06-22,📈 TĂNG,52.5%,HIGH,2026-06-23,📈 TĂNG,52.2%,HIGH,2026-06-24,📈 TĂNG,51.9%,HIGH
TTE,2026-03-19,2026-06-04,📉 GIẢM,41.3%,LOW,2026-06-05,📉 GIẢM,41.8%,LOW,2026-06-08,📉 GIẢM,42.2%,LOW,2026-06-09,📉 GIẢM,42.6%,LOW,2026-06-10,📉 GIẢM,43.1%,LOW,2026-06-11,📉 GIẢM,43.5%,LOW,2026-06-12,📉 GIẢM,43.9%,LOW,2026-06-15,📉 GIẢM,44.4%,LOW,2026-06-16,📉 GIẢM,44.8%,HIGH,2026-06-17,📉 GIẢM,45.2%,HIGH,2026-06-18,📉 GIẢM,45.7%,HIGH,2026-06-19,📉 GIẢM,46.1%,HIGH,2026-06-22,📉 GIẢM,46.5%,HIGH,2026-06-23,📉 GIẢM,47.0%,HIGH,2026-06-24,📉 GIẢM,47.4%,HIGH
HCI,2026-03-20,2026-06-04,📉 GIẢM,32.6%,MEDIUM,2026-06-05,📉 GIẢM,34.1%,MEDIUM,2026-06-08,📉 GIẢM,34.9%,MEDIUM,2026-06-09,📉 GIẢM,35.8%,HIGH,2026-06-10,📉 GIẢM,36.6%,HIGH,2026-06-11,📉 GIẢM,37.4%,HIGH,2026-06-12,📉 GIẢM,38.3%,HIGH,2026-06-15,📉 GIẢM,39.1%,HIGH,2026-06-16,📉 GIẢM,40.0%,HIGH,2026-06-17,📉 GIẢM,40.8%,HIGH,2026-06-18,📉 GIẢM,41.6%,HIGH,2026-06-19,📉 GIẢM,42.7%,HIGH,2026-06-22,📉 GIẢM,43.5%,HIGH,2026-06-23,📉 GIẢM,44.3%,HIGH,2026-06-24,📉 GIẢM,45.1%,HIGH
VMK,2026-03-23,2026-06-04,📉 GIẢM,41.1%,LOW,2026-06-05,📉 GIẢM,41.6%,LOW,2026-06-08,📉 GIẢM,42.0%,LOW,2026-06-09,📉 GIẢM,42.5%,LOW,2026-06-10,📉 GIẢM,42.9%,LOW,2026-06-11,📉 GIẢM,43.4%,LOW,2026-06-12,📉 GIẢM,43.8%,LOW,2026-06-15,📉 GIẢM,44.2%,LOW,2026-06-16,📉 GIẢM,44.7%,HIGH,2026-06-17,📉 GIẢM,45.1%,HIGH,2026-06-18,📉 GIẢM,45.6%,HIGH,2026-06-19,📉 GIẢM,46.0%,HIGH,2026-06-22,📉 GIẢM,46.5%,HIGH,2026-06-23,📉 GIẢM,46.9%,HIGH,2026-06-24,📉 GIẢM,47.3%,HIGH
TW3,2026-03-23,2026-06-04,📉 GIẢM,41.5%,LOW,2026-06-05,📉 GIẢM,41.5%,LOW,2026-06-08,📉 GIẢM,42.0%,LOW,2026-06-09,📉 GIẢM,42.4%,LOW,2026-06-10,📉 GIẢM,42.9%,LOW,2026-06-11,📉 GIẢM,43.3%,LOW,2026-06-12,📉 GIẢM,43.8%,LOW,2026-06-15,📉 GIẢM,44.2%,LOW,2026-06-16,📉 GIẢM,44.6%,HIGH,2026-06-17,📉 GIẢM,45.1%,HIGH,2026-06-18,📉 GIẢM,45.5%,HIGH,2026-06-19,📉 GIẢM,46.0%,HIGH,2026-06-22,📉 GIẢM,46.4%,HIGH,2026-06-23,📉 GIẢM,46.9%,HIGH,2026-06-24,📉 GIẢM,47.3%,HIGH
SAL,2026-03-24,2026-06-04,📈 TĂNG,64.6%,MEDIUM,2026-06-05,📈 TĂNG,57.1%,LOW,2026-06-08,📈 TĂNG,56.7%,LOW,2026-06-09,📈 TĂNG,56.4%,LOW,2026-06-10,📈 TĂNG,56.0%,LOW,2026-06-11,📈 TĂNG,55.6%,LOW,2026-06-12,📈 TĂNG,55.2%,LOW,2026-06-15,📈 TĂNG,54.9%,LOW,2026-06-16,📈 TĂNG,54.5%,HIGH,2026-06-17,📈 TĂNG,54.1%,HIGH,2026-06-18,📈 TĂNG,53.7%,HIGH,2026-06-19,📈 TĂNG,53.4%,HIGH,2026-06-22,📈 TĂNG,53.0%,HIGH,2026-06-23,📈 TĂNG,52.6%,HIGH,2026-06-24,📈 TĂNG,52.2%,HIGH
BSD,2026-03-26,2026-06-04,📉 GIẢM,29.7%,HIGH,2026-06-05,📉 GIẢM,30.7%,HIGH,2026-06-08,📉 GIẢM,31.7%,HIGH,2026-06-09,📉 GIẢM,32.7%,HIGH,2026-06-10,📉 GIẢM,33.7%,HIGH,2026-06-11,📉 GIẢM,34.7%,HIGH,2026-06-12,📉 GIẢM,35.8%,HIGH,2026-06-15,📉 GIẢM,36.8%,HIGH,2026-06-16,📉 GIẢM,37.8%,HIGH,2026-06-17,📉 GIẢM,38.8%,HIGH,2026-06-18,📉 GIẢM,39.8%,HIGH,2026-06-19,📉 GIẢM,40.8%,HIGH,2026-06-22,📉 GIẢM,41.9%,HIGH,2026-06-23,📉 GIẢM,42.9%,HIGH,2026-06-24,📉 GIẢM,43.9%,HIGH
ECI,2026-03-27,2026-06-04,📉 GIẢM,38.5%,MEDIUM,2026-06-05,📉 GIẢM,39.1%,MEDIUM,2026-06-08,📉 GIẢM,39.6%,MEDIUM,2026-06-09,📉 GIẢM,40.2%,LOW,2026-06-10,📉 GIẢM,40.8%,LOW,2026-06-11,📉 GIẢM,41.4%,LOW,2026-06-12,📉 GIẢM,42.3%,LOW,2026-06-15,📉 GIẢM,42.8%,HIGH,2026-06-16,📉 GIẢM,43.5%,HIGH,2026-06-17,📉 GIẢM,44.2%,HIGH,2026-06-18,📉 GIẢM,44.7%,HIGH,2026-06-19,📉 GIẢM,45.2%,HIGH,2026-06-22,📉 GIẢM,45.8%,HIGH,2026-06-23,📉 GIẢM,46.3%,HIGH,2026-06-24,📉 GIẢM,46.9%,HIGH
VVN,2026-03-27,2026-06-04,📈 TĂNG,52.8%,LOW,2026-06-05,📈 TĂNG,54.7%,LOW,2026-06-08,📈 TĂNG,54.5%,LOW,2026-06-09,📈 TĂNG,54.3%,LOW,2026-06-10,📈 TĂNG,54.0%,LOW,2026-06-11,📈 TĂNG,53.8%,LOW,2026-06-12,📈 TĂNG,53.5%,LOW,2026-06-15,📈 TĂNG,53.3%,LOW,2026-06-16,📈 TĂNG,53.0%,LOW,2026-06-17,📈 TĂNG,52.8%,HIGH,2026-06-18,📈 TĂNG,52.5%,HIGH,2026-06-19,📈 TĂNG,52.3%,HIGH,2026-06-22,📈 TĂNG,52.0%,HIGH,2026-06-23,📈 TĂNG,51.8%,HIGH,2026-06-24,📈 TĂNG,51.5%,HIGH
DCH,2026-03-27,2026-06-04,📉 GIẢM,37.8%,MEDIUM,2026-06-05,📉 GIẢM,37.2%,MEDIUM,2026-06-08,📉 GIẢM,38.0%,MEDIUM,2026-06-09,📉 GIẢM,38.7%,MEDIUM,2026-06-10,📉 GIẢM,39.4%,MEDIUM,2026-06-11,📉 GIẢM,40.0%,LOW,2026-06-12,📉 GIẢM,40.7%,HIGH,2026-06-15,📉 GIẢM,41.4%,HIGH,2026-06-16,📉 GIẢM,42.0%,HIGH,2026-06-17,📉 GIẢM,42.7%,HIGH,2026-06-18,📉 GIẢM,43.3%,HIGH,2026-06-19,📉 GIẢM,44.0%,HIGH,2026-06-22,📉 GIẢM,44.7%,HIGH,2026-06-23,📉 GIẢM,45.3%,HIGH,2026-06-24,📉 GIẢM,46.0%,HIGH
TSG,2026-03-30,2026-06-04,📉 GIẢM,48.2%,LOW,2026-06-05,📉 GIẢM,48.3%,LOW,2026-06-08,📉 GIẢM,48.4%,LOW,2026-06-09,📉 GIẢM,48.5%,LOW,2026-06-10,📉 GIẢM,48.6%,LOW,2026-06-11,📉 GIẢM,48.7%,LOW,2026-06-12,📉 GIẢM,48.7%,LOW,2026-06-15,📉 GIẢM,48.8%,LOW,2026-06-16,📉 GIẢM,48.9%,LOW,2026-06-17,📉 GIẢM,49.0%,LOW,2026-06-18,📉 GIẢM,49.1%,HIGH,2026-06-19,📉 GIẢM,49.2%,HIGH,2026-06-22,📉 GIẢM,49.3%,HIGH,2026-06-23,📉 GIẢM,49.4%,HIGH,2026-06-24,📉 GIẢM,49.5%,HIGH
TV6,2026-03-30,2026-06-04,📉 GIẢM,37.6%,MEDIUM,2026-06-05,📉 GIẢM,38.3%,MEDIUM,2026-06-08,📉 GIẢM,38.9%,MEDIUM,2026-06-09,📉 GIẢM,39.5%,MEDIUM,2026-06-10,📉 GIẢM,40.1%,LOW,2026-06-11,📉 GIẢM,40.7%,LOW,2026-06-12,📉 GIẢM,41.4%,HIGH,2026-06-15,📉 GIẢM,42.0%,HIGH,2026-06-16,📉 GIẢM,42.6%,HIGH,2026-06-17,📉 GIẢM,43.2%,HIGH,2026-06-18,📉 GIẢM,43.8%,HIGH,2026-06-19,📉 GIẢM,44.4%,HIGH,2026-06-22,📉 GIẢM,45.1%,HIGH,2026-06-23,📉 GIẢM,45.7%,HIGH,2026-06-24,📉 GIẢM,46.3%,HIGH
HCT,2026-03-30,2026-06-04,📉 GIẢM,39.4%,MEDIUM,2026-06-05,📉 GIẢM,40.0%,MEDIUM,2026-06-08,📉 GIẢM,40.5%,LOW,2026-06-09,📉 GIẢM,41.0%,LOW,2026-06-10,📉 GIẢM,41.5%,LOW,2026-06-11,📉 GIẢM,42.1%,LOW,2026-06-12,📉 GIẢM,42.6%,LOW,2026-06-15,📉 GIẢM,43.1%,HIGH,2026-06-16,📉 GIẢM,43.7%,HIGH,2026-06-17,📉 GIẢM,44.2%,HIGH,2026-06-18,📉 GIẢM,44.7%,HIGH,2026-06-19,📉 GIẢM,45.2%,HIGH,2026-06-22,📉 GIẢM,45.8%,HIGH,2026-06-23,📉 GIẢM,46.3%,HIGH,2026-06-24,📉 GIẢM,46.8%,HIGH
MIE,2026-04-01,2026-06-04,📈 TĂNG,50.2%,LOW,2026-06-05,📈 TĂNG,50.2%,LOW,2026-06-08,📈 TĂNG,50.8%,LOW,2026-06-09,📈 TĂNG,50.8%,LOW,2026-06-10,📈 TĂNG,50.7%,LOW,2026-06-11,📈 TĂNG,50.7%,LOW,2026-06-12,📈 TĂNG,50.6%,LOW,2026-06-15,📈 TĂNG,50.6%,LOW,2026-06-16,📈 TĂNG,50.5%,LOW,2026-06-17,📈 TĂNG,50.5%,LOW,2026-06-18,📈 TĂNG,50.4%,HIGH,2026-06-19,📈 TĂNG,50.4%,HIGH,2026-06-22,📈 TĂNG,50.4%,HIGH,2026-06-23,📈 TĂNG,50.3%,HIGH,2026-06-24,📈 TĂNG,50.3%,HIGH
GER,2026-04-01,2026-06-04,📈 TĂNG,62.9%,MEDIUM,2026-06-05,📈 TĂNG,56.1%,LOW,2026-06-08,📈 TĂNG,55.8%,LOW,2026-06-09,📈 TĂNG,55.5%,LOW,2026-06-10,📈 TĂNG,56.6%,LOW,2026-06-11,📈 TĂNG,56.2%,LOW,2026-06-12,📈 TĂNG,55.7%,LOW,2026-06-15,📈 TĂNG,55.3%,LOW,2026-06-16,📈 TĂNG,54.9%,HIGH,2026-06-17,📈 TĂNG,54.5%,HIGH,2026-06-18,📈 TĂNG,54.1%,HIGH,2026-06-19,📈 TĂNG,53.7%,HIGH,2026-06-22,📈 TĂNG,53.3%,HIGH,2026-06-23,📈 TĂNG,52.9%,HIGH,2026-06-24,📈 TĂNG,52.5%,HIGH
DVW,2026-04-01,2026-06-04,📉 GIẢM,37.4%,MEDIUM,2026-06-05,📉 GIẢM,38.4%,MEDIUM,2026-06-08,📉 GIẢM,39.0%,MEDIUM,2026-06-09,📉 GIẢM,39.6%,MEDIUM,2026-06-10,📉 GIẢM,40.3%,LOW,2026-06-11,📉 GIẢM,40.9%,LOW,2026-06-12,📉 GIẢM,41.5%,HIGH,2026-06-15,📉 GIẢM,39.9%,HIGH,2026-06-16,📉 GIẢM,40.7%,HIGH,2026-06-17,📉 GIẢM,41.5%,HIGH,2026-06-18,📉 GIẢM,42.3%,HIGH,2026-06-19,📉 GIẢM,43.0%,HIGH,2026-06-22,📉 GIẢM,43.8%,HIGH,2026-06-23,📉 GIẢM,44.6%,HIGH,2026-06-24,📉 GIẢM,45.4%,HIGH
IME,2026-04-03,2026-06-04,📉 GIẢM,41.7%,LOW,2026-06-05,📉 GIẢM,41.9%,LOW,2026-06-08,📉 GIẢM,42.3%,LOW,2026-06-09,📉 GIẢM,42.7%,LOW,2026-06-10,📉 GIẢM,43.2%,LOW,2026-06-11,📉 GIẢM,43.6%,LOW,2026-06-12,📉 GIẢM,44.0%,LOW,2026-06-15,📉 GIẢM,44.4%,LOW,2026-06-16,📉 GIẢM,44.9%,HIGH,2026-06-17,📉 GIẢM,45.3%,HIGH,2026-06-18,📉 GIẢM,45.7%,HIGH,2026-06-19,📉 GIẢM,46.1%,HIGH,2026-06-22,📉 GIẢM,46.6%,HIGH,2026-06-23,📉 GIẢM,47.0%,HIGH,2026-06-24,📉 GIẢM,47.4%,HIGH
SPH,2026-04-06,2026-06-04,📈 TĂNG,53.2%,LOW,2026-06-05,📈 TĂNG,53.6%,LOW,2026-06-08,📈 TĂNG,53.6%,LOW,2026-06-09,📈 TĂNG,53.4%,LOW,2026-06-10,📈 TĂNG,53.2%,LOW,2026-06-11,📈 TĂNG,53.0%,LOW,2026-06-12,📈 TĂNG,52.8%,LOW,2026-06-15,📈 TĂNG,52.6%,LOW,2026-06-16,📈 TĂNG,52.4%,LOW,2026-06-17,📈 TĂNG,52.2%,HIGH,2026-06-18,📈 TĂNG,52.0%,HIGH,2026-06-19,📈 TĂNG,51.8%,HIGH,2026-06-22,📈 TĂNG,51.6%,HIGH,2026-06-23,📈 TĂNG,51.4%,HIGH,2026-06-24,📈 TĂNG,51.2%,HIGH
CH5,2026-04-09,2026-06-04,📉 GIẢM,36.8%,MEDIUM,2026-06-05,📉 GIẢM,37.4%,MEDIUM,2026-06-08,📉 GIẢM,38.1%,MEDIUM,2026-06-09,📉 GIẢM,38.7%,MEDIUM,2026-06-10,📉 GIẢM,39.4%,MEDIUM,2026-06-11,📉 GIẢM,40.1%,LOW,2026-06-12,📉 GIẢM,40.7%,HIGH,2026-06-15,📉 GIẢM,41.4%,HIGH,2026-06-16,📉 GIẢM,42.1%,HIGH,2026-06-17,📉 GIẢM,42.7%,HIGH,2026-06-18,📉 GIẢM,43.4%,HIGH,2026-06-19,📉 GIẢM,44.0%,HIGH,2026-06-22,📉 GIẢM,44.7%,HIGH,2026-06-23,📉 GIẢM,45.4%,HIGH,2026-06-24,📉 GIẢM,46.0%,HIGH
RAT,2026-04-10,2026-06-04,📉 GIẢM,42.3%,LOW,2026-06-05,📉 GIẢM,42.4%,LOW,2026-06-08,📉 GIẢM,41.9%,LOW,2026-06-09,📉 GIẢM,42.4%,LOW,2026-06-10,📉 GIẢM,42.8%,LOW,2026-06-11,📉 GIẢM,43.3%,LOW,2026-06-12,📉 GIẢM,43.7%,LOW,2026-06-15,📉 GIẢM,44.2%,LOW,2026-06-16,📉 GIẢM,44.6%,HIGH,2026-06-17,📉 GIẢM,45.1%,HIGH,2026-06-18,📉 GIẢM,45.5%,HIGH,2026-06-19,📉 GIẢM,46.0%,HIGH,2026-06-22,📉 GIẢM,46.3%,HIGH,2026-06-23,📉 GIẢM,46.7%,HIGH,2026-06-24,📉 GIẢM,47.1%,HIGH
PTE,2026-04-10,2026-06-04,📉 GIẢM,41.8%,LOW,2026-06-05,📉 GIẢM,42.2%,LOW,2026-06-08,📉 GIẢM,42.7%,LOW,2026-06-09,📉 GIẢM,43.1%,LOW,2026-06-10,📉 GIẢM,43.5%,LOW,2026-06-11,📉 GIẢM,43.9%,LOW,2026-06-12,📉 GIẢM,44.3%,LOW,2026-06-15,📉 GIẢM,44.7%,LOW,2026-06-16,📉 GIẢM,45.1%,HIGH,2026-06-17,📉 GIẢM,45.5%,HIGH,2026-06-18,📉 GIẢM,45.9%,HIGH,2026-06-19,📉 GIẢM,46.3%,HIGH,2026-06-22,📉 GIẢM,46.7%,HIGH,2026-06-23,📉 GIẢM,47.1%,HIGH,2026-06-24,📉 GIẢM,47.6%,HIGH
CX8,2026-04-13,2026-06-04,📉 GIẢM,33.0%,MEDIUM,2026-06-05,📉 GIẢM,34.1%,MEDIUM,2026-06-08,📉 GIẢM,34.9%,MEDIUM,2026-06-09,📉 GIẢM,35.7%,HIGH,2026-06-10,📉 GIẢM,36.6%,HIGH,2026-06-11,📉 GIẢM,37.4%,HIGH,2026-06-12,📉 GIẢM,38.3%,HIGH,2026-06-15,📉 GIẢM,39.1%,HIGH,2026-06-16,📉 GIẢM,39.9%,HIGH,2026-06-17,📉 GIẢM,40.8%,HIGH,2026-06-18,📉 GIẢM,41.6%,HIGH,2026-06-19,📉 GIẢM,42.5%,HIGH,2026-06-22,📉 GIẢM,43.3%,HIGH,2026-06-23,📉 GIẢM,44.1%,HIGH,2026-06-24,📉 GIẢM,45.0%,HIGH
SGD,2026-04-14,2026-06-04,📉 GIẢM,20.7%,HIGH,2026-06-05,📉 GIẢM,21.8%,HIGH,2026-06-08,📉 GIẢM,23.3%,HIGH,2026-06-09,📉 GIẢM,24.8%,HIGH,2026-06-10,📉 GIẢM,26.3%,HIGH,2026-06-11,📉 GIẢM,27.7%,HIGH,2026-06-12,📉 GIẢM,29.2%,HIGH,2026-06-15,📉 GIẢM,30.7%,HIGH,2026-06-16,📉 GIẢM,32.2%,HIGH,2026-06-17,📉 GIẢM,33.7%,HIGH,2026-06-18,📉 GIẢM,35.2%,HIGH,2026-06-19,📉 GIẢM,36.6%,HIGH,2026-06-22,📉 GIẢM,38.1%,HIGH,2026-06-23,📉 GIẢM,39.6%,HIGH,2026-06-24,📉 GIẢM,41.1%,HIGH
TB8,2026-04-14,2026-06-04,📉 GIẢM,25.8%,HIGH,2026-06-05,📉 GIẢM,27.1%,HIGH,2026-06-08,📉 GIẢM,28.3%,HIGH,2026-06-09,📉 GIẢM,29.5%,HIGH,2026-06-10,📉 GIẢM,30.7%,HIGH,2026-06-11,📉 GIẢM,31.9%,HIGH,2026-06-12,📉 GIẢM,33.2%,HIGH,2026-06-15,📉 GIẢM,34.4%,HIGH,2026-06-16,📉 GIẢM,35.6%,HIGH,2026-06-17,📉 GIẢM,36.8%,HIGH,2026-06-18,📉 GIẢM,38.0%,HIGH,2026-06-19,📉 GIẢM,39.2%,HIGH,2026-06-22,📉 GIẢM,40.4%,HIGH,2026-06-23,📉 GIẢM,41.6%,HIGH,2026-06-24,📉 GIẢM,42.8%,HIGH
LDW,2026-04-15,2026-06-04,📉 GIẢM,30.4%,MEDIUM,2026-06-05,📉 GIẢM,31.4%,HIGH,2026-06-08,📉 GIẢM,32.4%,HIGH,2026-06-09,📉 GIẢM,33.4%,HIGH,2026-06-10,📉 GIẢM,34.4%,HIGH,2026-06-11,📉 GIẢM,35.3%,HIGH,2026-06-12,📉 GIẢM,36.3%,HIGH,2026-06-15,📉 GIẢM,37.3%,HIGH,2026-06-16,📉 GIẢM,38.3%,HIGH,2026-06-17,📉 GIẢM,39.2%,HIGH,2026-06-18,📉 GIẢM,40.2%,HIGH,2026-06-19,📉 GIẢM,41.2%,HIGH,2026-06-22,📉 GIẢM,42.2%,HIGH,2026-06-23,📉 GIẢM,43.2%,HIGH,2026-06-24,📉 GIẢM,44.1%,HIGH
HLS,2026-04-15,2026-06-04,📉 GIẢM,35.7%,MEDIUM,2026-06-05,📉 GIẢM,36.4%,MEDIUM,2026-06-08,📉 GIẢM,37.1%,MEDIUM,2026-06-09,📉 GIẢM,37.8%,MEDIUM,2026-06-10,📉 GIẢM,38.5%,MEDIUM,2026-06-11,📉 GIẢM,39.2%,HIGH,2026-06-12,📉 GIẢM,40.5%,HIGH,2026-06-15,📉 GIẢM,41.2%,HIGH,2026-06-16,📉 GIẢM,41.8%,HIGH,2026-06-17,📉 GIẢM,42.5%,HIGH,2026-06-18,📉 GIẢM,43.2%,HIGH,2026-06-19,📉 GIẢM,43.9%,HIGH,2026-06-22,📉 GIẢM,44.6%,HIGH,2026-06-23,📉 GIẢM,45.2%,HIGH,2026-06-24,📉 GIẢM,45.9%,HIGH
VHF,2026-04-15,2026-06-04,📉 GIẢM,46.2%,LOW,2026-06-05,📉 GIẢM,46.4%,LOW,2026-06-08,📉 GIẢM,46.6%,LOW,2026-06-09,📉 GIẢM,46.8%,LOW,2026-06-10,📉 GIẢM,47.0%,LOW,2026-06-11,📉 GIẢM,47.2%,LOW,2026-06-12,📉 GIẢM,47.4%,LOW,2026-06-15,📉 GIẢM,47.5%,LOW,2026-06-16,📉 GIẢM,47.7%,LOW,2026-06-17,📉 GIẢM,47.9%,HIGH,2026-06-18,📉 GIẢM,48.1%,HIGH,2026-06-19,📉 GIẢM,48.3%,HIGH,2026-06-22,📉 GIẢM,48.5%,HIGH,2026-06-23,📉 GIẢM,48.7%,HIGH,2026-06-24,📉 GIẢM,48.9%,HIGH
CYC,2026-04-17,2026-06-04,📈 TĂNG,57.8%,LOW,2026-06-05,📈 TĂNG,56.1%,LOW,2026-06-08,📈 TĂNG,55.8%,LOW,2026-06-09,📈 TĂNG,55.5%,LOW,2026-06-10,📈 TĂNG,55.2%,LOW,2026-06-11,📈 TĂNG,54.8%,LOW,2026-06-12,📈 TĂNG,54.5%,LOW,2026-06-15,📈 TĂNG,54.2%,LOW,2026-06-16,📈 TĂNG,53.9%,LOW,2026-06-17,📈 TĂNG,53.5%,HIGH,2026-06-18,📈 TĂNG,53.2%,HIGH,2026-06-19,📈 TĂNG,52.9%,HIGH,2026-06-22,📈 TĂNG,52.6%,HIGH,2026-06-23,📈 TĂNG,52.3%,HIGH,2026-06-24,📈 TĂNG,51.9%,HIGH
STT,2026-04-17,2026-06-04,📉 GIẢM,43.2%,LOW,2026-06-05,📉 GIẢM,43.5%,LOW,2026-06-08,📉 GIẢM,43.9%,LOW,2026-06-09,📉 GIẢM,44.2%,LOW,2026-06-10,📉 GIẢM,44.5%,LOW,2026-06-11,📉 GIẢM,44.9%,LOW,2026-06-12,📉 GIẢM,45.2%,LOW,2026-06-15,📉 GIẢM,45.6%,LOW,2026-06-16,📉 GIẢM,45.9%,HIGH,2026-06-17,📉 GIẢM,46.2%,HIGH,2026-06-18,📉 GIẢM,46.6%,HIGH,2026-06-19,📉 GIẢM,46.9%,HIGH,2026-06-22,📉 GIẢM,47.3%,HIGH,2026-06-23,📉 GIẢM,47.6%,HIGH,2026-06-24,📉 GIẢM,48.0%,HIGH
VNT,2026-04-17,2026-06-04,📉 GIẢM,48.8%,LOW,2026-06-05,📉 GIẢM,48.9%,LOW,2026-06-08,📉 GIẢM,48.9%,LOW,2026-06-09,📉 GIẢM,49.0%,LOW,2026-06-10,📉 GIẢM,49.1%,LOW,2026-06-11,📉 GIẢM,49.1%,LOW,2026-06-12,📉 GIẢM,49.2%,LOW,2026-06-15,📉 GIẢM,49.2%,LOW,2026-06-16,📉 GIẢM,49.3%,LOW,2026-06-17,📉 GIẢM,49.4%,LOW,2026-06-18,📉 GIẢM,49.4%,HIGH,2026-06-19,📉 GIẢM,49.5%,HIGH,2026-06-22,📉 GIẢM,49.4%,HIGH,2026-06-23,📉 GIẢM,49.4%,HIGH,2026-06-24,📉 GIẢM,49.5%,HIGH
HFX,2026-04-17,2026-06-04,📉 GIẢM,18.5%,HIGH,2026-06-05,📉 GIẢM,20.0%,HIGH,2026-06-08,📉 GIẢM,21.6%,HIGH,2026-06-09,📉 GIẢM,23.2%,HIGH,2026-06-10,📉 GIẢM,24.7%,HIGH,2026-06-11,📉 GIẢM,26.3%,HIGH,2026-06-12,📉 GIẢM,27.9%,HIGH,2026-06-15,📉 GIẢM,29.5%,HIGH,2026-06-16,📉 GIẢM,31.1%,HIGH,2026-06-17,📉 GIẢM,32.6%,HIGH,2026-06-18,📉 GIẢM,34.2%,HIGH,2026-06-19,📉 GIẢM,35.8%,HIGH,2026-06-22,📉 GIẢM,37.5%,HIGH,2026-06-23,📉 GIẢM,39.1%,HIGH,2026-06-24,📉 GIẢM,40.6%,HIGH
TR1,2026-04-17,2026-06-04,📉 GIẢM,21.6%,HIGH,2026-06-05,📉 GIẢM,23.0%,HIGH,2026-06-08,📉 GIẢM,24.4%,HIGH,2026-06-09,📉 GIẢM,25.8%,HIGH,2026-06-10,📉 GIẢM,27.2%,HIGH,2026-06-11,📉 GIẢM,28.6%,HIGH,2026-06-12,📉 GIẢM,30.1%,HIGH,2026-06-15,📉 GIẢM,31.5%,HIGH,2026-06-16,📉 GIẢM,32.9%,HIGH,2026-06-17,📉 GIẢM,34.3%,HIGH,2026-06-18,📉 GIẢM,35.8%,HIGH,2026-06-19,📉 GIẢM,37.2%,HIGH,2026-06-22,📉 GIẢM,38.6%,HIGH,2026-06-23,📉 GIẢM,40.0%,HIGH,2026-06-24,📉 GIẢM,41.5%,HIGH
HLO,2026-04-17,2026-06-04,📉 GIẢM,31.5%,MEDIUM,2026-06-05,📉 GIẢM,32.4%,MEDIUM,2026-06-08,📉 GIẢM,33.3%,HIGH,2026-06-09,📉 GIẢM,34.3%,HIGH,2026-06-10,📉 GIẢM,35.2%,HIGH,2026-06-11,📉 GIẢM,36.1%,HIGH,2026-06-12,📉 GIẢM,37.0%,HIGH,2026-06-15,📉 GIẢM,38.0%,HIGH,2026-06-16,📉 GIẢM,38.9%,HIGH,2026-06-17,📉 GIẢM,39.8%,HIGH,2026-06-18,📉 GIẢM,40.7%,HIGH,2026-06-19,📉 GIẢM,41.7%,HIGH,2026-06-22,📉 GIẢM,42.6%,HIGH,2026-06-23,📉 GIẢM,43.5%,HIGH,2026-06-24,📉 GIẢM,44.4%,HIGH
SPB,2026-04-20,2026-06-04,📉 GIẢM,44.7%,LOW,2026-06-05,📉 GIẢM,44.9%,LOW,2026-06-08,📉 GIẢM,45.2%,LOW,2026-06-09,📉 GIẢM,45.5%,LOW,2026-06-10,📉 GIẢM,45.7%,LOW,2026-06-11,📉 GIẢM,46.0%,LOW,2026-06-12,📉 GIẢM,46.4%,LOW,2026-06-15,📉 GIẢM,46.6%,LOW,2026-06-16,📉 GIẢM,46.9%,LOW,2026-06-17,📉 GIẢM,47.2%,HIGH,2026-06-18,📉 GIẢM,47.4%,HIGH,2026-06-19,📉 GIẢM,47.7%,HIGH,2026-06-22,📉 GIẢM,47.9%,HIGH,2026-06-23,📉 GIẢM,48.2%,HIGH,2026-06-24,📉 GIẢM,48.4%,HIGH
VLW,2026-04-20,2026-06-04,📉 GIẢM,33.0%,MEDIUM,2026-06-05,📉 GIẢM,33.9%,MEDIUM,2026-06-08,📉 GIẢM,34.7%,MEDIUM,2026-06-09,📉 GIẢM,35.6%,HIGH,2026-06-10,📉 GIẢM,36.4%,HIGH,2026-06-11,📉 GIẢM,37.3%,HIGH,2026-06-12,📉 GIẢM,38.1%,HIGH,2026-06-15,📉 GIẢM,39.0%,HIGH,2026-06-16,📉 GIẢM,39.8%,HIGH,2026-06-17,📉 GIẢM,40.7%,HIGH,2026-06-18,📉 GIẢM,41.5%,HIGH,2026-06-19,📉 GIẢM,42.4%,HIGH,2026-06-22,📉 GIẢM,43.2%,HIGH,2026-06-23,📉 GIẢM,44.1%,HIGH,2026-06-24,📉 GIẢM,44.9%,HIGH
TVA,2026-04-20,2026-06-04,📉 GIẢM,24.8%,HIGH,2026-06-05,📉 GIẢM,25.6%,HIGH,2026-06-08,📉 GIẢM,26.9%,HIGH,2026-06-09,📉 GIẢM,28.2%,HIGH,2026-06-10,📉 GIẢM,29.5%,HIGH,2026-06-11,📉 GIẢM,30.8%,HIGH,2026-06-12,📉 GIẢM,32.0%,HIGH,2026-06-15,📉 GIẢM,33.3%,HIGH,2026-06-16,📉 GIẢM,34.6%,HIGH,2026-06-17,📉 GIẢM,35.9%,HIGH,2026-06-18,📉 GIẢM,37.2%,HIGH,2026-06-19,📉 GIẢM,38.5%,HIGH,2026-06-22,📉 GIẢM,39.7%,HIGH,2026-06-23,📉 GIẢM,41.0%,HIGH,2026-06-24,📉 GIẢM,42.3%,HIGH
HBD,2026-04-20,2026-06-04,📉 GIẢM,43.3%,LOW,2026-06-05,📉 GIẢM,43.6%,LOW,2026-06-08,📉 GIẢM,44.0%,LOW,2026-06-09,📉 GIẢM,44.3%,LOW,2026-06-10,📉 GIẢM,44.6%,LOW,2026-06-11,📉 GIẢM,45.0%,LOW,2026-06-12,📉 GIẢM,45.3%,LOW,2026-06-15,📉 GIẢM,45.7%,LOW,2026-06-16,📉 GIẢM,46.0%,HIGH,2026-06-17,📉 GIẢM,46.3%,HIGH,2026-06-18,📉 GIẢM,46.7%,HIGH,2026-06-19,📉 GIẢM,47.0%,HIGH,2026-06-22,📉 GIẢM,47.3%,HIGH,2026-06-23,📉 GIẢM,47.7%,HIGH,2026-06-24,📉 GIẢM,48.0%,HIGH
CFV,2026-04-22,2026-06-04,📉 GIẢM,41.4%,LOW,2026-06-05,📉 GIẢM,41.6%,LOW,2026-06-08,📉 GIẢM,42.1%,LOW,2026-06-09,📉 GIẢM,42.5%,LOW,2026-06-10,📉 GIẢM,43.0%,LOW,2026-06-11,📉 GIẢM,43.4%,LOW,2026-06-12,📉 GIẢM,43.8%,LOW,2026-06-15,📉 GIẢM,44.3%,LOW,2026-06-16,📉 GIẢM,44.7%,HIGH,2026-06-17,📉 GIẢM,45.2%,HIGH,2026-06-18,📉 GIẢM,45.6%,HIGH,2026-06-19,📉 GIẢM,46.1%,HIGH,2026-06-22,📉 GIẢM,46.5%,HIGH,2026-06-23,📉 GIẢM,47.0%,HIGH,2026-06-24,📉 GIẢM,47.4%,HIGH
KTL,2026-04-23,2026-06-04,📈 TĂNG,59.0%,LOW,2026-06-05,📈 TĂNG,58.6%,LOW,2026-06-08,📈 TĂNG,58.1%,LOW,2026-06-09,📈 TĂNG,57.7%,LOW,2026-06-10,📈 TĂNG,57.2%,LOW,2026-06-11,📈 TĂNG,56.8%,LOW,2026-06-12,📈 TĂNG,56.3%,LOW,2026-06-15,📈 TĂNG,55.9%,LOW,2026-06-16,📈 TĂNG,55.4%,HIGH,2026-06-17,📈 TĂNG,55.0%,HIGH,2026-06-18,📈 TĂNG,54.5%,HIGH,2026-06-19,📈 TĂNG,54.1%,HIGH,2026-06-22,📈 TĂNG,53.6%,HIGH,2026-06-23,📈 TĂNG,53.2%,HIGH,2026-06-24,📈 TĂNG,52.7%,HIGH
MND,2026-04-23,2026-06-04,📉 GIẢM,22.1%,HIGH,2026-06-05,📉 GIẢM,23.5%,HIGH,2026-06-08,📉 GIẢM,24.9%,HIGH,2026-06-09,📉 GIẢM,26.3%,HIGH,2026-06-10,📉 GIẢM,27.7%,HIGH,2026-06-11,📉 GIẢM,29.1%,HIGH,2026-06-12,📉 GIẢM,30.8%,HIGH,2026-06-15,📉 GIẢM,32.2%,HIGH,2026-06-16,📉 GIẢM,33.6%,HIGH,2026-06-17,📉 GIẢM,34.9%,HIGH,2026-06-18,📉 GIẢM,36.3%,HIGH,2026-06-19,📉 GIẢM,37.7%,HIGH,2026-06-22,📉 GIẢM,39.0%,HIGH,2026-06-23,📉 GIẢM,40.4%,HIGH,2026-06-24,📉 GIẢM,41.8%,HIGH
KHX,2026-04-24,2026-06-04,📉 GIẢM,29.8%,HIGH,2026-06-05,📉 GIẢM,31.3%,HIGH,2026-06-08,📉 GIẢM,32.3%,HIGH,2026-06-09,📉 GIẢM,33.3%,HIGH,2026-06-10,📉 GIẢM,34.3%,HIGH,2026-06-11,📉 GIẢM,35.3%,HIGH,2026-06-12,📉 GIẢM,36.2%,HIGH,2026-06-15,📉 GIẢM,37.2%,HIGH,2026-06-16,📉 GIẢM,38.2%,HIGH,2026-06-17,📉 GIẢM,39.2%,HIGH,2026-06-18,📉 GIẢM,40.2%,HIGH,2026-06-19,📉 GIẢM,41.2%,HIGH,2026-06-22,📉 GIẢM,42.1%,HIGH,2026-06-23,📉 GIẢM,43.1%,HIGH,2026-06-24,📉 GIẢM,44.1%,HIGH
BMG,2026-04-24,2026-06-04,📉 GIẢM,25.0%,HIGH,2026-06-05,📉 GIẢM,26.3%,HIGH,2026-06-08,📉 GIẢM,27.5%,HIGH,2026-06-09,📉 GIẢM,28.8%,HIGH,2026-06-10,📉 GIẢM,30.0%,HIGH,2026-06-11,📉 GIẢM,31.3%,HIGH,2026-06-12,📉 GIẢM,32.5%,HIGH,2026-06-15,📉 GIẢM,33.8%,HIGH,2026-06-16,📉 GIẢM,35.0%,HIGH,2026-06-17,📉 GIẢM,36.3%,HIGH,2026-06-18,📉 GIẢM,37.5%,HIGH,2026-06-19,📉 GIẢM,38.8%,HIGH,2026-06-22,📉 GIẢM,40.0%,HIGH,2026-06-23,📉 GIẢM,41.3%,HIGH,2026-06-24,📉 GIẢM,42.5%,HIGH
BHH,2026-04-24,2026-06-04,📉 GIẢM,28.3%,HIGH,2026-06-05,📉 GIẢM,29.4%,HIGH,2026-06-08,📉 GIẢM,30.5%,HIGH,2026-06-09,📉 GIẢM,31.6%,HIGH,2026-06-10,📉 GIẢM,32.6%,HIGH,2026-06-11,📉 GIẢM,33.7%,HIGH,2026-06-12,📉 GIẢM,34.8%,HIGH,2026-06-15,📉 GIẢM,35.9%,HIGH,2026-06-16,📉 GIẢM,37.0%,HIGH,2026-06-17,📉 GIẢM,38.1%,HIGH,2026-06-18,📉 GIẢM,39.2%,HIGH,2026-06-19,📉 GIẢM,40.2%,HIGH,2026-06-22,📉 GIẢM,41.3%,HIGH,2026-06-23,📉 GIẢM,42.4%,HIGH,2026-06-24,📉 GIẢM,43.5%,HIGH
TCJ,2026-04-24,2026-06-04,📈 TĂNG,53.3%,LOW,2026-06-05,📈 TĂNG,55.5%,LOW,2026-06-08,📈 TĂNG,55.3%,LOW,2026-06-09,📈 TĂNG,55.0%,LOW,2026-06-10,📈 TĂNG,54.7%,LOW,2026-06-11,📈 TĂNG,54.4%,LOW,2026-06-12,📈 TĂNG,54.1%,LOW,2026-06-15,📈 TĂNG,53.8%,LOW,2026-06-16,📈 TĂNG,53.5%,LOW,2026-06-17,📈 TĂNG,53.2%,HIGH,2026-06-18,📈 TĂNG,52.9%,HIGH,2026-06-19,📈 TĂNG,52.6%,HIGH,2026-06-22,📈 TĂNG,52.3%,HIGH,2026-06-23,📈 TĂNG,52.0%,HIGH,2026-06-24,📈 TĂNG,51.8%,HIGH
PNG,2026-04-24,2026-06-04,📈 TĂNG,55.3%,LOW,2026-06-05,📈 TĂNG,54.7%,LOW,2026-06-08,📈 TĂNG,54.5%,LOW,2026-06-09,📈 TĂNG,54.2%,LOW,2026-06-10,📈 TĂNG,54.0%,LOW,2026-06-11,📈 TĂNG,53.7%,LOW,2026-06-12,📈 TĂNG,53.5%,LOW,2026-06-15,📈 TĂNG,53.2%,LOW,2026-06-16,📈 TĂNG,53.0%,LOW,2026-06-17,📈 TĂNG,52.7%,HIGH,2026-06-18,📈 TĂNG,52.5%,HIGH,2026-06-19,📈 TĂNG,52.2%,HIGH,2026-06-22,📈 TĂNG,52.0%,HIGH,2026-06-23,📈 TĂNG,51.7%,HIGH,2026-06-24,📈 TĂNG,51.5%,HIGH
YTC,2026-04-28,2026-06-04,📉 GIẢM,27.3%,HIGH,2026-06-05,📉 GIẢM,27.8%,HIGH,2026-06-08,📉 GIẢM,29.0%,HIGH,2026-06-09,📉 GIẢM,30.1%,HIGH,2026-06-10,📉 GIẢM,31.3%,HIGH,2026-06-11,📉 GIẢM,32.5%,HIGH,2026-06-12,📉 GIẢM,33.6%,HIGH,2026-06-15,📉 GIẢM,34.8%,HIGH,2026-06-16,📉 GIẢM,36.0%,HIGH,2026-06-17,📉 GIẢM,37.1%,HIGH,2026-06-18,📉 GIẢM,38.3%,HIGH,2026-06-19,📉 GIẢM,39.5%,HIGH,2026-06-22,📉 GIẢM,40.6%,HIGH,2026-06-23,📉 GIẢM,41.8%,HIGH,2026-06-24,📉 GIẢM,43.0%,HIGH
GLW,2026-04-28,2026-06-04,📉 GIẢM,23.8%,HIGH,2026-06-05,📉 GIẢM,24.6%,HIGH,2026-06-08,📉 GIẢM,25.9%,HIGH,2026-06-09,📉 GIẢM,27.3%,HIGH,2026-06-10,📉 GIẢM,28.6%,HIGH,2026-06-11,📉 GIẢM,30.0%,HIGH,2026-06-12,📉 GIẢM,31.3%,HIGH,2026-06-15,📉 GIẢM,32.6%,HIGH,2026-06-16,📉 GIẢM,34.0%,HIGH,2026-06-17,📉 GIẢM,35.3%,HIGH,2026-06-18,📉 GIẢM,36.6%,HIGH,2026-06-19,📉 GIẢM,38.0%,HIGH,2026-06-22,📉 GIẢM,39.3%,HIGH,2026-06-23,📉 GIẢM,40.6%,HIGH,2026-06-24,📉 GIẢM,42.0%,HIGH
PMJ,2026-04-28,2026-06-04,📉 GIẢM,27.9%,HIGH,2026-06-05,📉 GIẢM,29.1%,HIGH,2026-06-08,📉 GIẢM,30.2%,HIGH,2026-06-09,📉 GIẢM,31.3%,HIGH,2026-06-10,📉 GIẢM,32.4%,HIGH,2026-06-11,📉 GIẢM,33.5%,HIGH,2026-06-12,📉 GIẢM,34.6%,HIGH,2026-06-15,📉 GIẢM,35.7%,HIGH,2026-06-16,📉 GIẢM,36.8%,HIGH,2026-06-17,📉 GIẢM,37.9%,HIGH,2026-06-18,📉 GIẢM,39.0%,HIGH,2026-06-19,📉 GIẢM,40.1%,HIGH,2026-06-22,📉 GIẢM,41.2%,HIGH,2026-06-23,📉 GIẢM,42.3%,HIGH,2026-06-24,📉 GIẢM,43.4%,HIGH
NDC,2026-04-28,2026-06-04,📉 GIẢM,43.0%,LOW,2026-06-05,📉 GIẢM,43.3%,LOW,2026-06-08,📉 GIẢM,43.7%,LOW,2026-06-09,📉 GIẢM,40.5%,LOW,2026-06-10,📉 GIẢM,41.1%,LOW,2026-06-11,📉 GIẢM,41.6%,LOW,2026-06-12,📉 GIẢM,42.2%,LOW,2026-06-15,📉 GIẢM,42.7%,HIGH,2026-06-16,📉 GIẢM,43.3%,HIGH,2026-06-17,📉 GIẢM,43.9%,HIGH,2026-06-18,📉 GIẢM,44.5%,HIGH,2026-06-19,📉 GIẢM,45.1%,HIGH,2026-06-22,📉 GIẢM,45.6%,HIGH,2026-06-23,📉 GIẢM,46.2%,HIGH,2026-06-24,📉 GIẢM,46.7%,HIGH
DDH,2026-04-28,2026-06-04,📈 TĂNG,60.6%,MEDIUM,2026-06-05,📈 TĂNG,58.6%,LOW,2026-06-08,📈 TĂNG,58.1%,LOW,2026-06-09,📈 TĂNG,57.2%,LOW,2026-06-10,📈 TĂNG,56.8%,LOW,2026-06-11,📈 TĂNG,56.3%,LOW,2026-06-12,📈 TĂNG,55.9%,LOW,2026-06-15,📈 TĂNG,55.5%,LOW,2026-06-16,📈 TĂNG,55.1%,HIGH,2026-06-17,📈 TĂNG,54.7%,HIGH,2026-06-18,📈 TĂNG,54.2%,HIGH,2026-06-19,📈 TĂNG,53.8%,HIGH,2026-06-22,📈 TĂNG,53.4%,HIGH,2026-06-23,📈 TĂNG,53.0%,HIGH,2026-06-24,📈 TĂNG,52.5%,HIGH
THS,2026-04-28,2026-06-04,📈 TĂNG,54.8%,LOW,2026-06-05,📈 TĂNG,52.1%,LOW,2026-06-08,📈 TĂNG,52.0%,LOW,2026-06-09,📈 TĂNG,51.9%,LOW,2026-06-10,📈 TĂNG,51.8%,LOW,2026-06-11,📈 TĂNG,51.7%,LOW,2026-06-12,📈 TĂNG,51.5%,LOW,2026-06-15,📈 TĂNG,51.4%,LOW,2026-06-16,📈 TĂNG,51.3%,LOW,2026-06-17,📈 TĂNG,51.2%,LOW,2026-06-18,📈 TĂNG,51.6%,HIGH,2026-06-19,📈 TĂNG,51.5%,HIGH,2026-06-22,📈 TĂNG,51.3%,HIGH,2026-06-23,📈 TĂNG,51.1%,HIGH,2026-06-24,📈 TĂNG,51.0%,HIGH
EME,2026-04-29,2026-06-04,📉 GIẢM,35.1%,MEDIUM,2026-06-05,📉 GIẢM,35.9%,MEDIUM,2026-06-08,📉 GIẢM,36.6%,MEDIUM,2026-06-09,📉 GIẢM,37.3%,MEDIUM,2026-06-10,📉 GIẢM,38.1%,MEDIUM,2026-06-11,📉 GIẢM,38.8%,HIGH,2026-06-12,📉 GIẢM,39.6%,HIGH,2026-06-15,📉 GIẢM,40.3%,HIGH,2026-06-16,📉 GIẢM,41.1%,HIGH,2026-06-17,📉 GIẢM,41.8%,HIGH,2026-06-18,📉 GIẢM,42.6%,HIGH,2026-06-19,📉 GIẢM,43.3%,HIGH,2026-06-22,📉 GIẢM,44.0%,HIGH,2026-06-23,📉 GIẢM,44.8%,HIGH,2026-06-24,📉 GIẢM,45.5%,HIGH
DPH,2026-04-29,2026-06-04,📈 TĂNG,60.7%,MEDIUM,2026-06-05,📈 TĂNG,59.5%,LOW,2026-06-08,📈 TĂNG,58.8%,LOW,2026-06-09,📈 TĂNG,58.3%,LOW,2026-06-10,📈 TĂNG,59.1%,LOW,2026-06-11,📈 TĂNG,58.5%,LOW,2026-06-12,📈 TĂNG,57.9%,LOW,2026-06-15,📈 TĂNG,57.4%,HIGH,2026-06-16,📈 TĂNG,56.8%,HIGH,2026-06-17,📈 TĂNG,56.2%,HIGH,2026-06-18,📈 TĂNG,55.7%,HIGH,2026-06-19,📈 TĂNG,55.1%,HIGH,2026-06-22,📈 TĂNG,54.6%,HIGH,2026-06-23,📈 TĂNG,54.1%,HIGH,2026-06-24,📈 TĂNG,53.5%,HIGH
CCT,2026-04-29,2026-06-04,📈 TĂNG,54.7%,LOW,2026-06-05,📈 TĂNG,54.3%,LOW,2026-06-08,📈 TĂNG,54.0%,LOW,2026-06-09,📈 TĂNG,53.8%,LOW,2026-06-10,📈 TĂNG,55.2%,LOW,2026-06-11,📈 TĂNG,54.8%,LOW,2026-06-12,📈 TĂNG,54.5%,LOW,2026-06-15,📈 TĂNG,54.2%,LOW,2026-06-16,📈 TĂNG,53.9%,LOW,2026-06-17,📈 TĂNG,53.5%,HIGH,2026-06-18,📈 TĂNG,53.2%,HIGH,2026-06-19,📈 TĂNG,52.9%,HIGH,2026-06-22,📈 TĂNG,52.6%,HIGH,2026-06-23,📈 TĂNG,52.3%,HIGH,2026-06-24,📈 TĂNG,51.9%,HIGH
STW,2026-04-29,2026-06-04,📉 GIẢM,48.4%,LOW,2026-06-05,📉 GIẢM,49.3%,LOW,2026-06-08,📉 GIẢM,49.3%,LOW,2026-06-09,📉 GIẢM,49.4%,LOW,2026-06-10,📉 GIẢM,49.4%,LOW,2026-06-11,📉 GIẢM,49.5%,LOW,2026-06-12,📉 GIẢM,49.5%,LOW,2026-06-15,📉 GIẢM,49.5%,LOW,2026-06-16,📉 GIẢM,49.6%,LOW,2026-06-17,📉 GIẢM,49.6%,LOW,2026-06-18,📉 GIẢM,49.2%,HIGH,2026-06-19,📉 GIẢM,49.2%,HIGH,2026-06-22,📉 GIẢM,49.3%,HIGH,2026-06-23,📉 GIẢM,49.4%,HIGH,2026-06-24,📉 GIẢM,49.5%,HIGH
SDK,2026-04-29,2026-06-04,📉 GIẢM,35.9%,MEDIUM,2026-06-05,📉 GIẢM,36.6%,MEDIUM,2026-06-08,📉 GIẢM,37.3%,MEDIUM,2026-06-09,📉 GIẢM,38.0%,MEDIUM,2026-06-10,📉 GIẢM,38.7%,MEDIUM,2026-06-11,📉 GIẢM,39.4%,HIGH,2026-06-12,📉 GIẢM,40.1%,HIGH,2026-06-15,📉 GIẢM,40.8%,HIGH,2026-06-16,📉 GIẢM,41.5%,HIGH,2026-06-17,📉 GIẢM,42.2%,HIGH,2026-06-18,📉 GIẢM,42.9%,HIGH,2026-06-19,📉 GIẢM,43.7%,HIGH,2026-06-22,📉 GIẢM,44.4%,HIGH,2026-06-23,📉 GIẢM,45.1%,HIGH,2026-06-24,📉 GIẢM,45.8%,HIGH
LGC,2026-04-29,2026-06-04,📉 GIẢM,20.5%,HIGH,2026-06-05,📉 GIẢM,22.0%,HIGH,2026-06-08,📉 GIẢM,23.4%,HIGH,2026-06-09,📉 GIẢM,24.9%,HIGH,2026-06-10,📉 GIẢM,26.4%,HIGH,2026-06-11,📉 GIẢM,27.9%,HIGH,2026-06-12,📉 GIẢM,29.3%,HIGH,2026-06-15,📉 GIẢM,30.8%,HIGH,2026-06-16,📉 GIẢM,32.6%,HIGH,2026-06-17,📉 GIẢM,34.0%,HIGH,2026-06-18,📉 GIẢM,35.5%,HIGH,2026-06-19,📉 GIẢM,36.9%,HIGH,2026-06-22,📉 GIẢM,38.4%,HIGH,2026-06-23,📉 GIẢM,39.8%,HIGH,2026-06-24,📉 GIẢM,41.3%,HIGH
E29,2026-04-29,2026-06-04,📉 GIẢM,30.7%,MEDIUM,2026-06-05,📉 GIẢM,30.9%,HIGH,2026-06-08,📉 GIẢM,31.9%,HIGH,2026-06-09,📉 GIẢM,32.9%,HIGH,2026-06-10,📉 GIẢM,34.0%,HIGH,2026-06-11,📉 GIẢM,35.0%,HIGH,2026-06-12,📉 GIẢM,36.0%,HIGH,2026-06-15,📉 GIẢM,37.0%,HIGH,2026-06-16,📉 GIẢM,38.0%,HIGH,2026-06-17,📉 GIẢM,39.0%,HIGH,2026-06-18,📉 GIẢM,40.0%,HIGH,2026-06-19,📉 GIẢM,41.0%,HIGH,2026-06-22,📉 GIẢM,42.0%,HIGH,2026-06-23,📉 GIẢM,43.0%,HIGH,2026-06-24,📉 GIẢM,44.0%,HIGH
MKV,2026-04-29,2026-06-04,📈 TĂNG,58.1%,LOW,2026-06-05,📈 TĂNG,55.9%,LOW,2026-06-08,📈 TĂNG,55.6%,LOW,2026-06-09,📈 TĂNG,55.3%,LOW,2026-06-10,📈 TĂNG,55.0%,LOW,2026-06-11,📈 TĂNG,54.7%,LOW,2026-06-12,📈 TĂNG,54.3%,LOW,2026-06-15,📈 TĂNG,54.0%,LOW,2026-06-16,📈 TĂNG,53.7%,LOW,2026-06-17,📈 TĂNG,53.4%,HIGH,2026-06-18,📈 TĂNG,53.1%,HIGH,2026-06-19,📈 TĂNG,52.8%,HIGH,2026-06-22,📈 TĂNG,52.5%,HIGH,2026-06-23,📈 TĂNG,52.2%,HIGH,2026-06-24,📈 TĂNG,51.9%,HIGH
TMW,2026-05-04,2026-06-04,📉 GIẢM,34.2%,MEDIUM,2026-06-05,📉 GIẢM,35.0%,MEDIUM,2026-06-08,📉 GIẢM,35.8%,MEDIUM,2026-06-09,📉 GIẢM,36.6%,MEDIUM,2026-06-10,📉 GIẢM,37.4%,HIGH,2026-06-11,📉 GIẢM,38.2%,HIGH,2026-06-12,📉 GIẢM,39.0%,HIGH,2026-06-15,📉 GIẢM,39.8%,HIGH,2026-06-16,📉 GIẢM,40.5%,HIGH,2026-06-17,📉 GIẢM,41.3%,HIGH,2026-06-18,📉 GIẢM,42.1%,HIGH,2026-06-19,📉 GIẢM,42.9%,HIGH,2026-06-22,📉 GIẢM,43.7%,HIGH,2026-06-23,📉 GIẢM,44.5%,HIGH,2026-06-24,📉 GIẢM,45.3%,HIGH
INC,2026-05-04,2026-06-04,📉 GIẢM,33.9%,MEDIUM,2026-06-05,📉 GIẢM,34.7%,MEDIUM,2026-06-08,📉 GIẢM,35.5%,MEDIUM,2026-06-09,📉 GIẢM,36.3%,MEDIUM,2026-06-10,📉 GIẢM,37.1%,HIGH,2026-06-11,📉 GIẢM,37.9%,HIGH,2026-06-12,📉 GIẢM,38.7%,HIGH,2026-06-15,📉 GIẢM,39.6%,HIGH,2026-06-16,📉 GIẢM,40.4%,HIGH,2026-06-17,📉 GIẢM,41.2%,HIGH,2026-06-18,📉 GIẢM,42.0%,HIGH,2026-06-19,📉 GIẢM,42.8%,HIGH,2026-06-22,📉 GIẢM,43.6%,HIGH,2026-06-23,📉 GIẢM,44.4%,HIGH,2026-06-24,📉 GIẢM,45.2%,HIGH
DWC,2026-05-05,2026-06-04,📉 GIẢM,42.3%,LOW,2026-06-05,📉 GIẢM,42.3%,LOW,2026-06-08,📉 GIẢM,42.7%,LOW,2026-06-09,📉 GIẢM,43.1%,LOW,2026-06-10,📉 GIẢM,43.5%,LOW,2026-06-11,📉 GIẢM,43.9%,LOW,2026-06-12,📉 GIẢM,44.3%,LOW,2026-06-15,📉 GIẢM,44.7%,LOW,2026-06-16,📉 GIẢM,45.1%,HIGH,2026-06-17,📉 GIẢM,45.5%,HIGH,2026-06-18,📉 GIẢM,45.9%,HIGH,2026-06-19,📉 GIẢM,46.3%,HIGH,2026-06-22,📉 GIẢM,46.7%,HIGH,2026-06-23,📉 GIẢM,47.2%,HIGH,2026-06-24,📉 GIẢM,47.6%,HIGH
PGS,2026-05-05,2026-06-04,📉 GIẢM,36.8%,MEDIUM,2026-06-05,📉 GIẢM,37.5%,MEDIUM,2026-06-08,📉 GIẢM,38.2%,MEDIUM,2026-06-09,📉 GIẢM,38.8%,MEDIUM,2026-06-10,📉 GIẢM,39.5%,MEDIUM,2026-06-11,📉 GIẢM,40.1%,LOW,2026-06-12,📉 GIẢM,40.8%,HIGH,2026-06-15,📉 GIẢM,41.5%,HIGH,2026-06-16,📉 GIẢM,42.1%,HIGH,2026-06-17,📉 GIẢM,42.8%,HIGH,2026-06-18,📉 GIẢM,43.4%,HIGH,2026-06-19,📉 GIẢM,44.1%,HIGH,2026-06-22,📉 GIẢM,44.7%,HIGH,2026-06-23,📉 GIẢM,45.4%,HIGH,2026-06-24,📉 GIẢM,46.1%,HIGH
PTP,2026-05-06,2026-06-04,📉 GIẢM,32.3%,MEDIUM,2026-06-05,📉 GIẢM,33.1%,MEDIUM,2026-06-08,📉 GIẢM,34.0%,MEDIUM,2026-06-09,📉 GIẢM,34.9%,HIGH,2026-06-10,📉 GIẢM,35.8%,HIGH,2026-06-11,📉 GIẢM,36.7%,HIGH,2026-06-12,📉 GIẢM,37.6%,HIGH,2026-06-15,📉 GIẢM,38.5%,HIGH,2026-06-16,📉 GIẢM,39.4%,HIGH,2026-06-17,📉 GIẢM,40.2%,HIGH,2026-06-18,📉 GIẢM,41.1%,HIGH,2026-06-19,📉 GIẢM,42.0%,HIGH,2026-06-22,📉 GIẢM,42.9%,HIGH,2026-06-23,📉 GIẢM,43.8%,HIGH,2026-06-24,📉 GIẢM,44.7%,HIGH
DTT,2026-05-06,2026-06-04,📉 GIẢM,26.3%,HIGH,2026-06-05,📉 GIẢM,27.5%,HIGH,2026-06-08,📉 GIẢM,28.7%,HIGH,2026-06-09,📉 GIẢM,29.9%,HIGH,2026-06-10,📉 GIẢM,31.1%,HIGH,2026-06-11,📉 GIẢM,32.2%,HIGH,2026-06-12,📉 GIẢM,33.4%,HIGH,2026-06-15,📉 GIẢM,34.6%,HIGH,2026-06-16,📉 GIẢM,36.0%,HIGH,2026-06-17,📉 GIẢM,37.1%,HIGH,2026-06-18,📉 GIẢM,38.3%,HIGH,2026-06-19,📉 GIẢM,39.5%,HIGH,2026-06-22,📉 GIẢM,40.6%,HIGH,2026-06-23,📉 GIẢM,41.8%,HIGH,2026-06-24,📉 GIẢM,43.0%,HIGH
DCF,2026-05-06,2026-06-04,📉 GIẢM,47.4%,LOW,2026-06-05,📉 GIẢM,47.6%,LOW,2026-06-08,📉 GIẢM,47.7%,LOW,2026-06-09,📉 GIẢM,47.8%,LOW,2026-06-10,📉 GIẢM,48.0%,LOW,2026-06-11,📉 GIẢM,48.1%,LOW,2026-06-12,📉 GIẢM,48.2%,LOW,2026-06-15,📉 GIẢM,48.3%,LOW,2026-06-16,📉 GIẢM,48.5%,LOW,2026-06-17,📉 GIẢM,48.6%,LOW,2026-06-18,📉 GIẢM,48.7%,HIGH,2026-06-19,📉 GIẢM,48.9%,HIGH,2026-06-22,📉 GIẢM,49.1%,HIGH,2026-06-23,📉 GIẢM,49.2%,HIGH,2026-06-24,📉 GIẢM,49.3%,HIGH
DM7,2026-05-06,2026-06-04,📉 GIẢM,24.3%,HIGH,2026-06-05,📉 GIẢM,25.6%,HIGH,2026-06-08,📉 GIẢM,27.0%,HIGH,2026-06-09,📉 GIẢM,28.3%,HIGH,2026-06-10,📉 GIẢM,29.6%,HIGH,2026-06-11,📉 GIẢM,31.1%,HIGH,2026-06-12,📉 GIẢM,32.3%,HIGH,2026-06-15,📉 GIẢM,33.6%,HIGH,2026-06-16,📉 GIẢM,34.9%,HIGH,2026-06-17,📉 GIẢM,36.1%,HIGH,2026-06-18,📉 GIẢM,37.7%,HIGH,2026-06-19,📉 GIẢM,38.9%,HIGH,2026-06-22,📉 GIẢM,40.1%,HIGH,2026-06-23,📉 GIẢM,41.4%,HIGH,2026-06-24,📉 GIẢM,42.6%,HIGH
HPO,2026-05-06,2026-06-04,📉 GIẢM,38.8%,MEDIUM,2026-06-05,📉 GIẢM,39.4%,MEDIUM,2026-06-08,📉 GIẢM,39.9%,MEDIUM,2026-06-09,📉 GIẢM,40.5%,LOW,2026-06-10,📉 GIẢM,41.1%,LOW,2026-06-11,📉 GIẢM,41.6%,LOW,2026-06-12,📉 GIẢM,42.2%,LOW,2026-06-15,📉 GIẢM,42.7%,HIGH,2026-06-16,📉 GIẢM,43.3%,HIGH,2026-06-17,📉 GIẢM,43.8%,HIGH,2026-06-18,📉 GIẢM,44.4%,HIGH,2026-06-19,📉 GIẢM,45.0%,HIGH,2026-06-22,📉 GIẢM,45.5%,HIGH,2026-06-23,📉 GIẢM,46.1%,HIGH,2026-06-24,📉 GIẢM,46.6%,HIGH
PSC,2026-05-06,2026-06-04,📉 GIẢM,43.0%,LOW,2026-06-05,📉 GIẢM,43.3%,LOW,2026-06-08,📉 GIẢM,43.7%,LOW,2026-06-09,📉 GIẢM,44.0%,LOW,2026-06-10,📉 GIẢM,44.4%,LOW,2026-06-11,📉 GIẢM,44.8%,LOW,2026-06-12,📉 GIẢM,45.1%,LOW,2026-06-15,📉 GIẢM,45.5%,LOW,2026-06-16,📉 GIẢM,45.8%,HIGH,2026-06-17,📉 GIẢM,46.2%,HIGH,2026-06-18,📉 GIẢM,46.5%,HIGH,2026-06-19,📉 GIẢM,46.9%,HIGH,2026-06-22,📉 GIẢM,47.2%,HIGH,2026-06-23,📉 GIẢM,47.6%,HIGH,2026-06-24,📉 GIẢM,47.9%,HIGH
SBR,2026-05-07,2026-06-04,📉 GIẢM,36.6%,MEDIUM,2026-06-05,📉 GIẢM,37.0%,MEDIUM,2026-06-08,📉 GIẢM,37.7%,MEDIUM,2026-06-09,📉 GIẢM,38.4%,MEDIUM,2026-06-10,📉 GIẢM,39.1%,MEDIUM,2026-06-11,📉 GIẢM,39.8%,HIGH,2026-06-12,📉 GIẢM,40.4%,HIGH,2026-06-15,📉 GIẢM,41.1%,HIGH,2026-06-16,📉 GIẢM,41.8%,HIGH,2026-06-17,📉 GIẢM,42.5%,HIGH,2026-06-18,📉 GIẢM,43.2%,HIGH,2026-06-19,📉 GIẢM,43.9%,HIGH,2026-06-22,📉 GIẢM,44.5%,HIGH,2026-06-23,📉 GIẢM,45.2%,HIGH,2026-06-24,📉 GIẢM,45.9%,HIGH
QHD,2026-05-07,2026-06-04,📉 GIẢM,29.3%,HIGH,2026-06-05,📉 GIẢM,30.3%,HIGH,2026-06-08,📉 GIẢM,31.4%,HIGH,2026-06-09,📉 GIẢM,32.4%,HIGH,2026-06-10,📉 GIẢM,33.4%,HIGH,2026-06-11,📉 GIẢM,34.5%,HIGH,2026-06-12,📉 GIẢM,35.5%,HIGH,2026-06-15,📉 GIẢM,36.6%,HIGH,2026-06-16,📉 GIẢM,37.6%,HIGH,2026-06-17,📉 GIẢM,38.6%,HIGH,2026-06-18,📉 GIẢM,39.7%,HIGH,2026-06-19,📉 GIẢM,40.7%,HIGH,2026-06-22,📉 GIẢM,41.7%,HIGH,2026-06-23,📉 GIẢM,42.8%,HIGH,2026-06-24,📉 GIẢM,43.8%,HIGH
CLW,2026-05-07,2026-06-04,📈 TĂNG,53.6%,LOW,2026-06-05,📈 TĂNG,51.9%,LOW,2026-06-08,📈 TĂNG,51.8%,LOW,2026-06-09,📈 TĂNG,51.7%,LOW,2026-06-10,📈 TĂNG,51.6%,LOW,2026-06-11,📈 TĂNG,51.5%,LOW,2026-06-12,📈 TĂNG,51.4%,LOW,2026-06-15,📈 TĂNG,51.3%,LOW,2026-06-16,📈 TĂNG,51.2%,LOW,2026-06-17,📈 TĂNG,51.1%,LOW,2026-06-18,📈 TĂNG,51.0%,HIGH,2026-06-19,📈 TĂNG,50.9%,HIGH,2026-06-22,📈 TĂNG,50.8%,HIGH,2026-06-23,📈 TĂNG,50.7%,HIGH,2026-06-24,📈 TĂNG,50.6%,HIGH
MTS,2026-05-07,2026-06-04,📉 GIẢM,35.7%,MEDIUM,2026-06-05,📉 GIẢM,36.4%,MEDIUM,2026-06-08,📉 GIẢM,37.9%,MEDIUM,2026-06-09,📉 GIẢM,38.5%,MEDIUM,2026-06-10,📉 GIẢM,39.2%,MEDIUM,2026-06-11,📉 GIẢM,39.9%,HIGH,2026-06-12,📉 GIẢM,40.6%,HIGH,2026-06-15,📉 GIẢM,41.2%,HIGH,2026-06-16,📉 GIẢM,41.9%,HIGH,2026-06-17,📉 GIẢM,42.6%,HIGH,2026-06-18,📉 GIẢM,43.3%,HIGH,2026-06-19,📉 GIẢM,43.9%,HIGH,2026-06-22,📉 GIẢM,44.6%,HIGH,2026-06-23,📉 GIẢM,45.3%,HIGH,2026-06-24,📉 GIẢM,46.0%,HIGH
HNP,2026-05-07,2026-06-04,📉 GIẢM,39.8%,MEDIUM,2026-06-05,📉 GIẢM,40.3%,LOW,2026-06-08,📉 GIẢM,40.8%,LOW,2026-06-09,📉 GIẢM,41.3%,LOW,2026-06-10,📉 GIẢM,41.8%,LOW,2026-06-11,📉 GIẢM,42.3%,LOW,2026-06-12,📉 GIẢM,42.9%,LOW,2026-06-15,📉 GIẢM,43.4%,HIGH,2026-06-16,📉 GIẢM,43.9%,HIGH,2026-06-17,📉 GIẢM,44.4%,HIGH,2026-06-18,📉 GIẢM,44.9%,HIGH,2026-06-19,📉 GIẢM,45.4%,HIGH,2026-06-22,📉 GIẢM,45.9%,HIGH,2026-06-23,📉 GIẢM,46.4%,HIGH,2026-06-24,📉 GIẢM,46.9%,HIGH
DSP,2026-05-07,2026-06-04,📉 GIẢM,25.6%,HIGH,2026-06-05,📉 GIẢM,26.8%,HIGH,2026-06-08,📉 GIẢM,28.0%,HIGH,2026-06-09,📉 GIẢM,27.3%,HIGH,2026-06-10,📉 GIẢM,28.7%,HIGH,2026-06-11,📉 GIẢM,30.0%,HIGH,2026-06-12,📉 GIẢM,31.3%,HIGH,2026-06-15,📉 GIẢM,32.7%,HIGH,2026-06-16,📉 GIẢM,34.0%,HIGH,2026-06-17,📉 GIẢM,35.3%,HIGH,2026-06-18,📉 GIẢM,36.7%,HIGH,2026-06-19,📉 GIẢM,38.0%,HIGH,2026-06-22,📉 GIẢM,39.3%,HIGH,2026-06-23,📉 GIẢM,40.7%,HIGH,2026-06-24,📉 GIẢM,42.0%,HIGH
TVM,2026-05-07,2026-06-04,📈 TĂNG,60.4%,MEDIUM,2026-06-05,📈 TĂNG,58.4%,LOW,2026-06-08,📈 TĂNG,57.9%,LOW,2026-06-09,📈 TĂNG,57.5%,LOW,2026-06-10,📈 TĂNG,57.1%,LOW,2026-06-11,📈 TĂNG,56.6%,LOW,2026-06-12,📈 TĂNG,56.2%,LOW,2026-06-15,📈 TĂNG,55.7%,LOW,2026-06-16,📈 TĂNG,55.3%,HIGH,2026-06-17,📈 TĂNG,54.9%,HIGH,2026-06-18,📈 TĂNG,54.4%,HIGH,2026-06-19,📈 TĂNG,54.0%,HIGH,2026-06-22,📈 TĂNG,53.5%,HIGH,2026-06-23,📈 TĂNG,53.1%,HIGH,2026-06-24,📈 TĂNG,52.6%,HIGH
DSD,2026-05-07,2026-06-04,📉 GIẢM,30.0%,MEDIUM,2026-06-05,📉 GIẢM,30.3%,HIGH,2026-06-08,📉 GIẢM,31.4%,HIGH,2026-06-09,📉 GIẢM,32.4%,HIGH,2026-06-10,📉 GIẢM,33.4%,HIGH,2026-06-11,📉 GIẢM,34.5%,HIGH,2026-06-12,📉 GIẢM,35.5%,HIGH,2026-06-15,📉 GIẢM,36.6%,HIGH,2026-06-16,📉 GIẢM,37.6%,HIGH,2026-06-17,📉 GIẢM,38.6%,HIGH,2026-06-18,📉 GIẢM,39.7%,HIGH,2026-06-19,📉 GIẢM,40.7%,HIGH,2026-06-22,📉 GIẢM,41.7%,HIGH,2026-06-23,📉 GIẢM,42.8%,HIGH,2026-06-24,📉 GIẢM,43.8%,HIGH
VFC,2026-05-07,2026-06-04,📉 GIẢM,32.6%,MEDIUM,2026-06-05,📉 GIẢM,33.4%,MEDIUM,2026-06-08,📉 GIẢM,34.3%,MEDIUM,2026-06-09,📉 GIẢM,35.2%,HIGH,2026-06-10,📉 GIẢM,36.1%,HIGH,2026-06-11,📉 GIẢM,36.9%,HIGH,2026-06-12,📉 GIẢM,37.8%,HIGH,2026-06-15,📉 GIẢM,38.5%,HIGH,2026-06-16,📉 GIẢM,39.4%,HIGH,2026-06-17,📉 GIẢM,40.3%,HIGH,2026-06-18,📉 GIẢM,41.2%,HIGH,2026-06-19,📉 GIẢM,42.1%,HIGH,2026-06-22,📉 GIẢM,43.0%,HIGH,2026-06-23,📉 GIẢM,43.8%,HIGH,2026-06-24,📉 GIẢM,44.8%,HIGH
BWA,2026-05-07,2026-06-04,📈 TĂNG,56.8%,LOW,2026-06-05,📈 TĂNG,55.8%,LOW,2026-06-08,📈 TĂNG,55.5%,LOW,2026-06-09,📈 TĂNG,55.2%,LOW,2026-06-10,📈 TĂNG,56.4%,LOW,2026-06-11,📈 TĂNG,56.0%,LOW,2026-06-12,📈 TĂNG,55.6%,LOW,2026-06-15,📈 TĂNG,55.2%,LOW,2026-06-16,📈 TĂNG,54.8%,HIGH,2026-06-17,📈 TĂNG,54.4%,HIGH,2026-06-18,📈 TĂNG,54.0%,HIGH,2026-06-19,📈 TĂNG,53.6%,HIGH,2026-06-22,📈 TĂNG,53.2%,HIGH,2026-06-23,📈 TĂNG,52.8%,HIGH,2026-06-24,📈 TĂNG,52.4%,HIGH
DAS,2026-05-07,2026-06-04,📈 TĂNG,55.2%,LOW,2026-06-05,📈 TĂNG,52.9%,LOW,2026-06-08,📈 TĂNG,52.7%,LOW,2026-06-09,📈 TĂNG,52.6%,LOW,2026-06-10,📈 TĂNG,53.3%,LOW,2026-06-11,📈 TĂNG,53.1%,LOW,2026-06-12,📈 TĂNG,52.9%,LOW,2026-06-15,📈 TĂNG,52.7%,LOW,2026-06-16,📈 TĂNG,52.5%,LOW,2026-06-17,📈 TĂNG,52.3%,HIGH,2026-06-18,📈 TĂNG,52.1%,HIGH,2026-06-19,📈 TĂNG,51.9%,HIGH,2026-06-22,📈 TĂNG,51.7%,HIGH,2026-06-23,📈 TĂNG,51.5%,HIGH,2026-06-24,📈 TĂNG,51.2%,HIGH
VPC,2026-05-08,2026-06-04,📉 GIẢM,31.5%,MEDIUM,2026-06-05,📉 GIẢM,31.5%,HIGH,2026-06-08,📉 GIẢM,32.4%,HIGH,2026-06-09,📉 GIẢM,33.4%,HIGH,2026-06-10,📉 GIẢM,34.4%,HIGH,2026-06-11,📉 GIẢM,35.4%,HIGH,2026-06-12,📉 GIẢM,36.3%,HIGH,2026-06-15,📉 GIẢM,37.3%,HIGH,2026-06-16,📉 GIẢM,38.3%,HIGH,2026-06-17,📉 GIẢM,39.3%,HIGH,2026-06-18,📉 GIẢM,40.2%,HIGH,2026-06-19,📉 GIẢM,40.8%,HIGH,2026-06-22,📉 GIẢM,41.9%,HIGH,2026-06-23,📉 GIẢM,42.9%,HIGH,2026-06-24,📉 GIẢM,43.9%,HIGH
TTD,2026-05-08,2026-06-04,📈 TĂNG,58.1%,LOW,2026-06-05,📈 TĂNG,58.5%,LOW,2026-06-08,📈 TĂNG,58.1%,LOW,2026-06-09,📈 TĂNG,57.6%,LOW,2026-06-10,📈 TĂNG,57.2%,LOW,2026-06-11,📈 TĂNG,56.7%,LOW,2026-06-12,📈 TĂNG,56.3%,LOW,2026-06-15,📈 TĂNG,55.8%,LOW,2026-06-16,📈 TĂNG,55.4%,HIGH,2026-06-17,📈 TĂNG,54.9%,HIGH,2026-06-18,📈 TĂNG,54.5%,HIGH,2026-06-19,📈 TĂNG,54.0%,HIGH,2026-06-22,📈 TĂNG,53.6%,HIGH,2026-06-23,📈 TĂNG,53.1%,HIGH,2026-06-24,📈 TĂNG,52.7%,HIGH
VE3,2026-05-08,2026-06-04,📉 GIẢM,24.9%,HIGH,2026-06-05,📉 GIẢM,26.2%,HIGH,2026-06-08,📉 GIẢM,28.1%,HIGH,2026-06-09,📉 GIẢM,29.4%,HIGH,2026-06-10,📉 GIẢM,30.6%,HIGH,2026-06-11,📉 GIẢM,31.8%,HIGH,2026-06-12,📉 GIẢM,33.0%,HIGH,2026-06-15,📉 GIẢM,34.2%,HIGH,2026-06-16,📉 GIẢM,35.5%,HIGH,2026-06-17,📉 GIẢM,36.7%,HIGH,2026-06-18,📉 GIẢM,38.3%,HIGH,2026-06-19,📉 GIẢM,39.4%,HIGH,2026-06-22,📉 GIẢM,40.6%,HIGH,2026-06-23,📉 GIẢM,41.8%,HIGH,2026-06-24,📉 GIẢM,43.0%,HIGH
L61,2026-05-08,2026-06-04,📉 GIẢM,45.6%,LOW,2026-06-05,📉 GIẢM,45.9%,LOW,2026-06-08,📉 GIẢM,46.1%,LOW,2026-06-09,📉 GIẢM,46.3%,LOW,2026-06-10,📉 GIẢM,46.5%,LOW,2026-06-11,📉 GIẢM,46.7%,LOW,2026-06-12,📉 GIẢM,46.9%,LOW,2026-06-15,📉 GIẢM,47.2%,LOW,2026-06-16,📉 GIẢM,47.4%,LOW,2026-06-17,📉 GIẢM,47.6%,HIGH,2026-06-18,📉 GIẢM,47.8%,HIGH,2026-06-19,📉 GIẢM,48.0%,HIGH,2026-06-22,📉 GIẢM,48.3%,HIGH,2026-06-23,📉 GIẢM,48.5%,HIGH,2026-06-24,📉 GIẢM,48.7%,HIGH
VDT,2026-05-08,2026-06-04,📉 GIẢM,31.3%,MEDIUM,2026-06-05,📉 GIẢM,32.2%,MEDIUM,2026-06-08,📉 GIẢM,33.1%,HIGH,2026-06-09,📉 GIẢM,34.1%,HIGH,2026-06-10,📉 GIẢM,35.0%,HIGH,2026-06-11,📉 GIẢM,36.0%,HIGH,2026-06-12,📉 GIẢM,36.9%,HIGH,2026-06-15,📉 GIẢM,37.8%,HIGH,2026-06-16,📉 GIẢM,38.8%,HIGH,2026-06-17,📉 GIẢM,39.7%,HIGH,2026-06-18,📉 GIẢM,40.6%,HIGH,2026-06-19,📉 GIẢM,41.6%,HIGH,2026-06-22,📉 GIẢM,42.5%,HIGH,2026-06-23,📉 GIẢM,43.4%,HIGH,2026-06-24,📉 GIẢM,44.4%,HIGH
NAU,2026-05-08,2026-06-04,📉 GIẢM,48.7%,LOW,2026-06-05,📉 GIẢM,48.7%,LOW,2026-06-08,📉 GIẢM,48.8%,LOW,2026-06-09,📉 GIẢM,48.9%,LOW,2026-06-10,📉 GIẢM,48.9%,LOW,2026-06-11,📉 GIẢM,48.9%,LOW,2026-06-12,📉 GIẢM,49.2%,LOW,2026-06-15,📉 GIẢM,49.3%,LOW,2026-06-16,📉 GIẢM,49.4%,LOW,2026-06-17,📉 GIẢM,49.4%,LOW,2026-06-18,📉 GIẢM,49.5%,HIGH,2026-06-19,📉 GIẢM,49.5%,HIGH,2026-06-22,📉 GIẢM,49.6%,HIGH,2026-06-23,📉 GIẢM,49.6%,HIGH,2026-06-24,📉 GIẢM,49.7%,HIGH
SCC,2026-05-08,2026-06-04,📈 TĂNG,63.4%,MEDIUM,2026-06-05,📈 TĂNG,63.1%,MEDIUM,2026-06-08,📈 TĂNG,62.4%,MEDIUM,2026-06-09,📈 TĂNG,61.8%,MEDIUM,2026-06-10,📈 TĂNG,61.1%,MEDIUM,2026-06-11,📈 TĂNG,60.4%,HIGH,2026-06-12,📈 TĂNG,59.7%,HIGH,2026-06-15,📈 TĂNG,59.0%,HIGH,2026-06-16,📈 TĂNG,58.3%,HIGH,2026-06-17,📈 TĂNG,57.6%,HIGH,2026-06-18,📈 TĂNG,56.9%,HIGH,2026-06-19,📈 TĂNG,56.2%,HIGH,2026-06-22,📈 TĂNG,55.5%,HIGH,2026-06-23,📈 TĂNG,54.8%,HIGH,2026-06-24,📈 TĂNG,54.2%,HIGH
VQC,2026-05-08,2026-06-04,📉 GIẢM,25.5%,HIGH,2026-06-05,📉 GIẢM,26.7%,HIGH,2026-06-08,📉 GIẢM,28.0%,HIGH,2026-06-09,📉 GIẢM,29.2%,HIGH,2026-06-10,📉 GIẢM,30.4%,HIGH,2026-06-11,📉 GIẢM,31.6%,HIGH,2026-06-12,📉 GIẢM,32.9%,HIGH,2026-06-15,📉 GIẢM,34.1%,HIGH,2026-06-16,📉 GIẢM,35.3%,HIGH,2026-06-17,📉 GIẢM,36.5%,HIGH,2026-06-18,📉 GIẢM,37.8%,HIGH,2026-06-19,📉 GIẢM,39.0%,HIGH,2026-06-22,📉 GIẢM,40.2%,HIGH,2026-06-23,📉 GIẢM,41.4%,HIGH,2026-06-24,📉 GIẢM,42.7%,HIGH
LM3,2026-05-08,2026-06-04,📉 GIẢM,45.0%,LOW,2026-06-05,📉 GIẢM,45.2%,LOW,2026-06-08,📉 GIẢM,45.5%,LOW,2026-06-09,📉 GIẢM,45.7%,LOW,2026-06-10,📉 GIẢM,46.0%,LOW,2026-06-11,📉 GIẢM,46.2%,LOW,2026-06-12,📉 GIẢM,46.5%,LOW,2026-06-15,📉 GIẢM,46.7%,LOW,2026-06-16,📉 GIẢM,47.0%,LOW,2026-06-17,📉 GIẢM,47.2%,HIGH,2026-06-18,📉 GIẢM,47.5%,HIGH,2026-06-19,📉 GIẢM,47.7%,HIGH,2026-06-22,📉 GIẢM,48.0%,HIGH,2026-06-23,📉 GIẢM,48.2%,HIGH,2026-06-24,📉 GIẢM,48.5%,HIGH
VHH,2026-05-08,2026-06-04,📉 GIẢM,34.8%,MEDIUM,2026-06-05,📉 GIẢM,35.5%,MEDIUM,2026-06-08,📉 GIẢM,36.3%,MEDIUM,2026-06-09,📉 GIẢM,37.0%,MEDIUM,2026-06-10,📉 GIẢM,37.8%,HIGH,2026-06-11,📉 GIẢM,38.6%,HIGH,2026-06-12,📉 GIẢM,39.3%,HIGH,2026-06-15,📉 GIẢM,40.1%,HIGH,2026-06-16,📉 GIẢM,40.9%,HIGH,2026-06-17,📉 GIẢM,41.6%,HIGH,2026-06-18,📉 GIẢM,42.4%,HIGH,2026-06-19,📉 GIẢM,43.1%,HIGH,2026-06-22,📉 GIẢM,43.9%,HIGH,2026-06-23,📉 GIẢM,44.7%,HIGH,2026-06-24,📉 GIẢM,45.5%,HIGH
FCC,2026-05-08,2026-06-04,📈 TĂNG,60.4%,MEDIUM,2026-06-05,📉 GIẢM,49.9%,LOW,2026-06-08,📈 TĂNG,59.4%,LOW,2026-06-09,📉 GIẢM,49.9%,LOW,2026-06-10,📈 TĂNG,58.3%,LOW,2026-06-11,📉 GIẢM,50.0%,LOW,2026-06-12,📈 TĂNG,57.3%,LOW,2026-06-15,📉 GIẢM,50.0%,LOW,2026-06-16,📈 TĂNG,56.2%,HIGH,2026-06-17,📉 GIẢM,50.0%,LOW,2026-06-18,📈 TĂNG,55.2%,HIGH,2026-06-19,📉 GIẢM,50.0%,HIGH,2026-06-22,📈 TĂNG,54.2%,HIGH,2026-06-23,📉 GIẢM,50.0%,HIGH,2026-06-24,📈 TĂNG,53.1%,HIGH
NVP,2026-05-08,2026-06-04,📈 TĂNG,57.2%,LOW,2026-06-05,📈 TĂNG,53.3%,LOW,2026-06-08,📈 TĂNG,53.4%,LOW,2026-06-09,📈 TĂNG,53.2%,LOW,2026-06-10,📈 TĂNG,53.0%,LOW,2026-06-11,📈 TĂNG,52.8%,LOW,2026-06-12,📈 TĂNG,52.7%,LOW,2026-06-15,📈 TĂNG,52.5%,LOW,2026-06-16,📈 TĂNG,52.3%,LOW,2026-06-17,📈 TĂNG,52.1%,HIGH,2026-06-18,📈 TĂNG,51.9%,HIGH,2026-06-19,📈 TĂNG,51.7%,HIGH,2026-06-22,📈 TĂNG,51.5%,HIGH,2026-06-23,📈 TĂNG,51.3%,HIGH,2026-06-24,📈 TĂNG,51.1%,HIGH
VHD,2026-05-08,2026-06-04,📉 GIẢM,29.1%,HIGH,2026-06-05,📉 GIẢM,29.1%,HIGH,2026-06-08,📉 GIẢM,30.2%,HIGH,2026-06-09,📉 GIẢM,31.3%,HIGH,2026-06-10,📉 GIẢM,32.4%,HIGH,2026-06-11,📉 GIẢM,33.5%,HIGH,2026-06-12,📉 GIẢM,34.6%,HIGH,2026-06-15,📉 GIẢM,35.7%,HIGH,2026-06-16,📉 GIẢM,36.8%,HIGH,2026-06-17,📉 GIẢM,37.9%,HIGH,2026-06-18,📉 GIẢM,39.0%,HIGH,2026-06-19,📉 GIẢM,40.1%,HIGH,2026-06-22,📉 GIẢM,41.2%,HIGH,2026-06-23,📉 GIẢM,42.3%,HIGH,2026-06-24,📉 GIẢM,43.4%,HIGH
BAL,2026-05-08,2026-06-04,📈 TĂNG,50.5%,LOW,2026-06-05,📉 GIẢM,49.1%,LOW,2026-06-08,📈 TĂNG,50.5%,LOW,2026-06-09,📉 GIẢM,49.2%,LOW,2026-06-10,📈 TĂNG,50.4%,LOW,2026-06-11,📉 GIẢM,49.3%,LOW,2026-06-12,📈 TĂNG,50.4%,LOW,2026-06-15,📉 GIẢM,49.4%,LOW,2026-06-16,📈 TĂNG,50.3%,LOW,2026-06-17,📉 GIẢM,49.5%,LOW,2026-06-18,📈 TĂNG,50.3%,HIGH,2026-06-19,📉 GIẢM,49.6%,HIGH,2026-06-22,📈 TĂNG,50.2%,HIGH,2026-06-23,📉 GIẢM,49.7%,HIGH,2026-06-24,📈 TĂNG,50.2%,HIGH
UXC,2026-05-08,2026-06-04,📈 TĂNG,50.9%,LOW,2026-06-05,📈 TĂNG,50.8%,LOW,2026-06-08,📈 TĂNG,50.8%,LOW,2026-06-09,📈 TĂNG,50.7%,LOW,2026-06-10,📈 TĂNG,50.7%,LOW,2026-06-11,📈 TĂNG,50.6%,LOW,2026-06-12,📈 TĂNG,50.6%,LOW,2026-06-15,📈 TĂNG,50.6%,LOW,2026-06-16,📈 TĂNG,50.5%,LOW,2026-06-17,📈 TĂNG,50.5%,LOW,2026-06-18,📈 TĂNG,50.4%,HIGH,2026-06-19,📈 TĂNG,50.4%,HIGH,2026-06-22,📈 TĂNG,50.3%,HIGH,2026-06-23,📈 TĂNG,50.3%,HIGH,2026-06-24,📈 TĂNG,50.3%,HIGH
DVC,2026-05-11,2026-06-04,📈 TĂNG,56.8%,LOW,2026-06-05,📈 TĂNG,56.2%,LOW,2026-06-08,📈 TĂNG,55.9%,LOW,2026-06-09,📈 TĂNG,55.5%,LOW,2026-06-10,📈 TĂNG,56.3%,LOW,2026-06-11,📈 TĂNG,55.9%,LOW,2026-06-12,📈 TĂNG,55.5%,LOW,2026-06-15,📈 TĂNG,55.1%,LOW,2026-06-16,📈 TĂNG,54.7%,HIGH,2026-06-17,📈 TĂNG,54.3%,HIGH,2026-06-18,📈 TĂNG,53.9%,HIGH,2026-06-19,📈 TĂNG,53.5%,HIGH,2026-06-22,📈 TĂNG,53.2%,HIGH,2026-06-23,📈 TĂNG,52.8%,HIGH,2026-06-24,📈 TĂNG,52.4%,HIGH
DCG,2026-05-11,2026-06-04,📉 GIẢM,32.4%,MEDIUM,2026-06-05,📉 GIẢM,33.3%,MEDIUM,2026-06-08,📉 GIẢM,34.2%,MEDIUM,2026-06-09,📉 GIẢM,35.1%,HIGH,2026-06-10,📉 GIẢM,35.9%,HIGH,2026-06-11,📉 GIẢM,36.8%,HIGH,2026-06-12,📉 GIẢM,37.7%,HIGH,2026-06-15,📉 GIẢM,38.6%,HIGH,2026-06-16,📉 GIẢM,39.4%,HIGH,2026-06-17,📉 GIẢM,40.3%,HIGH,2026-06-18,📉 GIẢM,41.2%,HIGH,2026-06-19,📉 GIẢM,42.1%,HIGH,2026-06-22,📉 GIẢM,42.9%,HIGH,2026-06-23,📉 GIẢM,43.8%,HIGH,2026-06-24,📉 GIẢM,44.7%,HIGH
DNC,2026-05-11,2026-06-04,📉 GIẢM,37.7%,MEDIUM,2026-06-05,📉 GIẢM,38.3%,MEDIUM,2026-06-08,📉 GIẢM,38.9%,MEDIUM,2026-06-09,📉 GIẢM,39.5%,MEDIUM,2026-06-10,📉 GIẢM,40.2%,LOW,2026-06-11,📉 GIẢM,40.8%,LOW,2026-06-12,📉 GIẢM,41.4%,HIGH,2026-06-15,📉 GIẢM,42.0%,HIGH,2026-06-16,📉 GIẢM,42.6%,HIGH,2026-06-17,📉 GIẢM,43.2%,HIGH,2026-06-18,📉 GIẢM,43.8%,HIGH,2026-06-19,📉 GIẢM,44.5%,HIGH,2026-06-22,📉 GIẢM,45.1%,HIGH,2026-06-23,📉 GIẢM,45.7%,HIGH,2026-06-24,📉 GIẢM,46.3%,HIGH
GDW,2026-05-11,2026-06-04,📉 GIẢM,45.4%,LOW,2026-06-05,📉 GIẢM,47.6%,LOW,2026-06-08,📉 GIẢM,47.7%,LOW,2026-06-09,📉 GIẢM,47.8%,LOW,2026-06-10,📉 GIẢM,48.0%,LOW,2026-06-11,📉 GIẢM,47.8%,LOW,2026-06-12,📉 GIẢM,48.0%,LOW,2026-06-15,📉 GIẢM,48.1%,LOW,2026-06-16,📉 GIẢM,48.0%,LOW,2026-06-17,📉 GIẢM,48.2%,LOW,2026-06-18,📉 GIẢM,48.3%,HIGH,2026-06-19,📉 GIẢM,48.5%,HIGH,2026-06-22,📉 GIẢM,48.7%,HIGH,2026-06-23,📉 GIẢM,48.8%,HIGH,2026-06-24,📉 GIẢM,49.0%,HIGH
SSM,2026-05-11,2026-06-04,📉 GIẢM,39.4%,MEDIUM,2026-06-05,📉 GIẢM,39.9%,MEDIUM,2026-06-08,📉 GIẢM,40.4%,LOW,2026-06-09,📉 GIẢM,40.9%,LOW,2026-06-10,📉 GIẢM,41.4%,LOW,2026-06-11,📉 GIẢM,42.0%,LOW,2026-06-12,📉 GIẢM,42.5%,LOW,2026-06-15,📉 GIẢM,43.0%,HIGH,2026-06-16,📉 GIẢM,43.6%,HIGH,2026-06-17,📉 GIẢM,44.1%,HIGH,2026-06-18,📉 GIẢM,45.1%,HIGH,2026-06-19,📉 GIẢM,45.6%,HIGH,2026-06-22,📉 GIẢM,46.1%,HIGH,2026-06-23,📉 GIẢM,46.6%,HIGH,2026-06-24,📉 GIẢM,47.1%,HIGH
ICI,2026-05-11,2026-06-04,📉 GIẢM,39.0%,MEDIUM,2026-06-05,📉 GIẢM,39.5%,MEDIUM,2026-06-08,📉 GIẢM,40.1%,LOW,2026-06-09,📉 GIẢM,40.6%,LOW,2026-06-10,📉 GIẢM,41.2%,LOW,2026-06-11,📉 GIẢM,41.7%,LOW,2026-06-12,📉 GIẢM,42.3%,LOW,2026-06-15,📉 GIẢM,42.8%,HIGH,2026-06-16,📉 GIẢM,43.4%,HIGH,2026-06-17,📉 GIẢM,44.0%,HIGH,2026-06-18,📉 GIẢM,44.5%,HIGH,2026-06-19,📉 GIẢM,45.1%,HIGH,2026-06-22,📉 GIẢM,45.6%,HIGH,2026-06-23,📉 GIẢM,46.2%,HIGH,2026-06-24,📉 GIẢM,46.7%,HIGH
CHC,2026-05-11,2026-06-04,📉 GIẢM,21.8%,HIGH,2026-06-05,📉 GIẢM,23.2%,HIGH,2026-06-08,📉 GIẢM,24.7%,HIGH,2026-06-09,📉 GIẢM,26.1%,HIGH,2026-06-10,📉 GIẢM,27.5%,HIGH,2026-06-11,📉 GIẢM,28.9%,HIGH,2026-06-12,📉 GIẢM,30.3%,HIGH,2026-06-15,📉 GIẢM,31.7%,HIGH,2026-06-16,📉 GIẢM,33.1%,HIGH,2026-06-17,📉 GIẢM,34.5%,HIGH,2026-06-18,📉 GIẢM,35.9%,HIGH,2026-06-19,📉 GIẢM,37.3%,HIGH,2026-06-22,📉 GIẢM,38.8%,HIGH,2026-06-23,📉 GIẢM,40.2%,HIGH,2026-06-24,📉 GIẢM,41.6%,HIGH
CKV,2026-05-12,2026-06-04,📉 GIẢM,31.5%,MEDIUM,2026-06-05,📉 GIẢM,32.1%,MEDIUM,2026-06-08,📉 GIẢM,33.0%,HIGH,2026-06-09,📉 GIẢM,34.0%,HIGH,2026-06-10,📉 GIẢM,34.8%,HIGH,2026-06-11,📉 GIẢM,35.7%,HIGH,2026-06-12,📉 GIẢM,36.7%,HIGH,2026-06-15,📉 GIẢM,37.6%,HIGH,2026-06-16,📉 GIẢM,38.5%,HIGH,2026-06-17,📉 GIẢM,39.6%,HIGH,2026-06-18,📉 GIẢM,40.5%,HIGH,2026-06-19,📉 GIẢM,41.5%,HIGH,2026-06-22,📉 GIẢM,42.4%,HIGH,2026-06-23,📉 GIẢM,43.4%,HIGH,2026-06-24,📉 GIẢM,44.5%,HIGH
TUG,2026-05-12,2026-06-04,📉 GIẢM,38.2%,MEDIUM,2026-06-05,📉 GIẢM,38.8%,MEDIUM,2026-06-08,📉 GIẢM,39.4%,MEDIUM,2026-06-09,📉 GIẢM,39.9%,MEDIUM,2026-06-10,📉 GIẢM,40.5%,LOW,2026-06-11,📉 GIẢM,41.1%,LOW,2026-06-12,📉 GIẢM,41.7%,HIGH,2026-06-15,📉 GIẢM,42.3%,HIGH,2026-06-16,📉 GIẢM,42.9%,HIGH,2026-06-17,📉 GIẢM,43.5%,HIGH,2026-06-18,📉 GIẢM,43.9%,HIGH,2026-06-19,📉 GIẢM,44.5%,HIGH,2026-06-22,📉 GIẢM,45.1%,HIGH,2026-06-23,📉 GIẢM,45.7%,HIGH,2026-06-24,📉 GIẢM,46.4%,HIGH
APL,2026-05-12,2026-06-04,📉 GIẢM,41.6%,LOW,2026-06-05,📉 GIẢM,42.0%,LOW,2026-06-08,📉 GIẢM,42.4%,LOW,2026-06-09,📉 GIẢM,42.8%,LOW,2026-06-10,📉 GIẢM,43.3%,LOW,2026-06-11,📉 GIẢM,43.7%,LOW,2026-06-12,📉 GIẢM,44.1%,LOW,2026-06-15,📉 GIẢM,44.5%,LOW,2026-06-16,📉 GIẢM,44.9%,HIGH,2026-06-17,📉 GIẢM,45.4%,HIGH,2026-06-18,📉 GIẢM,45.8%,HIGH,2026-06-19,📉 GIẢM,46.2%,HIGH,2026-06-22,📉 GIẢM,46.6%,HIGH,2026-06-23,📉 GIẢM,47.1%,HIGH,2026-06-24,📉 GIẢM,47.5%,HIGH
VXT,2026-05-12,2026-06-04,📉 GIẢM,30.1%,MEDIUM,2026-06-05,📉 GIẢM,31.1%,HIGH,2026-06-08,📉 GIẢM,32.1%,HIGH,2026-06-09,📉 GIẢM,33.1%,HIGH,2026-06-10,📉 GIẢM,34.1%,HIGH,2026-06-11,📉 GIẢM,35.1%,HIGH,2026-06-12,📉 GIẢM,36.1%,HIGH,2026-06-15,📉 GIẢM,37.1%,HIGH,2026-06-16,📉 GIẢM,38.1%,HIGH,2026-06-17,📉 GIẢM,39.1%,HIGH,2026-06-18,📉 GIẢM,40.1%,HIGH,2026-06-19,📉 GIẢM,41.1%,HIGH,2026-06-22,📉 GIẢM,42.1%,HIGH,2026-06-23,📉 GIẢM,43.0%,HIGH,2026-06-24,📉 GIẢM,44.0%,HIGH
BEL,2026-05-12,2026-06-04,📉 GIẢM,32.1%,MEDIUM,2026-06-05,📉 GIẢM,33.0%,MEDIUM,2026-06-08,📉 GIẢM,33.9%,HIGH,2026-06-09,📉 GIẢM,34.8%,HIGH,2026-06-10,📉 GIẢM,35.7%,HIGH,2026-06-11,📉 GIẢM,36.6%,HIGH,2026-06-12,📉 GIẢM,37.5%,HIGH,2026-06-15,📉 GIẢM,38.4%,HIGH,2026-06-16,📉 GIẢM,39.3%,HIGH,2026-06-17,📉 GIẢM,40.2%,HIGH,2026-06-18,📉 GIẢM,41.1%,HIGH,2026-06-19,📉 GIẢM,42.0%,HIGH,2026-06-22,📉 GIẢM,42.9%,HIGH,2026-06-23,📉 GIẢM,43.8%,HIGH,2026-06-24,📉 GIẢM,44.6%,HIGH
PBT,2026-05-12,2026-06-04,📉 GIẢM,40.0%,LOW,2026-06-05,📉 GIẢM,40.5%,LOW,2026-06-08,📉 GIẢM,41.0%,LOW,2026-06-09,📉 GIẢM,41.3%,LOW,2026-06-10,📉 GIẢM,41.8%,LOW,2026-06-11,📉 GIẢM,42.3%,LOW,2026-06-12,📉 GIẢM,42.8%,LOW,2026-06-15,📉 GIẢM,43.4%,HIGH,2026-06-16,📉 GIẢM,43.9%,HIGH,2026-06-17,📉 GIẢM,44.4%,HIGH,2026-06-18,📉 GIẢM,44.9%,HIGH,2026-06-19,📉 GIẢM,45.4%,HIGH,2026-06-22,📉 GIẢM,45.9%,HIGH,2026-06-23,📉 GIẢM,46.4%,HIGH,2026-06-24,📉 GIẢM,46.6%,HIGH
L63,2026-05-12,2026-06-04,📉 GIẢM,35.7%,MEDIUM,2026-06-05,📉 GIẢM,36.4%,MEDIUM,2026-06-08,📉 GIẢM,37.2%,MEDIUM,2026-06-09,📉 GIẢM,37.9%,MEDIUM,2026-06-10,📉 GIẢM,38.6%,MEDIUM,2026-06-11,📉 GIẢM,39.3%,HIGH,2026-06-12,📉 GIẢM,40.0%,HIGH,2026-06-15,📉 GIẢM,40.7%,HIGH,2026-06-16,📉 GIẢM,41.4%,HIGH,2026-06-17,📉 GIẢM,42.2%,HIGH,2026-06-18,📉 GIẢM,42.9%,HIGH,2026-06-19,📉 GIẢM,43.6%,HIGH,2026-06-22,📉 GIẢM,44.3%,HIGH,2026-06-23,📉 GIẢM,45.0%,HIGH,2026-06-24,📉 GIẢM,45.7%,HIGH
MTV,2026-05-12,2026-06-04,📉 GIẢM,33.1%,MEDIUM,2026-06-05,📉 GIẢM,35.3%,MEDIUM,2026-06-08,📉 GIẢM,36.0%,MEDIUM,2026-06-09,📉 GIẢM,36.8%,MEDIUM,2026-06-10,📉 GIẢM,37.6%,HIGH,2026-06-11,📉 GIẢM,38.4%,HIGH,2026-06-12,📉 GIẢM,39.1%,HIGH,2026-06-15,📉 GIẢM,39.9%,HIGH,2026-06-16,📉 GIẢM,40.7%,HIGH,2026-06-17,📉 GIẢM,41.5%,HIGH,2026-06-18,📉 GIẢM,42.2%,HIGH,2026-06-19,📉 GIẢM,43.0%,HIGH,2026-06-22,📉 GIẢM,43.8%,HIGH,2026-06-23,📉 GIẢM,44.6%,HIGH,2026-06-24,📉 GIẢM,45.3%,HIGH
VCX,2026-05-12,2026-06-04,📈 TĂNG,51.4%,LOW,2026-06-05,📈 TĂNG,52.7%,LOW,2026-06-08,📈 TĂNG,52.6%,LOW,2026-06-09,📈 TĂNG,52.4%,LOW,2026-06-10,📈 TĂNG,52.3%,LOW,2026-06-11,📈 TĂNG,52.1%,LOW,2026-06-12,📈 TĂNG,52.0%,LOW,2026-06-15,📈 TĂNG,51.8%,LOW,2026-06-16,📈 TĂNG,51.7%,LOW,2026-06-17,📈 TĂNG,51.6%,LOW,2026-06-18,📈 TĂNG,51.4%,HIGH,2026-06-19,📈 TĂNG,51.3%,HIGH,2026-06-22,📈 TĂNG,51.1%,HIGH,2026-06-23,📈 TĂNG,51.0%,HIGH,2026-06-24,📈 TĂNG,50.9%,HIGH
DTH,2026-05-13,2026-06-04,📈 TĂNG,58.4%,LOW,2026-06-05,📈 TĂNG,57.4%,LOW,2026-06-08,📈 TĂNG,57.0%,LOW,2026-06-09,📈 TĂNG,56.6%,LOW,2026-06-10,📈 TĂNG,56.2%,LOW,2026-06-11,📈 TĂNG,55.8%,LOW,2026-06-12,📈 TĂNG,55.4%,LOW,2026-06-15,📈 TĂNG,55.1%,LOW,2026-06-16,📈 TĂNG,54.7%,HIGH,2026-06-17,📈 TĂNG,54.3%,HIGH,2026-06-18,📈 TĂNG,53.9%,HIGH,2026-06-19,📈 TĂNG,53.5%,HIGH,2026-06-22,📈 TĂNG,53.1%,HIGH,2026-06-23,📈 TĂNG,52.7%,HIGH,2026-06-24,📈 TĂNG,52.3%,HIGH
MED,2026-05-13,2026-06-04,📉 GIẢM,38.5%,MEDIUM,2026-06-05,📉 GIẢM,39.1%,MEDIUM,2026-06-08,📉 GIẢM,39.7%,MEDIUM,2026-06-09,📉 GIẢM,40.2%,LOW,2026-06-10,📉 GIẢM,40.8%,LOW,2026-06-11,📉 GIẢM,41.4%,LOW,2026-06-12,📉 GIẢM,42.0%,HIGH,2026-06-15,📉 GIẢM,42.5%,HIGH,2026-06-16,📉 GIẢM,43.1%,HIGH,2026-06-17,📉 GIẢM,43.7%,HIGH,2026-06-18,📉 GIẢM,44.3%,HIGH,2026-06-19,📉 GIẢM,44.8%,HIGH,2026-06-22,📉 GIẢM,45.4%,HIGH,2026-06-23,📉 GIẢM,46.0%,HIGH,2026-06-24,📉 GIẢM,46.6%,HIGH
NUE,2026-05-13,2026-06-04,📉 GIẢM,38.4%,MEDIUM,2026-06-05,📉 GIẢM,39.4%,MEDIUM,2026-06-08,📉 GIẢM,40.0%,MEDIUM,2026-06-09,📉 GIẢM,40.5%,LOW,2026-06-10,📉 GIẢM,41.1%,LOW,2026-06-11,📉 GIẢM,41.7%,LOW,2026-06-12,📉 GIẢM,42.2%,LOW,2026-06-15,📉 GIẢM,42.8%,HIGH,2026-06-16,📉 GIẢM,43.3%,HIGH,2026-06-17,📉 GIẢM,43.9%,HIGH,2026-06-18,📉 GIẢM,44.4%,HIGH,2026-06-19,📉 GIẢM,45.0%,HIGH,2026-06-22,📉 GIẢM,45.5%,HIGH,2026-06-23,📉 GIẢM,46.1%,HIGH,2026-06-24,📉 GIẢM,46.7%,HIGH
SDG,2026-05-13,2026-06-04,📉 GIẢM,34.3%,MEDIUM,2026-06-05,📉 GIẢM,35.1%,MEDIUM,2026-06-08,📉 GIẢM,35.9%,MEDIUM,2026-06-09,📉 GIẢM,36.4%,MEDIUM,2026-06-10,📉 GIẢM,37.2%,HIGH,2026-06-11,📉 GIẢM,38.0%,HIGH,2026-06-12,📉 GIẢM,38.8%,HIGH,2026-06-15,📉 GIẢM,39.6%,HIGH,2026-06-16,📉 GIẢM,40.4%,HIGH,2026-06-17,📉 GIẢM,41.2%,HIGH,2026-06-18,📉 GIẢM,42.0%,HIGH,2026-06-19,📉 GIẢM,42.8%,HIGH,2026-06-22,📉 GIẢM,43.6%,HIGH,2026-06-23,📉 GIẢM,44.4%,HIGH,2026-06-24,📉 GIẢM,45.2%,HIGH
KSD,2026-05-13,2026-06-04,📉 GIẢM,28.2%,HIGH,2026-06-05,📉 GIẢM,29.3%,HIGH,2026-06-08,📉 GIẢM,30.4%,HIGH,2026-06-09,📉 GIẢM,31.5%,HIGH,2026-06-10,📉 GIẢM,32.5%,HIGH,2026-06-11,📉 GIẢM,33.6%,HIGH,2026-06-12,📉 GIẢM,34.7%,HIGH,2026-06-15,📉 GIẢM,35.8%,HIGH,2026-06-16,📉 GIẢM,36.9%,HIGH,2026-06-17,📉 GIẢM,38.0%,HIGH,2026-06-18,📉 GIẢM,39.1%,HIGH,2026-06-19,📉 GIẢM,40.2%,HIGH,2026-06-22,📉 GIẢM,41.3%,HIGH,2026-06-23,📉 GIẢM,42.4%,HIGH,2026-06-24,📉 GIẢM,43.5%,HIGH
NDW,2026-05-13,2026-06-04,📉 GIẢM,37.8%,MEDIUM,2026-06-05,📉 GIẢM,38.4%,MEDIUM,2026-06-08,📉 GIẢM,39.0%,MEDIUM,2026-06-09,📉 GIẢM,39.6%,MEDIUM,2026-06-10,📉 GIẢM,40.2%,LOW,2026-06-11,📉 GIẢM,40.9%,LOW,2026-06-12,📉 GIẢM,41.5%,HIGH,2026-06-15,📉 GIẢM,42.1%,HIGH,2026-06-16,📉 GIẢM,42.7%,HIGH,2026-06-17,📉 GIẢM,43.3%,HIGH,2026-06-18,📉 GIẢM,43.9%,HIGH,2026-06-19,📉 GIẢM,44.5%,HIGH,2026-06-22,📉 GIẢM,45.1%,HIGH,2026-06-23,📉 GIẢM,45.7%,HIGH,2026-06-24,📉 GIẢM,46.3%,HIGH
NJC,2026-05-13,2026-06-04,📈 TĂNG,52.6%,LOW,2026-06-05,📈 TĂNG,54.2%,LOW,2026-06-08,📈 TĂNG,54.0%,LOW,2026-06-09,📈 TĂNG,53.8%,LOW,2026-06-10,📈 TĂNG,53.5%,LOW,2026-06-11,📈 TĂNG,53.3%,LOW,2026-06-12,📈 TĂNG,53.1%,LOW,2026-06-15,📈 TĂNG,52.9%,LOW,2026-06-16,📈 TĂNG,52.7%,LOW,2026-06-17,📈 TĂNG,52.4%,HIGH,2026-06-18,📈 TĂNG,52.2%,HIGH,2026-06-19,📈 TĂNG,52.0%,HIGH,2026-06-22,📈 TĂNG,51.8%,HIGH,2026-06-23,📈 TĂNG,51.6%,HIGH,2026-06-24,📈 TĂNG,51.3%,HIGH
SII,2026-05-13,2026-06-04,📉 GIẢM,36.2%,MEDIUM,2026-06-05,📉 GIẢM,36.9%,MEDIUM,2026-06-08,📉 GIẢM,37.6%,MEDIUM,2026-06-09,📉 GIẢM,38.3%,MEDIUM,2026-06-10,📉 GIẢM,39.0%,MEDIUM,2026-06-11,📉 GIẢM,39.7%,HIGH,2026-06-12,📉 GIẢM,40.3%,HIGH,2026-06-15,📉 GIẢM,41.0%,HIGH,2026-06-16,📉 GIẢM,41.7%,HIGH,2026-06-17,📉 GIẢM,42.4%,HIGH,2026-06-18,📉 GIẢM,43.1%,HIGH,2026-06-19,📉 GIẢM,43.8%,HIGH,2026-06-22,📉 GIẢM,44.5%,HIGH,2026-06-23,📉 GIẢM,45.2%,HIGH,2026-06-24,📉 GIẢM,45.9%,HIGH
PTD,2026-05-13,2026-06-04,📈 TĂNG,56.3%,LOW,2026-06-05,📈 TĂNG,56.0%,LOW,2026-06-08,📈 TĂNG,55.7%,LOW,2026-06-09,📈 TĂNG,55.4%,LOW,2026-06-10,📈 TĂNG,55.1%,LOW,2026-06-11,📈 TĂNG,54.8%,LOW,2026-06-12,📈 TĂNG,54.4%,LOW,2026-06-15,📈 TĂNG,54.1%,LOW,2026-06-16,📈 TĂNG,53.8%,LOW,2026-06-17,📈 TĂNG,53.5%,HIGH,2026-06-18,📈 TĂNG,53.2%,HIGH,2026-06-19,📈 TĂNG,52.9%,HIGH,2026-06-22,📈 TĂNG,52.5%,HIGH,2026-06-23,📈 TĂNG,52.2%,HIGH,2026-06-24,📈 TĂNG,51.9%,HIGH
PJS,2026-05-13,2026-06-04,📉 GIẢM,31.7%,MEDIUM,2026-06-05,📉 GIẢM,31.7%,HIGH,2026-06-08,📉 GIẢM,32.7%,HIGH,2026-06-09,📉 GIẢM,33.6%,HIGH,2026-06-10,📉 GIẢM,34.6%,HIGH,2026-06-11,📉 GIẢM,35.6%,HIGH,2026-06-12,📉 GIẢM,36.5%,HIGH,2026-06-15,📉 GIẢM,37.5%,HIGH,2026-06-16,📉 GIẢM,38.4%,HIGH,2026-06-17,📉 GIẢM,39.4%,HIGH,2026-06-18,📉 GIẢM,40.4%,HIGH,2026-06-19,📉 GIẢM,41.3%,HIGH,2026-06-22,📉 GIẢM,42.3%,HIGH,2026-06-23,📉 GIẢM,43.3%,HIGH,2026-06-24,📉 GIẢM,44.2%,HIGH
QCC,2026-05-13,2026-06-04,📉 GIẢM,33.5%,MEDIUM,2026-06-05,📉 GIẢM,34.3%,MEDIUM,2026-06-08,📉 GIẢM,35.2%,MEDIUM,2026-06-09,📉 GIẢM,36.0%,HIGH,2026-06-10,📉 GIẢM,36.8%,HIGH,2026-06-11,📉 GIẢM,37.6%,HIGH,2026-06-12,📉 GIẢM,38.3%,HIGH,2026-06-15,📉 GIẢM,39.2%,HIGH,2026-06-16,📉 GIẢM,40.0%,HIGH,2026-06-17,📉 GIẢM,40.8%,HIGH,2026-06-18,📉 GIẢM,41.7%,HIGH,2026-06-19,📉 GIẢM,42.5%,HIGH,2026-06-22,📉 GIẢM,43.3%,HIGH,2026-06-23,📉 GIẢM,44.2%,HIGH,2026-06-24,📉 GIẢM,45.0%,HIGH
FHS,2026-05-14,2026-06-04,📉 GIẢM,39.7%,MEDIUM,2026-06-05,📉 GIẢM,40.2%,LOW,2026-06-08,📉 GIẢM,40.7%,LOW,2026-06-09,📉 GIẢM,41.2%,LOW,2026-06-10,📉 GIẢM,41.7%,LOW,2026-06-11,📉 GIẢM,42.3%,LOW,2026-06-12,📉 GIẢM,42.8%,LOW,2026-06-15,📉 GIẢM,43.3%,HIGH,2026-06-16,📉 GIẢM,43.8%,HIGH,2026-06-17,📉 GIẢM,44.3%,HIGH,2026-06-18,📉 GIẢM,44.8%,HIGH,2026-06-19,📉 GIẢM,45.4%,HIGH,2026-06-22,📉 GIẢM,45.9%,HIGH,2026-06-23,📉 GIẢM,46.4%,HIGH,2026-06-24,📉 GIẢM,46.9%,HIGH
CMC,2026-05-14,2026-06-04,📉 GIẢM,27.8%,HIGH,2026-06-05,📉 GIẢM,28.9%,HIGH,2026-06-08,📉 GIẢM,30.0%,HIGH,2026-06-09,📉 GIẢM,31.2%,HIGH,2026-06-10,📉 GIẢM,32.3%,HIGH,2026-06-11,📉 GIẢM,33.4%,HIGH,2026-06-12,📉 GIẢM,34.5%,HIGH,2026-06-15,📉 GIẢM,35.6%,HIGH,2026-06-16,📉 GIẢM,36.7%,HIGH,2026-06-17,📉 GIẢM,37.8%,HIGH,2026-06-18,📉 GIẢM,38.9%,HIGH,2026-06-19,📉 GIẢM,40.0%,HIGH,2026-06-22,📉 GIẢM,41.1%,HIGH,2026-06-23,📉 GIẢM,42.2%,HIGH,2026-06-24,📉 GIẢM,43.3%,HIGH
HUG,2026-05-14,2026-06-04,📉 GIẢM,21.6%,HIGH,2026-06-05,📉 GIẢM,22.6%,HIGH,2026-06-08,📉 GIẢM,24.0%,HIGH,2026-06-09,📉 GIẢM,25.5%,HIGH,2026-06-10,📉 GIẢM,26.9%,HIGH,2026-06-11,📉 GIẢM,28.4%,HIGH,2026-06-12,📉 GIẢM,29.8%,HIGH,2026-06-15,📉 GIẢM,31.3%,HIGH,2026-06-16,📉 GIẢM,32.7%,HIGH,2026-06-17,📉 GIẢM,34.1%,HIGH,2026-06-18,📉 GIẢM,35.9%,HIGH,2026-06-19,📉 GIẢM,37.3%,HIGH,2026-06-22,📉 GIẢM,38.7%,HIGH,2026-06-23,📉 GIẢM,40.1%,HIGH,2026-06-24,📉 GIẢM,41.5%,HIGH
MRF,2026-05-14,2026-06-04,📉 GIẢM,44.3%,LOW,2026-06-05,📉 GIẢM,43.1%,LOW,2026-06-08,📉 GIẢM,43.4%,LOW,2026-06-09,📉 GIẢM,43.8%,LOW,2026-06-10,📉 GIẢM,44.2%,LOW,2026-06-11,📉 GIẢM,45.0%,LOW,2026-06-12,📉 GIẢM,45.3%,LOW,2026-06-15,📉 GIẢM,45.7%,LOW,2026-06-16,📉 GIẢM,46.0%,LOW,2026-06-17,📉 GIẢM,46.3%,HIGH,2026-06-18,📉 GIẢM,46.7%,HIGH,2026-06-19,📉 GIẢM,47.0%,HIGH,2026-06-22,📉 GIẢM,47.3%,HIGH,2026-06-23,📉 GIẢM,47.7%,HIGH,2026-06-24,📉 GIẢM,48.0%,HIGH
NDP,2026-05-14,2026-06-04,📉 GIẢM,39.9%,MEDIUM,2026-06-05,📉 GIẢM,40.4%,LOW,2026-06-08,📉 GIẢM,40.9%,LOW,2026-06-09,📉 GIẢM,41.4%,LOW,2026-06-10,📉 GIẢM,41.9%,LOW,2026-06-11,📉 GIẢM,42.4%,LOW,2026-06-12,📉 GIẢM,42.8%,LOW,2026-06-15,📉 GIẢM,43.3%,HIGH,2026-06-16,📉 GIẢM,43.8%,HIGH,2026-06-17,📉 GIẢM,44.3%,HIGH,2026-06-18,📉 GIẢM,44.8%,HIGH,2026-06-19,📉 GIẢM,45.3%,HIGH,2026-06-22,📉 GIẢM,45.9%,HIGH,2026-06-23,📉 GIẢM,46.4%,HIGH,2026-06-24,📉 GIẢM,46.9%,HIGH
UPS,2026-05-14,2026-06-04,📉 GIẢM,26.5%,HIGH,2026-06-05,📉 GIẢM,28.6%,HIGH,2026-06-08,📉 GIẢM,29.7%,HIGH,2026-06-09,📉 GIẢM,30.8%,HIGH,2026-06-10,📉 GIẢM,31.9%,HIGH,2026-06-11,📉 GIẢM,33.1%,HIGH,2026-06-12,📉 GIẢM,34.2%,HIGH,2026-06-15,📉 GIẢM,35.1%,HIGH,2026-06-16,📉 GIẢM,36.3%,HIGH,2026-06-17,📉 GIẢM,37.4%,HIGH,2026-06-18,📉 GIẢM,38.5%,HIGH,2026-06-19,📉 GIẢM,39.7%,HIGH,2026-06-22,📉 GIẢM,40.8%,HIGH,2026-06-23,📉 GIẢM,42.0%,HIGH,2026-06-24,📉 GIẢM,43.1%,HIGH
FRC,2026-05-14,2026-06-04,📉 GIẢM,22.3%,HIGH,2026-06-05,📉 GIẢM,23.4%,HIGH,2026-06-08,📉 GIẢM,24.8%,HIGH,2026-06-09,📉 GIẢM,26.2%,HIGH,2026-06-10,📉 GIẢM,27.6%,HIGH,2026-06-11,📉 GIẢM,29.0%,HIGH,2026-06-12,📉 GIẢM,30.4%,HIGH,2026-06-15,📉 GIẢM,31.8%,HIGH,2026-06-16,📉 GIẢM,33.2%,HIGH,2026-06-17,📉 GIẢM,34.6%,HIGH,2026-06-18,📉 GIẢM,36.0%,HIGH,2026-06-19,📉 GIẢM,37.4%,HIGH,2026-06-22,📉 GIẢM,38.7%,HIGH,2026-06-23,📉 GIẢM,40.1%,HIGH,2026-06-24,📉 GIẢM,41.5%,HIGH
CPA,2026-05-14,2026-06-04,📉 GIẢM,24.1%,HIGH,2026-06-05,📉 GIẢM,25.4%,HIGH,2026-06-08,📉 GIẢM,26.7%,HIGH,2026-06-09,📉 GIẢM,28.0%,HIGH,2026-06-10,📉 GIẢM,29.3%,HIGH,2026-06-11,📉 GIẢM,30.6%,HIGH,2026-06-12,📉 GIẢM,31.9%,HIGH,2026-06-15,📉 GIẢM,33.2%,HIGH,2026-06-16,📉 GIẢM,34.5%,HIGH,2026-06-17,📉 GIẢM,35.7%,HIGH,2026-06-18,📉 GIẢM,37.0%,HIGH,2026-06-19,📉 GIẢM,38.3%,HIGH,2026-06-22,📉 GIẢM,39.6%,HIGH,2026-06-23,📉 GIẢM,40.9%,HIGH,2026-06-24,📉 GIẢM,42.2%,HIGH
CCP,2026-05-14,2026-06-04,📉 GIẢM,44.8%,LOW,2026-06-05,📉 GIẢM,45.1%,LOW,2026-06-08,📉 GIẢM,45.3%,LOW,2026-06-09,📉 GIẢM,45.6%,LOW,2026-06-10,📉 GIẢM,45.8%,LOW,2026-06-11,📉 GIẢM,46.1%,LOW,2026-06-12,📉 GIẢM,46.4%,LOW,2026-06-15,📉 GIẢM,46.6%,LOW,2026-06-16,📉 GIẢM,46.9%,LOW,2026-06-17,📉 GIẢM,47.1%,HIGH,2026-06-18,📉 GIẢM,47.4%,HIGH,2026-06-19,📉 GIẢM,47.7%,HIGH,2026-06-22,📉 GIẢM,47.9%,HIGH,2026-06-23,📉 GIẢM,48.2%,HIGH,2026-06-24,📉 GIẢM,48.4%,HIGH
IHK,2026-05-14,2026-06-04,📉 GIẢM,41.5%,LOW,2026-06-05,📉 GIẢM,41.9%,LOW,2026-06-08,📉 GIẢM,42.3%,LOW,2026-06-09,📉 GIẢM,42.8%,LOW,2026-06-10,📉 GIẢM,43.2%,LOW,2026-06-11,📉 GIẢM,43.6%,LOW,2026-06-12,📉 GIẢM,44.0%,LOW,2026-06-15,📉 GIẢM,44.5%,LOW,2026-06-16,📉 GIẢM,44.9%,HIGH,2026-06-17,📉 GIẢM,45.3%,HIGH,2026-06-18,📉 GIẢM,45.7%,HIGH,2026-06-19,📉 GIẢM,46.2%,HIGH,2026-06-22,📉 GIẢM,46.6%,HIGH,2026-06-23,📉 GIẢM,47.0%,HIGH,2026-06-24,📉 GIẢM,47.4%,HIGH
BBM,2026-05-14,2026-06-04,📉 GIẢM,37.5%,MEDIUM,2026-06-05,📉 GIẢM,38.1%,MEDIUM,2026-06-08,📉 GIẢM,38.7%,MEDIUM,2026-06-09,📉 GIẢM,39.4%,MEDIUM,2026-06-10,📉 GIẢM,40.0%,MEDIUM,2026-06-11,📉 GIẢM,40.6%,LOW,2026-06-12,📉 GIẢM,41.2%,HIGH,2026-06-15,📉 GIẢM,41.9%,HIGH,2026-06-16,📉 GIẢM,42.5%,HIGH,2026-06-17,📉 GIẢM,43.1%,HIGH,2026-06-18,📉 GIẢM,43.7%,HIGH,2026-06-19,📉 GIẢM,44.4%,HIGH,2026-06-22,📉 GIẢM,45.0%,HIGH,2026-06-23,📉 GIẢM,45.6%,HIGH,2026-06-24,📉 GIẢM,46.2%,HIGH
TIX,2026-05-14,2026-06-04,📉 GIẢM,23.4%,HIGH,2026-06-05,📉 GIẢM,25.1%,HIGH,2026-06-08,📉 GIẢM,26.4%,HIGH,2026-06-09,📉 GIẢM,27.8%,HIGH,2026-06-10,📉 GIẢM,29.1%,HIGH,2026-06-11,📉 GIẢM,30.4%,HIGH,2026-06-12,📉 GIẢM,31.7%,HIGH,2026-06-15,📉 GIẢM,33.0%,HIGH,2026-06-16,📉 GIẢM,34.3%,HIGH,2026-06-17,📉 GIẢM,35.6%,HIGH,2026-06-18,📉 GIẢM,37.0%,HIGH,2026-06-19,📉 GIẢM,38.3%,HIGH,2026-06-22,📉 GIẢM,39.6%,HIGH,2026-06-23,📉 GIẢM,40.9%,HIGH,2026-06-24,📉 GIẢM,42.3%,HIGH
PSN,2026-05-14,2026-06-04,📉 GIẢM,41.5%,LOW,2026-06-05,📉 GIẢM,41.6%,LOW,2026-06-08,📉 GIẢM,42.0%,LOW,2026-06-09,📉 GIẢM,42.5%,LOW,2026-06-10,📉 GIẢM,42.9%,LOW,2026-06-11,📉 GIẢM,43.3%,LOW,2026-06-12,📉 GIẢM,43.8%,LOW,2026-06-15,📉 GIẢM,44.2%,LOW,2026-06-16,📉 GIẢM,44.7%,HIGH,2026-06-17,📉 GIẢM,45.1%,HIGH,2026-06-18,📉 GIẢM,45.6%,HIGH,2026-06-19,📉 GIẢM,46.0%,HIGH,2026-06-22,📉 GIẢM,46.4%,HIGH,2026-06-23,📉 GIẢM,46.9%,HIGH,2026-06-24,📉 GIẢM,47.3%,HIGH
HTT,2026-05-15,2026-06-04,📉 GIẢM,18.8%,HIGH,2026-06-05,📉 GIẢM,21.2%,HIGH,2026-06-08,📉 GIẢM,22.9%,HIGH,2026-06-09,📉 GIẢM,24.4%,HIGH,2026-06-10,📉 GIẢM,25.9%,HIGH,2026-06-11,📉 GIẢM,27.5%,HIGH,2026-06-12,📉 GIẢM,29.0%,HIGH,2026-06-15,📉 GIẢM,30.5%,HIGH,2026-06-16,📉 GIẢM,32.0%,HIGH,2026-06-17,📉 GIẢM,33.5%,HIGH,2026-06-18,📉 GIẢM,35.4%,HIGH,2026-06-19,📉 GIẢM,36.9%,HIGH,2026-06-22,📉 GIẢM,38.4%,HIGH,2026-06-23,📉 GIẢM,40.0%,HIGH,2026-06-24,📉 GIẢM,41.4%,HIGH
CPI,2026-05-15,2026-06-04,📉 GIẢM,23.7%,HIGH,2026-06-05,📉 GIẢM,25.0%,HIGH,2026-06-08,📉 GIẢM,26.3%,HIGH,2026-06-09,📉 GIẢM,28.1%,HIGH,2026-06-10,📉 GIẢM,29.4%,HIGH,2026-06-11,📉 GIẢM,30.6%,HIGH,2026-06-12,📉 GIẢM,31.9%,HIGH,2026-06-15,📉 GIẢM,33.2%,HIGH,2026-06-16,📉 GIẢM,34.5%,HIGH,2026-06-17,📉 GIẢM,35.8%,HIGH,2026-06-18,📉 GIẢM,36.7%,HIGH,2026-06-19,📉 GIẢM,38.1%,HIGH,2026-06-22,📉 GIẢM,39.4%,HIGH,2026-06-23,📉 GIẢM,40.9%,HIGH,2026-06-24,📉 GIẢM,42.2%,HIGH
PCG,2026-05-15,2026-06-04,📉 GIẢM,49.7%,LOW,2026-06-05,📉 GIẢM,49.7%,LOW,2026-06-08,📉 GIẢM,49.7%,LOW,2026-06-09,📉 GIẢM,49.7%,LOW,2026-06-10,📉 GIẢM,49.7%,LOW,2026-06-11,📉 GIẢM,49.7%,LOW,2026-06-12,📉 GIẢM,49.8%,LOW,2026-06-15,📉 GIẢM,49.8%,LOW,2026-06-16,📉 GIẢM,49.8%,LOW,2026-06-17,📉 GIẢM,49.8%,LOW,2026-06-18,📉 GIẢM,49.8%,HIGH,2026-06-19,📉 GIẢM,49.8%,HIGH,2026-06-22,📉 GIẢM,49.9%,HIGH,2026-06-23,📉 GIẢM,49.9%,HIGH,2026-06-24,📉 GIẢM,49.9%,HIGH
PMP,2026-05-15,2026-06-04,📉 GIẢM,30.1%,MEDIUM,2026-06-05,📉 GIẢM,31.0%,HIGH,2026-06-08,📉 GIẢM,32.0%,HIGH,2026-06-09,📉 GIẢM,33.0%,HIGH,2026-06-10,📉 GIẢM,34.0%,HIGH,2026-06-11,📉 GIẢM,35.0%,HIGH,2026-06-12,📉 GIẢM,36.0%,HIGH,2026-06-15,📉 GIẢM,37.0%,HIGH,2026-06-16,📉 GIẢM,38.0%,HIGH,2026-06-17,📉 GIẢM,39.0%,HIGH,2026-06-18,📉 GIẢM,40.0%,HIGH,2026-06-19,📉 GIẢM,41.0%,HIGH,2026-06-22,📉 GIẢM,42.0%,HIGH,2026-06-23,📉 GIẢM,43.0%,HIGH,2026-06-24,📉 GIẢM,44.0%,HIGH
TNP,2026-05-15,2026-06-04,📉 GIẢM,28.2%,HIGH,2026-06-05,📉 GIẢM,29.3%,HIGH,2026-06-08,📉 GIẢM,30.3%,HIGH,2026-06-09,📉 GIẢM,31.4%,HIGH,2026-06-10,📉 GIẢM,32.5%,HIGH,2026-06-11,📉 GIẢM,33.6%,HIGH,2026-06-12,📉 GIẢM,34.7%,HIGH,2026-06-15,📉 GIẢM,35.8%,HIGH,2026-06-16,📉 GIẢM,36.6%,HIGH,2026-06-17,📉 GIẢM,37.7%,HIGH,2026-06-18,📉 GIẢM,39.0%,HIGH,2026-06-19,📉 GIẢM,40.1%,HIGH,2026-06-22,📉 GIẢM,41.2%,HIGH,2026-06-23,📉 GIẢM,42.3%,HIGH,2026-06-24,📉 GIẢM,43.4%,HIGH
VSG,2026-05-15,2026-06-04,📉 GIẢM,27.8%,HIGH,2026-06-05,📉 GIẢM,28.6%,HIGH,2026-06-08,📉 GIẢM,29.7%,HIGH,2026-06-09,📉 GIẢM,30.9%,HIGH,2026-06-10,📉 GIẢM,32.0%,HIGH,2026-06-11,📉 GIẢM,33.1%,HIGH,2026-06-12,📉 GIẢM,34.2%,HIGH,2026-06-15,📉 GIẢM,35.4%,HIGH,2026-06-16,📉 GIẢM,36.5%,HIGH,2026-06-17,📉 GIẢM,37.3%,HIGH,2026-06-18,📉 GIẢM,38.5%,HIGH,2026-06-19,📉 GIẢM,39.6%,HIGH,2026-06-22,📉 GIẢM,40.8%,HIGH,2026-06-23,📉 GIẢM,41.9%,HIGH,2026-06-24,📉 GIẢM,43.1%,HIGH
SD7,2026-05-15,2026-06-04,📉 GIẢM,20.7%,HIGH,2026-06-05,📉 GIẢM,21.8%,HIGH,2026-06-08,📉 GIẢM,23.2%,HIGH,2026-06-09,📉 GIẢM,24.7%,HIGH,2026-06-10,📉 GIẢM,26.2%,HIGH,2026-06-11,📉 GIẢM,27.7%,HIGH,2026-06-12,📉 GIẢM,29.2%,HIGH,2026-06-15,📉 GIẢM,30.7%,HIGH,2026-06-16,📉 GIẢM,32.2%,HIGH,2026-06-17,📉 GIẢM,33.6%,HIGH,2026-06-18,📉 GIẢM,35.1%,HIGH,2026-06-19,📉 GIẢM,36.6%,HIGH,2026-06-22,📉 GIẢM,38.1%,HIGH,2026-06-23,📉 GIẢM,39.6%,HIGH,2026-06-24,📉 GIẢM,41.1%,HIGH
HLY,2026-05-15,2026-06-04,📉 GIẢM,39.3%,MEDIUM,2026-06-05,📉 GIẢM,38.5%,MEDIUM,2026-06-08,📉 GIẢM,33.4%,HIGH,2026-06-09,📉 GIẢM,34.3%,HIGH,2026-06-10,📉 GIẢM,35.2%,HIGH,2026-06-11,📉 GIẢM,36.1%,HIGH,2026-06-12,📉 GIẢM,37.1%,HIGH,2026-06-15,📉 GIẢM,38.0%,HIGH,2026-06-16,📉 GIẢM,38.9%,HIGH,2026-06-17,📉 GIẢM,39.8%,HIGH,2026-06-18,📉 GIẢM,40.8%,HIGH,2026-06-19,📉 GIẢM,41.7%,HIGH,2026-06-22,📉 GIẢM,42.6%,HIGH,2026-06-23,📉 GIẢM,43.5%,HIGH,2026-06-24,📉 GIẢM,44.5%,HIGH
TMG,2026-05-15,2026-06-04,📈 TĂNG,61.3%,MEDIUM,2026-06-05,📈 TĂNG,62.1%,MEDIUM,2026-06-08,📈 TĂNG,61.5%,MEDIUM,2026-06-09,📈 TĂNG,60.1%,MEDIUM,2026-06-10,📈 TĂNG,61.2%,MEDIUM,2026-06-11,📈 TĂNG,60.5%,HIGH,2026-06-12,📈 TĂNG,59.8%,HIGH,2026-06-15,📈 TĂNG,59.1%,HIGH,2026-06-16,📈 TĂNG,58.6%,HIGH,2026-06-17,📈 TĂNG,57.8%,HIGH,2026-06-18,📈 TĂNG,57.1%,HIGH,2026-06-19,📈 TĂNG,56.4%,HIGH,2026-06-22,📈 TĂNG,55.7%,HIGH,2026-06-23,📈 TĂNG,55.0%,HIGH,2026-06-24,📈 TĂNG,54.3%,HIGH
TNB,2026-05-15,2026-06-04,📉 GIẢM,30.4%,MEDIUM,2026-06-05,📉 GIẢM,30.7%,HIGH,2026-06-08,📉 GIẢM,31.7%,HIGH,2026-06-09,📉 GIẢM,32.7%,HIGH,2026-06-10,📉 GIẢM,33.7%,HIGH,2026-06-11,📉 GIẢM,34.8%,HIGH,2026-06-12,📉 GIẢM,35.8%,HIGH,2026-06-15,📉 GIẢM,36.8%,HIGH,2026-06-16,📉 GIẢM,37.6%,HIGH,2026-06-17,📉 GIẢM,38.7%,HIGH,2026-06-18,📉 GIẢM,39.7%,HIGH,2026-06-19,📉 GIẢM,40.7%,HIGH,2026-06-22,📉 GIẢM,41.8%,HIGH,2026-06-23,📉 GIẢM,42.8%,HIGH,2026-06-24,📉 GIẢM,43.8%,HIGH
SPC,2026-05-15,2026-06-04,📈 TĂNG,53.3%,LOW,2026-06-05,📈 TĂNG,53.1%,LOW,2026-06-08,📈 TĂNG,52.8%,LOW,2026-06-09,📈 TĂNG,52.7%,LOW,2026-06-10,📈 TĂNG,52.5%,LOW,2026-06-11,📈 TĂNG,52.4%,LOW,2026-06-12,📈 TĂNG,52.2%,LOW,2026-06-15,📈 TĂNG,52.0%,LOW,2026-06-16,📈 TĂNG,51.9%,LOW,2026-06-17,📈 TĂNG,51.7%,LOW,2026-06-18,📈 TĂNG,51.6%,HIGH,2026-06-19,📈 TĂNG,51.4%,HIGH,2026-06-22,📈 TĂNG,51.3%,HIGH,2026-06-23,📈 TĂNG,51.1%,HIGH,2026-06-24,📈 TĂNG,50.9%,HIGH
VTG,2026-05-15,2026-06-04,📉 GIẢM,36.0%,MEDIUM,2026-06-05,📉 GIẢM,36.7%,MEDIUM,2026-06-08,📉 GIẢM,37.4%,MEDIUM,2026-06-09,📉 GIẢM,38.1%,MEDIUM,2026-06-10,📉 GIẢM,38.8%,MEDIUM,2026-06-11,📉 GIẢM,39.5%,HIGH,2026-06-12,📉 GIẢM,40.2%,HIGH,2026-06-15,📉 GIẢM,40.9%,HIGH,2026-06-16,📉 GIẢM,41.6%,HIGH,2026-06-17,📉 GIẢM,42.6%,HIGH,2026-06-18,📉 GIẢM,43.3%,HIGH,2026-06-19,📉 GIẢM,43.9%,HIGH,2026-06-22,📉 GIẢM,44.6%,HIGH,2026-06-23,📉 GIẢM,45.3%,HIGH,2026-06-24,📉 GIẢM,46.0%,HIGH
C21,2026-05-15,2026-06-04,📈 TĂNG,66.4%,MEDIUM,2026-06-05,📈 TĂNG,65.2%,MEDIUM,2026-06-08,📈 TĂNG,64.4%,MEDIUM,2026-06-09,📈 TĂNG,63.6%,MEDIUM,2026-06-10,📈 TĂNG,62.8%,HIGH,2026-06-11,📈 TĂNG,62.0%,HIGH,2026-06-12,📈 TĂNG,61.2%,HIGH,2026-06-15,📈 TĂNG,60.4%,HIGH,2026-06-16,📈 TĂNG,59.6%,HIGH,2026-06-17,📈 TĂNG,58.8%,HIGH,2026-06-18,📈 TĂNG,58.0%,HIGH,2026-06-19,📈 TĂNG,57.2%,HIGH,2026-06-22,📈 TĂNG,56.4%,HIGH,2026-06-23,📈 TĂNG,55.6%,HIGH,2026-06-24,📈 TĂNG,54.8%,HIGH
SNC,2026-05-15,2026-06-04,📈 TĂNG,54.9%,LOW,2026-06-05,📈 TĂNG,55.6%,LOW,2026-06-08,📈 TĂNG,55.3%,LOW,2026-06-09,📈 TĂNG,55.0%,LOW,2026-06-10,📈 TĂNG,54.7%,LOW,2026-06-11,📈 TĂNG,54.4%,LOW,2026-06-12,📈 TĂNG,54.1%,LOW,2026-06-15,📈 TĂNG,53.8%,LOW,2026-06-16,📈 TĂNG,53.5%,LOW,2026-06-17,📈 TĂNG,53.2%,HIGH,2026-06-18,📈 TĂNG,52.9%,HIGH,2026-06-19,📈 TĂNG,52.6%,HIGH,2026-06-22,📈 TĂNG,52.4%,HIGH,2026-06-23,📈 TĂNG,52.1%,HIGH,2026-06-24,📈 TĂNG,51.8%,HIGH
KST,2026-05-15,2026-06-04,📉 GIẢM,32.2%,MEDIUM,2026-06-05,📉 GIẢM,32.0%,MEDIUM,2026-06-08,📉 GIẢM,33.0%,HIGH,2026-06-09,📉 GIẢM,33.9%,HIGH,2026-06-10,📉 GIẢM,35.0%,HIGH,2026-06-11,📉 GIẢM,35.9%,HIGH,2026-06-12,📉 GIẢM,36.9%,HIGH,2026-06-15,📉 GIẢM,37.8%,HIGH,2026-06-16,📉 GIẢM,38.8%,HIGH,2026-06-17,📉 GIẢM,39.7%,HIGH,2026-06-18,📉 GIẢM,40.6%,HIGH,2026-06-19,📉 GIẢM,41.6%,HIGH,2026-06-22,📉 GIẢM,42.5%,HIGH,2026-06-23,📉 GIẢM,43.4%,HIGH,2026-06-24,📉 GIẢM,44.4%,HIGH
PNC,2026-05-15,2026-06-04,📉 GIẢM,25.2%,HIGH,2026-06-05,📉 GIẢM,26.4%,HIGH,2026-06-08,📉 GIẢM,28.0%,HIGH,2026-06-09,📉 GIẢM,29.2%,HIGH,2026-06-10,📉 GIẢM,30.4%,HIGH,2026-06-11,📉 GIẢM,31.6%,HIGH,2026-06-12,📉 GIẢM,32.9%,HIGH,2026-06-15,📉 GIẢM,34.1%,HIGH,2026-06-16,📉 GIẢM,35.4%,HIGH,2026-06-17,📉 GIẢM,36.6%,HIGH,2026-06-18,📉 GIẢM,37.9%,HIGH,2026-06-19,📉 GIẢM,39.1%,HIGH,2026-06-22,📉 GIẢM,40.3%,HIGH,2026-06-23,📉 GIẢM,41.5%,HIGH,2026-06-24,📉 GIẢM,42.7%,HIGH
DSG,2026-05-15,2026-06-04,📉 GIẢM,27.4%,HIGH,2026-06-05,📉 GIẢM,28.2%,HIGH,2026-06-08,📉 GIẢM,29.4%,HIGH,2026-06-09,📉 GIẢM,30.5%,HIGH,2026-06-10,📉 GIẢM,31.7%,HIGH,2026-06-11,📉 GIẢM,32.8%,HIGH,2026-06-12,📉 GIẢM,34.0%,HIGH,2026-06-15,📉 GIẢM,35.1%,HIGH,2026-06-16,📉 GIẢM,36.3%,HIGH,2026-06-17,📉 GIẢM,37.4%,HIGH,2026-06-18,📉 GIẢM,38.5%,HIGH,2026-06-19,📉 GIẢM,39.7%,HIGH,2026-06-22,📉 GIẢM,40.8%,HIGH,2026-06-23,📉 GIẢM,42.0%,HIGH,2026-06-24,📉 GIẢM,43.1%,HIGH
GCB,2026-05-15,2026-06-04,📉 GIẢM,36.1%,MEDIUM,2026-06-05,📉 GIẢM,37.1%,MEDIUM,2026-06-08,📉 GIẢM,37.7%,MEDIUM,2026-06-09,📉 GIẢM,38.4%,MEDIUM,2026-06-10,📉 GIẢM,39.1%,MEDIUM,2026-06-11,📉 GIẢM,39.8%,HIGH,2026-06-12,📉 GIẢM,40.5%,HIGH,2026-06-15,📉 GIẢM,41.1%,HIGH,2026-06-16,📉 GIẢM,41.8%,HIGH,2026-06-17,📉 GIẢM,42.5%,HIGH,2026-06-18,📉 GIẢM,43.3%,HIGH,2026-06-19,📉 GIẢM,44.0%,HIGH,2026-06-22,📉 GIẢM,44.7%,HIGH,2026-06-23,📉 GIẢM,45.3%,HIGH,2026-06-24,📉 GIẢM,46.0%,HIGH
RCD,2026-05-15,2026-06-04,📈 TĂNG,58.5%,LOW,2026-06-05,📉 GIẢM,48.2%,LOW,2026-06-08,📈 TĂNG,57.7%,LOW,2026-06-09,📉 GIẢM,48.3%,LOW,2026-06-10,📈 TĂNG,56.8%,LOW,2026-06-11,📉 GIẢM,48.5%,LOW,2026-06-12,📈 TĂNG,56.0%,LOW,2026-06-15,📉 GIẢM,48.7%,LOW,2026-06-16,📈 TĂNG,55.1%,HIGH,2026-06-17,📉 GIẢM,48.9%,LOW,2026-06-18,📈 TĂNG,54.3%,HIGH,2026-06-19,📉 GIẢM,49.1%,HIGH,2026-06-22,📈 TĂNG,53.4%,HIGH,2026-06-23,📉 GIẢM,49.3%,HIGH,2026-06-24,📈 TĂNG,52.6%,HIGH
DTC,2026-05-15,2026-06-04,📈 TĂNG,56.7%,LOW,2026-06-05,📈 TĂNG,56.3%,LOW,2026-06-08,📈 TĂNG,56.1%,LOW,2026-06-09,📈 TĂNG,55.7%,LOW,2026-06-10,📈 TĂNG,55.3%,LOW,2026-06-11,📈 TĂNG,54.9%,LOW,2026-06-12,📈 TĂNG,54.6%,LOW,2026-06-15,📈 TĂNG,54.3%,LOW,2026-06-16,📈 TĂNG,54.0%,LOW,2026-06-17,📈 TĂNG,53.6%,HIGH,2026-06-18,📈 TĂNG,53.3%,HIGH,2026-06-19,📈 TĂNG,52.9%,HIGH,2026-06-22,📈 TĂNG,52.6%,HIGH,2026-06-23,📈 TĂNG,52.3%,HIGH,2026-06-24,📈 TĂNG,52.0%,HIGH
VBC,2026-05-18,2026-06-04,📉 GIẢM,35.7%,MEDIUM,2026-06-05,📉 GIẢM,36.4%,MEDIUM,2026-06-08,📉 GIẢM,37.1%,MEDIUM,2026-06-09,📉 GIẢM,37.8%,MEDIUM,2026-06-10,📉 GIẢM,38.5%,MEDIUM,2026-06-11,📉 GIẢM,39.3%,HIGH,2026-06-12,📉 GIẢM,40.0%,HIGH,2026-06-15,📉 GIẢM,40.7%,HIGH,2026-06-16,📉 GIẢM,41.4%,HIGH,2026-06-17,📉 GIẢM,42.1%,HIGH,2026-06-18,📉 GIẢM,42.8%,HIGH,2026-06-19,📉 GIẢM,43.6%,HIGH,2026-06-22,📉 GIẢM,44.3%,HIGH,2026-06-23,📉 GIẢM,45.0%,HIGH,2026-06-24,📉 GIẢM,45.7%,HIGH
RCC,2026-05-18,2026-06-04,📉 GIẢM,34.7%,MEDIUM,2026-06-05,📉 GIẢM,35.4%,MEDIUM,2026-06-08,📉 GIẢM,36.2%,MEDIUM,2026-06-09,📉 GIẢM,36.9%,MEDIUM,2026-06-10,📉 GIẢM,37.7%,HIGH,2026-06-11,📉 GIẢM,38.5%,HIGH,2026-06-12,📉 GIẢM,39.2%,HIGH,2026-06-15,📉 GIẢM,40.0%,HIGH,2026-06-16,📉 GIẢM,40.8%,HIGH,2026-06-17,📉 GIẢM,41.5%,HIGH,2026-06-18,📉 GIẢM,42.3%,HIGH,2026-06-19,📉 GIẢM,43.1%,HIGH,2026-06-22,📉 GIẢM,43.9%,HIGH,2026-06-23,📉 GIẢM,44.6%,HIGH,2026-06-24,📉 GIẢM,45.4%,HIGH
TDF,2026-05-18,2026-06-04,📉 GIẢM,25.3%,HIGH,2026-06-05,📉 GIẢM,26.5%,HIGH,2026-06-08,📉 GIẢM,27.7%,HIGH,2026-06-09,📉 GIẢM,29.0%,HIGH,2026-06-10,📉 GIẢM,30.2%,HIGH,2026-06-11,📉 GIẢM,31.5%,HIGH,2026-06-12,📉 GIẢM,32.7%,HIGH,2026-06-15,📉 GIẢM,33.9%,HIGH,2026-06-16,📉 GIẢM,35.2%,HIGH,2026-06-17,📉 GIẢM,36.4%,HIGH,2026-06-18,📉 GIẢM,37.6%,HIGH,2026-06-19,📉 GIẢM,38.9%,HIGH,2026-06-22,📉 GIẢM,40.1%,HIGH,2026-06-23,📉 GIẢM,41.3%,HIGH,2026-06-24,📉 GIẢM,42.6%,HIGH
BHA,2026-05-18,2026-06-04,📉 GIẢM,30.7%,MEDIUM,2026-06-05,📉 GIẢM,31.7%,HIGH,2026-06-08,📉 GIẢM,32.6%,HIGH,2026-06-09,📉 GIẢM,33.6%,HIGH,2026-06-10,📉 GIẢM,34.8%,HIGH,2026-06-11,📉 GIẢM,35.7%,HIGH,2026-06-12,📉 GIẢM,36.7%,HIGH,2026-06-15,📉 GIẢM,37.6%,HIGH,2026-06-16,📉 GIẢM,38.6%,HIGH,2026-06-17,📉 GIẢM,39.5%,HIGH,2026-06-18,📉 GIẢM,40.5%,HIGH,2026-06-19,📉 GIẢM,41.9%,HIGH,2026-06-22,📉 GIẢM,42.8%,HIGH,2026-06-23,📉 GIẢM,43.7%,HIGH,2026-06-24,📉 GIẢM,44.6%,HIGH
CAN,2026-05-18,2026-06-04,📉 GIẢM,23.3%,HIGH,2026-06-05,📉 GIẢM,24.7%,HIGH,2026-06-08,📉 GIẢM,26.0%,HIGH,2026-06-09,📉 GIẢM,27.4%,HIGH,2026-06-10,📉 GIẢM,28.7%,HIGH,2026-06-11,📉 GIẢM,30.0%,HIGH,2026-06-12,📉 GIẢM,31.4%,HIGH,2026-06-15,📉 GIẢM,32.7%,HIGH,2026-06-16,📉 GIẢM,34.0%,HIGH,2026-06-17,📉 GIẢM,35.4%,HIGH,2026-06-18,📉 GIẢM,36.7%,HIGH,2026-06-19,📉 GIẢM,38.0%,HIGH,2026-06-22,📉 GIẢM,39.3%,HIGH,2026-06-23,📉 GIẢM,40.7%,HIGH,2026-06-24,📉 GIẢM,42.0%,HIGH
SDN,2026-05-18,2026-06-04,📉 GIẢM,37.8%,MEDIUM,2026-06-05,📉 GIẢM,38.9%,MEDIUM,2026-06-08,📉 GIẢM,39.5%,MEDIUM,2026-06-09,📉 GIẢM,40.1%,LOW,2026-06-10,📉 GIẢM,40.7%,LOW,2026-06-11,📉 GIẢM,41.3%,LOW,2026-06-12,📉 GIẢM,41.9%,HIGH,2026-06-15,📉 GIẢM,42.5%,HIGH,2026-06-16,📉 GIẢM,43.1%,HIGH,2026-06-17,📉 GIẢM,43.6%,HIGH,2026-06-18,📉 GIẢM,44.2%,HIGH,2026-06-19,📉 GIẢM,44.8%,HIGH,2026-06-22,📉 GIẢM,46.0%,HIGH,2026-06-23,📉 GIẢM,46.5%,HIGH,2026-06-24,📉 GIẢM,47.0%,HIGH
TVH,2026-05-18,2026-06-04,📉 GIẢM,33.1%,MEDIUM,2026-06-05,📉 GIẢM,33.9%,MEDIUM,2026-06-08,📉 GIẢM,34.8%,MEDIUM,2026-06-09,📉 GIẢM,35.6%,HIGH,2026-06-10,📉 GIẢM,36.5%,HIGH,2026-06-11,📉 GIẢM,37.3%,HIGH,2026-06-12,📉 GIẢM,38.2%,HIGH,2026-06-15,📉 GIẢM,39.0%,HIGH,2026-06-16,📉 GIẢM,39.9%,HIGH,2026-06-17,📉 GIẢM,40.7%,HIGH,2026-06-18,📉 GIẢM,41.6%,HIGH,2026-06-19,📉 GIẢM,42.4%,HIGH,2026-06-22,📉 GIẢM,43.2%,HIGH,2026-06-23,📉 GIẢM,44.1%,HIGH,2026-06-24,📉 GIẢM,44.9%,HIGH
PNT,2026-05-18,2026-06-04,📈 TĂNG,54.1%,LOW,2026-06-05,📈 TĂNG,53.9%,LOW,2026-06-08,📈 TĂNG,53.7%,LOW,2026-06-09,📈 TĂNG,53.5%,LOW,2026-06-10,📈 TĂNG,53.3%,LOW,2026-06-11,📈 TĂNG,53.1%,LOW,2026-06-12,📈 TĂNG,52.9%,LOW,2026-06-15,📈 TĂNG,52.7%,LOW,2026-06-16,📈 TĂNG,52.5%,LOW,2026-06-17,📈 TĂNG,52.3%,HIGH,2026-06-18,📈 TĂNG,52.1%,HIGH,2026-06-19,📈 TĂNG,51.8%,HIGH,2026-06-22,📈 TĂNG,51.6%,HIGH,2026-06-23,📈 TĂNG,51.4%,HIGH,2026-06-24,📈 TĂNG,51.2%,HIGH
VFR,2026-05-18,2026-06-04,📉 GIẢM,36.4%,MEDIUM,2026-06-05,📉 GIẢM,37.0%,MEDIUM,2026-06-08,📉 GIẢM,37.7%,MEDIUM,2026-06-09,📉 GIẢM,38.4%,MEDIUM,2026-06-10,📉 GIẢM,39.1%,MEDIUM,2026-06-11,📉 GIẢM,39.8%,HIGH,2026-06-12,📉 GIẢM,40.5%,HIGH,2026-06-15,📉 GIẢM,41.1%,HIGH,2026-06-16,📉 GIẢM,41.8%,HIGH,2026-06-17,📉 GIẢM,42.5%,HIGH,2026-06-18,📉 GIẢM,43.2%,HIGH,2026-06-19,📉 GIẢM,43.9%,HIGH,2026-06-22,📉 GIẢM,44.5%,HIGH,2026-06-23,📉 GIẢM,45.2%,HIGH,2026-06-24,📉 GIẢM,45.9%,HIGH
MTH,2026-05-18,2026-06-04,📉 GIẢM,35.5%,MEDIUM,2026-06-05,📉 GIẢM,36.2%,MEDIUM,2026-06-08,📉 GIẢM,37.0%,MEDIUM,2026-06-09,📉 GIẢM,37.7%,MEDIUM,2026-06-10,📉 GIẢM,38.4%,MEDIUM,2026-06-11,📉 GIẢM,39.4%,HIGH,2026-06-12,📉 GIẢM,40.1%,HIGH,2026-06-15,📉 GIẢM,40.8%,HIGH,2026-06-16,📉 GIẢM,41.5%,HIGH,2026-06-17,📉 GIẢM,42.2%,HIGH,2026-06-18,📉 GIẢM,42.9%,HIGH,2026-06-19,📉 GIẢM,43.6%,HIGH,2026-06-22,📉 GIẢM,44.3%,HIGH,2026-06-23,📉 GIẢM,45.0%,HIGH,2026-06-24,📉 GIẢM,45.7%,HIGH
GTS,2026-05-18,2026-06-04,📉 GIẢM,28.6%,HIGH,2026-06-05,📉 GIẢM,29.6%,HIGH,2026-06-08,📉 GIẢM,30.7%,HIGH,2026-06-09,📉 GIẢM,31.8%,HIGH,2026-06-10,📉 GIẢM,32.9%,HIGH,2026-06-11,📉 GIẢM,33.9%,HIGH,2026-06-12,📉 GIẢM,35.0%,HIGH,2026-06-15,📉 GIẢM,36.1%,HIGH,2026-06-16,📉 GIẢM,37.3%,HIGH,2026-06-17,📉 GIẢM,38.3%,HIGH,2026-06-18,📉 GIẢM,39.4%,HIGH,2026-06-19,📉 GIẢM,40.5%,HIGH,2026-06-22,📉 GIẢM,41.5%,HIGH,2026-06-23,📉 GIẢM,42.6%,HIGH,2026-06-24,📉 GIẢM,43.6%,HIGH
PTO,2026-05-18,2026-06-04,📉 GIẢM,31.3%,MEDIUM,2026-06-05,📉 GIẢM,31.7%,HIGH,2026-06-08,📉 GIẢM,32.7%,HIGH,2026-06-09,📉 GIẢM,33.7%,HIGH,2026-06-10,📉 GIẢM,34.6%,HIGH,2026-06-11,📉 GIẢM,35.6%,HIGH,2026-06-12,📉 GIẢM,36.5%,HIGH,2026-06-15,📉 GIẢM,37.5%,HIGH,2026-06-16,📉 GIẢM,38.5%,HIGH,2026-06-17,📉 GIẢM,39.4%,HIGH,2026-06-18,📉 GIẢM,40.4%,HIGH,2026-06-19,📉 GIẢM,41.3%,HIGH,2026-06-22,📉 GIẢM,42.3%,HIGH,2026-06-23,📉 GIẢM,43.3%,HIGH,2026-06-24,📉 GIẢM,44.2%,HIGH
PMT,2026-05-19,2026-06-04,📉 GIẢM,35.5%,MEDIUM,2026-06-05,📉 GIẢM,36.1%,MEDIUM,2026-06-08,📉 GIẢM,36.8%,MEDIUM,2026-06-09,📉 GIẢM,37.6%,MEDIUM,2026-06-10,📉 GIẢM,38.3%,MEDIUM,2026-06-11,📉 GIẢM,39.0%,HIGH,2026-06-12,📉 GIẢM,39.8%,HIGH,2026-06-15,📉 GIẢM,40.5%,HIGH,2026-06-16,📉 GIẢM,41.2%,HIGH,2026-06-17,📉 GIẢM,42.0%,HIGH,2026-06-18,📉 GIẢM,42.7%,HIGH,2026-06-19,📉 GIẢM,43.4%,HIGH,2026-06-22,📉 GIẢM,44.2%,HIGH,2026-06-23,📉 GIẢM,44.9%,HIGH,2026-06-24,📉 GIẢM,45.6%,HIGH
HAF,2026-05-19,2026-06-04,📈 TĂNG,54.6%,LOW,2026-06-05,📈 TĂNG,54.2%,LOW,2026-06-08,📈 TĂNG,54.0%,LOW,2026-06-09,📈 TĂNG,53.8%,LOW,2026-06-10,📈 TĂNG,53.5%,LOW,2026-06-11,📈 TĂNG,53.3%,LOW,2026-06-12,📈 TĂNG,53.1%,LOW,2026-06-15,📈 TĂNG,52.9%,LOW,2026-06-16,📈 TĂNG,52.7%,LOW,2026-06-17,📈 TĂNG,52.4%,HIGH,2026-06-18,📈 TĂNG,52.2%,HIGH,2026-06-19,📈 TĂNG,52.0%,HIGH,2026-06-22,📈 TĂNG,51.8%,HIGH,2026-06-23,📈 TĂNG,51.6%,HIGH,2026-06-24,📈 TĂNG,51.3%,HIGH
BT1,2026-05-19,2026-06-04,📉 GIẢM,23.2%,HIGH,2026-06-05,📉 GIẢM,24.5%,HIGH,2026-06-08,📉 GIẢM,25.8%,HIGH,2026-06-09,📉 GIẢM,27.2%,HIGH,2026-06-10,📉 GIẢM,28.5%,HIGH,2026-06-11,📉 GIẢM,29.9%,HIGH,2026-06-12,📉 GIẢM,31.2%,HIGH,2026-06-15,📉 GIẢM,32.6%,HIGH,2026-06-16,📉 GIẢM,33.9%,HIGH,2026-06-17,📉 GIẢM,35.2%,HIGH,2026-06-18,📉 GIẢM,36.6%,HIGH,2026-06-19,📉 GIẢM,37.9%,HIGH,2026-06-22,📉 GIẢM,39.3%,HIGH,2026-06-23,📉 GIẢM,40.6%,HIGH,2026-06-24,📉 GIẢM,41.9%,HIGH
SAC,2026-05-19,2026-06-04,📉 GIẢM,27.6%,HIGH,2026-06-05,📉 GIẢM,27.8%,HIGH,2026-06-08,📉 GIẢM,29.0%,HIGH,2026-06-09,📉 GIẢM,30.2%,HIGH,2026-06-10,📉 GIẢM,31.3%,HIGH,2026-06-11,📉 GIẢM,32.5%,HIGH,2026-06-12,📉 GIẢM,33.7%,HIGH,2026-06-15,📉 GIẢM,34.8%,HIGH,2026-06-16,📉 GIẢM,36.0%,HIGH,2026-06-17,📉 GIẢM,37.2%,HIGH,2026-06-18,📉 GIẢM,38.3%,HIGH,2026-06-19,📉 GIẢM,39.5%,HIGH,2026-06-22,📉 GIẢM,40.7%,HIGH,2026-06-23,📉 GIẢM,41.8%,HIGH,2026-06-24,📉 GIẢM,43.1%,HIGH
ONW,2026-05-19,2026-06-04,📉 GIẢM,33.7%,MEDIUM,2026-06-05,📉 GIẢM,34.5%,MEDIUM,2026-06-08,📉 GIẢM,35.3%,MEDIUM,2026-06-09,📉 GIẢM,36.1%,MEDIUM,2026-06-10,📉 GIẢM,36.9%,HIGH,2026-06-11,📉 GIẢM,37.7%,HIGH,2026-06-12,📉 GIẢM,38.6%,HIGH,2026-06-15,📉 GIẢM,39.4%,HIGH,2026-06-16,📉 GIẢM,40.2%,HIGH,2026-06-17,📉 GIẢM,41.6%,HIGH,2026-06-18,📉 GIẢM,42.3%,HIGH,2026-06-19,📉 GIẢM,43.1%,HIGH,2026-06-22,📉 GIẢM,43.9%,HIGH,2026-06-23,📉 GIẢM,44.6%,HIGH,2026-06-24,📉 GIẢM,45.4%,HIGH
MGR,2026-05-19,2026-06-04,📉 GIẢM,21.5%,HIGH,2026-06-05,📉 GIẢM,22.7%,HIGH,2026-06-08,📉 GIẢM,24.1%,HIGH,2026-06-09,📉 GIẢM,25.5%,HIGH,2026-06-10,📉 GIẢM,27.0%,HIGH,2026-06-11,📉 GIẢM,28.4%,HIGH,2026-06-12,📉 GIẢM,29.9%,HIGH,2026-06-15,📉 GIẢM,31.9%,HIGH,2026-06-16,📉 GIẢM,33.3%,HIGH,2026-06-17,📉 GIẢM,34.7%,HIGH,2026-06-18,📉 GIẢM,36.1%,HIGH,2026-06-19,📉 GIẢM,37.5%,HIGH,2026-06-22,📉 GIẢM,38.9%,HIGH,2026-06-23,📉 GIẢM,40.3%,HIGH,2026-06-24,📉 GIẢM,41.7%,HIGH
HDP,2026-05-19,2026-06-04,📉 GIẢM,46.5%,LOW,2026-06-05,📉 GIẢM,46.7%,LOW,2026-06-08,📉 GIẢM,46.8%,LOW,2026-06-09,📉 GIẢM,47.0%,LOW,2026-06-10,📉 GIẢM,47.2%,LOW,2026-06-11,📉 GIẢM,47.4%,LOW,2026-06-12,📉 GIẢM,47.5%,LOW,2026-06-15,📉 GIẢM,47.7%,LOW,2026-06-16,📉 GIẢM,47.9%,LOW,2026-06-17,📉 GIẢM,48.1%,LOW,2026-06-18,📉 GIẢM,48.2%,HIGH,2026-06-19,📉 GIẢM,48.4%,HIGH,2026-06-22,📉 GIẢM,48.6%,HIGH,2026-06-23,📉 GIẢM,48.8%,HIGH,2026-06-24,📉 GIẢM,48.9%,HIGH
SVG,2026-05-19,2026-06-04,📉 GIẢM,42.1%,LOW,2026-06-05,📉 GIẢM,41.5%,LOW,2026-06-08,📉 GIẢM,41.9%,LOW,2026-06-09,📉 GIẢM,42.4%,LOW,2026-06-10,📉 GIẢM,42.8%,LOW,2026-06-11,📉 GIẢM,43.3%,LOW,2026-06-12,📉 GIẢM,43.7%,LOW,2026-06-15,📉 GIẢM,44.2%,LOW,2026-06-16,📉 GIẢM,44.6%,HIGH,2026-06-17,📉 GIẢM,45.1%,HIGH,2026-06-18,📉 GIẢM,45.5%,HIGH,2026-06-19,📉 GIẢM,46.0%,HIGH,2026-06-22,📉 GIẢM,46.4%,HIGH,2026-06-23,📉 GIẢM,46.9%,HIGH,2026-06-24,📉 GIẢM,47.3%,HIGH
MH3,2026-05-19,2026-06-04,📈 TĂNG,52.5%,LOW,2026-06-05,📉 GIẢM,49.3%,LOW,2026-06-08,📈 TĂNG,52.2%,LOW,2026-06-09,📉 GIẢM,49.4%,LOW,2026-06-10,📈 TĂNG,52.0%,LOW,2026-06-11,📉 GIẢM,49.5%,LOW,2026-06-12,📈 TĂNG,51.7%,LOW,2026-06-15,📉 GIẢM,49.5%,LOW,2026-06-16,📈 TĂNG,51.5%,LOW,2026-06-17,📉 GIẢM,49.6%,LOW,2026-06-18,📈 TĂNG,51.2%,HIGH,2026-06-19,📉 GIẢM,49.7%,HIGH,2026-06-22,📈 TĂNG,51.0%,HIGH,2026-06-23,📉 GIẢM,49.8%,HIGH,2026-06-24,📈 TĂNG,50.7%,HIGH
CCV,2026-05-19,2026-06-04,📉 GIẢM,46.2%,LOW,2026-06-05,📉 GIẢM,43.6%,LOW,2026-06-08,📉 GIẢM,43.9%,LOW,2026-06-09,📉 GIẢM,44.3%,LOW,2026-06-10,📉 GIẢM,44.6%,LOW,2026-06-11,📉 GIẢM,45.0%,LOW,2026-06-12,📉 GIẢM,45.3%,LOW,2026-06-15,📉 GIẢM,45.6%,LOW,2026-06-16,📉 GIẢM,46.0%,HIGH,2026-06-17,📉 GIẢM,46.3%,HIGH,2026-06-18,📉 GIẢM,46.6%,HIGH,2026-06-19,📉 GIẢM,46.9%,HIGH,2026-06-22,📉 GIẢM,47.3%,HIGH,2026-06-23,📉 GIẢM,47.6%,HIGH,2026-06-24,📉 GIẢM,47.9%,HIGH
PAI,2026-05-20,2026-06-04,📈 TĂNG,54.0%,LOW,2026-06-05,📈 TĂNG,51.1%,LOW,2026-06-08,📈 TĂNG,51.3%,LOW,2026-06-09,📈 TĂNG,51.2%,LOW,2026-06-10,📈 TĂNG,51.1%,LOW,2026-06-11,📈 TĂNG,51.1%,LOW,2026-06-12,📈 TĂNG,51.0%,LOW,2026-06-15,📈 TĂNG,50.9%,LOW,2026-06-16,📈 TĂNG,50.9%,LOW,2026-06-17,📈 TĂNG,50.8%,LOW,2026-06-18,📈 TĂNG,50.7%,HIGH,2026-06-19,📈 TĂNG,50.6%,HIGH,2026-06-22,📈 TĂNG,50.6%,HIGH,2026-06-23,📈 TĂNG,50.5%,HIGH,2026-06-24,📈 TĂNG,50.4%,HIGH
MAS,2026-05-20,2026-06-04,📉 GIẢM,22.9%,HIGH,2026-06-05,📉 GIẢM,24.3%,HIGH,2026-06-08,📉 GIẢM,25.6%,HIGH,2026-06-09,📉 GIẢM,27.0%,HIGH,2026-06-10,📉 GIẢM,28.3%,HIGH,2026-06-11,📉 GIẢM,29.8%,HIGH,2026-06-12,📉 GIẢM,31.2%,HIGH,2026-06-15,📉 GIẢM,32.5%,HIGH,2026-06-16,📉 GIẢM,33.9%,HIGH,2026-06-17,📉 GIẢM,35.2%,HIGH,2026-06-18,📉 GIẢM,36.5%,HIGH,2026-06-19,📉 GIẢM,37.9%,HIGH,2026-06-22,📉 GIẢM,39.2%,HIGH,2026-06-23,📉 GIẢM,40.6%,HIGH,2026-06-24,📉 GIẢM,41.9%,HIGH
HNB,2026-05-20,2026-06-04,📉 GIẢM,34.3%,MEDIUM,2026-06-05,📉 GIẢM,34.3%,MEDIUM,2026-06-08,📉 GIẢM,35.2%,MEDIUM,2026-06-09,📉 GIẢM,36.0%,HIGH,2026-06-10,📉 GIẢM,36.8%,HIGH,2026-06-11,📉 GIẢM,37.6%,HIGH,2026-06-12,📉 GIẢM,38.5%,HIGH,2026-06-15,📉 GIẢM,39.3%,HIGH,2026-06-16,📉 GIẢM,40.1%,HIGH,2026-06-17,📉 GIẢM,40.9%,HIGH,2026-06-18,📉 GIẢM,41.8%,HIGH,2026-06-19,📉 GIẢM,42.6%,HIGH,2026-06-22,📉 GIẢM,43.4%,HIGH,2026-06-23,📉 GIẢM,44.2%,HIGH,2026-06-24,📉 GIẢM,45.0%,HIGH
BMV,2026-05-20,2026-06-04,📉 GIẢM,29.4%,HIGH,2026-06-05,📉 GIẢM,30.4%,HIGH,2026-06-08,📉 GIẢM,31.5%,HIGH,2026-06-09,📉 GIẢM,32.5%,HIGH,2026-06-10,📉 GIẢM,33.5%,HIGH,2026-06-11,📉 GIẢM,34.6%,HIGH,2026-06-12,📉 GIẢM,35.6%,HIGH,2026-06-15,📉 GIẢM,36.6%,HIGH,2026-06-16,📉 GIẢM,37.6%,HIGH,2026-06-17,📉 GIẢM,38.7%,HIGH,2026-06-18,📉 GIẢM,39.7%,HIGH,2026-06-19,📉 GIẢM,40.7%,HIGH,2026-06-22,📉 GIẢM,41.8%,HIGH,2026-06-23,📉 GIẢM,42.8%,HIGH,2026-06-24,📉 GIẢM,43.8%,HIGH
DMS,2026-05-20,2026-06-04,📉 GIẢM,27.4%,HIGH,2026-06-05,📉 GIẢM,28.5%,HIGH,2026-06-08,📉 GIẢM,29.6%,HIGH,2026-06-09,📉 GIẢM,30.8%,HIGH,2026-06-10,📉 GIẢM,31.9%,HIGH,2026-06-11,📉 GIẢM,33.0%,HIGH,2026-06-12,📉 GIẢM,34.1%,HIGH,2026-06-15,📉 GIẢM,35.3%,HIGH,2026-06-16,📉 GIẢM,36.4%,HIGH,2026-06-17,📉 GIẢM,37.5%,HIGH,2026-06-18,📉 GIẢM,38.7%,HIGH,2026-06-19,📉 GIẢM,39.8%,HIGH,2026-06-22,📉 GIẢM,40.9%,HIGH,2026-06-23,📉 GIẢM,42.1%,HIGH,2026-06-24,📉 GIẢM,43.2%,HIGH
SLD,2026-05-20,2026-06-04,📉 GIẢM,39.0%,MEDIUM,2026-06-05,📉 GIẢM,39.6%,MEDIUM,2026-06-08,📉 GIẢM,40.1%,LOW,2026-06-09,📉 GIẢM,40.7%,LOW,2026-06-10,📉 GIẢM,41.2%,LOW,2026-06-11,📉 GIẢM,41.8%,LOW,2026-06-12,📉 GIẢM,42.3%,LOW,2026-06-15,📉 GIẢM,42.9%,HIGH,2026-06-16,📉 GIẢM,43.4%,HIGH,2026-06-17,📉 GIẢM,44.0%,HIGH,2026-06-18,📉 GIẢM,44.5%,HIGH,2026-06-19,📉 GIẢM,45.1%,HIGH,2026-06-22,📉 GIẢM,45.6%,HIGH,2026-06-23,📉 GIẢM,46.2%,HIGH,2026-06-24,📉 GIẢM,46.7%,HIGH
VC1,2026-05-20,2026-06-04,📉 GIẢM,46.6%,LOW,2026-06-05,📉 GIẢM,46.5%,LOW,2026-06-08,📉 GIẢM,46.7%,LOW,2026-06-09,📉 GIẢM,46.9%,LOW,2026-06-10,📉 GIẢM,47.1%,LOW,2026-06-11,📉 GIẢM,47.3%,LOW,2026-06-12,📉 GIẢM,47.4%,LOW,2026-06-15,📉 GIẢM,47.6%,LOW,2026-06-16,📉 GIẢM,47.8%,LOW,2026-06-17,📉 GIẢM,48.0%,HIGH,2026-06-18,📉 GIẢM,48.2%,HIGH,2026-06-19,📉 GIẢM,48.4%,HIGH,2026-06-22,📉 GIẢM,48.5%,HIGH,2026-06-23,📉 GIẢM,48.7%,HIGH,2026-06-24,📉 GIẢM,48.9%,HIGH
BVN,2026-05-20,2026-06-04,📈 TĂNG,61.6%,MEDIUM,2026-06-05,📈 TĂNG,59.6%,LOW,2026-06-08,📈 TĂNG,59.0%,LOW,2026-06-09,📈 TĂNG,58.5%,LOW,2026-06-10,📈 TĂNG,58.0%,LOW,2026-06-11,📈 TĂNG,57.5%,LOW,2026-06-12,📈 TĂNG,57.0%,LOW,2026-06-15,📈 TĂNG,56.5%,HIGH,2026-06-16,📈 TĂNG,55.9%,HIGH,2026-06-17,📈 TĂNG,55.4%,HIGH,2026-06-18,📈 TĂNG,54.9%,HIGH,2026-06-19,📈 TĂNG,54.4%,HIGH,2026-06-22,📈 TĂNG,54.0%,HIGH,2026-06-23,📈 TĂNG,53.5%,HIGH,2026-06-24,📈 TĂNG,53.0%,HIGH
HPI,2026-05-20,2026-06-04,📉 GIẢM,49.4%,LOW,2026-06-05,📉 GIẢM,49.5%,LOW,2026-06-08,📉 GIẢM,49.5%,LOW,2026-06-09,📉 GIẢM,49.5%,LOW,2026-06-10,📉 GIẢM,49.6%,LOW,2026-06-11,📉 GIẢM,49.6%,LOW,2026-06-12,📉 GIẢM,49.6%,LOW,2026-06-15,📉 GIẢM,49.6%,LOW,2026-06-16,📉 GIẢM,49.7%,LOW,2026-06-17,📉 GIẢM,49.7%,LOW,2026-06-18,📉 GIẢM,49.7%,HIGH,2026-06-19,📉 GIẢM,49.6%,HIGH,2026-06-22,📉 GIẢM,49.7%,HIGH,2026-06-23,📉 GIẢM,49.7%,HIGH,2026-06-24,📉 GIẢM,49.8%,HIGH
BSP,2026-05-20,2026-06-04,📉 GIẢM,49.3%,LOW,2026-06-05,📉 GIẢM,49.1%,LOW,2026-06-08,📉 GIẢM,49.1%,LOW,2026-06-09,📉 GIẢM,49.2%,LOW,2026-06-10,📉 GIẢM,49.2%,LOW,2026-06-11,📉 GIẢM,49.3%,LOW,2026-06-12,📉 GIẢM,49.3%,LOW,2026-06-15,📉 GIẢM,49.4%,LOW,2026-06-16,📉 GIẢM,49.4%,LOW,2026-06-17,📉 GIẢM,49.5%,LOW,2026-06-18,📉 GIẢM,49.5%,HIGH,2026-06-19,📉 GIẢM,49.6%,HIGH,2026-06-22,📉 GIẢM,49.6%,HIGH,2026-06-23,📉 GIẢM,49.7%,HIGH,2026-06-24,📉 GIẢM,49.7%,HIGH
DHN,2026-05-20,2026-06-04,📉 GIẢM,43.0%,LOW,2026-06-05,📉 GIẢM,43.4%,LOW,2026-06-08,📉 GIẢM,43.7%,LOW,2026-06-09,📉 GIẢM,44.1%,LOW,2026-06-10,📉 GIẢM,44.4%,LOW,2026-06-11,📉 GIẢM,44.8%,LOW,2026-06-12,📉 GIẢM,45.1%,LOW,2026-06-15,📉 GIẢM,45.5%,LOW,2026-06-16,📉 GIẢM,45.8%,HIGH,2026-06-17,📉 GIẢM,46.2%,HIGH,2026-06-18,📉 GIẢM,46.5%,HIGH,2026-06-19,📉 GIẢM,46.9%,HIGH,2026-06-22,📉 GIẢM,47.2%,HIGH,2026-06-23,📉 GIẢM,47.6%,HIGH,2026-06-24,📉 GIẢM,47.9%,HIGH
TMX,2026-05-20,2026-06-04,📉 GIẢM,41.3%,LOW,2026-06-05,📉 GIẢM,41.7%,LOW,2026-06-08,📉 GIẢM,42.2%,LOW,2026-06-09,📉 GIẢM,42.6%,LOW,2026-06-10,📉 GIẢM,43.0%,LOW,2026-06-11,📉 GIẢM,43.5%,LOW,2026-06-12,📉 GIẢM,43.9%,LOW,2026-06-15,📉 GIẢM,44.3%,LOW,2026-06-16,📉 GIẢM,45.0%,HIGH,2026-06-17,📉 GIẢM,45.4%,HIGH,2026-06-18,📉 GIẢM,45.8%,HIGH,2026-06-19,📉 GIẢM,46.2%,HIGH,2026-06-22,📉 GIẢM,46.7%,HIGH,2026-06-23,📉 GIẢM,47.1%,HIGH,2026-06-24,📉 GIẢM,47.5%,HIGH
NBW,2026-05-20,2026-06-04,📉 GIẢM,29.7%,HIGH,2026-06-05,📉 GIẢM,30.7%,HIGH,2026-06-08,📉 GIẢM,31.7%,HIGH,2026-06-09,📉 GIẢM,32.8%,HIGH,2026-06-10,📉 GIẢM,33.8%,HIGH,2026-06-11,📉 GIẢM,34.8%,HIGH,2026-06-12,📉 GIẢM,35.8%,HIGH,2026-06-15,📉 GIẢM,36.8%,HIGH,2026-06-16,📉 GIẢM,37.8%,HIGH,2026-06-17,📉 GIẢM,38.8%,HIGH,2026-06-18,📉 GIẢM,39.9%,HIGH,2026-06-19,📉 GIẢM,40.9%,HIGH,2026-06-22,📉 GIẢM,41.9%,HIGH,2026-06-23,📉 GIẢM,42.9%,HIGH,2026-06-24,📉 GIẢM,43.9%,HIGH
VMS,2026-05-21,2026-06-04,📉 GIẢM,18.3%,HIGH,2026-06-05,📉 GIẢM,19.7%,HIGH,2026-06-08,📉 GIẢM,21.3%,HIGH,2026-06-09,📉 GIẢM,22.9%,HIGH,2026-06-10,📉 GIẢM,24.6%,HIGH,2026-06-11,📉 GIẢM,26.2%,HIGH,2026-06-12,📉 GIẢM,27.8%,HIGH,2026-06-15,📉 GIẢM,29.4%,HIGH,2026-06-16,📉 GIẢM,31.0%,HIGH,2026-06-17,📉 GIẢM,32.6%,HIGH,2026-06-18,📉 GIẢM,34.2%,HIGH,2026-06-19,📉 GIẢM,35.8%,HIGH,2026-06-22,📉 GIẢM,37.7%,HIGH,2026-06-23,📉 GIẢM,39.2%,HIGH,2026-06-24,📉 GIẢM,40.7%,HIGH
SFC,2026-05-21,2026-06-04,📈 TĂNG,58.6%,LOW,2026-06-05,📈 TĂNG,57.7%,LOW,2026-06-08,📈 TĂNG,57.3%,LOW,2026-06-09,📈 TĂNG,56.9%,LOW,2026-06-10,📈 TĂNG,56.5%,LOW,2026-06-11,📈 TĂNG,56.1%,LOW,2026-06-12,📈 TĂNG,55.7%,LOW,2026-06-15,📈 TĂNG,55.3%,LOW,2026-06-16,📈 TĂNG,54.9%,HIGH,2026-06-17,📈 TĂNG,54.5%,HIGH,2026-06-18,📈 TĂNG,54.1%,HIGH,2026-06-19,📈 TĂNG,53.7%,HIGH,2026-06-22,📈 TĂNG,53.2%,HIGH,2026-06-23,📈 TĂNG,52.8%,HIGH,2026-06-24,📈 TĂNG,52.3%,HIGH
VTJ,2026-05-21,2026-06-04,📉 GIẢM,25.8%,HIGH,2026-06-05,📉 GIẢM,27.0%,HIGH,2026-06-08,📉 GIẢM,28.2%,HIGH,2026-06-09,📉 GIẢM,29.4%,HIGH,2026-06-10,📉 GIẢM,30.6%,HIGH,2026-06-11,📉 GIẢM,31.8%,HIGH,2026-06-12,📉 GIẢM,33.1%,HIGH,2026-06-15,📉 GIẢM,34.3%,HIGH,2026-06-16,📉 GIẢM,35.5%,HIGH,2026-06-17,📉 GIẢM,36.7%,HIGH,2026-06-18,📉 GIẢM,37.9%,HIGH,2026-06-19,📉 GIẢM,39.1%,HIGH,2026-06-22,📉 GIẢM,40.3%,HIGH,2026-06-23,📉 GIẢM,41.6%,HIGH,2026-06-24,📉 GIẢM,42.8%,HIGH
NCS,2026-05-21,2026-06-04,📈 TĂNG,53.3%,LOW,2026-06-05,📈 TĂNG,55.8%,LOW,2026-06-08,📈 TĂNG,55.6%,LOW,2026-06-09,📈 TĂNG,55.3%,LOW,2026-06-10,📈 TĂNG,55.0%,LOW,2026-06-11,📈 TĂNG,54.6%,LOW,2026-06-12,📈 TĂNG,54.3%,LOW,2026-06-15,📈 TĂNG,54.0%,LOW,2026-06-16,📈 TĂNG,53.7%,LOW,2026-06-17,📈 TĂNG,53.4%,HIGH,2026-06-18,📈 TĂNG,53.1%,HIGH,2026-06-19,📈 TĂNG,52.8%,HIGH,2026-06-22,📈 TĂNG,52.5%,HIGH,2026-06-23,📈 TĂNG,52.2%,HIGH,2026-06-24,📈 TĂNG,51.9%,HIGH
PCE,2026-05-21,2026-06-04,📉 GIẢM,42.4%,LOW,2026-06-05,📉 GIẢM,42.8%,LOW,2026-06-08,📉 GIẢM,43.2%,LOW,2026-06-09,📉 GIẢM,43.6%,LOW,2026-06-10,📉 GIẢM,43.9%,LOW,2026-06-11,📉 GIẢM,44.3%,LOW,2026-06-12,📉 GIẢM,44.7%,LOW,2026-06-15,📉 GIẢM,45.1%,LOW,2026-06-16,📉 GIẢM,45.5%,HIGH,2026-06-17,📉 GIẢM,45.8%,HIGH,2026-06-18,📉 GIẢM,46.2%,HIGH,2026-06-19,📉 GIẢM,46.6%,HIGH,2026-06-22,📉 GIẢM,47.0%,HIGH,2026-06-23,📉 GIẢM,47.4%,HIGH,2026-06-24,📉 GIẢM,47.7%,HIGH
TV3,2026-05-21,2026-06-04,📉 GIẢM,26.5%,HIGH,2026-06-05,📉 GIẢM,27.7%,HIGH,2026-06-08,📉 GIẢM,28.9%,HIGH,2026-06-09,📉 GIẢM,30.0%,HIGH,2026-06-10,📉 GIẢM,31.2%,HIGH,2026-06-11,📉 GIẢM,32.4%,HIGH,2026-06-12,📉 GIẢM,33.6%,HIGH,2026-06-15,📉 GIẢM,34.7%,HIGH,2026-06-16,📉 GIẢM,35.9%,HIGH,2026-06-17,📉 GIẢM,37.4%,HIGH,2026-06-18,📉 GIẢM,38.6%,HIGH,2026-06-19,📉 GIẢM,39.7%,HIGH,2026-06-22,📉 GIẢM,40.9%,HIGH,2026-06-23,📉 GIẢM,42.0%,HIGH,2026-06-24,📉 GIẢM,43.1%,HIGH
S55,2026-05-21,2026-06-04,📈 TĂNG,58.8%,LOW,2026-06-05,📈 TĂNG,58.4%,LOW,2026-06-08,📈 TĂNG,58.0%,LOW,2026-06-09,📈 TĂNG,57.5%,LOW,2026-06-10,📈 TĂNG,57.1%,LOW,2026-06-11,📈 TĂNG,56.6%,LOW,2026-06-12,📈 TĂNG,56.2%,LOW,2026-06-15,📈 TĂNG,55.7%,LOW,2026-06-16,📈 TĂNG,55.3%,HIGH,2026-06-17,📈 TĂNG,54.9%,HIGH,2026-06-18,📈 TĂNG,54.4%,HIGH,2026-06-19,📈 TĂNG,54.0%,HIGH,2026-06-22,📈 TĂNG,53.5%,HIGH,2026-06-23,📈 TĂNG,53.1%,HIGH,2026-06-24,📈 TĂNG,52.7%,HIGH
HLB,2026-05-21,2026-06-04,📉 GIẢM,30.7%,MEDIUM,2026-06-05,📉 GIẢM,31.6%,HIGH,2026-06-08,📉 GIẢM,32.6%,HIGH,2026-06-09,📉 GIẢM,33.6%,HIGH,2026-06-10,📉 GIẢM,34.5%,HIGH,2026-06-11,📉 GIẢM,35.5%,HIGH,2026-06-12,📉 GIẢM,36.5%,HIGH,2026-06-15,📉 GIẢM,37.4%,HIGH,2026-06-16,📉 GIẢM,38.4%,HIGH,2026-06-17,📉 GIẢM,39.4%,HIGH,2026-06-18,📉 GIẢM,40.3%,HIGH,2026-06-19,📉 GIẢM,41.3%,HIGH,2026-06-22,📉 GIẢM,42.3%,HIGH,2026-06-23,📉 GIẢM,43.2%,HIGH,2026-06-24,📉 GIẢM,44.2%,HIGH
DOP,2026-05-21,2026-06-04,📉 GIẢM,45.6%,LOW,2026-06-05,📉 GIẢM,45.8%,LOW,2026-06-08,📉 GIẢM,46.0%,LOW,2026-06-09,📉 GIẢM,46.3%,LOW,2026-06-10,📉 GIẢM,46.5%,LOW,2026-06-11,📉 GIẢM,46.7%,LOW,2026-06-12,📉 GIẢM,46.9%,LOW,2026-06-15,📉 GIẢM,47.1%,LOW,2026-06-16,📉 GIẢM,47.4%,LOW,2026-06-17,📉 GIẢM,47.6%,HIGH,2026-06-18,📉 GIẢM,47.8%,HIGH,2026-06-19,📉 GIẢM,48.0%,HIGH,2026-06-22,📉 GIẢM,48.2%,HIGH,2026-06-23,📉 GIẢM,48.5%,HIGH,2026-06-24,📉 GIẢM,48.7%,HIGH
BBS,2026-05-21,2026-06-04,📉 GIẢM,31.9%,MEDIUM,2026-06-05,📉 GIẢM,32.8%,MEDIUM,2026-06-08,📉 GIẢM,33.7%,HIGH,2026-06-09,📉 GIẢM,34.6%,HIGH,2026-06-10,📉 GIẢM,35.5%,HIGH,2026-06-11,📉 GIẢM,36.4%,HIGH,2026-06-12,📉 GIẢM,37.3%,HIGH,2026-06-15,📉 GIẢM,38.2%,HIGH,2026-06-16,📉 GIẢM,39.1%,HIGH,2026-06-17,📉 GIẢM,40.0%,HIGH,2026-06-18,📉 GIẢM,41.0%,HIGH,2026-06-19,📉 GIẢM,41.9%,HIGH,2026-06-22,📉 GIẢM,42.8%,HIGH,2026-06-23,📉 GIẢM,43.7%,HIGH,2026-06-24,📉 GIẢM,44.6%,HIGH
HEP,2026-05-21,2026-06-04,📉 GIẢM,27.4%,HIGH,2026-06-05,📉 GIẢM,30.2%,HIGH,2026-06-08,📉 GIẢM,31.3%,HIGH,2026-06-09,📉 GIẢM,32.3%,HIGH,2026-06-10,📉 GIẢM,33.4%,HIGH,2026-06-11,📉 GIẢM,34.4%,HIGH,2026-06-12,📉 GIẢM,35.4%,HIGH,2026-06-15,📉 GIẢM,36.5%,HIGH,2026-06-16,📉 GIẢM,37.5%,HIGH,2026-06-17,📉 GIẢM,38.6%,HIGH,2026-06-18,📉 GIẢM,39.6%,HIGH,2026-06-19,📉 GIẢM,40.6%,HIGH,2026-06-22,📉 GIẢM,41.7%,HIGH,2026-06-23,📉 GIẢM,42.7%,HIGH,2026-06-24,📉 GIẢM,43.8%,HIGH
HD8,2026-05-21,2026-06-04,📉 GIẢM,35.7%,MEDIUM,2026-06-05,📉 GIẢM,36.2%,MEDIUM,2026-06-08,📉 GIẢM,36.9%,MEDIUM,2026-06-09,📉 GIẢM,37.9%,MEDIUM,2026-06-10,📉 GIẢM,38.6%,MEDIUM,2026-06-11,📉 GIẢM,39.3%,HIGH,2026-06-12,📉 GIẢM,40.1%,HIGH,2026-06-15,📉 GIẢM,40.8%,HIGH,2026-06-16,📉 GIẢM,41.5%,HIGH,2026-06-17,📉 GIẢM,42.2%,HIGH,2026-06-18,📉 GIẢM,42.9%,HIGH,2026-06-19,📉 GIẢM,43.6%,HIGH,2026-06-22,📉 GIẢM,44.3%,HIGH,2026-06-23,📉 GIẢM,45.0%,HIGH,2026-06-24,📉 GIẢM,45.7%,HIGH
VDG,2026-05-21,2026-06-04,📉 GIẢM,28.9%,HIGH,2026-06-05,📉 GIẢM,30.2%,HIGH,2026-06-08,📉 GIẢM,31.2%,HIGH,2026-06-09,📉 GIẢM,32.3%,HIGH,2026-06-10,📉 GIẢM,33.3%,HIGH,2026-06-11,📉 GIẢM,34.4%,HIGH,2026-06-12,📉 GIẢM,35.4%,HIGH,2026-06-15,📉 GIẢM,36.5%,HIGH,2026-06-16,📉 GIẢM,37.5%,HIGH,2026-06-17,📉 GIẢM,38.5%,HIGH,2026-06-18,📉 GIẢM,39.6%,HIGH,2026-06-19,📉 GIẢM,40.6%,HIGH,2026-06-22,📉 GIẢM,41.7%,HIGH,2026-06-23,📉 GIẢM,42.7%,HIGH,2026-06-24,📉 GIẢM,43.7%,HIGH
XDH,2026-05-21,2026-06-04,📉 GIẢM,32.4%,MEDIUM,2026-06-05,📉 GIẢM,33.2%,MEDIUM,2026-06-08,📉 GIẢM,34.1%,MEDIUM,2026-06-09,📉 GIẢM,35.0%,HIGH,2026-06-10,📉 GIẢM,35.9%,HIGH,2026-06-11,📉 GIẢM,36.8%,HIGH,2026-06-12,📉 GIẢM,37.6%,HIGH,2026-06-15,📉 GIẢM,38.5%,HIGH,2026-06-16,📉 GIẢM,39.4%,HIGH,2026-06-17,📉 GIẢM,40.3%,HIGH,2026-06-18,📉 GIẢM,41.2%,HIGH,2026-06-19,📉 GIẢM,42.1%,HIGH,2026-06-22,📉 GIẢM,42.9%,HIGH,2026-06-23,📉 GIẢM,43.8%,HIGH,2026-06-24,📉 GIẢM,44.7%,HIGH
VCR,2026-05-21,2026-06-04,📉 GIẢM,27.2%,HIGH,2026-06-05,📉 GIẢM,28.3%,HIGH,2026-06-08,📉 GIẢM,29.4%,HIGH,2026-06-09,📉 GIẢM,30.6%,HIGH,2026-06-10,📉 GIẢM,31.7%,HIGH,2026-06-11,📉 GIẢM,32.8%,HIGH,2026-06-12,📉 GIẢM,34.0%,HIGH,2026-06-15,📉 GIẢM,35.1%,HIGH,2026-06-16,📉 GIẢM,36.3%,HIGH,2026-06-17,📉 GIẢM,37.4%,HIGH,2026-06-18,📉 GIẢM,38.6%,HIGH,2026-06-19,📉 GIẢM,39.7%,HIGH,2026-06-22,📉 GIẢM,40.9%,HIGH,2026-06-23,📉 GIẢM,42.1%,HIGH,2026-06-24,📉 GIẢM,43.2%,HIGH
S74,2026-05-21,2026-06-04,📉 GIẢM,23.2%,HIGH,2026-06-05,📉 GIẢM,23.9%,HIGH,2026-06-08,📉 GIẢM,25.3%,HIGH,2026-06-09,📉 GIẢM,26.7%,HIGH,2026-06-10,📉 GIẢM,28.0%,HIGH,2026-06-11,📉 GIẢM,29.4%,HIGH,2026-06-12,📉 GIẢM,30.8%,HIGH,2026-06-15,📉 GIẢM,32.2%,HIGH,2026-06-16,📉 GIẢM,33.5%,HIGH,2026-06-17,📉 GIẢM,34.9%,HIGH,2026-06-18,📉 GIẢM,36.3%,HIGH,2026-06-19,📉 GIẢM,37.6%,HIGH,2026-06-22,📉 GIẢM,39.0%,HIGH,2026-06-23,📉 GIẢM,40.4%,HIGH,2026-06-24,📉 GIẢM,41.8%,HIGH
CNN,2026-05-21,2026-06-04,📈 TĂNG,65.9%,MEDIUM,2026-06-05,📈 TĂNG,64.3%,MEDIUM,2026-06-08,📈 TĂNG,63.6%,MEDIUM,2026-06-09,📈 TĂNG,62.8%,MEDIUM,2026-06-10,📈 TĂNG,62.0%,HIGH,2026-06-11,📈 TĂNG,61.3%,HIGH,2026-06-12,📈 TĂNG,60.5%,HIGH,2026-06-15,📈 TĂNG,59.8%,HIGH,2026-06-16,📈 TĂNG,59.0%,HIGH,2026-06-17,📈 TĂNG,58.3%,HIGH,2026-06-18,📈 TĂNG,57.5%,HIGH,2026-06-19,📈 TĂNG,56.8%,HIGH,2026-06-22,📈 TĂNG,56.0%,HIGH,2026-06-23,📈 TĂNG,55.3%,HIGH,2026-06-24,📈 TĂNG,54.5%,HIGH
MPY,2026-05-21,2026-06-04,📉 GIẢM,30.6%,MEDIUM,2026-06-05,📉 GIẢM,31.3%,HIGH,2026-06-08,📉 GIẢM,32.3%,HIGH,2026-06-09,📉 GIẢM,33.3%,HIGH,2026-06-10,📉 GIẢM,34.3%,HIGH,2026-06-11,📉 GIẢM,35.3%,HIGH,2026-06-12,📉 GIẢM,36.2%,HIGH,2026-06-15,📉 GIẢM,37.2%,HIGH,2026-06-16,📉 GIẢM,38.2%,HIGH,2026-06-17,📉 GIẢM,39.2%,HIGH,2026-06-18,📉 GIẢM,40.2%,HIGH,2026-06-19,📉 GIẢM,41.2%,HIGH,2026-06-22,📉 GIẢM,42.1%,HIGH,2026-06-23,📉 GIẢM,43.1%,HIGH,2026-06-24,📉 GIẢM,44.1%,HIGH
HDW,2026-05-21,2026-06-04,📉 GIẢM,21.9%,HIGH,2026-06-05,📉 GIẢM,23.3%,HIGH,2026-06-08,📉 GIẢM,24.7%,HIGH,2026-06-09,📉 GIẢM,26.1%,HIGH,2026-06-10,📉 GIẢM,27.5%,HIGH,2026-06-11,📉 GIẢM,28.9%,HIGH,2026-06-12,📉 GIẢM,30.3%,HIGH,2026-06-15,📉 GIẢM,31.7%,HIGH,2026-06-16,📉 GIẢM,33.1%,HIGH,2026-06-17,📉 GIẢM,34.5%,HIGH,2026-06-18,📉 GIẢM,36.2%,HIGH,2026-06-19,📉 GIẢM,37.6%,HIGH,2026-06-22,📉 GIẢM,39.0%,HIGH,2026-06-23,📉 GIẢM,40.4%,HIGH,2026-06-24,📉 GIẢM,41.7%,HIGH
DAN,2026-05-21,2026-06-04,📈 TĂNG,50.0%,LOW,2026-06-05,📈 TĂNG,53.1%,LOW,2026-06-08,📈 TĂNG,52.9%,LOW,2026-06-09,📈 TĂNG,52.7%,LOW,2026-06-10,📈 TĂNG,52.6%,LOW,2026-06-11,📈 TĂNG,52.4%,LOW,2026-06-12,📈 TĂNG,52.3%,LOW,2026-06-15,📈 TĂNG,52.1%,LOW,2026-06-16,📈 TĂNG,52.2%,LOW,2026-06-17,📈 TĂNG,52.0%,LOW,2026-06-18,📈 TĂNG,51.8%,HIGH,2026-06-19,📈 TĂNG,51.6%,HIGH,2026-06-22,📈 TĂNG,51.4%,HIGH,2026-06-23,📈 TĂNG,51.3%,HIGH,2026-06-24,📈 TĂNG,51.1%,HIGH
HOT,2026-05-21,2026-06-04,📉 GIẢM,27.5%,HIGH,2026-06-05,📉 GIẢM,28.1%,HIGH,2026-06-08,📉 GIẢM,29.3%,HIGH,2026-06-09,📉 GIẢM,30.4%,HIGH,2026-06-10,📉 GIẢM,31.6%,HIGH,2026-06-11,📉 GIẢM,32.7%,HIGH,2026-06-12,📉 GIẢM,33.9%,HIGH,2026-06-15,📉 GIẢM,35.0%,HIGH,2026-06-16,📉 GIẢM,36.2%,HIGH,2026-06-17,📉 GIẢM,37.3%,HIGH,2026-06-18,📉 GIẢM,38.5%,HIGH,2026-06-19,📉 GIẢM,39.6%,HIGH,2026-06-22,📉 GIẢM,40.8%,HIGH,2026-06-23,📉 GIẢM,41.9%,HIGH,2026-06-24,📉 GIẢM,43.1%,HIGH
GVT,2026-05-21,2026-06-04,📈 TĂNG,55.7%,LOW,2026-06-05,📈 TĂNG,55.4%,LOW,2026-06-08,📈 TĂNG,55.1%,LOW,2026-06-09,📈 TĂNG,54.8%,LOW,2026-06-10,📈 TĂNG,54.6%,LOW,2026-06-11,📈 TĂNG,54.3%,LOW,2026-06-12,📈 TĂNG,54.0%,LOW,2026-06-15,📈 TĂNG,53.7%,LOW,2026-06-16,📈 TĂNG,53.4%,LOW,2026-06-17,📈 TĂNG,53.1%,HIGH,2026-06-18,📈 TĂNG,52.8%,HIGH,2026-06-19,📈 TĂNG,52.6%,HIGH,2026-06-22,📈 TĂNG,52.3%,HIGH,2026-06-23,📈 TĂNG,52.0%,HIGH,2026-06-24,📈 TĂNG,51.7%,HIGH
CCM,2026-05-22,2026-06-04,📉 GIẢM,33.1%,MEDIUM,2026-06-05,📉 GIẢM,33.9%,MEDIUM,2026-06-08,📉 GIẢM,34.7%,MEDIUM,2026-06-09,📉 GIẢM,35.6%,HIGH,2026-06-10,📉 GIẢM,36.4%,HIGH,2026-06-11,📉 GIẢM,37.3%,HIGH,2026-06-12,📉 GIẢM,38.1%,HIGH,2026-06-15,📉 GIẢM,39.0%,HIGH,2026-06-16,📉 GIẢM,39.8%,HIGH,2026-06-17,📉 GIẢM,40.7%,HIGH,2026-06-18,📉 GIẢM,41.5%,HIGH,2026-06-19,📉 GIẢM,42.4%,HIGH,2026-06-22,📉 GIẢM,43.2%,HIGH,2026-06-23,📉 GIẢM,44.1%,HIGH,2026-06-24,📉 GIẢM,44.9%,HIGH
HAD,2026-05-22,2026-06-04,📉 GIẢM,42.3%,LOW,2026-06-05,📉 GIẢM,42.7%,LOW,2026-06-08,📉 GIẢM,43.1%,LOW,2026-06-09,📉 GIẢM,43.5%,LOW,2026-06-10,📉 GIẢM,43.8%,LOW,2026-06-11,📉 GIẢM,44.2%,LOW,2026-06-12,📉 GIẢM,44.6%,LOW,2026-06-15,📉 GIẢM,45.0%,LOW,2026-06-16,📉 GIẢM,45.4%,HIGH,2026-06-17,📉 GIẢM,46.0%,HIGH,2026-06-18,📉 GIẢM,46.4%,HIGH,2026-06-19,📉 GIẢM,46.7%,HIGH,2026-06-22,📉 GIẢM,47.1%,HIGH,2026-06-23,📉 GIẢM,47.5%,HIGH,2026-06-24,📉 GIẢM,47.8%,HIGH
DTG,2026-05-22,2026-06-04,📉 GIẢM,33.9%,MEDIUM,2026-06-05,📉 GIẢM,34.7%,MEDIUM,2026-06-08,📉 GIẢM,35.5%,MEDIUM,2026-06-09,📉 GIẢM,36.3%,MEDIUM,2026-06-10,📉 GIẢM,37.1%,HIGH,2026-06-11,📉 GIẢM,37.9%,HIGH,2026-06-12,📉 GIẢM,38.7%,HIGH,2026-06-15,📉 GIẢM,39.5%,HIGH,2026-06-16,📉 GIẢM,40.3%,HIGH,2026-06-17,📉 GIẢM,41.1%,HIGH,2026-06-18,📉 GIẢM,42.0%,HIGH,2026-06-19,📉 GIẢM,42.8%,HIGH,2026-06-22,📉 GIẢM,43.6%,HIGH,2026-06-23,📉 GIẢM,44.4%,HIGH,2026-06-24,📉 GIẢM,45.2%,HIGH
DID,2026-05-22,2026-06-04,📈 TĂNG,59.2%,LOW,2026-06-05,📈 TĂNG,55.3%,LOW,2026-06-08,📈 TĂNG,55.2%,LOW,2026-06-09,📈 TĂNG,54.9%,LOW,2026-06-10,📈 TĂNG,54.6%,LOW,2026-06-11,📈 TĂNG,54.3%,LOW,2026-06-12,📈 TĂNG,54.3%,LOW,2026-06-15,📈 TĂNG,54.0%,LOW,2026-06-16,📈 TĂNG,53.7%,LOW,2026-06-17,📈 TĂNG,53.4%,HIGH,2026-06-18,📈 TĂNG,53.1%,HIGH,2026-06-19,📈 TĂNG,52.8%,HIGH,2026-06-22,📈 TĂNG,52.5%,HIGH,2026-06-23,📈 TĂNG,52.2%,HIGH,2026-06-24,📈 TĂNG,51.9%,HIGH
APT,2026-05-22,2026-06-04,📉 GIẢM,39.3%,MEDIUM,2026-06-05,📉 GIẢM,39.9%,MEDIUM,2026-06-08,📉 GIẢM,40.4%,LOW,2026-06-09,📉 GIẢM,40.9%,LOW,2026-06-10,📉 GIẢM,41.5%,LOW,2026-06-11,📉 GIẢM,42.0%,LOW,2026-06-12,📉 GIẢM,42.5%,LOW,2026-06-15,📉 GIẢM,43.1%,HIGH,2026-06-16,📉 GIẢM,43.6%,HIGH,2026-06-17,📉 GIẢM,44.1%,HIGH,2026-06-18,📉 GIẢM,44.7%,HIGH,2026-06-19,📉 GIẢM,45.2%,HIGH,2026-06-22,📉 GIẢM,45.7%,HIGH,2026-06-23,📉 GIẢM,46.3%,HIGH,2026-06-24,📉 GIẢM,46.8%,HIGH
MNB,2026-05-22,2026-06-04,📉 GIẢM,44.6%,LOW,2026-06-05,📉 GIẢM,44.9%,LOW,2026-06-08,📉 GIẢM,45.1%,LOW,2026-06-09,📉 GIẢM,45.4%,LOW,2026-06-10,📉 GIẢM,45.7%,LOW,2026-06-11,📉 GIẢM,45.9%,LOW,2026-06-12,📉 GIẢM,46.2%,LOW,2026-06-15,📉 GIẢM,46.5%,LOW,2026-06-16,📉 GIẢM,46.7%,LOW,2026-06-17,📉 GIẢM,47.0%,HIGH,2026-06-18,📉 GIẢM,47.3%,HIGH,2026-06-19,📉 GIẢM,47.5%,HIGH,2026-06-22,📉 GIẢM,47.8%,HIGH,2026-06-23,📉 GIẢM,48.1%,HIGH,2026-06-24,📉 GIẢM,48.4%,HIGH
QNT,2026-05-22,2026-06-04,📉 GIẢM,45.5%,LOW,2026-06-05,📉 GIẢM,45.7%,LOW,2026-06-08,📉 GIẢM,45.9%,LOW,2026-06-09,📉 GIẢM,46.1%,LOW,2026-06-10,📉 GIẢM,46.4%,LOW,2026-06-11,📉 GIẢM,46.6%,LOW,2026-06-12,📉 GIẢM,46.8%,LOW,2026-06-15,📉 GIẢM,47.0%,LOW,2026-06-16,📉 GIẢM,47.3%,LOW,2026-06-17,📉 GIẢM,47.5%,HIGH,2026-06-18,📉 GIẢM,47.7%,HIGH,2026-06-19,📉 GIẢM,48.0%,HIGH,2026-06-22,📉 GIẢM,48.2%,HIGH,2026-06-23,📉 GIẢM,48.4%,HIGH,2026-06-24,📉 GIẢM,48.6%,HIGH
APC,2026-05-22,2026-06-04,📉 GIẢM,26.2%,HIGH,2026-06-05,📉 GIẢM,27.3%,HIGH,2026-06-08,📉 GIẢM,28.5%,HIGH,2026-06-09,📉 GIẢM,29.7%,HIGH,2026-06-10,📉 GIẢM,30.9%,HIGH,2026-06-11,📉 GIẢM,32.1%,HIGH,2026-06-12,📉 GIẢM,33.3%,HIGH,2026-06-15,📉 GIẢM,34.5%,HIGH,2026-06-16,📉 GIẢM,35.7%,HIGH,2026-06-17,📉 GIẢM,36.9%,HIGH,2026-06-18,📉 GIẢM,38.1%,HIGH,2026-06-19,📉 GIẢM,39.3%,HIGH,2026-06-22,📉 GIẢM,40.5%,HIGH,2026-06-23,📉 GIẢM,41.7%,HIGH,2026-06-24,📉 GIẢM,42.8%,HIGH
HAS,2026-05-22,2026-06-04,📉 GIẢM,27.8%,HIGH,2026-06-05,📉 GIẢM,28.9%,HIGH,2026-06-08,📉 GIẢM,30.0%,HIGH,2026-06-09,📉 GIẢM,31.1%,HIGH,2026-06-10,📉 GIẢM,32.3%,HIGH,2026-06-11,📉 GIẢM,33.4%,HIGH,2026-06-12,📉 GIẢM,34.5%,HIGH,2026-06-15,📉 GIẢM,35.6%,HIGH,2026-06-16,📉 GIẢM,36.8%,HIGH,2026-06-17,📉 GIẢM,37.9%,HIGH,2026-06-18,📉 GIẢM,39.0%,HIGH,2026-06-19,📉 GIẢM,40.1%,HIGH,2026-06-22,📉 GIẢM,41.2%,HIGH,2026-06-23,📉 GIẢM,42.3%,HIGH,2026-06-24,📉 GIẢM,43.4%,HIGH
NOS,2026-05-22,2026-06-04,📉 GIẢM,45.9%,LOW,2026-06-05,📉 GIẢM,46.1%,LOW,2026-06-08,📉 GIẢM,46.3%,LOW,2026-06-09,📉 GIẢM,46.5%,LOW,2026-06-10,📉 GIẢM,46.7%,LOW,2026-06-11,📉 GIẢM,46.9%,LOW,2026-06-12,📉 GIẢM,47.1%,LOW,2026-06-15,📉 GIẢM,47.3%,LOW,2026-06-16,📉 GIẢM,47.5%,LOW,2026-06-17,📉 GIẢM,47.7%,HIGH,2026-06-18,📉 GIẢM,47.7%,HIGH,2026-06-19,📉 GIẢM,48.0%,HIGH,2026-06-22,📉 GIẢM,48.2%,HIGH,2026-06-23,📉 GIẢM,48.4%,HIGH,2026-06-24,📉 GIẢM,48.6%,HIGH
XLV,2026-05-22,2026-06-04,📉 GIẢM,30.7%,MEDIUM,2026-06-05,📉 GIẢM,31.7%,HIGH,2026-06-08,📉 GIẢM,32.7%,HIGH,2026-06-09,📉 GIẢM,33.6%,HIGH,2026-06-10,📉 GIẢM,34.6%,HIGH,2026-06-11,📉 GIẢM,35.5%,HIGH,2026-06-12,📉 GIẢM,36.5%,HIGH,2026-06-15,📉 GIẢM,37.5%,HIGH,2026-06-16,📉 GIẢM,38.4%,HIGH,2026-06-17,📉 GIẢM,39.4%,HIGH,2026-06-18,📉 GIẢM,40.4%,HIGH,2026-06-19,📉 GIẢM,41.3%,HIGH,2026-06-22,📉 GIẢM,42.3%,HIGH,2026-06-23,📉 GIẢM,43.3%,HIGH,2026-06-24,📉 GIẢM,44.2%,HIGH
TST,2026-05-22,2026-06-04,📈 TĂNG,52.0%,LOW,2026-06-05,📈 TĂNG,52.2%,LOW,2026-06-08,📈 TĂNG,52.0%,LOW,2026-06-09,📈 TĂNG,51.9%,LOW,2026-06-10,📈 TĂNG,51.8%,LOW,2026-06-11,📈 TĂNG,51.7%,LOW,2026-06-12,📈 TĂNG,51.6%,LOW,2026-06-15,📈 TĂNG,51.5%,LOW,2026-06-16,📈 TĂNG,51.5%,LOW,2026-06-17,📈 TĂNG,51.3%,LOW,2026-06-18,📈 TĂNG,51.2%,HIGH,2026-06-19,📈 TĂNG,51.1%,HIGH,2026-06-22,📈 TĂNG,51.0%,HIGH,2026-06-23,📈 TĂNG,51.0%,HIGH,2026-06-24,📈 TĂNG,50.9%,HIGH
SD4,2026-05-22,2026-06-04,📉 GIẢM,39.5%,MEDIUM,2026-06-05,📉 GIẢM,40.1%,LOW,2026-06-08,📉 GIẢM,40.6%,LOW,2026-06-09,📉 GIẢM,41.1%,LOW,2026-06-10,📉 GIẢM,41.6%,LOW,2026-06-11,📉 GIẢM,42.1%,LOW,2026-06-12,📉 GIẢM,42.7%,LOW,2026-06-15,📉 GIẢM,43.2%,HIGH,2026-06-16,📉 GIẢM,43.5%,HIGH,2026-06-17,📉 GIẢM,44.1%,HIGH,2026-06-18,📉 GIẢM,44.6%,HIGH,2026-06-19,📉 GIẢM,45.1%,HIGH,2026-06-22,📉 GIẢM,45.7%,HIGH,2026-06-23,📉 GIẢM,46.2%,HIGH,2026-06-24,📉 GIẢM,46.8%,HIGH
SHG,2026-05-22,2026-06-04,📉 GIẢM,43.7%,LOW,2026-06-05,📉 GIẢM,45.7%,LOW,2026-06-08,📉 GIẢM,45.9%,LOW,2026-06-09,📉 GIẢM,46.1%,LOW,2026-06-10,📉 GIẢM,46.3%,LOW,2026-06-11,📉 GIẢM,46.6%,LOW,2026-06-12,📉 GIẢM,46.8%,LOW,2026-06-15,📉 GIẢM,46.7%,LOW,2026-06-16,📉 GIẢM,47.0%,LOW,2026-06-17,📉 GIẢM,47.2%,HIGH,2026-06-18,📉 GIẢM,47.5%,HIGH,2026-06-19,📉 GIẢM,47.7%,HIGH,2026-06-22,📉 GIẢM,48.0%,HIGH,2026-06-23,📉 GIẢM,48.2%,HIGH,2026-06-24,📉 GIẢM,48.5%,HIGH
DNH,2026-05-22,2026-06-04,📉 GIẢM,31.6%,MEDIUM,2026-06-05,📉 GIẢM,32.5%,MEDIUM,2026-06-08,📉 GIẢM,33.4%,HIGH,2026-06-09,📉 GIẢM,34.4%,HIGH,2026-06-10,📉 GIẢM,35.3%,HIGH,2026-06-11,📉 GIẢM,36.2%,HIGH,2026-06-12,📉 GIẢM,37.1%,HIGH,2026-06-15,📉 GIẢM,38.0%,HIGH,2026-06-16,📉 GIẢM,39.0%,HIGH,2026-06-17,📉 GIẢM,39.9%,HIGH,2026-06-18,📉 GIẢM,40.8%,HIGH,2026-06-19,📉 GIẢM,41.7%,HIGH,2026-06-22,📉 GIẢM,42.6%,HIGH,2026-06-23,📉 GIẢM,43.6%,HIGH,2026-06-24,📉 GIẢM,44.5%,HIGH
DP2,2026-05-22,2026-06-04,📈 TĂNG,60.7%,MEDIUM,2026-06-05,📈 TĂNG,59.3%,LOW,2026-06-08,📈 TĂNG,58.8%,LOW,2026-06-09,📈 TĂNG,58.3%,LOW,2026-06-10,📈 TĂNG,58.7%,LOW,2026-06-11,📈 TĂNG,58.4%,LOW,2026-06-12,📈 TĂNG,57.8%,LOW,2026-06-15,📈 TĂNG,57.3%,HIGH,2026-06-16,📈 TĂNG,56.7%,HIGH,2026-06-17,📈 TĂNG,56.2%,HIGH,2026-06-18,📈 TĂNG,55.6%,HIGH,2026-06-19,📈 TĂNG,55.0%,HIGH,2026-06-22,📈 TĂNG,54.5%,HIGH,2026-06-23,📈 TĂNG,53.9%,HIGH,2026-06-24,📈 TĂNG,53.4%,HIGH
L62,2026-05-22,2026-06-04,📉 GIẢM,28.7%,HIGH,2026-06-05,📉 GIẢM,29.4%,HIGH,2026-06-08,📉 GIẢM,30.2%,HIGH,2026-06-09,📉 GIẢM,31.3%,HIGH,2026-06-10,📉 GIẢM,32.4%,HIGH,2026-06-11,📉 GIẢM,33.5%,HIGH,2026-06-12,📉 GIẢM,34.6%,HIGH,2026-06-15,📉 GIẢM,35.7%,HIGH,2026-06-16,📉 GIẢM,36.8%,HIGH,2026-06-17,📉 GIẢM,37.9%,HIGH,2026-06-18,📉 GIẢM,39.5%,HIGH,2026-06-19,📉 GIẢM,40.5%,HIGH,2026-06-22,📉 GIẢM,41.6%,HIGH,2026-06-23,📉 GIẢM,42.6%,HIGH,2026-06-24,📉 GIẢM,43.7%,HIGH
VPA,2026-05-22,2026-06-04,📉 GIẢM,31.5%,MEDIUM,2026-06-05,📉 GIẢM,32.4%,MEDIUM,2026-06-08,📉 GIẢM,33.4%,HIGH,2026-06-09,📉 GIẢM,34.3%,HIGH,2026-06-10,📉 GIẢM,35.2%,HIGH,2026-06-11,📉 GIẢM,36.1%,HIGH,2026-06-12,📉 GIẢM,37.1%,HIGH,2026-06-15,📉 GIẢM,38.0%,HIGH,2026-06-16,📉 GIẢM,38.9%,HIGH,2026-06-17,📉 GIẢM,39.8%,HIGH,2026-06-18,📉 GIẢM,41.6%,HIGH,2026-06-19,📉 GIẢM,42.4%,HIGH,2026-06-22,📉 GIẢM,43.3%,HIGH,2026-06-23,📉 GIẢM,44.1%,HIGH,2026-06-24,📉 GIẢM,44.9%,HIGH
TMC,2026-05-22,2026-06-04,📉 GIẢM,26.3%,HIGH,2026-06-05,📉 GIẢM,27.5%,HIGH,2026-06-08,📉 GIẢM,28.7%,HIGH,2026-06-09,📉 GIẢM,29.8%,HIGH,2026-06-10,📉 GIẢM,31.0%,HIGH,2026-06-11,📉 GIẢM,32.2%,HIGH,2026-06-12,📉 GIẢM,33.4%,HIGH,2026-06-15,📉 GIẢM,34.8%,HIGH,2026-06-16,📉 GIẢM,36.0%,HIGH,2026-06-17,📉 GIẢM,37.2%,HIGH,2026-06-18,📉 GIẢM,38.3%,HIGH,2026-06-19,📉 GIẢM,39.5%,HIGH,2026-06-22,📉 GIẢM,40.7%,HIGH,2026-06-23,📉 GIẢM,41.8%,HIGH,2026-06-24,📉 GIẢM,43.0%,HIGH
HAV,2026-05-22,2026-06-04,📉 GIẢM,27.0%,HIGH,2026-06-05,📉 GIẢM,28.0%,HIGH,2026-06-08,📉 GIẢM,29.1%,HIGH,2026-06-09,📉 GIẢM,30.3%,HIGH,2026-06-10,📉 GIẢM,31.4%,HIGH,2026-06-11,📉 GIẢM,32.6%,HIGH,2026-06-12,📉 GIẢM,33.8%,HIGH,2026-06-15,📉 GIẢM,34.9%,HIGH,2026-06-16,📉 GIẢM,36.1%,HIGH,2026-06-17,📉 GIẢM,37.2%,HIGH,2026-06-18,📉 GIẢM,38.7%,HIGH,2026-06-19,📉 GIẢM,39.8%,HIGH,2026-06-22,📉 GIẢM,41.0%,HIGH,2026-06-23,📉 GIẢM,42.1%,HIGH,2026-06-24,📉 GIẢM,43.2%,HIGH
SCD,2026-05-22,2026-06-04,📉 GIẢM,40.9%,LOW,2026-06-05,📉 GIẢM,41.4%,LOW,2026-06-08,📉 GIẢM,41.8%,LOW,2026-06-09,📉 GIẢM,42.3%,LOW,2026-06-10,📉 GIẢM,42.7%,LOW,2026-06-11,📉 GIẢM,43.2%,LOW,2026-06-12,📉 GIẢM,43.7%,LOW,2026-06-15,📉 GIẢM,44.1%,LOW,2026-06-16,📉 GIẢM,44.6%,HIGH,2026-06-17,📉 GIẢM,45.0%,HIGH,2026-06-18,📉 GIẢM,45.5%,HIGH,2026-06-19,📉 GIẢM,45.9%,HIGH,2026-06-22,📉 GIẢM,46.4%,HIGH,2026-06-23,📉 GIẢM,46.8%,HIGH,2026-06-24,📉 GIẢM,47.3%,HIGH
PWS,2026-05-22,2026-06-04,📉 GIẢM,33.2%,MEDIUM,2026-06-05,📉 GIẢM,33.8%,MEDIUM,2026-06-08,📉 GIẢM,34.7%,MEDIUM,2026-06-09,📉 GIẢM,35.5%,HIGH,2026-06-10,📉 GIẢM,36.4%,HIGH,2026-06-11,📉 GIẢM,37.2%,HIGH,2026-06-12,📉 GIẢM,38.1%,HIGH,2026-06-15,📉 GIẢM,38.9%,HIGH,2026-06-16,📉 GIẢM,39.8%,HIGH,2026-06-17,📉 GIẢM,40.6%,HIGH,2026-06-18,📉 GIẢM,41.5%,HIGH,2026-06-19,📉 GIẢM,42.3%,HIGH,2026-06-22,📉 GIẢM,43.2%,HIGH,2026-06-23,📉 GIẢM,44.0%,HIGH,2026-06-24,📉 GIẢM,44.9%,HIGH
CMV,2026-05-22,2026-06-04,📉 GIẢM,30.6%,MEDIUM,2026-06-05,📉 GIẢM,31.1%,HIGH,2026-06-08,📉 GIẢM,32.3%,HIGH,2026-06-09,📉 GIẢM,33.2%,HIGH,2026-06-10,📉 GIẢM,34.2%,HIGH,2026-06-11,📉 GIẢM,35.2%,HIGH,2026-06-12,📉 GIẢM,36.2%,HIGH,2026-06-15,📉 GIẢM,37.2%,HIGH,2026-06-16,📉 GIẢM,38.2%,HIGH,2026-06-17,📉 GIẢM,39.2%,HIGH,2026-06-18,📉 GIẢM,40.1%,HIGH,2026-06-19,📉 GIẢM,41.1%,HIGH,2026-06-22,📉 GIẢM,42.1%,HIGH,2026-06-23,📉 GIẢM,43.1%,HIGH,2026-06-24,📉 GIẢM,44.1%,HIGH
HMD,2026-05-22,2026-06-04,📈 TĂNG,58.3%,LOW,2026-06-05,📈 TĂNG,57.9%,LOW,2026-06-08,📈 TĂNG,57.4%,LOW,2026-06-09,📈 TĂNG,57.0%,LOW,2026-06-10,📈 TĂNG,56.6%,LOW,2026-06-11,📈 TĂNG,56.2%,LOW,2026-06-12,📈 TĂNG,55.8%,LOW,2026-06-15,📈 TĂNG,55.4%,LOW,2026-06-16,📈 TĂNG,55.0%,HIGH,2026-06-17,📈 TĂNG,54.5%,HIGH,2026-06-18,📈 TĂNG,54.1%,HIGH,2026-06-19,📈 TĂNG,53.7%,HIGH,2026-06-22,📈 TĂNG,53.3%,HIGH,2026-06-23,📈 TĂNG,52.9%,HIGH,2026-06-24,📈 TĂNG,52.5%,HIGH
HC1,2026-05-22,2026-06-04,📈 TĂNG,59.0%,LOW,2026-06-05,📈 TĂNG,56.0%,LOW,2026-06-08,📈 TĂNG,55.7%,LOW,2026-06-09,📈 TĂNG,55.4%,LOW,2026-06-10,📈 TĂNG,55.1%,LOW,2026-06-11,📈 TĂNG,54.7%,LOW,2026-06-12,📈 TĂNG,54.4%,LOW,2026-06-15,📈 TĂNG,54.1%,LOW,2026-06-16,📈 TĂNG,53.8%,LOW,2026-06-17,📈 TĂNG,53.5%,HIGH,2026-06-18,📈 TĂNG,53.2%,HIGH,2026-06-19,📈 TĂNG,52.8%,HIGH,2026-06-22,📈 TĂNG,52.5%,HIGH,2026-06-23,📈 TĂNG,52.2%,HIGH,2026-06-24,📈 TĂNG,51.9%,HIGH
NTW,2026-05-25,2026-06-04,📉 GIẢM,28.3%,HIGH,2026-06-05,📉 GIẢM,29.4%,HIGH,2026-06-08,📉 GIẢM,30.7%,HIGH,2026-06-09,📉 GIẢM,31.7%,HIGH,2026-06-10,📉 GIẢM,32.9%,HIGH,2026-06-11,📉 GIẢM,34.0%,HIGH,2026-06-12,📉 GIẢM,35.0%,HIGH,2026-06-15,📉 GIẢM,36.1%,HIGH,2026-06-16,📉 GIẢM,37.2%,HIGH,2026-06-17,📉 GIẢM,38.2%,HIGH,2026-06-18,📉 GIẢM,39.4%,HIGH,2026-06-19,📉 GIẢM,40.4%,HIGH,2026-06-22,📉 GIẢM,41.5%,HIGH,2026-06-23,📉 GIẢM,42.6%,HIGH,2026-06-24,📉 GIẢM,43.6%,HIGH
CC1,2026-05-25,2026-06-04,📉 GIẢM,22.3%,HIGH,2026-06-05,📉 GIẢM,23.3%,HIGH,2026-06-08,📉 GIẢM,24.7%,HIGH,2026-06-09,📉 GIẢM,26.6%,HIGH,2026-06-10,📉 GIẢM,28.0%,HIGH,2026-06-11,📉 GIẢM,29.4%,HIGH,2026-06-12,📉 GIẢM,30.7%,HIGH,2026-06-15,📉 GIẢM,32.1%,HIGH,2026-06-16,📉 GIẢM,33.5%,HIGH,2026-06-17,📉 GIẢM,34.9%,HIGH,2026-06-18,📉 GIẢM,36.2%,HIGH,2026-06-19,📉 GIẢM,37.6%,HIGH,2026-06-22,📉 GIẢM,39.0%,HIGH,2026-06-23,📉 GIẢM,40.4%,HIGH,2026-06-24,📉 GIẢM,41.7%,HIGH
KMT,2026-05-25,2026-06-04,📉 GIẢM,22.6%,HIGH,2026-06-05,📉 GIẢM,24.0%,HIGH,2026-06-08,📉 GIẢM,25.3%,HIGH,2026-06-09,📉 GIẢM,26.7%,HIGH,2026-06-10,📉 GIẢM,28.1%,HIGH,2026-06-11,📉 GIẢM,29.5%,HIGH,2026-06-12,📉 GIẢM,30.8%,HIGH,2026-06-15,📉 GIẢM,31.6%,HIGH,2026-06-16,📉 GIẢM,33.0%,HIGH,2026-06-17,📉 GIẢM,34.5%,HIGH,2026-06-18,📉 GIẢM,35.9%,HIGH,2026-06-19,📉 GIẢM,37.3%,HIGH,2026-06-22,📉 GIẢM,38.7%,HIGH,2026-06-23,📉 GIẢM,40.1%,HIGH,2026-06-24,📉 GIẢM,41.5%,HIGH
HNI,2026-05-25,2026-06-04,📉 GIẢM,21.7%,HIGH,2026-06-05,📉 GIẢM,23.3%,HIGH,2026-06-08,📉 GIẢM,24.7%,HIGH,2026-06-09,📉 GIẢM,26.0%,HIGH,2026-06-10,📉 GIẢM,27.4%,HIGH,2026-06-11,📉 GIẢM,28.8%,HIGH,2026-06-12,📉 GIẢM,30.2%,HIGH,2026-06-15,📉 GIẢM,31.6%,HIGH,2026-06-16,📉 GIẢM,33.0%,HIGH,2026-06-17,📉 GIẢM,34.4%,HIGH,2026-06-18,📉 GIẢM,35.9%,HIGH,2026-06-19,📉 GIẢM,37.3%,HIGH,2026-06-22,📉 GIẢM,38.7%,HIGH,2026-06-23,📉 GIẢM,40.1%,HIGH,2026-06-24,📉 GIẢM,41.5%,HIGH
VUA,2026-05-25,2026-06-04,📉 GIẢM,36.8%,MEDIUM,2026-06-05,📉 GIẢM,37.5%,MEDIUM,2026-06-08,📉 GIẢM,38.1%,MEDIUM,2026-06-09,📉 GIẢM,38.8%,MEDIUM,2026-06-10,📉 GIẢM,39.5%,MEDIUM,2026-06-11,📉 GIẢM,40.1%,LOW,2026-06-12,📉 GIẢM,40.8%,HIGH,2026-06-15,📉 GIẢM,41.5%,HIGH,2026-06-16,📉 GIẢM,42.1%,HIGH,2026-06-17,📉 GIẢM,42.8%,HIGH,2026-06-18,📉 GIẢM,43.4%,HIGH,2026-06-19,📉 GIẢM,44.1%,HIGH,2026-06-22,📉 GIẢM,44.7%,HIGH,2026-06-23,📉 GIẢM,45.4%,HIGH,2026-06-24,📉 GIẢM,46.1%,HIGH
BSQ,2026-05-25,2026-06-04,📉 GIẢM,27.4%,HIGH,2026-06-05,📉 GIẢM,28.5%,HIGH,2026-06-08,📉 GIẢM,29.7%,HIGH,2026-06-09,📉 GIẢM,30.8%,HIGH,2026-06-10,📉 GIẢM,31.9%,HIGH,2026-06-11,📉 GIẢM,33.1%,HIGH,2026-06-12,📉 GIẢM,34.2%,HIGH,2026-06-15,📉 GIẢM,35.3%,HIGH,2026-06-16,📉 GIẢM,36.4%,HIGH,2026-06-17,📉 GIẢM,37.6%,HIGH,2026-06-18,📉 GIẢM,38.7%,HIGH,2026-06-19,📉 GIẢM,39.8%,HIGH,2026-06-22,📉 GIẢM,41.0%,HIGH,2026-06-23,📉 GIẢM,42.1%,HIGH,2026-06-24,📉 GIẢM,43.2%,HIGH
ILC,2026-05-25,2026-06-04,📉 GIẢM,35.3%,MEDIUM,2026-06-05,📉 GIẢM,36.0%,MEDIUM,2026-06-08,📉 GIẢM,36.8%,MEDIUM,2026-06-09,📉 GIẢM,37.5%,MEDIUM,2026-06-10,📉 GIẢM,38.2%,MEDIUM,2026-06-11,📉 GIẢM,39.0%,HIGH,2026-06-12,📉 GIẢM,39.7%,HIGH,2026-06-15,📉 GIẢM,40.4%,HIGH,2026-06-16,📉 GIẢM,41.6%,HIGH,2026-06-17,📉 GIẢM,42.3%,HIGH,2026-06-18,📉 GIẢM,43.0%,HIGH,2026-06-19,📉 GIẢM,43.7%,HIGH,2026-06-22,📉 GIẢM,44.4%,HIGH,2026-06-23,📉 GIẢM,45.1%,HIGH,2026-06-24,📉 GIẢM,45.8%,HIGH
THW,2026-05-25,2026-06-04,📉 GIẢM,29.3%,HIGH,2026-06-05,📉 GIẢM,30.0%,HIGH,2026-06-08,📉 GIẢM,31.1%,HIGH,2026-06-09,📉 GIẢM,32.1%,HIGH,2026-06-10,📉 GIẢM,33.2%,HIGH,2026-06-11,📉 GIẢM,34.2%,HIGH,2026-06-12,📉 GIẢM,35.3%,HIGH,2026-06-15,📉 GIẢM,36.3%,HIGH,2026-06-16,📉 GIẢM,37.4%,HIGH,2026-06-17,📉 GIẢM,38.4%,HIGH,2026-06-18,📉 GIẢM,39.5%,HIGH,2026-06-19,📉 GIẢM,40.5%,HIGH,2026-06-22,📉 GIẢM,41.6%,HIGH,2026-06-23,📉 GIẢM,42.6%,HIGH,2026-06-24,📉 GIẢM,43.7%,HIGH
VES,2026-05-25,2026-06-04,📉 GIẢM,32.3%,MEDIUM,2026-06-05,📉 GIẢM,33.5%,MEDIUM,2026-06-08,📉 GIẢM,34.3%,MEDIUM,2026-06-09,📉 GIẢM,35.2%,HIGH,2026-06-10,📉 GIẢM,36.1%,HIGH,2026-06-11,📉 GIẢM,36.9%,HIGH,2026-06-12,📉 GIẢM,37.8%,HIGH,2026-06-15,📉 GIẢM,38.7%,HIGH,2026-06-16,📉 GIẢM,39.5%,HIGH,2026-06-17,📉 GIẢM,40.4%,HIGH,2026-06-18,📉 GIẢM,41.3%,HIGH,2026-06-19,📉 GIẢM,42.2%,HIGH,2026-06-22,📉 GIẢM,43.0%,HIGH,2026-06-23,📉 GIẢM,43.9%,HIGH,2026-06-24,📉 GIẢM,44.8%,HIGH
BCF,2026-05-25,2026-06-04,📉 GIẢM,30.6%,MEDIUM,2026-06-05,📉 GIẢM,31.6%,HIGH,2026-06-08,📉 GIẢM,32.6%,HIGH,2026-06-09,📉 GIẢM,33.5%,HIGH,2026-06-10,📉 GIẢM,34.5%,HIGH,2026-06-11,📉 GIẢM,35.5%,HIGH,2026-06-12,📉 GIẢM,36.5%,HIGH,2026-06-15,📉 GIẢM,37.4%,HIGH,2026-06-16,📉 GIẢM,38.4%,HIGH,2026-06-17,📉 GIẢM,39.6%,HIGH,2026-06-18,📉 GIẢM,40.5%,HIGH,2026-06-19,📉 GIẢM,41.5%,HIGH,2026-06-22,📉 GIẢM,42.4%,HIGH,2026-06-23,📉 GIẢM,43.4%,HIGH,2026-06-24,📉 GIẢM,44.3%,HIGH
DND,2026-05-25,2026-06-04,📉 GIẢM,27.2%,HIGH,2026-06-05,📉 GIẢM,29.4%,HIGH,2026-06-08,📉 GIẢM,30.5%,HIGH,2026-06-09,📉 GIẢM,31.5%,HIGH,2026-06-10,📉 GIẢM,32.6%,HIGH,2026-06-11,📉 GIẢM,33.7%,HIGH,2026-06-12,📉 GIẢM,34.8%,HIGH,2026-06-15,📉 GIẢM,35.9%,HIGH,2026-06-16,📉 GIẢM,37.0%,HIGH,2026-06-17,📉 GIẢM,38.1%,HIGH,2026-06-18,📉 GIẢM,39.1%,HIGH,2026-06-19,📉 GIẢM,40.2%,HIGH,2026-06-22,📉 GIẢM,41.3%,HIGH,2026-06-23,📉 GIẢM,42.4%,HIGH,2026-06-24,📉 GIẢM,43.5%,HIGH
HPW,2026-05-25,2026-06-04,📉 GIẢM,30.3%,MEDIUM,2026-06-05,📉 GIẢM,31.3%,HIGH,2026-06-08,📉 GIẢM,32.3%,HIGH,2026-06-09,📉 GIẢM,33.2%,HIGH,2026-06-10,📉 GIẢM,34.2%,HIGH,2026-06-11,📉 GIẢM,35.2%,HIGH,2026-06-12,📉 GIẢM,36.2%,HIGH,2026-06-15,📉 GIẢM,37.2%,HIGH,2026-06-16,📉 GIẢM,38.2%,HIGH,2026-06-17,📉 GIẢM,39.2%,HIGH,2026-06-18,📉 GIẢM,40.1%,HIGH,2026-06-19,📉 GIẢM,41.1%,HIGH,2026-06-22,📉 GIẢM,42.1%,HIGH,2026-06-23,📉 GIẢM,43.1%,HIGH,2026-06-24,📉 GIẢM,44.1%,HIGH
HMH,2026-05-25,2026-06-04,📉 GIẢM,29.8%,HIGH,2026-06-05,📉 GIẢM,32.3%,MEDIUM,2026-06-08,📉 GIẢM,33.2%,HIGH,2026-06-09,📉 GIẢM,34.1%,HIGH,2026-06-10,📉 GIẢM,35.1%,HIGH,2026-06-11,📉 GIẢM,36.0%,HIGH,2026-06-12,📉 GIẢM,36.9%,HIGH,2026-06-15,📉 GIẢM,37.9%,HIGH,2026-06-16,📉 GIẢM,38.8%,HIGH,2026-06-17,📉 GIẢM,39.7%,HIGH,2026-06-18,📉 GIẢM,40.7%,HIGH,2026-06-19,📉 GIẢM,41.6%,HIGH,2026-06-22,📉 GIẢM,42.5%,HIGH,2026-06-23,📉 GIẢM,43.5%,HIGH,2026-06-24,📉 GIẢM,44.4%,HIGH
HC3,2026-05-25,2026-06-04,📈 TĂNG,59.1%,LOW,2026-06-05,📈 TĂNG,55.5%,LOW,2026-06-08,📈 TĂNG,55.2%,LOW,2026-06-09,📈 TĂNG,54.9%,LOW,2026-06-10,📈 TĂNG,55.4%,LOW,2026-06-11,📈 TĂNG,55.1%,LOW,2026-06-12,📈 TĂNG,54.7%,LOW,2026-06-15,📈 TĂNG,54.4%,LOW,2026-06-16,📈 TĂNG,54.1%,HIGH,2026-06-17,📈 TĂNG,53.7%,HIGH,2026-06-18,📈 TĂNG,53.4%,HIGH,2026-06-19,📈 TĂNG,53.0%,HIGH,2026-06-22,📈 TĂNG,52.7%,HIGH,2026-06-23,📈 TĂNG,52.4%,HIGH,2026-06-24,📈 TĂNG,52.0%,HIGH
TVT,2026-05-25,2026-06-04,📉 GIẢM,23.6%,HIGH,2026-06-05,📉 GIẢM,24.9%,HIGH,2026-06-08,📉 GIẢM,26.2%,HIGH,2026-06-09,📉 GIẢM,27.5%,HIGH,2026-06-10,📉 GIẢM,28.9%,HIGH,2026-06-11,📉 GIẢM,30.2%,HIGH,2026-06-12,📉 GIẢM,31.5%,HIGH,2026-06-15,📉 GIẢM,32.8%,HIGH,2026-06-16,📉 GIẢM,34.1%,HIGH,2026-06-17,📉 GIẢM,35.5%,HIGH,2026-06-18,📉 GIẢM,36.8%,HIGH,2026-06-19,📉 GIẢM,38.2%,HIGH,2026-06-22,📉 GIẢM,39.5%,HIGH,2026-06-23,📉 GIẢM,40.8%,HIGH,2026-06-24,📉 GIẢM,42.1%,HIGH
CHS,2026-05-26,2026-06-04,📉 GIẢM,42.6%,LOW,2026-06-05,📉 GIẢM,42.9%,LOW,2026-06-08,📉 GIẢM,43.2%,LOW,2026-06-09,📉 GIẢM,43.6%,LOW,2026-06-10,📉 GIẢM,43.8%,LOW,2026-06-11,📉 GIẢM,44.0%,LOW,2026-06-12,📉 GIẢM,44.4%,LOW,2026-06-15,📉 GIẢM,44.8%,LOW,2026-06-16,📉 GIẢM,45.2%,HIGH,2026-06-17,📉 GIẢM,45.6%,HIGH,2026-06-18,📉 GIẢM,46.0%,HIGH,2026-06-19,📉 GIẢM,46.4%,HIGH,2026-06-22,📉 GIẢM,46.8%,HIGH,2026-06-23,📉 GIẢM,47.2%,HIGH,2026-06-24,📉 GIẢM,47.6%,HIGH
DNN,2026-05-26,2026-06-04,📈 TĂNG,62.6%,MEDIUM,2026-06-05,📈 TĂNG,51.9%,LOW,2026-06-08,📈 TĂNG,51.8%,LOW,2026-06-09,📈 TĂNG,51.7%,LOW,2026-06-10,📈 TĂNG,51.6%,LOW,2026-06-11,📈 TĂNG,51.5%,LOW,2026-06-12,📈 TĂNG,51.4%,LOW,2026-06-15,📈 TĂNG,51.3%,LOW,2026-06-16,📈 TĂNG,51.2%,LOW,2026-06-17,📈 TĂNG,51.1%,LOW,2026-06-18,📈 TĂNG,51.0%,HIGH,2026-06-19,📈 TĂNG,50.9%,HIGH,2026-06-22,📈 TĂNG,50.8%,HIGH,2026-06-23,📈 TĂNG,50.7%,HIGH,2026-06-24,📈 TĂNG,50.6%,HIGH
CLM,2026-05-26,2026-06-04,📉 GIẢM,35.8%,MEDIUM,2026-06-05,📉 GIẢM,36.5%,MEDIUM,2026-06-08,📉 GIẢM,37.2%,MEDIUM,2026-06-09,📉 GIẢM,37.9%,MEDIUM,2026-06-10,📉 GIẢM,38.6%,MEDIUM,2026-06-11,📉 GIẢM,39.3%,HIGH,2026-06-12,📉 GIẢM,40.0%,HIGH,2026-06-15,📉 GIẢM,40.7%,HIGH,2026-06-16,📉 GIẢM,41.5%,HIGH,2026-06-17,📉 GIẢM,42.2%,HIGH,2026-06-18,📉 GIẢM,42.9%,HIGH,2026-06-19,📉 GIẢM,43.6%,HIGH,2026-06-22,📉 GIẢM,44.3%,HIGH,2026-06-23,📉 GIẢM,45.0%,HIGH,2026-06-24,📉 GIẢM,45.7%,HIGH
PIA,2026-05-26,2026-06-04,📉 GIẢM,27.6%,HIGH,2026-06-05,📉 GIẢM,28.7%,HIGH,2026-06-08,📉 GIẢM,29.8%,HIGH,2026-06-09,📉 GIẢM,31.0%,HIGH,2026-06-10,📉 GIẢM,32.1%,HIGH,2026-06-11,📉 GIẢM,33.2%,HIGH,2026-06-12,📉 GIẢM,34.3%,HIGH,2026-06-15,📉 GIẢM,35.4%,HIGH,2026-06-16,📉 GIẢM,36.6%,HIGH,2026-06-17,📉 GIẢM,37.7%,HIGH,2026-06-18,📉 GIẢM,38.8%,HIGH,2026-06-19,📉 GIẢM,39.9%,HIGH,2026-06-22,📉 GIẢM,41.0%,HIGH,2026-06-23,📉 GIẢM,42.2%,HIGH,2026-06-24,📉 GIẢM,43.3%,HIGH
VGL,2026-05-26,2026-06-04,📉 GIẢM,32.9%,MEDIUM,2026-06-05,📉 GIẢM,32.9%,MEDIUM,2026-06-08,📉 GIẢM,33.8%,HIGH,2026-06-09,📉 GIẢM,34.7%,HIGH,2026-06-10,📉 GIẢM,35.6%,HIGH,2026-06-11,📉 GIẢM,36.5%,HIGH,2026-06-12,📉 GIẢM,37.4%,HIGH,2026-06-15,📉 GIẢM,38.3%,HIGH,2026-06-16,📉 GIẢM,39.2%,HIGH,2026-06-17,📉 GIẢM,40.1%,HIGH,2026-06-18,📉 GIẢM,41.0%,HIGH,2026-06-19,📉 GIẢM,41.9%,HIGH,2026-06-22,📉 GIẢM,42.8%,HIGH,2026-06-23,📉 GIẢM,43.7%,HIGH,2026-06-24,📉 GIẢM,44.6%,HIGH
LM8,2026-05-26,2026-06-04,📉 GIẢM,22.9%,HIGH,2026-06-05,📉 GIẢM,23.5%,HIGH,2026-06-08,📉 GIẢM,24.9%,HIGH,2026-06-09,📉 GIẢM,26.3%,HIGH,2026-06-10,📉 GIẢM,27.7%,HIGH,2026-06-11,📉 GIẢM,29.1%,HIGH,2026-06-12,📉 GIẢM,30.4%,HIGH,2026-06-15,📉 GIẢM,32.0%,HIGH,2026-06-16,📉 GIẢM,33.3%,HIGH,2026-06-17,📉 GIẢM,34.7%,HIGH,2026-06-18,📉 GIẢM,36.1%,HIGH,2026-06-19,📉 GIẢM,37.5%,HIGH,2026-06-22,📉 GIẢM,38.9%,HIGH,2026-06-23,📉 GIẢM,40.4%,HIGH,2026-06-24,📉 GIẢM,41.7%,HIGH
PCF,2026-05-26,2026-06-04,📈 TĂNG,51.3%,LOW,2026-06-05,📈 TĂNG,54.2%,LOW,2026-06-08,📈 TĂNG,54.0%,LOW,2026-06-09,📈 TĂNG,53.8%,LOW,2026-06-10,📈 TĂNG,53.6%,LOW,2026-06-11,📈 TĂNG,53.3%,LOW,2026-06-12,📈 TĂNG,53.1%,LOW,2026-06-15,📈 TĂNG,52.9%,LOW,2026-06-16,📈 TĂNG,52.7%,LOW,2026-06-17,📈 TĂNG,52.4%,HIGH,2026-06-18,📈 TĂNG,52.2%,HIGH,2026-06-19,📈 TĂNG,52.0%,HIGH,2026-06-22,📈 TĂNG,51.8%,HIGH,2026-06-23,📈 TĂNG,51.6%,HIGH,2026-06-24,📈 TĂNG,51.3%,HIGH
HPB,2026-05-26,2026-06-04,📉 GIẢM,23.0%,HIGH,2026-06-05,📉 GIẢM,24.7%,HIGH,2026-06-08,📉 GIẢM,26.0%,HIGH,2026-06-09,📉 GIẢM,27.3%,HIGH,2026-06-10,📉 GIẢM,28.8%,HIGH,2026-06-11,📉 GIẢM,30.1%,HIGH,2026-06-12,📉 GIẢM,31.4%,HIGH,2026-06-15,📉 GIẢM,32.8%,HIGH,2026-06-16,📉 GIẢM,34.1%,HIGH,2026-06-17,📉 GIẢM,35.4%,HIGH,2026-06-18,📉 GIẢM,36.7%,HIGH,2026-06-19,📉 GIẢM,38.1%,HIGH,2026-06-22,📉 GIẢM,39.4%,HIGH,2026-06-23,📉 GIẢM,40.7%,HIGH,2026-06-24,📉 GIẢM,42.0%,HIGH
EBS,2026-05-26,2026-06-04,📉 GIẢM,31.1%,MEDIUM,2026-06-05,📉 GIẢM,32.3%,MEDIUM,2026-06-08,📉 GIẢM,33.3%,HIGH,2026-06-09,📉 GIẢM,34.2%,HIGH,2026-06-10,📉 GIẢM,35.1%,HIGH,2026-06-11,📉 GIẢM,36.1%,HIGH,2026-06-12,📉 GIẢM,37.0%,HIGH,2026-06-15,📉 GIẢM,37.9%,HIGH,2026-06-16,📉 GIẢM,38.8%,HIGH,2026-06-17,📉 GIẢM,39.8%,HIGH,2026-06-18,📉 GIẢM,40.8%,HIGH,2026-06-19,📉 GIẢM,41.7%,HIGH,2026-06-22,📉 GIẢM,42.6%,HIGH,2026-06-23,📉 GIẢM,43.6%,HIGH,2026-06-24,📉 GIẢM,44.5%,HIGH
CLC,2026-05-26,2026-06-04,📉 GIẢM,33.2%,MEDIUM,2026-06-05,📉 GIẢM,33.3%,MEDIUM,2026-06-08,📉 GIẢM,33.9%,HIGH,2026-06-09,📉 GIẢM,34.8%,HIGH,2026-06-10,📉 GIẢM,35.7%,HIGH,2026-06-11,📉 GIẢM,36.6%,HIGH,2026-06-12,📉 GIẢM,37.4%,HIGH,2026-06-15,📉 GIẢM,38.3%,HIGH,2026-06-16,📉 GIẢM,39.2%,HIGH,2026-06-17,📉 GIẢM,40.1%,HIGH,2026-06-18,📉 GIẢM,41.0%,HIGH,2026-06-19,📉 GIẢM,41.9%,HIGH,2026-06-22,📉 GIẢM,42.8%,HIGH,2026-06-23,📉 GIẢM,43.7%,HIGH,2026-06-24,📉 GIẢM,44.6%,HIGH
NQN,2026-05-26,2026-06-04,📉 GIẢM,35.1%,MEDIUM,2026-06-05,📉 GIẢM,35.6%,MEDIUM,2026-06-08,📉 GIẢM,36.3%,MEDIUM,2026-06-09,📉 GIẢM,37.1%,MEDIUM,2026-06-10,📉 GIẢM,37.8%,HIGH,2026-06-11,📉 GIẢM,38.5%,HIGH,2026-06-12,📉 GIẢM,39.2%,HIGH,2026-06-15,📉 GIẢM,40.0%,HIGH,2026-06-16,📉 GIẢM,40.8%,HIGH,2026-06-17,📉 GIẢM,41.5%,HIGH,2026-06-18,📉 GIẢM,42.3%,HIGH,2026-06-19,📉 GIẢM,43.1%,HIGH,2026-06-22,📉 GIẢM,43.8%,HIGH,2026-06-23,📉 GIẢM,44.6%,HIGH,2026-06-24,📉 GIẢM,45.4%,HIGH
LG9,2026-05-26,2026-06-04,📈 TĂNG,67.2%,MEDIUM,2026-06-05,📈 TĂNG,66.3%,MEDIUM,2026-06-08,📈 TĂNG,65.4%,MEDIUM,2026-06-09,📈 TĂNG,64.6%,HIGH,2026-06-10,📈 TĂNG,63.7%,HIGH,2026-06-11,📈 TĂNG,62.9%,HIGH,2026-06-12,📈 TĂNG,62.0%,HIGH,2026-06-15,📈 TĂNG,61.2%,HIGH,2026-06-16,📈 TĂNG,60.3%,HIGH,2026-06-17,📈 TĂNG,59.4%,HIGH,2026-06-18,📈 TĂNG,58.6%,HIGH,2026-06-19,📈 TĂNG,58.0%,HIGH,2026-06-22,📈 TĂNG,57.1%,HIGH,2026-06-23,📈 TĂNG,56.2%,HIGH,2026-06-24,📈 TĂNG,55.3%,HIGH
TBD,2026-05-26,2026-06-04,📉 GIẢM,25.3%,HIGH,2026-06-05,📉 GIẢM,26.2%,HIGH,2026-06-08,📉 GIẢM,27.6%,HIGH,2026-06-09,📉 GIẢM,28.9%,HIGH,2026-06-10,📉 GIẢM,30.1%,HIGH,2026-06-11,📉 GIẢM,31.4%,HIGH,2026-06-12,📉 GIẢM,32.6%,HIGH,2026-06-15,📉 GIẢM,33.9%,HIGH,2026-06-16,📉 GIẢM,35.1%,HIGH,2026-06-17,📉 GIẢM,36.3%,HIGH,2026-06-18,📉 GIẢM,38.1%,HIGH,2026-06-19,📉 GIẢM,39.3%,HIGH,2026-06-22,📉 GIẢM,40.5%,HIGH,2026-06-23,📉 GIẢM,41.8%,HIGH,2026-06-24,📉 GIẢM,42.9%,HIGH
DPC,2026-05-26,2026-06-04,📉 GIẢM,23.8%,HIGH,2026-06-05,📉 GIẢM,25.1%,HIGH,2026-06-08,📉 GIẢM,26.5%,HIGH,2026-06-09,📉 GIẢM,27.8%,HIGH,2026-06-10,📉 GIẢM,29.1%,HIGH,2026-06-11,📉 GIẢM,31.0%,HIGH,2026-06-12,📉 GIẢM,32.2%,HIGH,2026-06-15,📉 GIẢM,33.5%,HIGH,2026-06-16,📉 GIẢM,34.8%,HIGH,2026-06-17,📉 GIẢM,36.0%,HIGH,2026-06-18,📉 GIẢM,37.9%,HIGH,2026-06-19,📉 GIẢM,39.1%,HIGH,2026-06-22,📉 GIẢM,40.3%,HIGH,2026-06-23,📉 GIẢM,41.5%,HIGH,2026-06-24,📉 GIẢM,42.8%,HIGH
STG,2026-05-26,2026-06-04,📉 GIẢM,33.1%,MEDIUM,2026-06-05,📉 GIẢM,34.0%,MEDIUM,2026-06-08,📉 GIẢM,34.8%,MEDIUM,2026-06-09,📉 GIẢM,35.7%,HIGH,2026-06-10,📉 GIẢM,36.5%,HIGH,2026-06-11,📉 GIẢM,37.3%,HIGH,2026-06-12,📉 GIẢM,38.2%,HIGH,2026-06-15,📉 GIẢM,39.0%,HIGH,2026-06-16,📉 GIẢM,39.9%,HIGH,2026-06-17,📉 GIẢM,40.7%,HIGH,2026-06-18,📉 GIẢM,41.6%,HIGH,2026-06-19,📉 GIẢM,39.9%,HIGH,2026-06-22,📉 GIẢM,41.0%,HIGH,2026-06-23,📉 GIẢM,42.1%,HIGH,2026-06-24,📉 GIẢM,43.3%,HIGH
FSO,2026-05-26,2026-06-04,📉 GIẢM,30.4%,MEDIUM,2026-06-05,📉 GIẢM,31.0%,HIGH,2026-06-08,📉 GIẢM,32.0%,HIGH,2026-06-09,📉 GIẢM,33.0%,HIGH,2026-06-10,📉 GIẢM,34.2%,HIGH,2026-06-11,📉 GIẢM,35.2%,HIGH,2026-06-12,📉 GIẢM,36.2%,HIGH,2026-06-15,📉 GIẢM,37.2%,HIGH,2026-06-16,📉 GIẢM,38.2%,HIGH,2026-06-17,📉 GIẢM,39.2%,HIGH,2026-06-18,📉 GIẢM,40.1%,HIGH,2026-06-19,📉 GIẢM,41.1%,HIGH,2026-06-22,📉 GIẢM,42.1%,HIGH,2026-06-23,📉 GIẢM,43.1%,HIGH,2026-06-24,📉 GIẢM,44.1%,HIGH
CTT,2026-05-27,2026-06-04,📉 GIẢM,38.4%,MEDIUM,2026-06-05,📉 GIẢM,37.8%,MEDIUM,2026-06-08,📉 GIẢM,38.4%,MEDIUM,2026-06-09,📉 GIẢM,39.1%,MEDIUM,2026-06-10,📉 GIẢM,39.7%,MEDIUM,2026-06-11,📉 GIẢM,40.3%,LOW,2026-06-12,📉 GIẢM,41.0%,HIGH,2026-06-15,📉 GIẢM,41.6%,HIGH,2026-06-16,📉 GIẢM,42.3%,HIGH,2026-06-17,📉 GIẢM,42.9%,HIGH,2026-06-18,📉 GIẢM,43.6%,HIGH,2026-06-19,📉 GIẢM,44.2%,HIGH,2026-06-22,📉 GIẢM,44.9%,HIGH,2026-06-23,📉 GIẢM,45.5%,HIGH,2026-06-24,📉 GIẢM,46.1%,HIGH
VBH,2026-05-27,2026-06-04,📉 GIẢM,34.7%,MEDIUM,2026-06-05,📉 GIẢM,35.5%,MEDIUM,2026-06-08,📉 GIẢM,36.2%,MEDIUM,2026-06-09,📉 GIẢM,37.0%,MEDIUM,2026-06-10,📉 GIẢM,37.8%,HIGH,2026-06-11,📉 GIẢM,38.5%,HIGH,2026-06-12,📉 GIẢM,39.3%,HIGH,2026-06-15,📉 GIẢM,40.1%,HIGH,2026-06-16,📉 GIẢM,40.8%,HIGH,2026-06-17,📉 GIẢM,41.6%,HIGH,2026-06-18,📉 GIẢM,42.3%,HIGH,2026-06-19,📉 GIẢM,43.1%,HIGH,2026-06-22,📉 GIẢM,43.9%,HIGH,2026-06-23,📉 GIẢM,44.6%,HIGH,2026-06-24,📉 GIẢM,45.4%,HIGH
VE9,2026-05-27,2026-06-04,📉 GIẢM,49.5%,LOW,2026-06-05,📉 GIẢM,49.5%,LOW,2026-06-08,📉 GIẢM,49.5%,LOW,2026-06-09,📉 GIẢM,49.6%,LOW,2026-06-10,📉 GIẢM,49.6%,LOW,2026-06-11,📉 GIẢM,49.6%,LOW,2026-06-12,📉 GIẢM,49.6%,LOW,2026-06-15,📉 GIẢM,49.7%,LOW,2026-06-16,📉 GIẢM,49.7%,LOW,2026-06-17,📉 GIẢM,49.7%,LOW,2026-06-18,📉 GIẢM,49.7%,HIGH,2026-06-19,📉 GIẢM,49.8%,HIGH,2026-06-22,📉 GIẢM,49.8%,HIGH,2026-06-23,📉 GIẢM,49.8%,HIGH,2026-06-24,📉 GIẢM,49.8%,HIGH
HAT,2026-05-27,2026-06-04,📉 GIẢM,19.5%,HIGH,2026-06-05,📉 GIẢM,21.0%,HIGH,2026-06-08,📉 GIẢM,22.5%,HIGH,2026-06-09,📉 GIẢM,24.0%,HIGH,2026-06-10,📉 GIẢM,25.6%,HIGH,2026-06-11,📉 GIẢM,27.1%,HIGH,2026-06-12,📉 GIẢM,28.6%,HIGH,2026-06-15,📉 GIẢM,30.1%,HIGH,2026-06-16,📉 GIẢM,31.7%,HIGH,2026-06-17,📉 GIẢM,33.2%,HIGH,2026-06-18,📉 GIẢM,34.7%,HIGH,2026-06-19,📉 GIẢM,36.3%,HIGH,2026-06-22,📉 GIẢM,37.8%,HIGH,2026-06-23,📉 GIẢM,39.3%,HIGH,2026-06-24,📉 GIẢM,40.8%,HIGH
CQT,2026-05-27,2026-06-04,📉 GIẢM,49.7%,LOW,2026-06-05,📉 GIẢM,49.3%,LOW,2026-06-08,📉 GIẢM,48.3%,LOW,2026-06-09,📉 GIẢM,48.4%,LOW,2026-06-10,📉 GIẢM,48.5%,LOW,2026-06-11,📉 GIẢM,48.3%,LOW,2026-06-12,📉 GIẢM,48.4%,LOW,2026-06-15,📉 GIẢM,48.5%,LOW,2026-06-16,📉 GIẢM,48.6%,LOW,2026-06-17,📉 GIẢM,48.7%,LOW,2026-06-18,📉 GIẢM,48.9%,HIGH,2026-06-19,📉 GIẢM,49.0%,HIGH,2026-06-22,📉 GIẢM,49.1%,HIGH,2026-06-23,📉 GIẢM,49.1%,HIGH,2026-06-24,📉 GIẢM,49.3%,HIGH
HJC,2026-05-27,2026-06-04,📉 GIẢM,37.1%,MEDIUM,2026-06-05,📉 GIẢM,37.7%,MEDIUM,2026-06-08,📉 GIẢM,38.4%,MEDIUM,2026-06-09,📉 GIẢM,39.0%,MEDIUM,2026-06-10,📉 GIẢM,39.7%,MEDIUM,2026-06-11,📉 GIẢM,40.3%,LOW,2026-06-12,📉 GIẢM,41.0%,HIGH,2026-06-15,📉 GIẢM,41.6%,HIGH,2026-06-16,📉 GIẢM,42.2%,HIGH,2026-06-17,📉 GIẢM,42.9%,HIGH,2026-06-18,📉 GIẢM,43.5%,HIGH,2026-06-19,📉 GIẢM,44.2%,HIGH,2026-06-22,📉 GIẢM,44.8%,HIGH,2026-06-23,📉 GIẢM,45.5%,HIGH,2026-06-24,📉 GIẢM,46.1%,HIGH
ADC,2026-05-27,2026-06-04,📉 GIẢM,17.4%,HIGH,2026-06-05,📉 GIẢM,19.7%,HIGH,2026-06-08,📉 GIẢM,21.3%,HIGH,2026-06-09,📉 GIẢM,22.9%,HIGH,2026-06-10,📉 GIẢM,24.5%,HIGH,2026-06-11,📉 GIẢM,26.1%,HIGH,2026-06-12,📉 GIẢM,27.7%,HIGH,2026-06-15,📉 GIẢM,29.2%,HIGH,2026-06-16,📉 GIẢM,30.8%,HIGH,2026-06-17,📉 GIẢM,32.4%,HIGH,2026-06-18,📉 GIẢM,34.0%,HIGH,2026-06-19,📉 GIẢM,35.6%,HIGH,2026-06-22,📉 GIẢM,37.2%,HIGH,2026-06-23,📉 GIẢM,38.8%,HIGH,2026-06-24,📉 GIẢM,40.4%,HIGH
SZG,2026-05-27,2026-06-04,📈 TĂNG,64.3%,MEDIUM,2026-06-05,📈 TĂNG,62.2%,MEDIUM,2026-06-08,📈 TĂNG,61.5%,MEDIUM,2026-06-09,📈 TĂNG,60.9%,MEDIUM,2026-06-10,📈 TĂNG,60.2%,MEDIUM,2026-06-11,📈 TĂNG,59.6%,LOW,2026-06-12,📈 TĂNG,59.0%,HIGH,2026-06-15,📈 TĂNG,58.3%,HIGH,2026-06-16,📈 TĂNG,57.7%,HIGH,2026-06-17,📈 TĂNG,57.0%,HIGH,2026-06-18,📈 TĂNG,56.4%,HIGH,2026-06-19,📈 TĂNG,55.8%,HIGH,2026-06-22,📈 TĂNG,55.1%,HIGH,2026-06-23,📈 TĂNG,54.5%,HIGH,2026-06-24,📈 TĂNG,53.8%,HIGH
UDL,2026-05-27,2026-06-04,📉 GIẢM,37.2%,MEDIUM,2026-06-05,📉 GIẢM,39.7%,MEDIUM,2026-06-08,📉 GIẢM,40.3%,LOW,2026-06-09,📉 GIẢM,40.8%,LOW,2026-06-10,📉 GIẢM,41.4%,LOW,2026-06-11,📉 GIẢM,41.9%,LOW,2026-06-12,📉 GIẢM,42.4%,LOW,2026-06-15,📉 GIẢM,43.0%,HIGH,2026-06-16,📉 GIẢM,43.5%,HIGH,2026-06-17,📉 GIẢM,44.1%,HIGH,2026-06-18,📉 GIẢM,44.6%,HIGH,2026-06-19,📉 GIẢM,45.1%,HIGH,2026-06-22,📉 GIẢM,45.7%,HIGH,2026-06-23,📉 GIẢM,46.2%,HIGH,2026-06-24,📉 GIẢM,46.8%,HIGH
NTT,2026-05-27,2026-06-04,📉 GIẢM,32.8%,MEDIUM,2026-06-05,📉 GIẢM,33.7%,MEDIUM,2026-06-08,📉 GIẢM,34.6%,MEDIUM,2026-06-09,📉 GIẢM,35.4%,HIGH,2026-06-10,📉 GIẢM,36.3%,HIGH,2026-06-11,📉 GIẢM,37.1%,HIGH,2026-06-12,📉 GIẢM,38.0%,HIGH,2026-06-15,📉 GIẢM,38.8%,HIGH,2026-06-16,📉 GIẢM,39.7%,HIGH,2026-06-17,📉 GIẢM,40.6%,HIGH,2026-06-18,📉 GIẢM,41.4%,HIGH,2026-06-19,📉 GIẢM,42.3%,HIGH,2026-06-22,📉 GIẢM,43.1%,HIGH,2026-06-23,📉 GIẢM,44.0%,HIGH,2026-06-24,📉 GIẢM,44.9%,HIGH
NST,2026-05-27,2026-06-04,📉 GIẢM,25.5%,HIGH,2026-06-05,📉 GIẢM,27.5%,HIGH,2026-06-08,📉 GIẢM,28.7%,HIGH,2026-06-09,📉 GIẢM,29.9%,HIGH,2026-06-10,📉 GIẢM,31.0%,HIGH,2026-06-11,📉 GIẢM,32.2%,HIGH,2026-06-12,📉 GIẢM,33.4%,HIGH,2026-06-15,📉 GIẢM,34.6%,HIGH,2026-06-16,📉 GIẢM,35.8%,HIGH,2026-06-17,📉 GIẢM,37.0%,HIGH,2026-06-18,📉 GIẢM,38.1%,HIGH,2026-06-19,📉 GIẢM,39.3%,HIGH,2026-06-22,📉 GIẢM,40.5%,HIGH,2026-06-23,📉 GIẢM,41.7%,HIGH,2026-06-24,📉 GIẢM,42.9%,HIGH
NTH,2026-05-27,2026-06-04,📉 GIẢM,32.4%,MEDIUM,2026-06-05,📉 GIẢM,33.2%,MEDIUM,2026-06-08,📉 GIẢM,34.1%,MEDIUM,2026-06-09,📉 GIẢM,35.0%,HIGH,2026-06-10,📉 GIẢM,35.9%,HIGH,2026-06-11,📉 GIẢM,36.8%,HIGH,2026-06-12,📉 GIẢM,37.6%,HIGH,2026-06-15,📉 GIẢM,38.5%,HIGH,2026-06-16,📉 GIẢM,39.4%,HIGH,2026-06-17,📉 GIẢM,40.7%,HIGH,2026-06-18,📉 GIẢM,41.6%,HIGH,2026-06-19,📉 GIẢM,42.4%,HIGH,2026-06-22,📉 GIẢM,43.2%,HIGH,2026-06-23,📉 GIẢM,44.1%,HIGH,2026-06-24,📉 GIẢM,44.9%,HIGH
PTT,2026-05-27,2026-06-04,📉 GIẢM,36.0%,MEDIUM,2026-06-05,📉 GIẢM,36.3%,MEDIUM,2026-06-08,📉 GIẢM,37.0%,MEDIUM,2026-06-09,📉 GIẢM,37.7%,MEDIUM,2026-06-10,📉 GIẢM,38.4%,MEDIUM,2026-06-11,📉 GIẢM,39.2%,HIGH,2026-06-12,📉 GIẢM,39.9%,HIGH,2026-06-15,📉 GIẢM,40.6%,HIGH,2026-06-16,📉 GIẢM,41.3%,HIGH,2026-06-17,📉 GIẢM,42.1%,HIGH,2026-06-18,📉 GIẢM,42.8%,HIGH,2026-06-19,📉 GIẢM,43.5%,HIGH,2026-06-22,📉 GIẢM,44.2%,HIGH,2026-06-23,📉 GIẢM,44.9%,HIGH,2026-06-24,📉 GIẢM,45.7%,HIGH
BTU,2026-05-27,2026-06-04,📉 GIẢM,33.2%,MEDIUM,2026-06-05,📉 GIẢM,34.1%,MEDIUM,2026-06-08,📉 GIẢM,34.9%,MEDIUM,2026-06-09,📉 GIẢM,35.7%,HIGH,2026-06-10,📉 GIẢM,36.6%,HIGH,2026-06-11,📉 GIẢM,37.4%,HIGH,2026-06-12,📉 GIẢM,38.3%,HIGH,2026-06-15,📉 GIẢM,39.1%,HIGH,2026-06-16,📉 GIẢM,39.9%,HIGH,2026-06-17,📉 GIẢM,40.8%,HIGH,2026-06-18,📉 GIẢM,41.6%,HIGH,2026-06-19,📉 GIẢM,42.4%,HIGH,2026-06-22,📉 GIẢM,43.3%,HIGH,2026-06-23,📉 GIẢM,44.1%,HIGH,2026-06-24,📉 GIẢM,45.0%,HIGH
CRV,2026-05-27,2026-06-04,📉 GIẢM,20.5%,HIGH,2026-06-05,📉 GIẢM,22.4%,HIGH,2026-06-08,📉 GIẢM,23.8%,HIGH,2026-06-09,📉 GIẢM,25.3%,HIGH,2026-06-10,📉 GIẢM,26.9%,HIGH,2026-06-11,📉 GIẢM,28.3%,HIGH,2026-06-12,📉 GIẢM,29.8%,HIGH,2026-06-15,📉 GIẢM,31.2%,HIGH,2026-06-16,📉 GIẢM,32.7%,HIGH,2026-06-17,📉 GIẢM,34.1%,HIGH,2026-06-18,📉 GIẢM,35.6%,HIGH,2026-06-19,📉 GIẢM,37.0%,HIGH,2026-06-22,📉 GIẢM,38.4%,HIGH,2026-06-23,📉 GIẢM,39.9%,HIGH,2026-06-24,📉 GIẢM,41.3%,HIGH
PTM,2026-05-27,2026-06-04,📈 TĂNG,56.3%,LOW,2026-06-05,📈 TĂNG,56.0%,LOW,2026-06-08,📈 TĂNG,55.1%,LOW,2026-06-09,📈 TĂNG,54.8%,LOW,2026-06-10,📈 TĂNG,54.5%,LOW,2026-06-11,📈 TĂNG,54.2%,LOW,2026-06-12,📈 TĂNG,54.0%,LOW,2026-06-15,📈 TĂNG,53.7%,LOW,2026-06-16,📈 TĂNG,53.4%,LOW,2026-06-17,📈 TĂNG,53.1%,HIGH,2026-06-18,📈 TĂNG,52.8%,HIGH,2026-06-19,📈 TĂNG,52.5%,HIGH,2026-06-22,📈 TĂNG,52.1%,HIGH,2026-06-23,📈 TĂNG,51.9%,HIGH,2026-06-24,📈 TĂNG,51.6%,HIGH
KHD,2026-05-27,2026-06-04,📉 GIẢM,42.5%,LOW,2026-06-05,📉 GIẢM,42.8%,LOW,2026-06-08,📉 GIẢM,43.2%,LOW,2026-06-09,📉 GIẢM,43.6%,LOW,2026-06-10,📉 GIẢM,44.0%,LOW,2026-06-11,📉 GIẢM,44.4%,LOW,2026-06-12,📉 GIẢM,44.7%,LOW,2026-06-15,📉 GIẢM,45.1%,LOW,2026-06-16,📉 GIẢM,45.5%,HIGH,2026-06-17,📉 GIẢM,45.9%,HIGH,2026-06-18,📉 GIẢM,46.2%,HIGH,2026-06-19,📉 GIẢM,46.6%,HIGH,2026-06-22,📉 GIẢM,47.0%,HIGH,2026-06-23,📉 GIẢM,47.4%,HIGH,2026-06-24,📉 GIẢM,47.7%,HIGH
SJ1,2026-05-27,2026-06-04,📉 GIẢM,35.6%,MEDIUM,2026-06-05,📉 GIẢM,36.1%,MEDIUM,2026-06-08,📉 GIẢM,36.8%,MEDIUM,2026-06-09,📉 GIẢM,37.6%,MEDIUM,2026-06-10,📉 GIẢM,38.3%,MEDIUM,2026-06-11,📉 GIẢM,39.0%,HIGH,2026-06-12,📉 GIẢM,39.7%,HIGH,2026-06-15,📉 GIẢM,40.5%,HIGH,2026-06-16,📉 GIẢM,41.2%,HIGH,2026-06-17,📉 GIẢM,41.9%,HIGH,2026-06-18,📉 GIẢM,42.7%,HIGH,2026-06-19,📉 GIẢM,43.4%,HIGH,2026-06-22,📉 GIẢM,44.1%,HIGH,2026-06-23,📉 GIẢM,44.9%,HIGH,2026-06-24,📉 GIẢM,45.6%,HIGH
VTQ,2026-05-27,2026-06-04,📉 GIẢM,45.9%,LOW,2026-06-05,📉 GIẢM,46.1%,LOW,2026-06-08,📉 GIẢM,46.3%,LOW,2026-06-09,📉 GIẢM,46.5%,LOW,2026-06-10,📉 GIẢM,46.7%,LOW,2026-06-11,📉 GIẢM,46.9%,LOW,2026-06-12,📉 GIẢM,47.1%,LOW,2026-06-15,📉 GIẢM,47.3%,LOW,2026-06-16,📉 GIẢM,47.5%,LOW,2026-06-17,📉 GIẢM,47.7%,HIGH,2026-06-18,📉 GIẢM,47.9%,HIGH,2026-06-19,📉 GIẢM,48.2%,HIGH,2026-06-22,📉 GIẢM,48.4%,HIGH,2026-06-23,📉 GIẢM,48.6%,HIGH,2026-06-24,📉 GIẢM,48.8%,HIGH
QST,2026-05-27,2026-06-04,📉 GIẢM,47.3%,LOW,2026-06-05,📉 GIẢM,47.4%,LOW,2026-06-08,📉 GIẢM,47.5%,LOW,2026-06-09,📉 GIẢM,47.7%,LOW,2026-06-10,📉 GIẢM,47.8%,LOW,2026-06-11,📉 GIẢM,48.0%,LOW,2026-06-12,📉 GIẢM,48.1%,LOW,2026-06-15,📉 GIẢM,48.2%,LOW,2026-06-16,📉 GIẢM,48.4%,LOW,2026-06-17,📉 GIẢM,48.5%,LOW,2026-06-18,📉 GIẢM,48.6%,HIGH,2026-06-19,📉 GIẢM,48.8%,HIGH,2026-06-22,📉 GIẢM,48.9%,HIGH,2026-06-23,📉 GIẢM,49.0%,HIGH,2026-06-24,📉 GIẢM,49.2%,HIGH
COM,2026-05-27,2026-06-04,📉 GIẢM,43.5%,LOW,2026-06-05,📉 GIẢM,43.8%,LOW,2026-06-08,📉 GIẢM,44.1%,LOW,2026-06-09,📉 GIẢM,44.4%,LOW,2026-06-10,📉 GIẢM,44.8%,LOW,2026-06-11,📉 GIẢM,45.1%,LOW,2026-06-12,📉 GIẢM,45.4%,LOW,2026-06-15,📉 GIẢM,45.8%,LOW,2026-06-16,📉 GIẢM,46.1%,LOW,2026-06-17,📉 GIẢM,46.4%,HIGH,2026-06-18,📉 GIẢM,46.7%,HIGH,2026-06-19,📉 GIẢM,47.1%,HIGH,2026-06-22,📉 GIẢM,47.4%,HIGH,2026-06-23,📉 GIẢM,47.7%,HIGH,2026-06-24,📉 GIẢM,48.0%,HIGH
AMC,2026-05-27,2026-06-04,📉 GIẢM,25.2%,HIGH,2026-06-05,📉 GIẢM,26.4%,HIGH,2026-06-08,📉 GIẢM,27.6%,HIGH,2026-06-09,📉 GIẢM,28.9%,HIGH,2026-06-10,📉 GIẢM,30.1%,HIGH,2026-06-11,📉 GIẢM,31.4%,HIGH,2026-06-12,📉 GIẢM,32.6%,HIGH,2026-06-15,📉 GIẢM,33.8%,HIGH,2026-06-16,📉 GIẢM,35.1%,HIGH,2026-06-17,📉 GIẢM,36.3%,HIGH,2026-06-18,📉 GIẢM,37.6%,HIGH,2026-06-19,📉 GIẢM,38.8%,HIGH,2026-06-22,📉 GIẢM,40.1%,HIGH,2026-06-23,📉 GIẢM,41.3%,HIGH,2026-06-24,📉 GIẢM,42.5%,HIGH
VIM,2026-05-28,2026-06-04,📈 TĂNG,55.2%,LOW,2026-06-05,📈 TĂNG,54.9%,LOW,2026-06-08,📈 TĂNG,54.7%,LOW,2026-06-09,📈 TĂNG,54.4%,LOW,2026-06-10,📈 TĂNG,54.1%,LOW,2026-06-11,📈 TĂNG,53.9%,LOW,2026-06-12,📈 TĂNG,53.6%,LOW,2026-06-15,📈 TĂNG,53.4%,LOW,2026-06-16,📈 TĂNG,53.1%,LOW,2026-06-17,📈 TĂNG,52.9%,HIGH,2026-06-18,📈 TĂNG,52.6%,HIGH,2026-06-19,📈 TĂNG,52.3%,HIGH,2026-06-22,📈 TĂNG,52.1%,HIGH,2026-06-23,📈 TĂNG,51.8%,HIGH,2026-06-24,📈 TĂNG,51.6%,HIGH
BVL,2026-05-28,2026-06-04,📉 GIẢM,26.9%,HIGH,2026-06-05,📉 GIẢM,28.0%,HIGH,2026-06-08,📉 GIẢM,29.2%,HIGH,2026-06-09,📉 GIẢM,30.3%,HIGH,2026-06-10,📉 GIẢM,31.5%,HIGH,2026-06-11,📉 GIẢM,32.7%,HIGH,2026-06-12,📉 GIẢM,33.7%,HIGH,2026-06-15,📉 GIẢM,35.2%,HIGH,2026-06-16,📉 GIẢM,36.4%,HIGH,2026-06-17,📉 GIẢM,37.5%,HIGH,2026-06-18,📉 GIẢM,38.6%,HIGH,2026-06-19,📉 GIẢM,39.8%,HIGH,2026-06-22,📉 GIẢM,40.9%,HIGH,2026-06-23,📉 GIẢM,42.0%,HIGH,2026-06-24,📉 GIẢM,43.2%,HIGH
TPS,2026-05-28,2026-06-04,📈 TĂNG,63.7%,MEDIUM,2026-06-05,📈 TĂNG,63.0%,MEDIUM,2026-06-08,📈 TĂNG,62.2%,MEDIUM,2026-06-09,📈 TĂNG,61.5%,MEDIUM,2026-06-10,📈 TĂNG,60.9%,MEDIUM,2026-06-11,📈 TĂNG,60.2%,HIGH,2026-06-12,📈 TĂNG,59.5%,HIGH,2026-06-15,📈 TĂNG,58.8%,HIGH,2026-06-16,📈 TĂNG,58.1%,HIGH,2026-06-17,📈 TĂNG,57.5%,HIGH,2026-06-18,📈 TĂNG,56.8%,HIGH,2026-06-19,📈 TĂNG,56.1%,HIGH,2026-06-22,📈 TĂNG,55.4%,HIGH,2026-06-23,📈 TĂNG,54.7%,HIGH,2026-06-24,📈 TĂNG,54.1%,HIGH
V12,2026-05-28,2026-06-04,📉 GIẢM,38.1%,MEDIUM,2026-06-05,📉 GIẢM,38.7%,MEDIUM,2026-06-08,📉 GIẢM,39.3%,MEDIUM,2026-06-09,📉 GIẢM,39.9%,MEDIUM,2026-06-10,📉 GIẢM,40.5%,LOW,2026-06-11,📉 GIẢM,41.1%,LOW,2026-06-12,📉 GIẢM,41.7%,HIGH,2026-06-15,📉 GIẢM,42.3%,HIGH,2026-06-16,📉 GIẢM,42.9%,HIGH,2026-06-17,📉 GIẢM,43.4%,HIGH,2026-06-18,📉 GIẢM,44.0%,HIGH,2026-06-19,📉 GIẢM,44.6%,HIGH,2026-06-22,📉 GIẢM,45.2%,HIGH,2026-06-23,📉 GIẢM,45.8%,HIGH,2026-06-24,📉 GIẢM,46.4%,HIGH
QNU,2026-05-28,2026-06-04,📉 GIẢM,36.1%,MEDIUM,2026-06-05,📉 GIẢM,36.7%,MEDIUM,2026-06-08,📉 GIẢM,37.4%,MEDIUM,2026-06-09,📉 GIẢM,38.2%,MEDIUM,2026-06-10,📉 GIẢM,38.9%,MEDIUM,2026-06-11,📉 GIẢM,39.6%,HIGH,2026-06-12,📉 GIẢM,40.3%,HIGH,2026-06-15,📉 GIẢM,41.0%,HIGH,2026-06-16,📉 GIẢM,41.6%,HIGH,2026-06-17,📉 GIẢM,42.4%,HIGH,2026-06-18,📉 GIẢM,43.1%,HIGH,2026-06-19,📉 GIẢM,43.9%,HIGH,2026-06-22,📉 GIẢM,44.5%,HIGH,2026-06-23,📉 GIẢM,45.2%,HIGH,2026-06-24,📉 GIẢM,45.9%,HIGH
PSP,2026-05-28,2026-06-04,📈 TĂNG,65.9%,MEDIUM,2026-06-05,📈 TĂNG,65.1%,MEDIUM,2026-06-08,📈 TĂNG,64.3%,MEDIUM,2026-06-09,📈 TĂNG,63.5%,MEDIUM,2026-06-10,📈 TĂNG,63.1%,HIGH,2026-06-11,📈 TĂNG,62.3%,HIGH,2026-06-12,📈 TĂNG,61.5%,HIGH,2026-06-15,📈 TĂNG,60.6%,HIGH,2026-06-16,📈 TĂNG,59.8%,HIGH,2026-06-17,📈 TĂNG,59.0%,HIGH,2026-06-18,📈 TĂNG,58.2%,HIGH,2026-06-19,📈 TĂNG,57.4%,HIGH,2026-06-22,📈 TĂNG,56.5%,HIGH,2026-06-23,📈 TĂNG,55.7%,HIGH,2026-06-24,📈 TĂNG,54.9%,HIGH
USC,2026-05-28,2026-06-04,📈 TĂNG,55.4%,LOW,2026-06-05,📈 TĂNG,56.0%,LOW,2026-06-08,📈 TĂNG,55.7%,LOW,2026-06-09,📈 TĂNG,55.4%,LOW,2026-06-10,📈 TĂNG,56.2%,LOW,2026-06-11,📈 TĂNG,56.5%,LOW,2026-06-12,📈 TĂNG,56.1%,LOW,2026-06-15,📈 TĂNG,55.6%,LOW,2026-06-16,📈 TĂNG,55.2%,HIGH,2026-06-17,📈 TĂNG,54.8%,HIGH,2026-06-18,📈 TĂNG,54.3%,HIGH,2026-06-19,📈 TĂNG,53.9%,HIGH,2026-06-22,📈 TĂNG,53.5%,HIGH,2026-06-23,📈 TĂNG,53.0%,HIGH,2026-06-24,📈 TĂNG,52.6%,HIGH
TNC,2026-05-28,2026-06-04,📉 GIẢM,23.3%,HIGH,2026-06-05,📉 GIẢM,24.5%,HIGH,2026-06-08,📉 GIẢM,25.8%,HIGH,2026-06-09,📉 GIẢM,27.2%,HIGH,2026-06-10,📉 GIẢM,28.5%,HIGH,2026-06-11,📉 GIẢM,29.8%,HIGH,2026-06-12,📉 GIẢM,31.2%,HIGH,2026-06-15,📉 GIẢM,32.5%,HIGH,2026-06-16,📉 GIẢM,33.9%,HIGH,2026-06-17,📉 GIẢM,35.2%,HIGH,2026-06-18,📉 GIẢM,36.6%,HIGH,2026-06-19,📉 GIẢM,37.9%,HIGH,2026-06-22,📉 GIẢM,39.2%,HIGH,2026-06-23,📉 GIẢM,40.6%,HIGH,2026-06-24,📉 GIẢM,41.9%,HIGH
PJC,2026-05-28,2026-06-04,📉 GIẢM,47.3%,LOW,2026-06-05,📉 GIẢM,47.2%,LOW,2026-06-08,📉 GIẢM,47.4%,LOW,2026-06-09,📉 GIẢM,47.5%,LOW,2026-06-10,📉 GIẢM,47.7%,LOW,2026-06-11,📉 GIẢM,47.8%,LOW,2026-06-12,📉 GIẢM,48.0%,LOW,2026-06-15,📉 GIẢM,48.1%,LOW,2026-06-16,📉 GIẢM,48.2%,LOW,2026-06-17,📉 GIẢM,48.4%,LOW,2026-06-18,📉 GIẢM,48.5%,HIGH,2026-06-19,📉 GIẢM,48.7%,HIGH,2026-06-22,📉 GIẢM,48.8%,HIGH,2026-06-23,📉 GIẢM,49.0%,HIGH,2026-06-24,📉 GIẢM,49.2%,HIGH
C92,2026-05-28,2026-06-04,📉 GIẢM,20.1%,HIGH,2026-06-05,📉 GIẢM,22.2%,HIGH,2026-06-08,📉 GIẢM,23.6%,HIGH,2026-06-09,📉 GIẢM,25.1%,HIGH,2026-06-10,📉 GIẢM,26.6%,HIGH,2026-06-11,📉 GIẢM,28.0%,HIGH,2026-06-12,📉 GIẢM,29.5%,HIGH,2026-06-15,📉 GIẢM,30.9%,HIGH,2026-06-16,📉 GIẢM,32.4%,HIGH,2026-06-17,📉 GIẢM,33.9%,HIGH,2026-06-18,📉 GIẢM,35.3%,HIGH,2026-06-19,📉 GIẢM,36.8%,HIGH,2026-06-22,📉 GIẢM,38.3%,HIGH,2026-06-23,📉 GIẢM,39.7%,HIGH,2026-06-24,📉 GIẢM,41.3%,HIGH
FT1,2026-05-28,2026-06-04,📉 GIẢM,29.2%,HIGH,2026-06-05,📉 GIẢM,30.2%,HIGH,2026-06-08,📉 GIẢM,31.3%,HIGH,2026-06-09,📉 GIẢM,32.3%,HIGH,2026-06-10,📉 GIẢM,33.4%,HIGH,2026-06-11,📉 GIẢM,34.4%,HIGH,2026-06-12,📉 GIẢM,35.4%,HIGH,2026-06-15,📉 GIẢM,36.5%,HIGH,2026-06-16,📉 GIẢM,37.5%,HIGH,2026-06-17,📉 GIẢM,38.6%,HIGH,2026-06-18,📉 GIẢM,39.6%,HIGH,2026-06-19,📉 GIẢM,40.6%,HIGH,2026-06-22,📉 GIẢM,41.7%,HIGH,2026-06-23,📉 GIẢM,42.7%,HIGH,2026-06-24,📉 GIẢM,43.8%,HIGH
SB1,2026-05-28,2026-06-04,📉 GIẢM,32.6%,MEDIUM,2026-06-05,📉 GIẢM,33.4%,MEDIUM,2026-06-08,📉 GIẢM,34.3%,MEDIUM,2026-06-09,📉 GIẢM,35.2%,HIGH,2026-06-10,📉 GIẢM,36.1%,HIGH,2026-06-11,📉 GIẢM,36.9%,HIGH,2026-06-12,📉 GIẢM,37.8%,HIGH,2026-06-15,📉 GIẢM,38.7%,HIGH,2026-06-16,📉 GIẢM,39.5%,HIGH,2026-06-17,📉 GIẢM,40.4%,HIGH,2026-06-18,📉 GIẢM,41.3%,HIGH,2026-06-19,📉 GIẢM,42.2%,HIGH,2026-06-22,📉 GIẢM,43.0%,HIGH,2026-06-23,📉 GIẢM,43.9%,HIGH,2026-06-24,📉 GIẢM,44.8%,HIGH
KIP,2026-05-28,2026-06-04,📉 GIẢM,38.9%,MEDIUM,2026-06-05,📉 GIẢM,39.4%,MEDIUM,2026-06-08,📉 GIẢM,40.0%,MEDIUM,2026-06-09,📉 GIẢM,40.5%,LOW,2026-06-10,📉 GIẢM,41.1%,LOW,2026-06-11,📉 GIẢM,41.7%,LOW,2026-06-12,📉 GIẢM,42.2%,LOW,2026-06-15,📉 GIẢM,42.8%,HIGH,2026-06-16,📉 GIẢM,42.5%,HIGH,2026-06-17,📉 GIẢM,43.1%,HIGH,2026-06-18,📉 GIẢM,43.7%,HIGH,2026-06-19,📉 GIẢM,44.3%,HIGH,2026-06-22,📉 GIẢM,45.0%,HIGH,2026-06-23,📉 GIẢM,45.6%,HIGH,2026-06-24,📉 GIẢM,46.2%,HIGH
MTG,2026-05-28,2026-06-04,📉 GIẢM,36.5%,MEDIUM,2026-06-05,📉 GIẢM,37.2%,MEDIUM,2026-06-08,📉 GIẢM,37.8%,MEDIUM,2026-06-09,📉 GIẢM,38.5%,MEDIUM,2026-06-10,📉 GIẢM,39.2%,MEDIUM,2026-06-11,📉 GIẢM,39.9%,HIGH,2026-06-12,📉 GIẢM,40.5%,HIGH,2026-06-15,📉 GIẢM,41.2%,HIGH,2026-06-16,📉 GIẢM,41.9%,HIGH,2026-06-17,📉 GIẢM,42.2%,HIGH,2026-06-18,📉 GIẢM,42.9%,HIGH,2026-06-19,📉 GIẢM,43.6%,HIGH,2026-06-22,📉 GIẢM,44.3%,HIGH,2026-06-23,📉 GIẢM,45.1%,HIGH,2026-06-24,📉 GIẢM,45.8%,HIGH
NFC,2026-05-28,2026-06-04,📉 GIẢM,42.2%,LOW,2026-06-05,📉 GIẢM,42.6%,LOW,2026-06-08,📉 GIẢM,43.0%,LOW,2026-06-09,📉 GIẢM,43.4%,LOW,2026-06-10,📉 GIẢM,43.8%,LOW,2026-06-11,📉 GIẢM,44.2%,LOW,2026-06-12,📉 GIẢM,44.6%,LOW,2026-06-15,📉 GIẢM,44.9%,LOW,2026-06-16,📉 GIẢM,45.3%,HIGH,2026-06-17,📉 GIẢM,45.7%,HIGH,2026-06-18,📉 GIẢM,46.1%,HIGH,2026-06-19,📉 GIẢM,46.6%,HIGH,2026-06-22,📉 GIẢM,47.0%,HIGH,2026-06-23,📉 GIẢM,47.3%,HIGH,2026-06-24,📉 GIẢM,47.7%,HIGH
VTX,2026-05-28,2026-06-04,📉 GIẢM,45.4%,LOW,2026-06-05,📉 GIẢM,45.4%,LOW,2026-06-08,📉 GIẢM,45.6%,LOW,2026-06-09,📉 GIẢM,45.9%,LOW,2026-06-10,📉 GIẢM,46.1%,LOW,2026-06-11,📉 GIẢM,46.3%,LOW,2026-06-12,📉 GIẢM,46.6%,LOW,2026-06-15,📉 GIẢM,46.8%,LOW,2026-06-16,📉 GIẢM,47.1%,LOW,2026-06-17,📉 GIẢM,47.3%,HIGH,2026-06-18,📉 GIẢM,47.6%,HIGH,2026-06-19,📉 GIẢM,47.8%,HIGH,2026-06-22,📉 GIẢM,48.1%,HIGH,2026-06-23,📉 GIẢM,48.3%,HIGH,2026-06-24,📉 GIẢM,48.5%,HIGH
SBD,2026-05-28,2026-06-04,📉 GIẢM,26.2%,HIGH,2026-06-05,📉 GIẢM,27.4%,HIGH,2026-06-08,📉 GIẢM,28.6%,HIGH,2026-06-09,📉 GIẢM,29.8%,HIGH,2026-06-10,📉 GIẢM,31.0%,HIGH,2026-06-11,📉 GIẢM,32.2%,HIGH,2026-06-12,📉 GIẢM,33.4%,HIGH,2026-06-15,📉 GIẢM,34.6%,HIGH,2026-06-16,📉 GIẢM,35.7%,HIGH,2026-06-17,📉 GIẢM,36.9%,HIGH,2026-06-18,📉 GIẢM,38.1%,HIGH,2026-06-19,📉 GIẢM,39.3%,HIGH,2026-06-22,📉 GIẢM,40.5%,HIGH,2026-06-23,📉 GIẢM,41.7%,HIGH,2026-06-24,📉 GIẢM,42.9%,HIGH
PCM,2026-05-28,2026-06-04,📉 GIẢM,31.8%,MEDIUM,2026-06-05,📉 GIẢM,32.7%,MEDIUM,2026-06-08,📉 GIẢM,33.7%,HIGH,2026-06-09,📉 GIẢM,34.6%,HIGH,2026-06-10,📉 GIẢM,35.5%,HIGH,2026-06-11,📉 GIẢM,36.4%,HIGH,2026-06-12,📉 GIẢM,37.3%,HIGH,2026-06-15,📉 GIẢM,38.2%,HIGH,2026-06-16,📉 GIẢM,39.1%,HIGH,2026-06-17,📉 GIẢM,40.0%,HIGH,2026-06-18,📉 GIẢM,40.9%,HIGH,2026-06-19,📉 GIẢM,41.8%,HIGH,2026-06-22,📉 GIẢM,42.7%,HIGH,2026-06-23,📉 GIẢM,43.6%,HIGH,2026-06-24,📉 GIẢM,44.6%,HIGH
PCT,2026-05-28,2026-06-04,📉 GIẢM,15.5%,HIGH,2026-06-05,📉 GIẢM,17.6%,HIGH,2026-06-08,📉 GIẢM,19.3%,HIGH,2026-06-09,📉 GIẢM,21.0%,HIGH,2026-06-10,📉 GIẢM,22.7%,HIGH,2026-06-11,📉 GIẢM,24.4%,HIGH,2026-06-12,📉 GIẢM,26.1%,HIGH,2026-06-15,📉 GIẢM,27.8%,HIGH,2026-06-16,📉 GIẢM,29.5%,HIGH,2026-06-17,📉 GIẢM,31.2%,HIGH,2026-06-18,📉 GIẢM,32.9%,HIGH,2026-06-19,📉 GIẢM,34.7%,HIGH,2026-06-22,📉 GIẢM,36.4%,HIGH,2026-06-23,📉 GIẢM,38.1%,HIGH,2026-06-24,📉 GIẢM,39.8%,HIGH
PPS,2026-05-28,2026-06-04,📉 GIẢM,45.2%,LOW,2026-06-05,📉 GIẢM,45.2%,LOW,2026-06-08,📉 GIẢM,45.5%,LOW,2026-06-09,📉 GIẢM,45.7%,LOW,2026-06-10,📉 GIẢM,46.0%,LOW,2026-06-11,📉 GIẢM,46.2%,LOW,2026-06-12,📉 GIẢM,46.5%,LOW,2026-06-15,📉 GIẢM,46.1%,LOW,2026-06-16,📉 GIẢM,46.2%,LOW,2026-06-17,📉 GIẢM,46.5%,HIGH,2026-06-18,📉 GIẢM,46.8%,HIGH,2026-06-19,📉 GIẢM,47.2%,HIGH,2026-06-22,📉 GIẢM,47.4%,HIGH,2026-06-23,📉 GIẢM,47.7%,HIGH,2026-06-24,📉 GIẢM,48.0%,HIGH
DNM,2026-05-28,2026-06-04,📉 GIẢM,45.5%,LOW,2026-06-05,📉 GIẢM,45.7%,LOW,2026-06-08,📉 GIẢM,46.0%,LOW,2026-06-09,📉 GIẢM,46.2%,LOW,2026-06-10,📉 GIẢM,46.4%,LOW,2026-06-11,📉 GIẢM,46.6%,LOW,2026-06-12,📉 GIẢM,46.9%,LOW,2026-06-15,📉 GIẢM,47.1%,LOW,2026-06-16,📉 GIẢM,47.3%,LOW,2026-06-17,📉 GIẢM,47.5%,HIGH,2026-06-18,📉 GIẢM,47.8%,HIGH,2026-06-19,📉 GIẢM,48.0%,HIGH,2026-06-22,📉 GIẢM,48.2%,HIGH,2026-06-23,📉 GIẢM,48.4%,HIGH,2026-06-24,📉 GIẢM,48.7%,HIGH
CCC,2026-05-28,2026-06-04,📉 GIẢM,34.7%,MEDIUM,2026-06-05,📉 GIẢM,35.4%,MEDIUM,2026-06-08,📉 GIẢM,36.2%,MEDIUM,2026-06-09,📉 GIẢM,37.0%,MEDIUM,2026-06-10,📉 GIẢM,37.7%,HIGH,2026-06-11,📉 GIẢM,38.5%,HIGH,2026-06-12,📉 GIẢM,39.3%,HIGH,2026-06-15,📉 GIẢM,40.0%,HIGH,2026-06-16,📉 GIẢM,40.8%,HIGH,2026-06-17,📉 GIẢM,41.6%,HIGH,2026-06-18,📉 GIẢM,42.3%,HIGH,2026-06-19,📉 GIẢM,43.1%,HIGH,2026-06-22,📉 GIẢM,43.9%,HIGH,2026-06-23,📉 GIẢM,44.6%,HIGH,2026-06-24,📉 GIẢM,45.4%,HIGH
SP2,2026-05-28,2026-06-04,📈 TĂNG,62.8%,MEDIUM,2026-06-05,📈 TĂNG,58.9%,LOW,2026-06-08,📈 TĂNG,58.5%,LOW,2026-06-09,📈 TĂNG,58.0%,LOW,2026-06-10,📈 TĂNG,57.5%,LOW,2026-06-11,📈 TĂNG,57.1%,LOW,2026-06-12,📈 TĂNG,56.6%,LOW,2026-06-15,📈 TĂNG,56.1%,HIGH,2026-06-16,📈 TĂNG,55.6%,HIGH,2026-06-17,📈 TĂNG,55.2%,HIGH,2026-06-18,📈 TĂNG,54.7%,HIGH,2026-06-19,📈 TĂNG,54.2%,HIGH,2026-06-22,📈 TĂNG,53.8%,HIGH,2026-06-23,📈 TĂNG,53.3%,HIGH,2026-06-24,📈 TĂNG,52.8%,HIGH
BCP,2026-05-28,2026-06-04,📈 TĂNG,63.2%,MEDIUM,2026-06-05,📈 TĂNG,61.2%,MEDIUM,2026-06-08,📈 TĂNG,60.6%,MEDIUM,2026-06-09,📈 TĂNG,60.0%,LOW,2026-06-10,📈 TĂNG,59.4%,LOW,2026-06-11,📈 TĂNG,58.8%,LOW,2026-06-12,📈 TĂNG,58.2%,HIGH,2026-06-15,📈 TĂNG,57.6%,HIGH,2026-06-16,📈 TĂNG,57.0%,HIGH,2026-06-17,📈 TĂNG,56.5%,HIGH,2026-06-18,📈 TĂNG,55.9%,HIGH,2026-06-19,📈 TĂNG,55.3%,HIGH,2026-06-22,📈 TĂNG,54.7%,HIGH,2026-06-23,📈 TĂNG,54.1%,HIGH,2026-06-24,📈 TĂNG,53.5%,HIGH
BTW,2026-05-28,2026-06-04,📉 GIẢM,42.1%,LOW,2026-06-05,📉 GIẢM,42.5%,LOW,2026-06-08,📉 GIẢM,42.9%,LOW,2026-06-09,📉 GIẢM,43.3%,LOW,2026-06-10,📉 GIẢM,43.7%,LOW,2026-06-11,📉 GIẢM,44.1%,LOW,2026-06-12,📉 GIẢM,44.5%,LOW,2026-06-15,📉 GIẢM,44.9%,LOW,2026-06-16,📉 GIẢM,45.3%,HIGH,2026-06-17,📉 GIẢM,45.7%,HIGH,2026-06-18,📉 GIẢM,46.1%,HIGH,2026-06-19,📉 GIẢM,46.5%,HIGH,2026-06-22,📉 GIẢM,46.9%,HIGH,2026-06-23,📉 GIẢM,47.2%,HIGH,2026-06-24,📉 GIẢM,47.6%,HIGH
GTA,2026-05-28,2026-06-04,📉 GIẢM,44.5%,LOW,2026-06-05,📉 GIẢM,44.7%,LOW,2026-06-08,📉 GIẢM,45.1%,LOW,2026-06-09,📉 GIẢM,45.4%,LOW,2026-06-10,📉 GIẢM,45.6%,LOW,2026-06-11,📉 GIẢM,45.9%,LOW,2026-06-12,📉 GIẢM,46.2%,LOW,2026-06-15,📉 GIẢM,46.5%,LOW,2026-06-16,📉 GIẢM,46.7%,LOW,2026-06-17,📉 GIẢM,47.0%,HIGH,2026-06-18,📉 GIẢM,47.3%,HIGH,2026-06-19,📉 GIẢM,47.6%,HIGH,2026-06-22,📉 GIẢM,47.8%,HIGH,2026-06-23,📉 GIẢM,48.1%,HIGH,2026-06-24,📉 GIẢM,48.4%,HIGH
HU1,2026-05-28,2026-06-04,📈 TĂNG,54.4%,LOW,2026-06-05,📈 TĂNG,54.2%,LOW,2026-06-08,📈 TĂNG,53.9%,LOW,2026-06-09,📈 TĂNG,53.7%,LOW,2026-06-10,📈 TĂNG,53.5%,LOW,2026-06-11,📈 TĂNG,53.3%,LOW,2026-06-12,📈 TĂNG,53.1%,LOW,2026-06-15,📈 TĂNG,52.9%,LOW,2026-06-16,📈 TĂNG,52.6%,LOW,2026-06-17,📈 TĂNG,52.4%,HIGH,2026-06-18,📈 TĂNG,52.2%,HIGH,2026-06-19,📈 TĂNG,52.1%,HIGH,2026-06-22,📈 TĂNG,51.7%,HIGH,2026-06-23,📈 TĂNG,51.5%,HIGH,2026-06-24,📈 TĂNG,51.3%,HIGH
SID,2026-05-28,2026-06-04,📉 GIẢM,26.2%,HIGH,2026-06-05,📉 GIẢM,27.4%,HIGH,2026-06-08,📉 GIẢM,28.6%,HIGH,2026-06-09,📉 GIẢM,29.8%,HIGH,2026-06-10,📉 GIẢM,31.6%,HIGH,2026-06-11,📉 GIẢM,32.7%,HIGH,2026-06-12,📉 GIẢM,33.9%,HIGH,2026-06-15,📉 GIẢM,35.1%,HIGH,2026-06-16,📉 GIẢM,36.3%,HIGH,2026-06-17,📉 GIẢM,37.4%,HIGH,2026-06-18,📉 GIẢM,38.6%,HIGH,2026-06-19,📉 GIẢM,39.7%,HIGH,2026-06-22,📉 GIẢM,40.8%,HIGH,2026-06-23,📉 GIẢM,42.0%,HIGH,2026-06-24,📉 GIẢM,43.3%,HIGH
BRC,2026-05-28,2026-06-04,📉 GIẢM,23.6%,HIGH,2026-06-05,📉 GIẢM,24.9%,HIGH,2026-06-08,📉 GIẢM,26.3%,HIGH,2026-06-09,📉 GIẢM,27.6%,HIGH,2026-06-10,📉 GIẢM,28.9%,HIGH,2026-06-11,📉 GIẢM,30.2%,HIGH,2026-06-12,📉 GIẢM,31.5%,HIGH,2026-06-15,📉 GIẢM,32.9%,HIGH,2026-06-16,📉 GIẢM,34.2%,HIGH,2026-06-17,📉 GIẢM,35.5%,HIGH,2026-06-18,📉 GIẢM,36.8%,HIGH,2026-06-19,📉 GIẢM,38.1%,HIGH,2026-06-22,📉 GIẢM,39.5%,HIGH,2026-06-23,📉 GIẢM,40.8%,HIGH,2026-06-24,📉 GIẢM,42.1%,HIGH
M10,2026-05-28,2026-06-04,📉 GIẢM,32.0%,MEDIUM,2026-06-05,📉 GIẢM,32.9%,MEDIUM,2026-06-08,📉 GIẢM,33.8%,HIGH,2026-06-09,📉 GIẢM,34.7%,HIGH,2026-06-10,📉 GIẢM,35.6%,HIGH,2026-06-11,📉 GIẢM,36.5%,HIGH,2026-06-12,📉 GIẢM,37.4%,HIGH,2026-06-15,📉 GIẢM,38.3%,HIGH,2026-06-16,📉 GIẢM,39.2%,HIGH,2026-06-17,📉 GIẢM,40.1%,HIGH,2026-06-18,📉 GIẢM,41.0%,HIGH,2026-06-19,📉 GIẢM,41.9%,HIGH,2026-06-22,📉 GIẢM,42.8%,HIGH,2026-06-23,📉 GIẢM,43.7%,HIGH,2026-06-24,📉 GIẢM,44.6%,HIGH
BDG,2026-05-28,2026-06-04,📉 GIẢM,31.4%,MEDIUM,2026-06-05,📉 GIẢM,32.3%,MEDIUM,2026-06-08,📉 GIẢM,33.2%,HIGH,2026-06-09,📉 GIẢM,34.2%,HIGH,2026-06-10,📉 GIẢM,35.1%,HIGH,2026-06-11,📉 GIẢM,36.0%,HIGH,2026-06-12,📉 GIẢM,37.0%,HIGH,2026-06-15,📉 GIẢM,37.9%,HIGH,2026-06-16,📉 GIẢM,38.8%,HIGH,2026-06-17,📉 GIẢM,39.8%,HIGH,2026-06-18,📉 GIẢM,40.7%,HIGH,2026-06-19,📉 GIẢM,41.6%,HIGH,2026-06-22,📉 GIẢM,42.6%,HIGH,2026-06-23,📉 GIẢM,43.5%,HIGH,2026-06-24,📉 GIẢM,44.4%,HIGH
H11,2026-05-28,2026-06-04,📉 GIẢM,41.1%,LOW,2026-06-05,📉 GIẢM,41.6%,LOW,2026-06-08,📉 GIẢM,42.0%,LOW,2026-06-09,📉 GIẢM,42.5%,LOW,2026-06-10,📉 GIẢM,42.9%,LOW,2026-06-11,📉 GIẢM,43.3%,LOW,2026-06-12,📉 GIẢM,43.8%,LOW,2026-06-15,📉 GIẢM,44.2%,LOW,2026-06-16,📉 GIẢM,44.7%,HIGH,2026-06-17,📉 GIẢM,45.1%,HIGH,2026-06-18,📉 GIẢM,45.6%,HIGH,2026-06-19,📉 GIẢM,46.0%,HIGH,2026-06-22,📉 GIẢM,46.5%,HIGH,2026-06-23,📉 GIẢM,46.9%,HIGH,2026-06-24,📉 GIẢM,47.3%,HIGH
HSM,2026-05-28,2026-06-04,📉 GIẢM,32.3%,MEDIUM,2026-06-05,📉 GIẢM,33.1%,MEDIUM,2026-06-08,📉 GIẢM,34.0%,MEDIUM,2026-06-09,📉 GIẢM,34.9%,HIGH,2026-06-10,📉 GIẢM,35.8%,HIGH,2026-06-11,📉 GIẢM,36.7%,HIGH,2026-06-12,📉 GIẢM,37.6%,HIGH,2026-06-15,📉 GIẢM,38.5%,HIGH,2026-06-16,📉 GIẢM,39.4%,HIGH,2026-06-17,📉 GIẢM,40.2%,HIGH,2026-06-18,📉 GIẢM,41.1%,HIGH,2026-06-19,📉 GIẢM,42.0%,HIGH,2026-06-22,📉 GIẢM,42.9%,HIGH,2026-06-23,📉 GIẢM,43.8%,HIGH,2026-06-24,📉 GIẢM,44.7%,HIGH
PVL,2026-05-29,2026-06-04,📈 TĂNG,52.2%,LOW,2026-06-05,📈 TĂNG,52.1%,LOW,2026-06-08,📈 TĂNG,52.0%,LOW,2026-06-09,📈 TĂNG,51.9%,LOW,2026-06-10,📈 TĂNG,51.8%,LOW,2026-06-11,📈 TĂNG,51.7%,LOW,2026-06-12,📈 TĂNG,51.6%,LOW,2026-06-15,📈 TĂNG,51.4%,LOW,2026-06-16,📈 TĂNG,51.3%,LOW,2026-06-17,📈 TĂNG,51.2%,LOW,2026-06-18,📈 TĂNG,51.1%,HIGH,2026-06-19,📈 TĂNG,51.0%,HIGH,2026-06-22,📈 TĂNG,50.9%,HIGH,2026-06-23,📈 TĂNG,50.8%,HIGH,2026-06-24,📈 TĂNG,50.6%,HIGH
FTM,2026-05-29,2026-06-04,📉 GIẢM,23.7%,HIGH,2026-06-05,📉 GIẢM,26.2%,HIGH,2026-06-08,📉 GIẢM,27.4%,HIGH,2026-06-09,📉 GIẢM,28.7%,HIGH,2026-06-10,📉 GIẢM,29.9%,HIGH,2026-06-11,📉 GIẢM,31.2%,HIGH,2026-06-12,📉 GIẢM,32.4%,HIGH,2026-06-15,📉 GIẢM,33.7%,HIGH,2026-06-16,📉 GIẢM,35.0%,HIGH,2026-06-17,📉 GIẢM,36.2%,HIGH,2026-06-18,📉 GIẢM,37.5%,HIGH,2026-06-19,📉 GIẢM,38.7%,HIGH,2026-06-22,📉 GIẢM,40.0%,HIGH,2026-06-23,📉 GIẢM,41.2%,HIGH,2026-06-24,📉 GIẢM,42.5%,HIGH
SD6,2026-05-29,2026-06-04,📉 GIẢM,22.5%,HIGH,2026-06-05,📉 GIẢM,25.8%,HIGH,2026-06-08,📉 GIẢM,27.3%,HIGH,2026-06-09,📉 GIẢM,28.6%,HIGH,2026-06-10,📉 GIẢM,29.8%,HIGH,2026-06-11,📉 GIẢM,31.1%,HIGH,2026-06-12,📉 GIẢM,32.4%,HIGH,2026-06-15,📉 GIẢM,33.6%,HIGH,2026-06-16,📉 GIẢM,34.9%,HIGH,2026-06-17,📉 GIẢM,36.1%,HIGH,2026-06-18,📉 GIẢM,37.4%,HIGH,2026-06-19,📉 GIẢM,38.7%,HIGH,2026-06-22,📉 GIẢM,40.0%,HIGH,2026-06-23,📉 GIẢM,41.2%,HIGH,2026-06-24,📉 GIẢM,42.5%,HIGH
CAD,2026-05-29,2026-06-04,📉 GIẢM,41.1%,LOW,2026-06-05,📉 GIẢM,41.1%,LOW,2026-06-08,📉 GIẢM,41.6%,LOW,2026-06-09,📉 GIẢM,42.1%,LOW,2026-06-10,📉 GIẢM,42.5%,LOW,2026-06-11,📉 GIẢM,43.0%,LOW,2026-06-12,📉 GIẢM,43.5%,LOW,2026-06-15,📉 GIẢM,43.9%,HIGH,2026-06-16,📉 GIẢM,44.4%,HIGH,2026-06-17,📉 GIẢM,44.9%,HIGH,2026-06-18,📉 GIẢM,45.3%,HIGH,2026-06-19,📉 GIẢM,45.8%,HIGH,2026-06-22,📉 GIẢM,46.3%,HIGH,2026-06-23,📉 GIẢM,46.7%,HIGH,2026-06-24,📉 GIẢM,47.2%,HIGH
DIC,2026-05-29,2026-06-04,📉 GIẢM,12.8%,HIGH,2026-06-05,📉 GIẢM,14.6%,HIGH,2026-06-08,📉 GIẢM,16.5%,HIGH,2026-06-09,📉 GIẢM,18.3%,HIGH,2026-06-10,📉 GIẢM,20.2%,HIGH,2026-06-11,📉 GIẢM,22.0%,HIGH,2026-06-12,📉 GIẢM,23.9%,HIGH,2026-06-15,📉 GIẢM,26.1%,HIGH,2026-06-16,📉 GIẢM,27.9%,HIGH,2026-06-17,📉 GIẢM,29.8%,HIGH,2026-06-18,📉 GIẢM,31.6%,HIGH,2026-06-19,📉 GIẢM,33.5%,HIGH,2026-06-22,📉 GIẢM,35.3%,HIGH,2026-06-23,📉 GIẢM,37.2%,HIGH,2026-06-24,📉 GIẢM,39.0%,HIGH
AGM,2026-05-29,2026-06-04,📈 TĂNG,54.0%,LOW,2026-06-05,📈 TĂNG,53.8%,LOW,2026-06-08,📈 TĂNG,53.2%,LOW,2026-06-09,📈 TĂNG,53.0%,LOW,2026-06-10,📈 TĂNG,52.5%,LOW,2026-06-11,📈 TĂNG,52.4%,LOW,2026-06-12,📈 TĂNG,52.2%,LOW,2026-06-15,📈 TĂNG,52.1%,LOW,2026-06-16,📈 TĂNG,51.9%,LOW,2026-06-17,📈 TĂNG,51.8%,LOW,2026-06-18,📈 TĂNG,51.6%,HIGH,2026-06-19,📈 TĂNG,51.4%,HIGH,2026-06-22,📈 TĂNG,51.3%,HIGH,2026-06-23,📈 TĂNG,51.1%,HIGH,2026-06-24,📈 TĂNG,51.0%,HIGH
VIN,2026-05-29,2026-06-04,📉 GIẢM,42.6%,LOW,2026-06-05,📉 GIẢM,43.0%,LOW,2026-06-08,📉 GIẢM,43.4%,LOW,2026-06-09,📉 GIẢM,43.7%,LOW,2026-06-10,📉 GIẢM,44.1%,LOW,2026-06-11,📉 GIẢM,44.5%,LOW,2026-06-12,📉 GIẢM,44.8%,LOW,2026-06-15,📉 GIẢM,45.2%,LOW,2026-06-16,📉 GIẢM,45.6%,HIGH,2026-06-17,📉 GIẢM,45.9%,HIGH,2026-06-18,📉 GIẢM,46.3%,HIGH,2026-06-19,📉 GIẢM,46.7%,HIGH,2026-06-22,📉 GIẢM,47.0%,HIGH,2026-06-23,📉 GIẢM,47.4%,HIGH,2026-06-24,📉 GIẢM,47.8%,HIGH
SSH,2026-05-29,2026-06-04,📉 GIẢM,40.7%,LOW,2026-06-05,📉 GIẢM,41.2%,LOW,2026-06-08,📉 GIẢM,41.6%,LOW,2026-06-09,📉 GIẢM,42.1%,LOW,2026-06-10,📉 GIẢM,42.5%,LOW,2026-06-11,📉 GIẢM,43.0%,LOW,2026-06-12,📉 GIẢM,43.5%,LOW,2026-06-15,📉 GIẢM,43.9%,HIGH,2026-06-16,📉 GIẢM,44.4%,HIGH,2026-06-17,📉 GIẢM,44.9%,HIGH,2026-06-18,📉 GIẢM,45.3%,HIGH,2026-06-19,📉 GIẢM,45.8%,HIGH,2026-06-22,📉 GIẢM,46.3%,HIGH,2026-06-23,📉 GIẢM,46.7%,HIGH,2026-06-24,📉 GIẢM,47.2%,HIGH
VDN,2026-05-29,2026-06-04,📉 GIẢM,41.1%,LOW,2026-06-05,📉 GIẢM,41.5%,LOW,2026-06-08,📉 GIẢM,42.0%,LOW,2026-06-09,📉 GIẢM,42.4%,LOW,2026-06-10,📉 GIẢM,42.8%,LOW,2026-06-11,📉 GIẢM,43.3%,LOW,2026-06-12,📉 GIẢM,43.7%,LOW,2026-06-15,📉 GIẢM,44.2%,LOW,2026-06-16,📉 GIẢM,44.6%,HIGH,2026-06-17,📉 GIẢM,45.1%,HIGH,2026-06-18,📉 GIẢM,45.5%,HIGH,2026-06-19,📉 GIẢM,46.0%,HIGH,2026-06-22,📉 GIẢM,46.4%,HIGH,2026-06-23,📉 GIẢM,46.9%,HIGH,2026-06-24,📉 GIẢM,47.3%,HIGH
TTS,2026-05-29,2026-06-04,📈 TĂNG,63.3%,MEDIUM,2026-06-05,📈 TĂNG,56.3%,LOW,2026-06-08,📈 TĂNG,56.0%,LOW,2026-06-09,📈 TĂNG,55.6%,LOW,2026-06-10,📈 TĂNG,55.3%,LOW,2026-06-11,📈 TĂNG,55.0%,LOW,2026-06-12,📈 TĂNG,54.7%,LOW,2026-06-15,📈 TĂNG,54.3%,LOW,2026-06-16,📈 TĂNG,54.0%,LOW,2026-06-17,📈 TĂNG,53.7%,HIGH,2026-06-18,📈 TĂNG,53.3%,HIGH,2026-06-19,📈 TĂNG,53.0%,HIGH,2026-06-22,📈 TĂNG,52.7%,HIGH,2026-06-23,📈 TĂNG,52.3%,HIGH,2026-06-24,📈 TĂNG,51.9%,HIGH
L12,2026-05-29,2026-06-04,📈 TĂNG,51.0%,LOW,2026-06-05,📈 TĂNG,52.1%,LOW,2026-06-08,📈 TĂNG,52.0%,LOW,2026-06-09,📈 TĂNG,51.9%,LOW,2026-06-10,📈 TĂNG,51.8%,LOW,2026-06-11,📈 TĂNG,51.7%,LOW,2026-06-12,📈 TĂNG,51.6%,LOW,2026-06-15,📈 TĂNG,51.5%,LOW,2026-06-16,📈 TĂNG,51.3%,LOW,2026-06-17,📈 TĂNG,51.2%,LOW,2026-06-18,📈 TĂNG,51.1%,HIGH,2026-06-19,📈 TĂNG,51.0%,HIGH,2026-06-22,📈 TĂNG,50.9%,HIGH,2026-06-23,📈 TĂNG,50.8%,HIGH,2026-06-24,📈 TĂNG,50.7%,HIGH
ISG,2026-05-29,2026-06-04,📉 GIẢM,18.8%,HIGH,2026-06-05,📉 GIẢM,20.3%,HIGH,2026-06-08,📉 GIẢM,21.8%,HIGH,2026-06-09,📉 GIẢM,23.4%,HIGH,2026-06-10,📉 GIẢM,25.0%,HIGH,2026-06-11,📉 GIẢM,26.5%,HIGH,2026-06-12,📉 GIẢM,28.1%,HIGH,2026-06-15,📉 GIẢM,29.7%,HIGH,2026-06-16,📉 GIẢM,31.2%,HIGH,2026-06-17,📉 GIẢM,32.8%,HIGH,2026-06-18,📉 GIẢM,34.4%,HIGH,2026-06-19,📉 GIẢM,35.9%,HIGH,2026-06-22,📉 GIẢM,37.5%,HIGH,2026-06-23,📉 GIẢM,39.0%,HIGH,2026-06-24,📉 GIẢM,40.6%,HIGH
DHP,2026-05-29,2026-06-04,📉 GIẢM,47.4%,LOW,2026-06-05,📉 GIẢM,47.5%,LOW,2026-06-08,📉 GIẢM,47.6%,LOW,2026-06-09,📉 GIẢM,47.0%,LOW,2026-06-10,📉 GIẢM,47.2%,LOW,2026-06-11,📉 GIẢM,47.3%,LOW,2026-06-12,📉 GIẢM,47.5%,LOW,2026-06-15,📉 GIẢM,47.7%,LOW,2026-06-16,📉 GIẢM,47.9%,LOW,2026-06-17,📉 GIẢM,48.0%,LOW,2026-06-18,📉 GIẢM,48.2%,HIGH,2026-06-19,📉 GIẢM,48.4%,HIGH,2026-06-22,📉 GIẢM,48.6%,HIGH,2026-06-23,📉 GIẢM,48.8%,HIGH,2026-06-24,📉 GIẢM,48.9%,HIGH
PIS,2026-05-29,2026-06-04,📉 GIẢM,42.3%,LOW,2026-06-05,📉 GIẢM,42.7%,LOW,2026-06-08,📉 GIẢM,43.1%,LOW,2026-06-09,📉 GIẢM,43.5%,LOW,2026-06-10,📉 GIẢM,43.9%,LOW,2026-06-11,📉 GIẢM,44.3%,LOW,2026-06-12,📉 GIẢM,44.6%,LOW,2026-06-15,📉 GIẢM,45.4%,LOW,2026-06-16,📉 GIẢM,45.8%,HIGH,2026-06-17,📉 GIẢM,46.1%,HIGH,2026-06-18,📉 GIẢM,46.5%,HIGH,2026-06-19,📉 GIẢM,46.7%,HIGH,2026-06-22,📉 GIẢM,47.1%,HIGH,2026-06-23,📉 GIẢM,47.5%,HIGH,2026-06-24,📉 GIẢM,47.8%,HIGH
MDG,2026-05-29,2026-06-04,📉 GIẢM,30.6%,MEDIUM,2026-06-05,📉 GIẢM,31.6%,HIGH,2026-06-08,📉 GIẢM,32.6%,HIGH,2026-06-09,📉 GIẢM,33.8%,HIGH,2026-06-10,📉 GIẢM,34.7%,HIGH,2026-06-11,📉 GIẢM,35.7%,HIGH,2026-06-12,📉 GIẢM,36.6%,HIGH,2026-06-15,📉 GIẢM,37.6%,HIGH,2026-06-16,📉 GIẢM,38.6%,HIGH,2026-06-17,📉 GIẢM,39.5%,HIGH,2026-06-18,📉 GIẢM,40.5%,HIGH,2026-06-19,📉 GIẢM,41.4%,HIGH,2026-06-22,📉 GIẢM,42.4%,HIGH,2026-06-23,📉 GIẢM,43.3%,HIGH,2026-06-24,📉 GIẢM,44.3%,HIGH
CET,2026-05-29,2026-06-04,📉 GIẢM,48.7%,LOW,2026-06-05,📉 GIẢM,48.8%,LOW,2026-06-08,📉 GIẢM,48.8%,LOW,2026-06-09,📉 GIẢM,48.9%,LOW,2026-06-10,📉 GIẢM,49.0%,LOW,2026-06-11,📉 GIẢM,49.0%,LOW,2026-06-12,📉 GIẢM,49.1%,LOW,2026-06-15,📉 GIẢM,49.2%,LOW,2026-06-16,📉 GIẢM,49.2%,LOW,2026-06-17,📉 GIẢM,49.3%,LOW,2026-06-18,📉 GIẢM,49.3%,HIGH,2026-06-19,📉 GIẢM,49.4%,HIGH,2026-06-22,📉 GIẢM,49.5%,HIGH,2026-06-23,📉 GIẢM,49.5%,HIGH,2026-06-24,📉 GIẢM,49.6%,HIGH
PXT,2026-05-29,2026-06-04,📈 TĂNG,57.4%,LOW,2026-06-05,📈 TĂNG,55.2%,LOW,2026-06-08,📈 TĂNG,54.5%,LOW,2026-06-09,📈 TĂNG,54.3%,LOW,2026-06-10,📈 TĂNG,54.0%,LOW,2026-06-11,📈 TĂNG,53.8%,LOW,2026-06-12,📈 TĂNG,53.5%,LOW,2026-06-15,📈 TĂNG,53.3%,LOW,2026-06-16,📈 TĂNG,53.0%,LOW,2026-06-17,📈 TĂNG,52.8%,HIGH,2026-06-18,📈 TĂNG,52.5%,HIGH,2026-06-19,📈 TĂNG,52.3%,HIGH,2026-06-22,📈 TĂNG,52.0%,HIGH,2026-06-23,📈 TĂNG,51.8%,HIGH,2026-06-24,📈 TĂNG,51.5%,HIGH
G20,2026-05-29,2026-06-04,📉 GIẢM,42.9%,LOW,2026-06-05,📉 GIẢM,42.8%,LOW,2026-06-08,📉 GIẢM,43.2%,LOW,2026-06-09,📉 GIẢM,43.6%,LOW,2026-06-10,📉 GIẢM,44.1%,LOW,2026-06-11,📉 GIẢM,44.5%,LOW,2026-06-12,📉 GIẢM,44.8%,LOW,2026-06-15,📉 GIẢM,45.2%,LOW,2026-06-16,📉 GIẢM,45.6%,HIGH,2026-06-17,📉 GIẢM,45.9%,HIGH,2026-06-18,📉 GIẢM,46.3%,HIGH,2026-06-19,📉 GIẢM,46.7%,HIGH,2026-06-22,📉 GIẢM,47.1%,HIGH,2026-06-23,📉 GIẢM,47.4%,HIGH,2026-06-24,📉 GIẢM,47.8%,HIGH
NDT,2026-05-29,2026-06-04,📉 GIẢM,22.3%,HIGH,2026-06-05,📉 GIẢM,23.1%,HIGH,2026-06-08,📉 GIẢM,24.5%,HIGH,2026-06-09,📉 GIẢM,24.1%,HIGH,2026-06-10,📉 GIẢM,25.6%,HIGH,2026-06-11,📉 GIẢM,27.2%,HIGH,2026-06-12,📉 GIẢM,28.7%,HIGH,2026-06-15,📉 GIẢM,30.6%,HIGH,2026-06-16,📉 GIẢM,32.1%,HIGH,2026-06-17,📉 GIẢM,33.6%,HIGH,2026-06-18,📉 GIẢM,35.1%,HIGH,2026-06-19,📉 GIẢM,36.6%,HIGH,2026-06-22,📉 GIẢM,38.1%,HIGH,2026-06-23,📉 GIẢM,39.6%,HIGH,2026-06-24,📉 GIẢM,41.1%,HIGH
ATA,2026-05-29,2026-06-04,📉 GIẢM,33.9%,MEDIUM,2026-06-05,📉 GIẢM,35.8%,MEDIUM,2026-06-08,📉 GIẢM,36.5%,MEDIUM,2026-06-09,📉 GIẢM,37.3%,MEDIUM,2026-06-10,📉 GIẢM,38.0%,MEDIUM,2026-06-11,📉 GIẢM,38.8%,HIGH,2026-06-12,📉 GIẢM,39.5%,HIGH,2026-06-15,📉 GIẢM,40.3%,HIGH,2026-06-16,📉 GIẢM,41.0%,HIGH,2026-06-17,📉 GIẢM,41.8%,HIGH,2026-06-18,📉 GIẢM,42.5%,HIGH,2026-06-19,📉 GIẢM,43.3%,HIGH,2026-06-22,📉 GIẢM,44.0%,HIGH,2026-06-23,📉 GIẢM,44.8%,HIGH,2026-06-24,📉 GIẢM,45.5%,HIGH
PXS,2026-05-29,2026-06-04,📉 GIẢM,30.4%,MEDIUM,2026-06-05,📉 GIẢM,32.7%,MEDIUM,2026-06-08,📉 GIẢM,33.6%,HIGH,2026-06-09,📉 GIẢM,34.5%,HIGH,2026-06-10,📉 GIẢM,35.4%,HIGH,2026-06-11,📉 GIẢM,36.3%,HIGH,2026-06-12,📉 GIẢM,37.3%,HIGH,2026-06-15,📉 GIẢM,38.6%,HIGH,2026-06-16,📉 GIẢM,39.4%,HIGH,2026-06-17,📉 GIẢM,40.3%,HIGH,2026-06-18,📉 GIẢM,41.2%,HIGH,2026-06-19,📉 GIẢM,42.1%,HIGH,2026-06-22,📉 GIẢM,43.0%,HIGH,2026-06-23,📉 GIẢM,43.8%,HIGH,2026-06-24,📉 GIẢM,44.8%,HIGH
BGE,2026-05-29,2026-06-04,📈 TĂNG,55.9%,LOW,2026-06-05,📈 TĂNG,55.6%,LOW,2026-06-08,📈 TĂNG,55.3%,LOW,2026-06-09,📈 TĂNG,55.0%,LOW,2026-06-10,📈 TĂNG,54.7%,LOW,2026-06-11,📈 TĂNG,54.4%,LOW,2026-06-12,📈 TĂNG,54.1%,LOW,2026-06-15,📈 TĂNG,53.8%,LOW,2026-06-16,📈 TĂNG,53.5%,LOW,2026-06-17,📈 TĂNG,53.2%,HIGH,2026-06-18,📈 TĂNG,52.9%,HIGH,2026-06-19,📈 TĂNG,52.6%,HIGH,2026-06-22,📈 TĂNG,52.3%,HIGH,2026-06-23,📈 TĂNG,52.1%,HIGH,2026-06-24,📈 TĂNG,51.8%,HIGH
PPY,2026-05-29,2026-06-04,📉 GIẢM,42.8%,LOW,2026-06-05,📉 GIẢM,43.2%,LOW,2026-06-08,📉 GIẢM,43.6%,LOW,2026-06-09,📉 GIẢM,43.9%,LOW,2026-06-10,📉 GIẢM,44.3%,LOW,2026-06-11,📉 GIẢM,44.6%,LOW,2026-06-12,📉 GIẢM,45.0%,LOW,2026-06-15,📉 GIẢM,45.4%,LOW,2026-06-16,📉 GIẢM,45.6%,HIGH,2026-06-17,📉 GIẢM,45.9%,HIGH,2026-06-18,📉 GIẢM,46.3%,HIGH,2026-06-19,📉 GIẢM,46.5%,HIGH,2026-06-22,📉 GIẢM,46.9%,HIGH,2026-06-23,📉 GIẢM,47.3%,HIGH,2026-06-24,📉 GIẢM,47.7%,HIGH
VMG,2026-05-29,2026-06-04,📉 GIẢM,32.5%,MEDIUM,2026-06-05,📉 GIẢM,34.3%,MEDIUM,2026-06-08,📉 GIẢM,35.1%,MEDIUM,2026-06-09,📉 GIẢM,35.9%,HIGH,2026-06-10,📉 GIẢM,36.8%,HIGH,2026-06-11,📉 GIẢM,37.6%,HIGH,2026-06-12,📉 GIẢM,38.4%,HIGH,2026-06-15,📉 GIẢM,39.2%,HIGH,2026-06-16,📉 GIẢM,40.1%,HIGH,2026-06-17,📉 GIẢM,40.9%,HIGH,2026-06-18,📉 GIẢM,41.7%,HIGH,2026-06-19,📉 GIẢM,42.5%,HIGH,2026-06-22,📉 GIẢM,43.4%,HIGH,2026-06-23,📉 GIẢM,44.2%,HIGH,2026-06-24,📉 GIẢM,45.0%,HIGH
HAC,2026-05-29,2026-06-04,📈 TĂNG,56.1%,LOW,2026-06-05,📈 TĂNG,54.4%,LOW,2026-06-08,📈 TĂNG,57.5%,LOW,2026-06-09,📈 TĂNG,57.1%,LOW,2026-06-10,📈 TĂNG,56.7%,LOW,2026-06-11,📈 TĂNG,56.2%,LOW,2026-06-12,📈 TĂNG,56.0%,LOW,2026-06-15,📈 TĂNG,55.6%,LOW,2026-06-16,📈 TĂNG,55.2%,HIGH,2026-06-17,📈 TĂNG,54.7%,HIGH,2026-06-18,📈 TĂNG,54.3%,HIGH,2026-06-19,📈 TĂNG,53.9%,HIGH,2026-06-22,📈 TĂNG,53.5%,HIGH,2026-06-23,📈 TĂNG,53.0%,HIGH,2026-06-24,📈 TĂNG,52.6%,HIGH
BSH,2026-05-29,2026-06-04,📉 GIẢM,44.8%,LOW,2026-06-05,📉 GIẢM,45.1%,LOW,2026-06-08,📉 GIẢM,45.3%,LOW,2026-06-09,📉 GIẢM,45.6%,LOW,2026-06-10,📉 GIẢM,45.8%,LOW,2026-06-11,📉 GIẢM,46.1%,LOW,2026-06-12,📉 GIẢM,46.4%,LOW,2026-06-15,📉 GIẢM,46.6%,LOW,2026-06-16,📉 GIẢM,46.9%,LOW,2026-06-17,📉 GIẢM,47.1%,HIGH,2026-06-18,📉 GIẢM,47.4%,HIGH,2026-06-19,📉 GIẢM,47.7%,HIGH,2026-06-22,📉 GIẢM,47.6%,HIGH,2026-06-23,📉 GIẢM,47.9%,HIGH,2026-06-24,📉 GIẢM,48.2%,HIGH
VNH,2026-05-29,2026-06-04,📉 GIẢM,36.3%,MEDIUM,2026-06-05,📉 GIẢM,37.0%,MEDIUM,2026-06-08,📉 GIẢM,37.5%,MEDIUM,2026-06-09,📉 GIẢM,38.2%,MEDIUM,2026-06-10,📉 GIẢM,38.9%,MEDIUM,2026-06-11,📉 GIẢM,39.6%,HIGH,2026-06-12,📉 GIẢM,40.3%,HIGH,2026-06-15,📉 GIẢM,41.4%,HIGH,2026-06-16,📉 GIẢM,42.0%,HIGH,2026-06-17,📉 GIẢM,42.7%,HIGH,2026-06-18,📉 GIẢM,43.4%,HIGH,2026-06-19,📉 GIẢM,44.0%,HIGH,2026-06-22,📉 GIẢM,44.7%,HIGH,2026-06-23,📉 GIẢM,45.4%,HIGH,2026-06-24,📉 GIẢM,46.0%,HIGH
PXM,2026-05-29,2026-06-04,📉 GIẢM,21.0%,HIGH,2026-06-05,📉 GIẢM,22.5%,HIGH,2026-06-08,📉 GIẢM,24.0%,HIGH,2026-06-09,📉 GIẢM,25.4%,HIGH,2026-06-10,📉 GIẢM,26.9%,HIGH,2026-06-11,📉 GIẢM,28.3%,HIGH,2026-06-12,📉 GIẢM,29.8%,HIGH,2026-06-15,📉 GIẢM,31.4%,HIGH,2026-06-16,📉 GIẢM,32.8%,HIGH,2026-06-17,📉 GIẢM,34.2%,HIGH,2026-06-18,📉 GIẢM,35.7%,HIGH,2026-06-19,📉 GIẢM,37.1%,HIGH,2026-06-22,📉 GIẢM,38.5%,HIGH,2026-06-23,📉 GIẢM,40.0%,HIGH,2026-06-24,📉 GIẢM,41.4%,HIGH
PVR,2026-05-29,2026-06-04,📉 GIẢM,24.3%,HIGH,2026-06-05,📉 GIẢM,25.1%,HIGH,2026-06-08,📉 GIẢM,26.4%,HIGH,2026-06-09,📉 GIẢM,27.7%,HIGH,2026-06-10,📉 GIẢM,29.0%,HIGH,2026-06-11,📉 GIẢM,30.3%,HIGH,2026-06-12,📉 GIẢM,31.6%,HIGH,2026-06-15,📉 GIẢM,32.9%,HIGH,2026-06-16,📉 GIẢM,34.3%,HIGH,2026-06-17,📉 GIẢM,35.6%,HIGH,2026-06-18,📉 GIẢM,36.9%,HIGH,2026-06-19,📉 GIẢM,38.2%,HIGH,2026-06-22,📉 GIẢM,39.5%,HIGH,2026-06-23,📉 GIẢM,40.9%,HIGH,2026-06-24,📉 GIẢM,42.2%,HIGH
HNA,2026-05-29,2026-06-04,📉 GIẢM,21.7%,HIGH,2026-06-05,📉 GIẢM,23.1%,HIGH,2026-06-08,📉 GIẢM,24.5%,HIGH,2026-06-09,📉 GIẢM,26.0%,HIGH,2026-06-10,📉 GIẢM,27.4%,HIGH,2026-06-11,📉 GIẢM,28.8%,HIGH,2026-06-12,📉 GIẢM,30.2%,HIGH,2026-06-15,📉 GIẢM,31.6%,HIGH,2026-06-16,📉 GIẢM,33.0%,HIGH,2026-06-17,📉 GIẢM,34.4%,HIGH,2026-06-18,📉 GIẢM,35.9%,HIGH,2026-06-19,📉 GIẢM,37.3%,HIGH,2026-06-22,📉 GIẢM,38.7%,HIGH,2026-06-23,📉 GIẢM,40.1%,HIGH,2026-06-24,📉 GIẢM,41.5%,HIGH
SPD,2026-05-29,2026-06-04,📉 GIẢM,19.6%,HIGH,2026-06-05,📉 GIẢM,21.1%,HIGH,2026-06-08,📉 GIẢM,22.6%,HIGH,2026-06-09,📉 GIẢM,24.1%,HIGH,2026-06-10,📉 GIẢM,25.6%,HIGH,2026-06-11,📉 GIẢM,27.2%,HIGH,2026-06-12,📉 GIẢM,28.7%,HIGH,2026-06-15,📉 GIẢM,30.2%,HIGH,2026-06-16,📉 GIẢM,31.7%,HIGH,2026-06-17,📉 GIẢM,33.3%,HIGH,2026-06-18,📉 GIẢM,34.8%,HIGH,2026-06-19,📉 GIẢM,36.3%,HIGH,2026-06-22,📉 GIẢM,38.1%,HIGH,2026-06-23,📉 GIẢM,39.6%,HIGH,2026-06-24,📉 GIẢM,41.1%,HIGH
PVV,2026-05-29,2026-06-04,📈 TĂNG,54.0%,LOW,2026-06-05,📈 TĂNG,53.8%,LOW,2026-06-08,📈 TĂNG,53.6%,LOW,2026-06-09,📈 TĂNG,53.4%,LOW,2026-06-10,📈 TĂNG,53.2%,LOW,2026-06-11,📈 TĂNG,53.0%,LOW,2026-06-12,📈 TĂNG,52.8%,LOW,2026-06-15,📈 TĂNG,52.6%,LOW,2026-06-16,📈 TĂNG,52.4%,LOW,2026-06-17,📈 TĂNG,52.2%,HIGH,2026-06-18,📈 TĂNG,52.0%,HIGH,2026-06-19,📈 TĂNG,51.8%,HIGH,2026-06-22,📈 TĂNG,51.6%,HIGH,2026-06-23,📈 TĂNG,51.4%,HIGH,2026-06-24,📈 TĂNG,51.2%,HIGH
MTP,2026-05-29,2026-06-04,📉 GIẢM,29.5%,HIGH,2026-06-05,📉 GIẢM,30.5%,HIGH,2026-06-08,📉 GIẢM,31.6%,HIGH,2026-06-09,📉 GIẢM,32.6%,HIGH,2026-06-10,📉 GIẢM,33.6%,HIGH,2026-06-11,📉 GIẢM,34.6%,HIGH,2026-06-12,📉 GIẢM,35.7%,HIGH,2026-06-15,📉 GIẢM,36.7%,HIGH,2026-06-16,📉 GIẢM,37.7%,HIGH,2026-06-17,📉 GIẢM,38.7%,HIGH,2026-06-18,📉 GIẢM,39.8%,HIGH,2026-06-19,📉 GIẢM,40.8%,HIGH,2026-06-22,📉 GIẢM,41.8%,HIGH,2026-06-23,📉 GIẢM,42.8%,HIGH,2026-06-24,📉 GIẢM,43.9%,HIGH
SDY,2026-05-29,2026-06-04,📉 GIẢM,43.8%,LOW,2026-06-05,📉 GIẢM,44.1%,LOW,2026-06-08,📉 GIẢM,44.4%,LOW,2026-06-09,📉 GIẢM,44.7%,LOW,2026-06-10,📉 GIẢM,45.0%,LOW,2026-06-11,📉 GIẢM,45.3%,LOW,2026-06-12,📉 GIẢM,45.6%,LOW,2026-06-15,📉 GIẢM,45.9%,LOW,2026-06-16,📉 GIẢM,46.3%,LOW,2026-06-17,📉 GIẢM,46.6%,HIGH,2026-06-18,📉 GIẢM,46.9%,HIGH,2026-06-19,📉 GIẢM,47.2%,HIGH,2026-06-22,📉 GIẢM,47.5%,HIGH,2026-06-23,📉 GIẢM,47.8%,HIGH,2026-06-24,📉 GIẢM,48.1%,HIGH
SCO,2026-05-29,2026-06-04,📉 GIẢM,45.1%,LOW,2026-06-05,📉 GIẢM,45.6%,LOW,2026-06-08,📉 GIẢM,45.9%,LOW,2026-06-09,📉 GIẢM,46.1%,LOW,2026-06-10,📉 GIẢM,46.3%,LOW,2026-06-11,📉 GIẢM,46.6%,LOW,2026-06-12,📉 GIẢM,46.8%,LOW,2026-06-15,📉 GIẢM,47.0%,LOW,2026-06-16,📉 GIẢM,47.2%,LOW,2026-06-17,📉 GIẢM,47.5%,HIGH,2026-06-18,📉 GIẢM,47.7%,HIGH,2026-06-19,📉 GIẢM,47.9%,HIGH,2026-06-22,📉 GIẢM,48.2%,HIGH,2026-06-23,📉 GIẢM,48.4%,HIGH,2026-06-24,📉 GIẢM,48.6%,HIGH
TL4,2026-05-29,2026-06-04,📉 GIẢM,26.6%,HIGH,2026-06-05,📉 GIẢM,27.7%,HIGH,2026-06-08,📉 GIẢM,28.9%,HIGH,2026-06-09,📉 GIẢM,30.1%,HIGH,2026-06-10,📉 GIẢM,31.3%,HIGH,2026-06-11,📉 GIẢM,32.7%,HIGH,2026-06-12,📉 GIẢM,33.8%,HIGH,2026-06-15,📉 GIẢM,35.0%,HIGH,2026-06-16,📉 GIẢM,36.1%,HIGH,2026-06-17,📉 GIẢM,37.3%,HIGH,2026-06-18,📉 GIẢM,38.5%,HIGH,2026-06-19,📉 GIẢM,39.6%,HIGH,2026-06-22,📉 GIẢM,40.8%,HIGH,2026-06-23,📉 GIẢM,41.9%,HIGH,2026-06-24,📉 GIẢM,43.1%,HIGH
XMP,2026-05-29,2026-06-04,📉 GIẢM,21.8%,HIGH,2026-06-05,📉 GIẢM,23.2%,HIGH,2026-06-08,📉 GIẢM,24.6%,HIGH,2026-06-09,📉 GIẢM,26.0%,HIGH,2026-06-10,📉 GIẢM,27.4%,HIGH,2026-06-11,📉 GIẢM,28.8%,HIGH,2026-06-12,📉 GIẢM,30.3%,HIGH,2026-06-15,📉 GIẢM,31.7%,HIGH,2026-06-16,📉 GIẢM,33.1%,HIGH,2026-06-17,📉 GIẢM,34.5%,HIGH,2026-06-18,📉 GIẢM,35.9%,HIGH,2026-06-19,📉 GIẢM,37.3%,HIGH,2026-06-22,📉 GIẢM,38.7%,HIGH,2026-06-23,📉 GIẢM,40.1%,HIGH,2026-06-24,📉 GIẢM,41.5%,HIGH
ICC,2026-05-29,2026-06-04,📉 GIẢM,25.8%,HIGH,2026-06-05,📉 GIẢM,26.0%,HIGH,2026-06-08,📉 GIẢM,27.2%,HIGH,2026-06-09,📉 GIẢM,28.5%,HIGH,2026-06-10,📉 GIẢM,29.8%,HIGH,2026-06-11,📉 GIẢM,31.0%,HIGH,2026-06-12,📉 GIẢM,32.3%,HIGH,2026-06-15,📉 GIẢM,33.5%,HIGH,2026-06-16,📉 GIẢM,34.8%,HIGH,2026-06-17,📉 GIẢM,36.1%,HIGH,2026-06-18,📉 GIẢM,37.3%,HIGH,2026-06-19,📉 GIẢM,38.6%,HIGH,2026-06-22,📉 GIẢM,39.9%,HIGH,2026-06-23,📉 GIẢM,41.1%,HIGH,2026-06-24,📉 GIẢM,42.4%,HIGH
PVH,2026-05-29,2026-06-04,📉 GIẢM,21.7%,HIGH,2026-06-05,📉 GIẢM,23.1%,HIGH,2026-06-08,📉 GIẢM,24.5%,HIGH,2026-06-09,📉 GIẢM,26.0%,HIGH,2026-06-10,📉 GIẢM,27.4%,HIGH,2026-06-11,📉 GIẢM,28.8%,HIGH,2026-06-12,📉 GIẢM,30.2%,HIGH,2026-06-15,📉 GIẢM,31.6%,HIGH,2026-06-16,📉 GIẢM,33.0%,HIGH,2026-06-17,📉 GIẢM,34.4%,HIGH,2026-06-18,📉 GIẢM,35.9%,HIGH,2026-06-19,📉 GIẢM,37.3%,HIGH,2026-06-22,📉 GIẢM,38.7%,HIGH,2026-06-23,📉 GIẢM,40.1%,HIGH,2026-06-24,📉 GIẢM,41.5%,HIGH
HBS,2026-05-29,2026-06-04,📉 GIẢM,27.2%,HIGH,2026-06-05,📉 GIẢM,29.9%,HIGH,2026-06-08,📉 GIẢM,30.8%,HIGH,2026-06-09,📉 GIẢM,31.8%,HIGH,2026-06-10,📉 GIẢM,32.9%,HIGH,2026-06-11,📉 GIẢM,34.0%,HIGH,2026-06-12,📉 GIẢM,35.2%,HIGH,2026-06-15,📉 GIẢM,36.2%,HIGH,2026-06-16,📉 GIẢM,37.3%,HIGH,2026-06-17,📉 GIẢM,38.5%,HIGH,2026-06-18,📉 GIẢM,39.6%,HIGH,2026-06-19,📉 GIẢM,40.7%,HIGH,2026-06-22,📉 GIẢM,41.7%,HIGH,2026-06-23,📉 GIẢM,42.7%,HIGH,2026-06-24,📉 GIẢM,43.8%,HIGH
PTX,2026-05-29,2026-06-04,📈 TĂNG,54.8%,LOW,2026-06-05,📈 TĂNG,50.6%,LOW,2026-06-08,📈 TĂNG,50.6%,LOW,2026-06-09,📈 TĂNG,50.2%,LOW,2026-06-10,📈 TĂNG,50.2%,LOW,2026-06-11,📈 TĂNG,50.2%,LOW,2026-06-12,📈 TĂNG,50.2%,LOW,2026-06-15,📈 TĂNG,50.2%,LOW,2026-06-16,📈 TĂNG,50.1%,LOW,2026-06-17,📈 TĂNG,50.1%,LOW,2026-06-18,📈 TĂNG,50.1%,HIGH,2026-06-19,📈 TĂNG,50.1%,HIGH,2026-06-22,📈 TĂNG,50.1%,HIGH,2026-06-23,📈 TĂNG,50.2%,HIGH,2026-06-24,📈 TĂNG,50.2%,HIGH
S12,2026-05-29,2026-06-04,📉 GIẢM,32.3%,MEDIUM,2026-06-05,📉 GIẢM,32.4%,MEDIUM,2026-06-08,📉 GIẢM,33.3%,HIGH,2026-06-09,📉 GIẢM,34.3%,HIGH,2026-06-10,📉 GIẢM,35.2%,HIGH,2026-06-11,📉 GIẢM,36.1%,HIGH,2026-06-12,📉 GIẢM,37.0%,HIGH,2026-06-15,📉 GIẢM,38.0%,HIGH,2026-06-16,📉 GIẢM,38.9%,HIGH,2026-06-17,📉 GIẢM,39.8%,HIGH,2026-06-18,📉 GIẢM,40.7%,HIGH,2026-06-19,📉 GIẢM,41.7%,HIGH,2026-06-22,📉 GIẢM,42.6%,HIGH,2026-06-23,📉 GIẢM,43.5%,HIGH,2026-06-24,📉 GIẢM,44.4%,HIGH
BHC,2026-05-29,2026-06-04,📉 GIẢM,43.8%,LOW,2026-06-05,📉 GIẢM,44.1%,LOW,2026-06-08,📉 GIẢM,44.4%,LOW,2026-06-09,📉 GIẢM,44.7%,LOW,2026-06-10,📉 GIẢM,45.0%,LOW,2026-06-11,📉 GIẢM,45.4%,LOW,2026-06-12,📉 GIẢM,45.7%,LOW,2026-06-15,📉 GIẢM,46.0%,LOW,2026-06-16,📉 GIẢM,46.3%,LOW,2026-06-17,📉 GIẢM,46.6%,HIGH,2026-06-18,📉 GIẢM,46.9%,HIGH,2026-06-19,📉 GIẢM,47.2%,HIGH,2026-06-22,📉 GIẢM,47.5%,HIGH,2026-06-23,📉 GIẢM,47.8%,HIGH,2026-06-24,📉 GIẢM,48.1%,HIGH
HCC,2026-05-29,2026-06-04,📉 GIẢM,37.5%,MEDIUM,2026-06-05,📉 GIẢM,38.1%,MEDIUM,2026-06-08,📉 GIẢM,38.8%,MEDIUM,2026-06-09,📉 GIẢM,39.4%,MEDIUM,2026-06-10,📉 GIẢM,40.0%,LOW,2026-06-11,📉 GIẢM,40.6%,LOW,2026-06-12,📉 GIẢM,41.3%,HIGH,2026-06-15,📉 GIẢM,41.9%,HIGH,2026-06-16,📉 GIẢM,42.5%,HIGH,2026-06-17,📉 GIẢM,43.1%,HIGH,2026-06-18,📉 GIẢM,43.8%,HIGH,2026-06-19,📉 GIẢM,44.4%,HIGH,2026-06-22,📉 GIẢM,45.0%,HIGH,2026-06-23,📉 GIẢM,45.6%,HIGH,2026-06-24,📉 GIẢM,46.3%,HIGH
GLT,2026-05-29,2026-06-04,📉 GIẢM,23.0%,HIGH,2026-06-05,📉 GIẢM,27.6%,HIGH,2026-06-08,📉 GIẢM,28.7%,HIGH,2026-06-09,📉 GIẢM,29.9%,HIGH,2026-06-10,📉 GIẢM,31.1%,HIGH,2026-06-11,📉 GIẢM,32.3%,HIGH,2026-06-12,📉 GIẢM,33.5%,HIGH,2026-06-15,📉 GIẢM,34.6%,HIGH,2026-06-16,📉 GIẢM,35.8%,HIGH,2026-06-17,📉 GIẢM,37.0%,HIGH,2026-06-18,📉 GIẢM,38.2%,HIGH,2026-06-19,📉 GIẢM,39.4%,HIGH,2026-06-22,📉 GIẢM,40.5%,HIGH,2026-06-23,📉 GIẢM,41.7%,HIGH,2026-06-24,📉 GIẢM,42.9%,HIGH
DVG,2026-05-29,2026-06-04,📉 GIẢM,44.0%,LOW,2026-06-05,📉 GIẢM,44.5%,LOW,2026-06-08,📉 GIẢM,44.8%,LOW,2026-06-09,📉 GIẢM,45.1%,LOW,2026-06-10,📉 GIẢM,45.4%,LOW,2026-06-11,📉 GIẢM,45.7%,LOW,2026-06-12,📉 GIẢM,46.0%,LOW,2026-06-15,📉 GIẢM,46.3%,LOW,2026-06-16,📉 GIẢM,46.6%,LOW,2026-06-17,📉 GIẢM,46.8%,HIGH,2026-06-18,📉 GIẢM,47.1%,HIGH,2026-06-19,📉 GIẢM,47.4%,HIGH,2026-06-22,📉 GIẢM,47.7%,HIGH,2026-06-23,📉 GIẢM,48.0%,HIGH,2026-06-24,📉 GIẢM,48.3%,HIGH
POM,2026-05-29,2026-06-04,📉 GIẢM,39.8%,MEDIUM,2026-06-05,📉 GIẢM,39.7%,MEDIUM,2026-06-08,📉 GIẢM,40.3%,LOW,2026-06-09,📉 GIẢM,40.8%,LOW,2026-06-10,📉 GIẢM,41.5%,LOW,2026-06-11,📉 GIẢM,42.1%,LOW,2026-06-12,📉 GIẢM,42.6%,LOW,2026-06-15,📉 GIẢM,43.1%,HIGH,2026-06-16,📉 GIẢM,43.7%,HIGH,2026-06-17,📉 GIẢM,44.2%,HIGH,2026-06-18,📉 GIẢM,44.7%,HIGH,2026-06-19,📉 GIẢM,45.2%,HIGH,2026-06-22,📉 GIẢM,45.8%,HIGH,2026-06-23,📉 GIẢM,46.3%,HIGH,2026-06-24,📉 GIẢM,46.9%,HIGH
PVE,2026-05-29,2026-06-04,📉 GIẢM,48.1%,LOW,2026-06-05,📉 GIẢM,48.2%,LOW,2026-06-08,📉 GIẢM,48.3%,LOW,2026-06-09,📉 GIẢM,48.4%,LOW,2026-06-10,📉 GIẢM,48.5%,LOW,2026-06-11,📉 GIẢM,48.6%,LOW,2026-06-12,📉 GIẢM,48.7%,LOW,2026-06-15,📉 GIẢM,48.7%,LOW,2026-06-16,📉 GIẢM,48.8%,LOW,2026-06-17,📉 GIẢM,48.9%,LOW,2026-06-18,📉 GIẢM,49.0%,HIGH,2026-06-19,📉 GIẢM,49.1%,HIGH,2026-06-22,📉 GIẢM,49.3%,HIGH,2026-06-23,📉 GIẢM,49.4%,HIGH,2026-06-24,📉 GIẢM,49.5%,HIGH
MA1,2026-05-29,2026-06-04,📉 GIẢM,25.8%,HIGH,2026-06-05,📉 GIẢM,27.0%,HIGH,2026-06-08,📉 GIẢM,28.5%,HIGH,2026-06-09,📉 GIẢM,29.7%,HIGH,2026-06-10,📉 GIẢM,30.9%,HIGH,2026-06-11,📉 GIẢM,32.1%,HIGH,2026-06-12,📉 GIẢM,33.3%,HIGH,2026-06-15,📉 GIẢM,34.6%,HIGH,2026-06-16,📉 GIẢM,35.8%,HIGH,2026-06-17,📉 GIẢM,37.0%,HIGH,2026-06-18,📉 GIẢM,38.5%,HIGH,2026-06-19,📉 GIẢM,39.6%,HIGH,2026-06-22,📉 GIẢM,40.8%,HIGH,2026-06-23,📉 GIẢM,42.1%,HIGH,2026-06-24,📉 GIẢM,43.3%,HIGH
MEC,2026-05-29,2026-06-04,📈 TĂNG,62.9%,MEDIUM,2026-06-05,📈 TĂNG,62.3%,MEDIUM,2026-06-08,📈 TĂNG,61.2%,MEDIUM,2026-06-09,📈 TĂNG,60.8%,MEDIUM,2026-06-10,📈 TĂNG,60.2%,MEDIUM,2026-06-11,📈 TĂNG,59.1%,LOW,2026-06-12,📈 TĂNG,58.5%,HIGH,2026-06-15,📈 TĂNG,57.9%,HIGH,2026-06-16,📈 TĂNG,57.2%,HIGH,2026-06-17,📈 TĂNG,56.6%,HIGH,2026-06-18,📈 TĂNG,56.0%,HIGH,2026-06-19,📈 TĂNG,55.4%,HIGH,2026-06-22,📈 TĂNG,54.8%,HIGH,2026-06-23,📈 TĂNG,54.2%,HIGH,2026-06-24,📈 TĂNG,53.6%,HIGH
CT6,2026-05-29,2026-06-04,📉 GIẢM,48.9%,LOW,2026-06-05,📉 GIẢM,48.9%,LOW,2026-06-08,📉 GIẢM,49.0%,LOW,2026-06-09,📉 GIẢM,49.0%,LOW,2026-06-10,📉 GIẢM,49.1%,LOW,2026-06-11,📉 GIẢM,49.2%,LOW,2026-06-12,📉 GIẢM,49.2%,LOW,2026-06-15,📉 GIẢM,49.3%,LOW,2026-06-16,📉 GIẢM,49.3%,LOW,2026-06-17,📉 GIẢM,49.4%,LOW,2026-06-18,📉 GIẢM,49.4%,HIGH,2026-06-19,📉 GIẢM,49.5%,HIGH,2026-06-22,📉 GIẢM,49.6%,HIGH,2026-06-23,📉 GIẢM,49.6%,HIGH,2026-06-24,📉 GIẢM,49.7%,HIGH
VTA,2026-05-29,2026-06-04,📉 GIẢM,39.9%,MEDIUM,2026-06-05,📉 GIẢM,40.4%,LOW,2026-06-08,📉 GIẢM,40.9%,LOW,2026-06-09,📉 GIẢM,41.4%,LOW,2026-06-10,📉 GIẢM,41.9%,LOW,2026-06-11,📉 GIẢM,42.4%,LOW,2026-06-12,📉 GIẢM,42.9%,LOW,2026-06-15,📉 GIẢM,43.4%,HIGH,2026-06-16,📉 GIẢM,43.9%,HIGH,2026-06-17,📉 GIẢM,44.4%,HIGH,2026-06-18,📉 GIẢM,44.9%,HIGH,2026-06-19,📉 GIẢM,45.4%,HIGH,2026-06-22,📉 GIẢM,45.9%,HIGH,2026-06-23,📉 GIẢM,46.5%,HIGH,2026-06-24,📉 GIẢM,47.0%,HIGH
GKM,2026-05-29,2026-06-04,📉 GIẢM,36.6%,MEDIUM,2026-06-05,📉 GIẢM,38.5%,MEDIUM,2026-06-08,📉 GIẢM,39.1%,MEDIUM,2026-06-09,📉 GIẢM,39.7%,MEDIUM,2026-06-10,📉 GIẢM,40.3%,LOW,2026-06-11,📉 GIẢM,40.9%,LOW,2026-06-12,📉 GIẢM,41.5%,HIGH,2026-06-15,📉 GIẢM,42.1%,HIGH,2026-06-16,📉 GIẢM,42.7%,HIGH,2026-06-17,📉 GIẢM,43.3%,HIGH,2026-06-18,📉 GIẢM,43.9%,HIGH,2026-06-19,📉 GIẢM,44.6%,HIGH,2026-06-22,📉 GIẢM,45.2%,HIGH,2026-06-23,📉 GIẢM,45.8%,HIGH,2026-06-24,📉 GIẢM,45.8%,HIGH
RGG,2026-05-29,2026-06-04,📈 TĂNG,60.5%,MEDIUM,2026-06-05,📈 TĂNG,61.0%,MEDIUM,2026-06-08,📈 TĂNG,60.4%,MEDIUM,2026-06-09,📈 TĂNG,59.8%,LOW,2026-06-10,📈 TĂNG,59.2%,LOW,2026-06-11,📈 TĂNG,58.7%,LOW,2026-06-12,📈 TĂNG,58.1%,HIGH,2026-06-15,📈 TĂNG,57.5%,HIGH,2026-06-16,📈 TĂNG,56.9%,HIGH,2026-06-17,📈 TĂNG,56.3%,HIGH,2026-06-18,📈 TĂNG,55.9%,HIGH,2026-06-19,📈 TĂNG,55.6%,HIGH,2026-06-22,📈 TĂNG,55.0%,HIGH,2026-06-23,📈 TĂNG,54.4%,HIGH,2026-06-24,📈 TĂNG,53.8%,HIGH
ABR,2026-05-29,2026-06-04,📉 GIẢM,30.1%,MEDIUM,2026-06-05,📉 GIẢM,31.1%,HIGH,2026-06-08,📉 GIẢM,32.0%,HIGH,2026-06-09,📉 GIẢM,33.0%,HIGH,2026-06-10,📉 GIẢM,34.0%,HIGH,2026-06-11,📉 GIẢM,35.0%,HIGH,2026-06-12,📉 GIẢM,36.0%,HIGH,2026-06-15,📉 GIẢM,37.1%,HIGH,2026-06-16,📉 GIẢM,38.1%,HIGH,2026-06-17,📉 GIẢM,39.1%,HIGH,2026-06-18,📉 GIẢM,40.1%,HIGH,2026-06-19,📉 GIẢM,41.1%,HIGH,2026-06-22,📉 GIẢM,42.1%,HIGH,2026-06-23,📉 GIẢM,43.1%,HIGH,2026-06-24,📉 GIẢM,44.1%,HIGH
SFI,2026-05-29,2026-06-04,📉 GIẢM,23.6%,HIGH,2026-06-05,📉 GIẢM,24.9%,HIGH,2026-06-08,📉 GIẢM,26.2%,HIGH,2026-06-09,📉 GIẢM,27.5%,HIGH,2026-06-10,📉 GIẢM,28.8%,HIGH,2026-06-11,📉 GIẢM,30.2%,HIGH,2026-06-12,📉 GIẢM,31.5%,HIGH,2026-06-15,📉 GIẢM,32.8%,HIGH,2026-06-16,📉 GIẢM,34.1%,HIGH,2026-06-17,📉 GIẢM,35.5%,HIGH,2026-06-18,📉 GIẢM,36.8%,HIGH,2026-06-19,📉 GIẢM,38.1%,HIGH,2026-06-22,📉 GIẢM,39.4%,HIGH,2026-06-23,📉 GIẢM,40.7%,HIGH,2026-06-24,📉 GIẢM,42.1%,HIGH
FID,2026-05-29,2026-06-04,📈 TĂNG,54.3%,LOW,2026-06-05,📈 TĂNG,54.6%,LOW,2026-06-08,📈 TĂNG,54.5%,LOW,2026-06-09,📈 TĂNG,54.3%,LOW,2026-06-10,📈 TĂNG,54.0%,LOW,2026-06-11,📈 TĂNG,54.0%,LOW,2026-06-12,📈 TĂNG,54.0%,LOW,2026-06-15,📈 TĂNG,53.7%,LOW,2026-06-16,📈 TĂNG,53.4%,LOW,2026-06-17,📈 TĂNG,53.1%,HIGH,2026-06-18,📈 TĂNG,52.8%,HIGH,2026-06-19,📈 TĂNG,52.5%,HIGH,2026-06-22,📈 TĂNG,52.2%,HIGH,2026-06-23,📈 TĂNG,52.0%,HIGH,2026-06-24,📈 TĂNG,51.5%,HIGH
HVA,2026-05-29,2026-06-04,📈 TĂNG,53.8%,LOW,2026-06-05,📈 TĂNG,54.4%,LOW,2026-06-08,📈 TĂNG,54.2%,LOW,2026-06-09,📈 TĂNG,54.0%,LOW,2026-06-10,📈 TĂNG,53.8%,LOW,2026-06-11,📈 TĂNG,53.6%,LOW,2026-06-12,📈 TĂNG,53.3%,LOW,2026-06-15,📈 TĂNG,53.1%,LOW,2026-06-16,📈 TĂNG,52.9%,LOW,2026-06-17,📈 TĂNG,52.6%,HIGH,2026-06-18,📈 TĂNG,52.4%,HIGH,2026-06-19,📈 TĂNG,52.1%,HIGH,2026-06-22,📈 TĂNG,51.9%,HIGH,2026-06-23,📈 TĂNG,51.7%,HIGH,2026-06-24,📈 TĂNG,51.4%,HIGH
TAR,2026-05-29,2026-06-04,📈 TĂNG,52.3%,LOW,2026-06-05,📈 TĂNG,52.9%,LOW,2026-06-08,📈 TĂNG,52.7%,LOW,2026-06-09,📈 TĂNG,52.6%,LOW,2026-06-10,📈 TĂNG,52.3%,LOW,2026-06-11,📈 TĂNG,52.1%,LOW,2026-06-12,📈 TĂNG,52.0%,LOW,2026-06-15,📈 TĂNG,51.9%,LOW,2026-06-16,📈 TĂNG,51.7%,LOW,2026-06-17,📈 TĂNG,51.6%,LOW,2026-06-18,📈 TĂNG,51.4%,HIGH,2026-06-19,📈 TĂNG,51.2%,HIGH,2026-06-22,📈 TĂNG,51.1%,HIGH,2026-06-23,📈 TĂNG,50.9%,HIGH,2026-06-24,📈 TĂNG,50.8%,HIGH
LCM,2026-05-29,2026-06-04,📈 TĂNG,72.3%,HIGH,2026-06-05,📈 TĂNG,71.1%,HIGH,2026-06-08,📈 TĂNG,70.0%,HIGH,2026-06-09,📈 TĂNG,68.9%,HIGH,2026-06-10,📈 TĂNG,67.7%,HIGH,2026-06-11,📈 TĂNG,66.6%,HIGH,2026-06-12,📈 TĂNG,65.5%,HIGH,2026-06-15,📈 TĂNG,64.4%,HIGH,2026-06-16,📈 TĂNG,63.3%,HIGH,2026-06-17,📈 TĂNG,62.2%,HIGH,2026-06-18,📈 TĂNG,61.1%,HIGH,2026-06-19,📈 TĂNG,60.0%,HIGH,2026-06-22,📈 TĂNG,58.9%,HIGH,2026-06-23,📈 TĂNG,57.8%,HIGH,2026-06-24,📈 TĂNG,56.7%,HIGH
PVY,2026-05-29,2026-06-04,📉 GIẢM,38.8%,MEDIUM,2026-06-05,📉 GIẢM,38.7%,MEDIUM,2026-06-08,📉 GIẢM,39.3%,MEDIUM,2026-06-09,📉 GIẢM,39.9%,MEDIUM,2026-06-10,📉 GIẢM,40.5%,LOW,2026-06-11,📉 GIẢM,41.1%,LOW,2026-06-12,📉 GIẢM,41.7%,HIGH,2026-06-15,📉 GIẢM,42.3%,HIGH,2026-06-16,📉 GIẢM,42.9%,HIGH,2026-06-17,📉 GIẢM,43.5%,HIGH,2026-06-18,📉 GIẢM,44.1%,HIGH,2026-06-19,📉 GIẢM,44.7%,HIGH,2026-06-22,📉 GIẢM,45.3%,HIGH,2026-06-23,📉 GIẢM,45.8%,HIGH,2026-06-24,📉 GIẢM,46.4%,HIGH
BVG,2026-05-29,2026-06-04,📉 GIẢM,36.0%,MEDIUM,2026-06-05,📉 GIẢM,36.7%,MEDIUM,2026-06-08,📉 GIẢM,37.4%,MEDIUM,2026-06-09,📉 GIẢM,38.1%,MEDIUM,2026-06-10,📉 GIẢM,38.8%,MEDIUM,2026-06-11,📉 GIẢM,39.5%,HIGH,2026-06-12,📉 GIẢM,40.2%,HIGH,2026-06-15,📉 GIẢM,40.9%,HIGH,2026-06-16,📉 GIẢM,41.6%,HIGH,2026-06-17,📉 GIẢM,42.3%,HIGH,2026-06-18,📉 GIẢM,43.0%,HIGH,2026-06-19,📉 GIẢM,43.7%,HIGH,2026-06-22,📉 GIẢM,44.4%,HIGH,2026-06-23,📉 GIẢM,45.1%,HIGH,2026-06-24,📉 GIẢM,45.8%,HIGH
LTC,2026-05-29,2026-06-04,📉 GIẢM,44.5%,LOW,2026-06-05,📉 GIẢM,44.8%,LOW,2026-06-08,📉 GIẢM,45.1%,LOW,2026-06-09,📉 GIẢM,45.3%,LOW,2026-06-10,📉 GIẢM,45.6%,LOW,2026-06-11,📉 GIẢM,45.9%,LOW,2026-06-12,📉 GIẢM,46.2%,LOW,2026-06-15,📉 GIẢM,46.4%,LOW,2026-06-16,📉 GIẢM,46.7%,LOW,2026-06-17,📉 GIẢM,47.0%,HIGH,2026-06-18,📉 GIẢM,47.3%,HIGH,2026-06-19,📉 GIẢM,47.5%,HIGH,2026-06-22,📉 GIẢM,47.8%,HIGH,2026-06-23,📉 GIẢM,48.1%,HIGH,2026-06-24,📉 GIẢM,48.4%,HIGH
SKH,2026-05-29,2026-06-04,📉 GIẢM,43.0%,LOW,2026-06-05,📉 GIẢM,43.3%,LOW,2026-06-08,📉 GIẢM,43.7%,LOW,2026-06-09,📉 GIẢM,44.0%,LOW,2026-06-10,📉 GIẢM,44.3%,LOW,2026-06-11,📉 GIẢM,44.7%,LOW,2026-06-12,📉 GIẢM,45.0%,LOW,2026-06-15,📉 GIẢM,45.4%,LOW,2026-06-16,📉 GIẢM,45.7%,HIGH,2026-06-17,📉 GIẢM,46.0%,HIGH,2026-06-18,📉 GIẢM,46.4%,HIGH,2026-06-19,📉 GIẢM,46.8%,HIGH,2026-06-22,📉 GIẢM,47.1%,HIGH,2026-06-23,📉 GIẢM,47.5%,HIGH,2026-06-24,📉 GIẢM,47.8%,HIGH
LM7,2026-05-29,2026-06-04,📉 GIẢM,29.5%,HIGH,2026-06-05,📉 GIẢM,29.7%,HIGH,2026-06-08,📉 GIẢM,30.7%,HIGH,2026-06-09,📉 GIẢM,31.8%,HIGH,2026-06-10,📉 GIẢM,32.9%,HIGH,2026-06-11,📉 GIẢM,33.9%,HIGH,2026-06-12,📉 GIẢM,35.0%,HIGH,2026-06-15,📉 GIẢM,36.1%,HIGH,2026-06-16,📉 GIẢM,37.2%,HIGH,2026-06-17,📉 GIẢM,38.2%,HIGH,2026-06-18,📉 GIẢM,39.3%,HIGH,2026-06-19,📉 GIẢM,40.4%,HIGH,2026-06-22,📉 GIẢM,41.4%,HIGH,2026-06-23,📉 GIẢM,42.5%,HIGH,2026-06-24,📉 GIẢM,43.6%,HIGH
LO5,2026-05-29,2026-06-04,📉 GIẢM,22.2%,HIGH,2026-06-05,📉 GIẢM,23.6%,HIGH,2026-06-08,📉 GIẢM,25.0%,HIGH,2026-06-09,📉 GIẢM,26.4%,HIGH,2026-06-10,📉 GIẢM,27.8%,HIGH,2026-06-11,📉 GIẢM,29.2%,HIGH,2026-06-12,📉 GIẢM,30.6%,HIGH,2026-06-15,📉 GIẢM,32.0%,HIGH,2026-06-16,📉 GIẢM,33.3%,HIGH,2026-06-17,📉 GIẢM,34.7%,HIGH,2026-06-18,📉 GIẢM,36.1%,HIGH,2026-06-19,📉 GIẢM,37.5%,HIGH,2026-06-22,📉 GIẢM,38.9%,HIGH,2026-06-23,📉 GIẢM,40.3%,HIGH,2026-06-24,📉 GIẢM,41.7%,HIGH
DCS,2026-05-29,2026-06-04,📉 GIẢM,42.1%,LOW,2026-06-05,📉 GIẢM,42.4%,LOW,2026-06-08,📉 GIẢM,42.8%,LOW,2026-06-09,📉 GIẢM,43.2%,LOW,2026-06-10,📉 GIẢM,43.6%,LOW,2026-06-11,📉 GIẢM,44.0%,LOW,2026-06-12,📉 GIẢM,44.4%,LOW,2026-06-15,📉 GIẢM,44.8%,LOW,2026-06-16,📉 GIẢM,45.2%,HIGH,2026-06-17,📉 GIẢM,45.6%,HIGH,2026-06-18,📉 GIẢM,46.0%,HIGH,2026-06-19,📉 GIẢM,46.4%,HIGH,2026-06-22,📉 GIẢM,46.8%,HIGH,2026-06-23,📉 GIẢM,47.2%,HIGH,2026-06-24,📉 GIẢM,47.6%,HIGH
USD,2026-05-29,2026-06-04,📉 GIẢM,37.6%,MEDIUM,2026-06-05,📉 GIẢM,38.2%,MEDIUM,2026-06-08,📉 GIẢM,38.8%,MEDIUM,2026-06-09,📉 GIẢM,39.4%,MEDIUM,2026-06-10,📉 GIẢM,40.3%,LOW,2026-06-11,📉 GIẢM,40.9%,LOW,2026-06-12,📉 GIẢM,41.5%,HIGH,2026-06-15,📉 GIẢM,42.1%,HIGH,2026-06-16,📉 GIẢM,42.8%,HIGH,2026-06-17,📉 GIẢM,43.4%,HIGH,2026-06-18,📉 GIẢM,44.0%,HIGH,2026-06-19,📉 GIẢM,44.6%,HIGH,2026-06-22,📉 GIẢM,45.2%,HIGH,2026-06-23,📉 GIẢM,45.8%,HIGH,2026-06-24,📉 GIẢM,46.4%,HIGH
CMI,2026-05-29,2026-06-04,📉 GIẢM,42.3%,LOW,2026-06-05,📉 GIẢM,42.3%,LOW,2026-06-08,📉 GIẢM,42.7%,LOW,2026-06-09,📉 GIẢM,43.1%,LOW,2026-06-10,📉 GIẢM,43.5%,LOW,2026-06-11,📉 GIẢM,43.9%,LOW,2026-06-12,📉 GIẢM,44.3%,LOW,2026-06-15,📉 GIẢM,44.7%,LOW,2026-06-16,📉 GIẢM,45.2%,HIGH,2026-06-17,📉 GIẢM,45.6%,HIGH,2026-06-18,📉 GIẢM,46.0%,HIGH,2026-06-19,📉 GIẢM,46.4%,HIGH,2026-06-22,📉 GIẢM,46.8%,HIGH,2026-06-23,📉 GIẢM,47.2%,HIGH,2026-06-24,📉 GIẢM,47.6%,HIGH
LEC,2026-05-29,2026-06-04,📉 GIẢM,43.5%,LOW,2026-06-05,📉 GIẢM,43.8%,LOW,2026-06-08,📉 GIẢM,44.6%,LOW,2026-06-09,📉 GIẢM,44.9%,LOW,2026-06-10,📉 GIẢM,45.2%,LOW,2026-06-11,📉 GIẢM,45.5%,LOW,2026-06-12,📉 GIẢM,45.8%,LOW,2026-06-15,📉 GIẢM,46.1%,LOW,2026-06-16,📉 GIẢM,46.1%,LOW,2026-06-17,📉 GIẢM,46.4%,HIGH,2026-06-18,📉 GIẢM,46.8%,HIGH,2026-06-19,📉 GIẢM,47.4%,HIGH,2026-06-22,📉 GIẢM,47.7%,HIGH,2026-06-23,📉 GIẢM,48.0%,HIGH,2026-06-24,📉 GIẢM,48.7%,HIGH
CVN,2026-05-29,2026-06-04,📉 GIẢM,14.5%,HIGH,2026-06-05,📉 GIẢM,16.9%,HIGH,2026-06-08,📉 GIẢM,18.6%,HIGH,2026-06-09,📉 GIẢM,20.4%,HIGH,2026-06-10,📉 GIẢM,22.2%,HIGH,2026-06-11,📉 GIẢM,24.1%,HIGH,2026-06-12,📉 GIẢM,25.9%,HIGH,2026-06-15,📉 GIẢM,27.6%,HIGH,2026-06-16,📉 GIẢM,29.4%,HIGH,2026-06-17,📉 GIẢM,31.1%,HIGH,2026-06-18,📉 GIẢM,32.8%,HIGH,2026-06-19,📉 GIẢM,34.5%,HIGH,2026-06-22,📉 GIẢM,36.4%,HIGH,2026-06-23,📉 GIẢM,38.1%,HIGH,2026-06-24,📉 GIẢM,39.8%,HIGH
DXL,2026-05-29,2026-06-04,📉 GIẢM,48.2%,LOW,2026-06-05,📉 GIẢM,48.3%,LOW,2026-06-08,📉 GIẢM,48.4%,LOW,2026-06-09,📉 GIẢM,48.5%,LOW,2026-06-10,📉 GIẢM,48.6%,LOW,2026-06-11,📉 GIẢM,48.7%,LOW,2026-06-12,📉 GIẢM,48.9%,LOW,2026-06-15,📉 GIẢM,49.0%,LOW,2026-06-16,📉 GIẢM,49.1%,LOW,2026-06-17,📉 GIẢM,49.1%,LOW,2026-06-18,📉 GIẢM,49.2%,HIGH,2026-06-19,📉 GIẢM,49.3%,HIGH,2026-06-22,📉 GIẢM,49.4%,HIGH,2026-06-23,📉 GIẢM,49.5%,HIGH,2026-06-24,📉 GIẢM,49.5%,HIGH
HKB,2026-05-29,2026-06-04,📉 GIẢM,11.6%,HIGH,2026-06-05,📉 GIẢM,13.6%,HIGH,2026-06-08,📉 GIẢM,15.6%,HIGH,2026-06-09,📉 GIẢM,17.5%,HIGH,2026-06-10,📉 GIẢM,19.4%,HIGH,2026-06-11,📉 GIẢM,21.4%,HIGH,2026-06-12,📉 GIẢM,23.3%,HIGH,2026-06-15,📉 GIẢM,25.2%,HIGH,2026-06-16,📉 GIẢM,27.1%,HIGH,2026-06-17,📉 GIẢM,29.0%,HIGH,2026-06-18,📉 GIẢM,30.9%,HIGH,2026-06-19,📉 GIẢM,32.8%,HIGH,2026-06-22,📉 GIẢM,34.8%,HIGH,2026-06-23,📉 GIẢM,36.7%,HIGH,2026-06-24,📉 GIẢM,38.6%,HIGH
PAT,2026-05-29,2026-06-04,📉 GIẢM,40.1%,LOW,2026-06-05,📉 GIẢM,40.6%,LOW,2026-06-08,📉 GIẢM,41.1%,LOW,2026-06-09,📉 GIẢM,41.6%,LOW,2026-06-10,📉 GIẢM,42.1%,LOW,2026-06-11,📉 GIẢM,42.6%,LOW,2026-06-12,📉 GIẢM,43.1%,LOW,2026-06-15,📉 GIẢM,43.6%,HIGH,2026-06-16,📉 GIẢM,44.1%,HIGH,2026-06-17,📉 GIẢM,44.6%,HIGH,2026-06-18,📉 GIẢM,45.2%,HIGH,2026-06-19,📉 GIẢM,45.6%,HIGH,2026-06-22,📉 GIẢM,46.2%,HIGH,2026-06-23,📉 GIẢM,46.7%,HIGH,2026-06-24,📉 GIẢM,47.2%,HIGH
FCS,2026-05-29,2026-06-04,📈 TĂNG,65.5%,MEDIUM,2026-06-05,📈 TĂNG,56.2%,LOW,2026-06-08,📈 TĂNG,55.9%,LOW,2026-06-09,📈 TĂNG,55.5%,LOW,2026-06-10,📈 TĂNG,55.2%,LOW,2026-06-11,📈 TĂNG,54.9%,LOW,2026-06-12,📈 TĂNG,54.5%,LOW,2026-06-15,📈 TĂNG,54.1%,LOW,2026-06-16,📈 TĂNG,53.4%,LOW,2026-06-17,📈 TĂNG,53.2%,HIGH,2026-06-18,📈 TĂNG,52.9%,HIGH,2026-06-19,📈 TĂNG,52.6%,HIGH,2026-06-22,📈 TĂNG,52.3%,HIGH,2026-06-23,📈 TĂNG,52.0%,HIGH,2026-06-24,📈 TĂNG,51.7%,HIGH
DWS,2026-05-29,2026-06-04,📈 TĂNG,56.1%,LOW,2026-06-05,📈 TĂNG,55.8%,LOW,2026-06-08,📈 TĂNG,55.8%,LOW,2026-06-09,📈 TĂNG,55.5%,LOW,2026-06-10,📈 TĂNG,55.1%,LOW,2026-06-11,📈 TĂNG,54.8%,LOW,2026-06-12,📈 TĂNG,54.5%,LOW,2026-06-15,📈 TĂNG,54.2%,LOW,2026-06-16,📈 TĂNG,53.9%,LOW,2026-06-17,📈 TĂNG,53.5%,HIGH,2026-06-18,📈 TĂNG,53.2%,HIGH,2026-06-19,📈 TĂNG,52.9%,HIGH,2026-06-22,📈 TĂNG,52.6%,HIGH,2026-06-23,📈 TĂNG,52.3%,HIGH,2026-06-24,📈 TĂNG,51.9%,HIGH
HPP,2026-05-29,2026-06-04,📉 GIẢM,23.7%,HIGH,2026-06-05,📉 GIẢM,25.6%,HIGH,2026-06-08,📉 GIẢM,27.4%,HIGH,2026-06-09,📉 GIẢM,28.6%,HIGH,2026-06-10,📉 GIẢM,29.9%,HIGH,2026-06-11,📉 GIẢM,31.1%,HIGH,2026-06-12,📉 GIẢM,32.4%,HIGH,2026-06-15,📉 GIẢM,33.6%,HIGH,2026-06-16,📉 GIẢM,34.9%,HIGH,2026-06-17,📉 GIẢM,36.2%,HIGH,2026-06-18,📉 GIẢM,37.4%,HIGH,2026-06-19,📉 GIẢM,38.7%,HIGH,2026-06-22,📉 GIẢM,40.2%,HIGH,2026-06-23,📉 GIẢM,41.4%,HIGH,2026-06-24,📉 GIẢM,42.6%,HIGH
SPM,2026-05-29,2026-06-04,📉 GIẢM,31.9%,MEDIUM,2026-06-05,📉 GIẢM,33.0%,MEDIUM,2026-06-08,📉 GIẢM,33.9%,HIGH,2026-06-09,📉 GIẢM,34.8%,HIGH,2026-06-10,📉 GIẢM,35.7%,HIGH,2026-06-11,📉 GIẢM,36.6%,HIGH,2026-06-12,📉 GIẢM,37.5%,HIGH,2026-06-15,📉 GIẢM,38.4%,HIGH,2026-06-16,📉 GIẢM,39.3%,HIGH,2026-06-17,📉 GIẢM,40.2%,HIGH,2026-06-18,📉 GIẢM,41.1%,HIGH,2026-06-19,📉 GIẢM,42.0%,HIGH,2026-06-22,📉 GIẢM,42.9%,HIGH,2026-06-23,📉 GIẢM,43.8%,HIGH,2026-06-24,📉 GIẢM,44.6%,HIGH
PDC,2026-05-29,2026-06-04,📉 GIẢM,30.0%,HIGH,2026-06-05,📉 GIẢM,31.0%,HIGH,2026-06-08,📉 GIẢM,32.0%,HIGH,2026-06-09,📉 GIẢM,33.0%,HIGH,2026-06-10,📉 GIẢM,34.0%,HIGH,2026-06-11,📉 GIẢM,35.0%,HIGH,2026-06-12,📉 GIẢM,36.0%,HIGH,2026-06-15,📉 GIẢM,37.0%,HIGH,2026-06-16,📉 GIẢM,38.0%,HIGH,2026-06-17,📉 GIẢM,39.0%,HIGH,2026-06-18,📉 GIẢM,40.0%,HIGH,2026-06-19,📉 GIẢM,41.0%,HIGH,2026-06-22,📉 GIẢM,42.0%,HIGH,2026-06-23,📉 GIẢM,43.0%,HIGH,2026-06-24,📉 GIẢM,44.0%,HIGH
JOS,2026-05-29,2026-06-04,📉 GIẢM,31.0%,MEDIUM,2026-06-05,📉 GIẢM,32.0%,HIGH,2026-06-08,📉 GIẢM,32.9%,HIGH,2026-06-09,📉 GIẢM,33.9%,HIGH,2026-06-10,📉 GIẢM,34.8%,HIGH,2026-06-11,📉 GIẢM,35.8%,HIGH,2026-06-12,📉 GIẢM,36.7%,HIGH,2026-06-15,📉 GIẢM,37.7%,HIGH,2026-06-16,📉 GIẢM,38.6%,HIGH,2026-06-17,📉 GIẢM,39.6%,HIGH,2026-06-18,📉 GIẢM,40.5%,HIGH,2026-06-19,📉 GIẢM,41.5%,HIGH,2026-06-22,📉 GIẢM,42.4%,HIGH,2026-06-23,📉 GIẢM,43.4%,HIGH,2026-06-24,📉 GIẢM,44.3%,HIGH
ACM,2026-05-29,2026-06-04,📈 TĂNG,54.4%,LOW,2026-06-05,📈 TĂNG,55.2%,LOW,2026-06-08,📈 TĂNG,55.7%,LOW,2026-06-09,📈 TĂNG,55.3%,LOW,2026-06-10,📈 TĂNG,55.3%,LOW,2026-06-11,📈 TĂNG,55.0%,LOW,2026-06-12,📈 TĂNG,54.7%,LOW,2026-06-15,📈 TĂNG,54.3%,LOW,2026-06-16,📈 TĂNG,54.0%,LOW,2026-06-17,📈 TĂNG,53.7%,HIGH,2026-06-18,📈 TĂNG,53.3%,HIGH,2026-06-19,📈 TĂNG,53.0%,HIGH,2026-06-22,📈 TĂNG,52.7%,HIGH,2026-06-23,📈 TĂNG,52.3%,HIGH,2026-06-24,📈 TĂNG,52.0%,HIGH
VST,2026-05-29,2026-06-04,📉 GIẢM,36.4%,MEDIUM,2026-06-05,📉 GIẢM,37.1%,MEDIUM,2026-06-08,📉 GIẢM,37.8%,MEDIUM,2026-06-09,📉 GIẢM,38.4%,MEDIUM,2026-06-10,📉 GIẢM,39.1%,MEDIUM,2026-06-11,📉 GIẢM,39.8%,HIGH,2026-06-12,📉 GIẢM,40.5%,HIGH,2026-06-15,📉 GIẢM,41.2%,HIGH,2026-06-16,📉 GIẢM,41.9%,HIGH,2026-06-17,📉 GIẢM,42.5%,HIGH,2026-06-18,📉 GIẢM,43.2%,HIGH,2026-06-19,📉 GIẢM,43.9%,HIGH,2026-06-22,📉 GIẢM,44.6%,HIGH,2026-06-23,📉 GIẢM,45.2%,HIGH,2026-06-24,📉 GIẢM,45.9%,HIGH
NAW,2026-05-29,2026-06-04,📉 GIẢM,37.0%,MEDIUM,2026-06-05,📉 GIẢM,37.7%,MEDIUM,2026-06-08,📉 GIẢM,38.3%,MEDIUM,2026-06-09,📉 GIẢM,39.0%,MEDIUM,2026-06-10,📉 GIẢM,39.6%,MEDIUM,2026-06-11,📉 GIẢM,40.3%,LOW,2026-06-12,📉 GIẢM,40.9%,HIGH,2026-06-15,📉 GIẢM,41.6%,HIGH,2026-06-16,📉 GIẢM,42.2%,HIGH,2026-06-17,📉 GIẢM,42.9%,HIGH,2026-06-18,📉 GIẢM,43.5%,HIGH,2026-06-19,📉 GIẢM,44.2%,HIGH,2026-06-22,📉 GIẢM,44.8%,HIGH,2026-06-23,📉 GIẢM,45.5%,HIGH,2026-06-24,📉 GIẢM,46.1%,HIGH
BOT,2026-05-29,2026-06-04,📉 GIẢM,33.7%,MEDIUM,2026-06-05,📉 GIẢM,35.8%,MEDIUM,2026-06-08,📉 GIẢM,36.6%,MEDIUM,2026-06-09,📉 GIẢM,37.3%,MEDIUM,2026-06-10,📉 GIẢM,38.1%,MEDIUM,2026-06-11,📉 GIẢM,38.8%,HIGH,2026-06-12,📉 GIẢM,39.6%,HIGH,2026-06-15,📉 GIẢM,40.3%,HIGH,2026-06-16,📉 GIẢM,41.0%,HIGH,2026-06-17,📉 GIẢM,41.8%,HIGH,2026-06-18,📉 GIẢM,42.5%,HIGH,2026-06-19,📉 GIẢM,43.3%,HIGH,2026-06-22,📉 GIẢM,44.0%,HIGH,2026-06-23,📉 GIẢM,44.8%,HIGH,2026-06-24,📉 GIẢM,45.5%,HIGH
TNS,2026-05-29,2026-06-04,📉 GIẢM,40.6%,LOW,2026-06-05,📉 GIẢM,41.1%,LOW,2026-06-08,📉 GIẢM,41.6%,LOW,2026-06-09,📉 GIẢM,42.0%,LOW,2026-06-10,📉 GIẢM,42.5%,LOW,2026-06-11,📉 GIẢM,43.0%,LOW,2026-06-12,📉 GIẢM,43.5%,LOW,2026-06-15,📉 GIẢM,43.9%,HIGH,2026-06-16,📉 GIẢM,44.4%,HIGH,2026-06-17,📉 GIẢM,44.9%,HIGH,2026-06-18,📉 GIẢM,45.3%,HIGH,2026-06-19,📉 GIẢM,45.8%,HIGH,2026-06-22,📉 GIẢM,46.3%,HIGH,2026-06-23,📉 GIẢM,46.8%,HIGH,2026-06-24,📉 GIẢM,47.2%,HIGH
SDD,2026-05-29,2026-06-04,📉 GIẢM,26.3%,HIGH,2026-06-05,📉 GIẢM,26.7%,HIGH,2026-06-08,📉 GIẢM,27.9%,HIGH,2026-06-09,📉 GIẢM,29.2%,HIGH,2026-06-10,📉 GIẢM,30.4%,HIGH,2026-06-11,📉 GIẢM,31.6%,HIGH,2026-06-12,📉 GIẢM,32.8%,HIGH,2026-06-15,📉 GIẢM,34.1%,HIGH,2026-06-16,📉 GIẢM,35.3%,HIGH,2026-06-17,📉 GIẢM,36.5%,HIGH,2026-06-18,📉 GIẢM,37.7%,HIGH,2026-06-19,📉 GIẢM,39.0%,HIGH,2026-06-22,📉 GIẢM,40.2%,HIGH,2026-06-23,📉 GIẢM,41.4%,HIGH,2026-06-24,📉 GIẢM,42.6%,HIGH
VE8,2026-05-29,2026-06-04,📉 GIẢM,29.0%,HIGH,2026-06-05,📉 GIẢM,29.0%,HIGH,2026-06-08,📉 GIẢM,30.1%,HIGH,2026-06-09,📉 GIẢM,27.4%,HIGH,2026-06-10,📉 GIẢM,28.7%,HIGH,2026-06-11,📉 GIẢM,30.0%,HIGH,2026-06-12,📉 GIẢM,31.3%,HIGH,2026-06-15,📉 GIẢM,32.7%,HIGH,2026-06-16,📉 GIẢM,34.0%,HIGH,2026-06-17,📉 GIẢM,35.3%,HIGH,2026-06-18,📉 GIẢM,36.7%,HIGH,2026-06-19,📉 GIẢM,38.0%,HIGH,2026-06-22,📉 GIẢM,39.3%,HIGH,2026-06-23,📉 GIẢM,40.7%,HIGH,2026-06-24,📉 GIẢM,42.0%,HIGH
ATG,2026-05-29,2026-06-04,📈 TĂNG,53.0%,LOW,2026-06-05,📉 GIẢM,46.3%,LOW,2026-06-08,📈 TĂNG,52.7%,LOW,2026-06-09,📉 GIẢM,46.7%,LOW,2026-06-10,📈 TĂNG,52.4%,LOW,2026-06-11,📉 GIẢM,47.1%,LOW,2026-06-12,📈 TĂNG,52.1%,LOW,2026-06-15,📉 GIẢM,47.5%,LOW,2026-06-16,📈 TĂNG,51.8%,LOW,2026-06-17,📉 GIẢM,47.9%,HIGH,2026-06-18,📈 TĂNG,51.5%,HIGH,2026-06-19,📉 GIẢM,48.3%,HIGH,2026-06-22,📈 TĂNG,51.2%,HIGH,2026-06-23,📉 GIẢM,48.6%,HIGH,2026-06-24,📈 TĂNG,50.9%,HIGH
PMW,2026-05-29,2026-06-04,📉 GIẢM,27.9%,HIGH,2026-06-05,📉 GIẢM,29.0%,HIGH,2026-06-08,📉 GIẢM,30.1%,HIGH,2026-06-09,📉 GIẢM,31.2%,HIGH,2026-06-10,📉 GIẢM,32.3%,HIGH,2026-06-11,📉 GIẢM,33.4%,HIGH,2026-06-12,📉 GIẢM,34.5%,HIGH,2026-06-15,📉 GIẢM,35.6%,HIGH,2026-06-16,📉 GIẢM,36.7%,HIGH,2026-06-17,📉 GIẢM,37.8%,HIGH,2026-06-18,📉 GIẢM,38.9%,HIGH,2026-06-19,📉 GIẢM,40.0%,HIGH,2026-06-22,📉 GIẢM,41.1%,HIGH,2026-06-23,📉 GIẢM,42.2%,HIGH,2026-06-24,📉 GIẢM,43.4%,HIGH
QBS,2026-05-29,2026-06-04,📉 GIẢM,12.0%,HIGH,2026-06-05,📉 GIẢM,13.7%,HIGH,2026-06-08,📉 GIẢM,15.6%,HIGH,2026-06-09,📉 GIẢM,17.7%,HIGH,2026-06-10,📉 GIẢM,19.6%,HIGH,2026-06-11,📉 GIẢM,21.5%,HIGH,2026-06-12,📉 GIẢM,23.4%,HIGH,2026-06-15,📉 GIẢM,25.3%,HIGH,2026-06-16,📉 GIẢM,27.2%,HIGH,2026-06-17,📉 GIẢM,29.1%,HIGH,2026-06-18,📉 GIẢM,31.0%,HIGH,2026-06-19,📉 GIẢM,32.9%,HIGH,2026-06-22,📉 GIẢM,34.8%,HIGH,2026-06-23,📉 GIẢM,36.7%,HIGH,2026-06-24,📉 GIẢM,38.6%,HIGH
RCL,2026-05-29,2026-06-04,📉 GIẢM,22.2%,HIGH,2026-06-05,📉 GIẢM,24.2%,HIGH,2026-06-08,📉 GIẢM,25.5%,HIGH,2026-06-09,📉 GIẢM,26.9%,HIGH,2026-06-10,📉 GIẢM,28.3%,HIGH,2026-06-11,📉 GIẢM,29.6%,HIGH,2026-06-12,📉 GIẢM,31.0%,HIGH,2026-06-15,📉 GIẢM,32.3%,HIGH,2026-06-16,📉 GIẢM,33.7%,HIGH,2026-06-17,📉 GIẢM,35.0%,HIGH,2026-06-18,📉 GIẢM,36.4%,HIGH,2026-06-19,📉 GIẢM,38.0%,HIGH,2026-06-22,📉 GIẢM,39.3%,HIGH,2026-06-23,📉 GIẢM,40.7%,HIGH,2026-06-24,📉 GIẢM,42.0%,HIGH
VNY,2026-05-29,2026-06-04,📉 GIẢM,44.8%,LOW,2026-06-05,📉 GIẢM,45.1%,LOW,2026-06-08,📉 GIẢM,45.2%,LOW,2026-06-09,📉 GIẢM,45.8%,LOW,2026-06-10,📉 GIẢM,46.1%,LOW,2026-06-11,📉 GIẢM,46.3%,LOW,2026-06-12,📉 GIẢM,46.6%,LOW,2026-06-15,📉 GIẢM,46.8%,LOW,2026-06-16,📉 GIẢM,47.0%,LOW,2026-06-17,📉 GIẢM,47.3%,HIGH,2026-06-18,📉 GIẢM,47.5%,HIGH,2026-06-19,📉 GIẢM,47.8%,HIGH,2026-06-22,📉 GIẢM,48.0%,HIGH,2026-06-23,📉 GIẢM,48.2%,HIGH,2026-06-24,📉 GIẢM,48.4%,HIGH
MPT,2026-05-29,2026-06-04,📉 GIẢM,37.4%,MEDIUM,2026-06-05,📉 GIẢM,34.1%,MEDIUM,2026-06-08,📉 GIẢM,35.0%,MEDIUM,2026-06-09,📉 GIẢM,35.8%,HIGH,2026-06-10,📉 GIẢM,36.6%,HIGH,2026-06-11,📉 GIẢM,37.5%,HIGH,2026-06-12,📉 GIẢM,38.3%,HIGH,2026-06-15,📉 GIẢM,39.2%,HIGH,2026-06-16,📉 GIẢM,40.0%,HIGH,2026-06-17,📉 GIẢM,40.8%,HIGH,2026-06-18,📉 GIẢM,41.7%,HIGH,2026-06-19,📉 GIẢM,42.5%,HIGH,2026-06-22,📉 GIẢM,43.2%,HIGH,2026-06-23,📉 GIẢM,44.0%,HIGH,2026-06-24,📉 GIẢM,44.9%,HIGH
PXA,2026-05-29,2026-06-04,📉 GIẢM,34.0%,MEDIUM,2026-06-05,📉 GIẢM,34.7%,MEDIUM,2026-06-08,📉 GIẢM,35.5%,MEDIUM,2026-06-09,📉 GIẢM,36.3%,MEDIUM,2026-06-10,📉 GIẢM,37.2%,HIGH,2026-06-11,📉 GIẢM,38.0%,HIGH,2026-06-12,📉 GIẢM,38.8%,HIGH,2026-06-15,📉 GIẢM,39.6%,HIGH,2026-06-16,📉 GIẢM,40.4%,HIGH,2026-06-17,📉 GIẢM,41.2%,HIGH,2026-06-18,📉 GIẢM,42.0%,HIGH,2026-06-19,📉 GIẢM,42.8%,HIGH,2026-06-22,📉 GIẢM,43.6%,HIGH,2026-06-23,📉 GIẢM,44.4%,HIGH,2026-06-24,📉 GIẢM,45.2%,HIGH
SBM,2026-05-29,2026-06-04,📉 GIẢM,38.4%,MEDIUM,2026-06-05,📉 GIẢM,39.0%,MEDIUM,2026-06-08,📉 GIẢM,39.5%,MEDIUM,2026-06-09,📉 GIẢM,40.1%,LOW,2026-06-10,📉 GIẢM,40.7%,LOW,2026-06-11,📉 GIẢM,41.3%,LOW,2026-06-12,📉 GIẢM,41.9%,HIGH,2026-06-15,📉 GIẢM,42.4%,HIGH,2026-06-16,📉 GIẢM,43.0%,HIGH,2026-06-17,📉 GIẢM,43.7%,HIGH,2026-06-18,📉 GIẢM,44.3%,HIGH,2026-06-19,📉 GIẢM,44.9%,HIGH,2026-06-22,📉 GIẢM,45.4%,HIGH,2026-06-23,📉 GIẢM,46.0%,HIGH,2026-06-24,📉 GIẢM,46.6%,HIGH
GGG,2026-05-29,2026-06-04,📉 GIẢM,36.7%,MEDIUM,2026-06-05,📉 GIẢM,37.3%,MEDIUM,2026-06-08,📉 GIẢM,38.0%,MEDIUM,2026-06-09,📉 GIẢM,38.7%,MEDIUM,2026-06-10,📉 GIẢM,39.3%,MEDIUM,2026-06-11,📉 GIẢM,40.0%,LOW,2026-06-12,📉 GIẢM,40.7%,HIGH,2026-06-15,📉 GIẢM,41.3%,HIGH,2026-06-16,📉 GIẢM,42.0%,HIGH,2026-06-17,📉 GIẢM,42.7%,HIGH,2026-06-18,📉 GIẢM,43.3%,HIGH,2026-06-19,📉 GIẢM,44.0%,HIGH,2026-06-22,📉 GIẢM,44.7%,HIGH,2026-06-23,📉 GIẢM,45.3%,HIGH,2026-06-24,📉 GIẢM,46.0%,HIGH
LTG,2026-05-29,2026-06-04,📈 TĂNG,52.9%,LOW,2026-06-05,📈 TĂNG,53.4%,LOW,2026-06-08,📈 TĂNG,53.1%,LOW,2026-06-09,📈 TĂNG,52.9%,LOW,2026-06-10,📈 TĂNG,52.8%,LOW,2026-06-11,📈 TĂNG,52.6%,LOW,2026-06-12,📈 TĂNG,52.4%,LOW,2026-06-15,📈 TĂNG,52.3%,LOW,2026-06-16,📈 TĂNG,52.1%,LOW,2026-06-17,📈 TĂNG,51.9%,LOW,2026-06-18,📈 TĂNG,51.7%,HIGH,2026-06-19,📈 TĂNG,51.6%,HIGH,2026-06-22,📈 TĂNG,51.4%,HIGH,2026-06-23,📈 TĂNG,51.2%,HIGH,2026-06-24,📈 TĂNG,51.1%,HIGH
VTE,2026-05-29,2026-06-04,📉 GIẢM,32.0%,MEDIUM,2026-06-05,📉 GIẢM,32.9%,MEDIUM,2026-06-08,📉 GIẢM,33.8%,HIGH,2026-06-09,📉 GIẢM,34.7%,HIGH,2026-06-10,📉 GIẢM,35.6%,HIGH,2026-06-11,📉 GIẢM,36.5%,HIGH,2026-06-12,📉 GIẢM,37.4%,HIGH,2026-06-15,📉 GIẢM,38.3%,HIGH,2026-06-16,📉 GIẢM,39.2%,HIGH,2026-06-17,📉 GIẢM,40.1%,HIGH,2026-06-18,📉 GIẢM,41.0%,HIGH,2026-06-19,📉 GIẢM,41.9%,HIGH,2026-06-22,📉 GIẢM,42.8%,HIGH,2026-06-23,📉 GIẢM,43.7%,HIGH,2026-06-24,📉 GIẢM,44.6%,HIGH
VKC,2026-05-29,2026-06-04,📉 GIẢM,39.1%,MEDIUM,2026-06-05,📉 GIẢM,39.6%,MEDIUM,2026-06-08,📉 GIẢM,40.1%,LOW,2026-06-09,📉 GIẢM,40.7%,LOW,2026-06-10,📉 GIẢM,41.2%,LOW,2026-06-11,📉 GIẢM,41.8%,LOW,2026-06-12,📉 GIẢM,42.3%,LOW,2026-06-15,📉 GIẢM,42.9%,HIGH,2026-06-16,📉 GIẢM,43.4%,HIGH,2026-06-17,📉 GIẢM,44.0%,HIGH,2026-06-18,📉 GIẢM,44.5%,HIGH,2026-06-19,📉 GIẢM,45.1%,HIGH,2026-06-22,📉 GIẢM,45.6%,HIGH,2026-06-23,📉 GIẢM,46.2%,HIGH,2026-06-24,📉 GIẢM,46.7%,HIGH
SDP,2026-05-29,2026-06-04,📉 GIẢM,26.7%,HIGH,2026-06-05,📉 GIẢM,27.3%,HIGH,2026-06-08,📉 GIẢM,28.5%,HIGH,2026-06-09,📉 GIẢM,29.7%,HIGH,2026-06-10,📉 GIẢM,30.9%,HIGH,2026-06-11,📉 GIẢM,32.1%,HIGH,2026-06-12,📉 GIẢM,33.3%,HIGH,2026-06-15,📉 GIẢM,34.5%,HIGH,2026-06-16,📉 GIẢM,35.7%,HIGH,2026-06-17,📉 GIẢM,36.9%,HIGH,2026-06-18,📉 GIẢM,38.1%,HIGH,2026-06-19,📉 GIẢM,39.3%,HIGH,2026-06-22,📉 GIẢM,40.5%,HIGH,2026-06-23,📉 GIẢM,41.7%,HIGH,2026-06-24,📉 GIẢM,42.8%,HIGH
SJM,2026-05-29,2026-06-04,📉 GIẢM,30.1%,MEDIUM,2026-06-05,📉 GIẢM,30.7%,HIGH,2026-06-08,📉 GIẢM,31.7%,HIGH,2026-06-09,📉 GIẢM,32.7%,HIGH,2026-06-10,📉 GIẢM,33.7%,HIGH,2026-06-11,📉 GIẢM,34.8%,HIGH,2026-06-12,📉 GIẢM,35.8%,HIGH,2026-06-15,📉 GIẢM,36.8%,HIGH,2026-06-16,📉 GIẢM,37.8%,HIGH,2026-06-17,📉 GIẢM,38.3%,HIGH,2026-06-18,📉 GIẢM,39.3%,HIGH,2026-06-19,📉 GIẢM,40.4%,HIGH,2026-06-22,📉 GIẢM,41.4%,HIGH,2026-06-23,📉 GIẢM,42.5%,HIGH,2026-06-24,📉 GIẢM,43.6%,HIGH
LUT,2026-05-29,2026-06-04,📉 GIẢM,36.0%,MEDIUM,2026-06-05,📉 GIẢM,36.7%,MEDIUM,2026-06-08,📉 GIẢM,37.4%,MEDIUM,2026-06-09,📉 GIẢM,38.1%,MEDIUM,2026-06-10,📉 GIẢM,38.8%,MEDIUM,2026-06-11,📉 GIẢM,39.5%,HIGH,2026-06-12,📉 GIẢM,40.2%,HIGH,2026-06-15,📉 GIẢM,40.9%,HIGH,2026-06-16,📉 GIẢM,41.6%,HIGH,2026-06-17,📉 GIẢM,42.3%,HIGH,2026-06-18,📉 GIẢM,43.0%,HIGH,2026-06-19,📉 GIẢM,43.7%,HIGH,2026-06-22,📉 GIẢM,44.4%,HIGH,2026-06-23,📉 GIẢM,45.1%,HIGH,2026-06-24,📉 GIẢM,45.8%,HIGH
BLN,2026-05-29,2026-06-04,📉 GIẢM,43.5%,LOW,2026-06-05,📉 GIẢM,43.8%,LOW,2026-06-08,📉 GIẢM,44.1%,LOW,2026-06-09,📉 GIẢM,44.5%,LOW,2026-06-10,📉 GIẢM,44.8%,LOW,2026-06-11,📉 GIẢM,45.1%,LOW,2026-06-12,📉 GIẢM,45.4%,LOW,2026-06-15,📉 GIẢM,45.8%,LOW,2026-06-16,📉 GIẢM,46.1%,LOW,2026-06-17,📉 GIẢM,46.4%,HIGH,2026-06-18,📉 GIẢM,46.7%,HIGH,2026-06-19,📉 GIẢM,47.1%,HIGH,2026-06-22,📉 GIẢM,47.4%,HIGH,2026-06-23,📉 GIẢM,47.7%,HIGH,2026-06-24,📉 GIẢM,48.0%,HIGH
BCR,2026-05-29,2026-06-04,📉 GIẢM,32.7%,MEDIUM,2026-06-05,📉 GIẢM,33.0%,MEDIUM,2026-06-08,📉 GIẢM,33.9%,HIGH,2026-06-09,📉 GIẢM,34.8%,HIGH,2026-06-10,📉 GIẢM,35.7%,HIGH,2026-06-11,📉 GIẢM,36.6%,HIGH,2026-06-12,📉 GIẢM,37.5%,HIGH,2026-06-15,📉 GIẢM,38.4%,HIGH,2026-06-16,📉 GIẢM,39.3%,HIGH,2026-06-17,📉 GIẢM,40.2%,HIGH,2026-06-18,📉 GIẢM,41.1%,HIGH,2026-06-19,📉 GIẢM,41.9%,HIGH,2026-06-22,📉 GIẢM,42.8%,HIGH,2026-06-23,📉 GIẢM,43.7%,HIGH,2026-06-24,📉 GIẢM,44.6%,HIGH
DFF,2026-05-29,2026-06-04,📈 TĂNG,52.1%,LOW,2026-06-05,📈 TĂNG,53.0%,LOW,2026-06-08,📈 TĂNG,52.8%,LOW,2026-06-09,📈 TĂNG,52.7%,LOW,2026-06-10,📈 TĂNG,52.6%,LOW,2026-06-11,📈 TĂNG,52.5%,LOW,2026-06-12,📈 TĂNG,52.3%,LOW,2026-06-15,📈 TĂNG,52.2%,LOW,2026-06-16,📈 TĂNG,52.1%,LOW,2026-06-17,📈 TĂNG,51.9%,LOW,2026-06-18,📈 TĂNG,51.7%,HIGH,2026-06-19,📈 TĂNG,51.5%,HIGH,2026-06-22,📈 TĂNG,51.4%,HIGH,2026-06-23,📈 TĂNG,51.2%,HIGH,2026-06-24,📈 TĂNG,51.0%,HIGH
QNW,2026-05-29,2026-06-04,📉 GIẢM,32.9%,MEDIUM,2026-06-05,📉 GIẢM,33.0%,MEDIUM,2026-06-08,📉 GIẢM,33.9%,HIGH,2026-06-09,📉 GIẢM,35.0%,HIGH,2026-06-10,📉 GIẢM,35.8%,HIGH,2026-06-11,📉 GIẢM,36.7%,HIGH,2026-06-12,📉 GIẢM,37.6%,HIGH,2026-06-15,📉 GIẢM,38.5%,HIGH,2026-06-16,📉 GIẢM,39.4%,HIGH,2026-06-17,📉 GIẢM,40.3%,HIGH,2026-06-18,📉 GIẢM,41.2%,HIGH,2026-06-19,📉 GIẢM,42.0%,HIGH,2026-06-22,📉 GIẢM,42.9%,HIGH,2026-06-23,📉 GIẢM,43.8%,HIGH,2026-06-24,📉 GIẢM,44.7%,HIGH
TTT,2026-05-29,2026-06-04,📉 GIẢM,43.1%,LOW,2026-06-05,📉 GIẢM,43.5%,LOW,2026-06-08,📉 GIẢM,43.8%,LOW,2026-06-09,📉 GIẢM,44.2%,LOW,2026-06-10,📉 GIẢM,44.5%,LOW,2026-06-11,📉 GIẢM,44.6%,LOW,2026-06-12,📉 GIẢM,44.9%,LOW,2026-06-15,📉 GIẢM,45.3%,LOW,2026-06-16,📉 GIẢM,45.7%,HIGH,2026-06-17,📉 GIẢM,46.0%,HIGH,2026-06-18,📉 GIẢM,46.4%,HIGH,2026-06-19,📉 GIẢM,46.7%,HIGH,2026-06-22,📉 GIẢM,47.1%,HIGH,2026-06-23,📉 GIẢM,47.5%,HIGH,2026-06-24,📉 GIẢM,47.8%,HIGH
CT3,2026-05-29,2026-06-04,📉 GIẢM,36.0%,MEDIUM,2026-06-05,📉 GIẢM,36.7%,MEDIUM,2026-06-08,📉 GIẢM,37.4%,MEDIUM,2026-06-09,📉 GIẢM,38.1%,MEDIUM,2026-06-10,📉 GIẢM,38.8%,MEDIUM,2026-06-11,📉 GIẢM,39.5%,HIGH,2026-06-12,📉 GIẢM,40.2%,HIGH,2026-06-15,📉 GIẢM,40.9%,HIGH,2026-06-16,📉 GIẢM,41.6%,HIGH,2026-06-17,📉 GIẢM,42.3%,HIGH,2026-06-18,📉 GIẢM,43.0%,HIGH,2026-06-19,📉 GIẢM,43.7%,HIGH,2026-06-22,📉 GIẢM,44.4%,HIGH,2026-06-23,📉 GIẢM,45.1%,HIGH,2026-06-24,📉 GIẢM,45.8%,HIGH
SBL,2026-05-29,2026-06-04,📈 TĂNG,54.3%,LOW,2026-06-05,📈 TĂNG,54.4%,LOW,2026-06-08,📈 TĂNG,54.6%,LOW,2026-06-09,📈 TĂNG,54.3%,LOW,2026-06-10,📈 TĂNG,54.1%,LOW,2026-06-11,📈 TĂNG,53.8%,LOW,2026-06-12,📈 TĂNG,53.5%,LOW,2026-06-15,📈 TĂNG,53.3%,LOW,2026-06-16,📈 TĂNG,53.0%,LOW,2026-06-17,📈 TĂNG,52.8%,HIGH,2026-06-18,📈 TĂNG,52.5%,HIGH,2026-06-19,📈 TĂNG,52.3%,HIGH,2026-06-22,📈 TĂNG,52.0%,HIGH,2026-06-23,📈 TĂNG,51.8%,HIGH,2026-06-24,📈 TĂNG,51.5%,HIGH
CDO,2026-05-29,2026-06-04,📉 GIẢM,22.2%,HIGH,2026-06-05,📉 GIẢM,24.2%,HIGH,2026-06-08,📉 GIẢM,25.5%,HIGH,2026-06-09,📉 GIẢM,26.9%,HIGH,2026-06-10,📉 GIẢM,28.2%,HIGH,2026-06-11,📉 GIẢM,29.6%,HIGH,2026-06-12,📉 GIẢM,31.0%,HIGH,2026-06-15,📉 GIẢM,32.3%,HIGH,2026-06-16,📉 GIẢM,33.7%,HIGH,2026-06-17,📉 GIẢM,35.0%,HIGH,2026-06-18,📉 GIẢM,36.4%,HIGH,2026-06-19,📉 GIẢM,37.8%,HIGH,2026-06-22,📉 GIẢM,39.1%,HIGH,2026-06-23,📉 GIẢM,40.5%,HIGH,2026-06-24,📉 GIẢM,41.8%,HIGH
VIE,2026-05-29,2026-06-04,📉 GIẢM,38.7%,MEDIUM,2026-06-05,📉 GIẢM,38.8%,MEDIUM,2026-06-08,📉 GIẢM,39.4%,MEDIUM,2026-06-09,📉 GIẢM,40.0%,LOW,2026-06-10,📉 GIẢM,40.6%,LOW,2026-06-11,📉 GIẢM,41.2%,LOW,2026-06-12,📉 GIẢM,41.8%,HIGH,2026-06-15,📉 GIẢM,42.4%,HIGH,2026-06-16,📉 GIẢM,43.0%,HIGH,2026-06-17,📉 GIẢM,43.5%,HIGH,2026-06-18,📉 GIẢM,43.9%,HIGH,2026-06-19,📉 GIẢM,44.5%,HIGH,2026-06-22,📉 GIẢM,45.1%,HIGH,2026-06-23,📉 GIẢM,45.8%,HIGH,2026-06-24,📉 GIẢM,46.4%,HIGH
SHC,2026-05-29,2026-06-04,📈 TĂNG,53.0%,LOW,2026-06-05,📈 TĂNG,53.4%,LOW,2026-06-08,📈 TĂNG,53.3%,LOW,2026-06-09,📈 TĂNG,53.1%,LOW,2026-06-10,📈 TĂNG,53.8%,LOW,2026-06-11,📈 TĂNG,53.6%,LOW,2026-06-12,📈 TĂNG,53.3%,LOW,2026-06-15,📈 TĂNG,53.1%,LOW,2026-06-16,📈 TĂNG,52.9%,LOW,2026-06-17,📈 TĂNG,52.6%,HIGH,2026-06-18,📈 TĂNG,52.4%,HIGH,2026-06-19,📈 TĂNG,52.1%,HIGH,2026-06-22,📈 TĂNG,51.9%,HIGH,2026-06-23,📈 TĂNG,51.7%,HIGH,2026-06-24,📈 TĂNG,51.4%,HIGH
DDM,2026-05-29,2026-06-04,📉 GIẢM,31.4%,MEDIUM,2026-06-05,📉 GIẢM,33.0%,MEDIUM,2026-06-08,📉 GIẢM,33.9%,HIGH,2026-06-09,📉 GIẢM,34.8%,HIGH,2026-06-10,📉 GIẢM,35.7%,HIGH,2026-06-11,📉 GIẢM,36.6%,HIGH,2026-06-12,📉 GIẢM,37.5%,HIGH,2026-06-15,📉 GIẢM,38.3%,HIGH,2026-06-16,📉 GIẢM,39.2%,HIGH,2026-06-17,📉 GIẢM,40.2%,HIGH,2026-06-18,📉 GIẢM,41.1%,HIGH,2026-06-19,📉 GIẢM,42.0%,HIGH,2026-06-22,📉 GIẢM,42.9%,HIGH,2026-06-23,📉 GIẢM,43.8%,HIGH,2026-06-24,📉 GIẢM,44.6%,HIGH
BTN,2026-05-29,2026-06-04,📉 GIẢM,21.9%,HIGH,2026-06-05,📉 GIẢM,23.0%,HIGH,2026-06-08,📉 GIẢM,24.4%,HIGH,2026-06-09,📉 GIẢM,25.8%,HIGH,2026-06-10,📉 GIẢM,27.2%,HIGH,2026-06-11,📉 GIẢM,28.7%,HIGH,2026-06-12,📉 GIẢM,30.1%,HIGH,2026-06-15,📉 GIẢM,31.5%,HIGH,2026-06-16,📉 GIẢM,33.5%,HIGH,2026-06-17,📉 GIẢM,34.8%,HIGH,2026-06-18,📉 GIẢM,36.2%,HIGH,2026-06-19,📉 GIẢM,37.6%,HIGH,2026-06-22,📉 GIẢM,39.0%,HIGH,2026-06-23,📉 GIẢM,40.4%,HIGH,2026-06-24,📉 GIẢM,41.8%,HIGH
SFG,2026-05-29,2026-06-04,📉 GIẢM,25.0%,HIGH,2026-06-05,📉 GIẢM,26.3%,HIGH,2026-06-08,📉 GIẢM,27.5%,HIGH,2026-06-09,📉 GIẢM,28.8%,HIGH,2026-06-10,📉 GIẢM,30.0%,HIGH,2026-06-11,📉 GIẢM,31.4%,HIGH,2026-06-12,📉 GIẢM,32.6%,HIGH,2026-06-15,📉 GIẢM,33.9%,HIGH,2026-06-16,📉 GIẢM,35.1%,HIGH,2026-06-17,📉 GIẢM,36.3%,HIGH,2026-06-18,📉 GIẢM,37.7%,HIGH,2026-06-19,📉 GIẢM,38.9%,HIGH,2026-06-22,📉 GIẢM,40.1%,HIGH,2026-06-23,📉 GIẢM,41.4%,HIGH,2026-06-24,📉 GIẢM,42.6%,HIGH
DCT,2026-05-29,2026-06-04,📉 GIẢM,35.3%,MEDIUM,2026-06-05,📉 GIẢM,36.0%,MEDIUM,2026-06-08,📉 GIẢM,36.8%,MEDIUM,2026-06-09,📉 GIẢM,37.5%,MEDIUM,2026-06-10,📉 GIẢM,38.2%,MEDIUM,2026-06-11,📉 GIẢM,39.0%,HIGH,2026-06-12,📉 GIẢM,39.7%,HIGH,2026-06-15,📉 GIẢM,40.4%,HIGH,2026-06-16,📉 GIẢM,41.2%,HIGH,2026-06-17,📉 GIẢM,41.9%,HIGH,2026-06-18,📉 GIẢM,42.6%,HIGH,2026-06-19,📉 GIẢM,43.4%,HIGH,2026-06-22,📉 GIẢM,44.1%,HIGH,2026-06-23,📉 GIẢM,44.8%,HIGH,2026-06-24,📉 GIẢM,45.6%,HIGH
CQN,2026-05-29,2026-06-04,📉 GIẢM,33.8%,MEDIUM,2026-06-05,📉 GIẢM,35.9%,MEDIUM,2026-06-08,📉 GIẢM,36.6%,MEDIUM,2026-06-09,📉 GIẢM,37.4%,MEDIUM,2026-06-10,📉 GIẢM,38.1%,MEDIUM,2026-06-11,📉 GIẢM,38.8%,HIGH,2026-06-12,📉 GIẢM,39.6%,HIGH,2026-06-15,📉 GIẢM,40.3%,HIGH,2026-06-16,📉 GIẢM,41.1%,HIGH,2026-06-17,📉 GIẢM,41.8%,HIGH,2026-06-18,📉 GIẢM,42.6%,HIGH,2026-06-19,📉 GIẢM,43.3%,HIGH,2026-06-22,📉 GIẢM,44.1%,HIGH,2026-06-23,📉 GIẢM,44.8%,HIGH,2026-06-24,📉 GIẢM,45.5%,HIGH
THB,2026-05-29,2026-06-04,📉 GIẢM,36.5%,MEDIUM,2026-06-05,📉 GIẢM,37.2%,MEDIUM,2026-06-08,📉 GIẢM,37.9%,MEDIUM,2026-06-09,📉 GIẢM,38.5%,MEDIUM,2026-06-10,📉 GIẢM,39.2%,MEDIUM,2026-06-11,📉 GIẢM,39.9%,HIGH,2026-06-12,📉 GIẢM,40.6%,HIGH,2026-06-15,📉 GIẢM,41.2%,HIGH,2026-06-16,📉 GIẢM,41.9%,HIGH,2026-06-17,📉 GIẢM,42.6%,HIGH,2026-06-18,📉 GIẢM,43.3%,HIGH,2026-06-19,📉 GIẢM,43.9%,HIGH,2026-06-22,📉 GIẢM,44.6%,HIGH,2026-06-23,📉 GIẢM,45.3%,HIGH,2026-06-24,📉 GIẢM,46.0%,HIGH
C22,2026-05-29,2026-06-04,📉 GIẢM,39.8%,MEDIUM,2026-06-05,📉 GIẢM,40.3%,LOW,2026-06-08,📉 GIẢM,40.8%,LOW,2026-06-09,📉 GIẢM,41.4%,LOW,2026-06-10,📉 GIẢM,41.9%,LOW,2026-06-11,📉 GIẢM,42.4%,LOW,2026-06-12,📉 GIẢM,42.9%,LOW,2026-06-15,📉 GIẢM,43.4%,HIGH,2026-06-16,📉 GIẢM,43.9%,HIGH,2026-06-17,📉 GIẢM,44.4%,HIGH,2026-06-18,📉 GIẢM,44.9%,HIGH,2026-06-19,📉 GIẢM,45.4%,HIGH,2026-06-22,📉 GIẢM,45.9%,HIGH,2026-06-23,📉 GIẢM,46.4%,HIGH,2026-06-24,📉 GIẢM,46.9%,HIGH
BNA,2026-05-29,2026-06-04,📈 TĂNG,63.7%,MEDIUM,2026-06-05,📈 TĂNG,63.1%,MEDIUM,2026-06-08,📈 TĂNG,62.4%,MEDIUM,2026-06-09,📈 TĂNG,61.7%,MEDIUM,2026-06-10,📈 TĂNG,61.0%,MEDIUM,2026-06-11,📈 TĂNG,60.3%,HIGH,2026-06-12,📈 TĂNG,59.7%,HIGH,2026-06-15,📈 TĂNG,59.0%,HIGH,2026-06-16,📈 TĂNG,58.3%,HIGH,2026-06-17,📈 TĂNG,57.6%,HIGH,2026-06-18,📈 TĂNG,56.9%,HIGH,2026-06-19,📈 TĂNG,56.2%,HIGH,2026-06-22,📈 TĂNG,55.5%,HIGH,2026-06-23,📈 TĂNG,54.8%,HIGH,2026-06-24,📈 TĂNG,54.1%,HIGH
PVX,2026-05-29,2026-06-04,📈 TĂNG,54.4%,LOW,2026-06-05,📈 TĂNG,55.0%,LOW,2026-06-08,📈 TĂNG,54.7%,LOW,2026-06-09,📈 TĂNG,54.5%,LOW,2026-06-10,📈 TĂNG,54.2%,LOW,2026-06-11,📈 TĂNG,53.9%,LOW,2026-06-12,📈 TĂNG,53.7%,LOW,2026-06-15,📈 TĂNG,53.4%,LOW,2026-06-16,📈 TĂNG,53.2%,LOW,2026-06-17,📈 TĂNG,52.9%,HIGH,2026-06-18,📈 TĂNG,52.6%,HIGH,2026-06-19,📈 TĂNG,52.4%,HIGH,2026-06-22,📈 TĂNG,52.1%,HIGH,2026-06-23,📈 TĂNG,51.8%,HIGH,2026-06-24,📈 TĂNG,51.6%,HIGH
IST,2026-05-29,2026-06-04,📈 TĂNG,52.8%,LOW,2026-06-05,📈 TĂNG,53.9%,LOW,2026-06-08,📈 TĂNG,53.8%,LOW,2026-06-09,📈 TĂNG,53.6%,LOW,2026-06-10,📈 TĂNG,53.3%,LOW,2026-06-11,📈 TĂNG,53.1%,LOW,2026-06-12,📈 TĂNG,52.9%,LOW,2026-06-15,📈 TĂNG,52.7%,LOW,2026-06-16,📈 TĂNG,52.5%,LOW,2026-06-17,📈 TĂNG,52.3%,HIGH,2026-06-18,📈 TĂNG,52.2%,HIGH,2026-06-19,📈 TĂNG,52.0%,HIGH,2026-06-22,📈 TĂNG,51.8%,HIGH,2026-06-23,📈 TĂNG,51.6%,HIGH,2026-06-24,📈 TĂNG,51.4%,HIGH
VMD,2026-05-29,2026-06-04,📉 GIẢM,28.4%,HIGH,2026-06-05,📉 GIẢM,29.9%,HIGH,2026-06-08,📉 GIẢM,30.9%,HIGH,2026-06-09,📉 GIẢM,32.0%,HIGH,2026-06-10,📉 GIẢM,33.1%,HIGH,2026-06-11,📉 GIẢM,34.1%,HIGH,2026-06-12,📉 GIẢM,35.2%,HIGH,2026-06-15,📉 GIẢM,36.2%,HIGH,2026-06-16,📉 GIẢM,37.3%,HIGH,2026-06-17,📉 GIẢM,38.4%,HIGH,2026-06-18,📉 GIẢM,39.4%,HIGH,2026-06-19,📉 GIẢM,40.5%,HIGH,2026-06-22,📉 GIẢM,41.5%,HIGH,2026-06-23,📉 GIẢM,42.7%,HIGH,2026-06-24,📉 GIẢM,43.7%,HIGH
X20,2026-05-29,2026-06-04,📉 GIẢM,28.6%,HIGH,2026-06-05,📉 GIẢM,29.7%,HIGH,2026-06-08,📉 GIẢM,30.7%,HIGH,2026-06-09,📉 GIẢM,31.8%,HIGH,2026-06-10,📉 GIẢM,32.9%,HIGH,2026-06-11,📉 GIẢM,33.9%,HIGH,2026-06-12,📉 GIẢM,35.0%,HIGH,2026-06-15,📉 GIẢM,36.1%,HIGH,2026-06-16,📉 GIẢM,37.2%,HIGH,2026-06-17,📉 GIẢM,38.2%,HIGH,2026-06-18,📉 GIẢM,39.3%,HIGH,2026-06-19,📉 GIẢM,40.4%,HIGH,2026-06-22,📉 GIẢM,41.4%,HIGH,2026-06-23,📉 GIẢM,42.4%,HIGH,2026-06-24,📉 GIẢM,43.5%,HIGH
DC2,2026-05-29,2026-06-04,📈 TĂNG,54.9%,LOW,2026-06-05,📈 TĂNG,55.7%,LOW,2026-06-08,📈 TĂNG,55.5%,LOW,2026-06-09,📈 TĂNG,55.2%,LOW,2026-06-10,📈 TĂNG,55.5%,LOW,2026-06-11,📈 TĂNG,55.2%,LOW,2026-06-12,📈 TĂNG,54.8%,LOW,2026-06-15,📈 TĂNG,54.5%,LOW,2026-06-16,📈 TĂNG,54.1%,HIGH,2026-06-17,📈 TĂNG,53.8%,HIGH,2026-06-18,📈 TĂNG,53.4%,HIGH,2026-06-19,📈 TĂNG,53.1%,HIGH,2026-06-22,📈 TĂNG,52.8%,HIGH,2026-06-23,📈 TĂNG,52.4%,HIGH,2026-06-24,📈 TĂNG,52.1%,HIGH
HTP,2026-05-29,2026-06-04,📈 TĂNG,58.6%,LOW,2026-06-05,📈 TĂNG,58.1%,LOW,2026-06-08,📈 TĂNG,57.3%,LOW,2026-06-09,📈 TĂNG,56.9%,LOW,2026-06-10,📈 TĂNG,56.5%,LOW,2026-06-11,📈 TĂNG,56.0%,LOW,2026-06-12,📈 TĂNG,55.6%,LOW,2026-06-15,📈 TĂNG,55.2%,LOW,2026-06-16,📈 TĂNG,54.8%,HIGH,2026-06-17,📈 TĂNG,54.4%,HIGH,2026-06-18,📈 TĂNG,54.0%,HIGH,2026-06-19,📈 TĂNG,52.8%,HIGH,2026-06-22,📈 TĂNG,52.5%,HIGH,2026-06-23,📈 TĂNG,52.2%,HIGH,2026-06-24,📈 TĂNG,51.9%,HIGH
CFM,2026-05-29,2026-06-04,📉 GIẢM,28.8%,HIGH,2026-06-05,📉 GIẢM,29.9%,HIGH,2026-06-08,📉 GIẢM,30.9%,HIGH,2026-06-09,📉 GIẢM,32.0%,HIGH,2026-06-10,📉 GIẢM,33.0%,HIGH,2026-06-11,📉 GIẢM,34.1%,HIGH,2026-06-12,📉 GIẢM,35.2%,HIGH,2026-06-15,📉 GIẢM,36.2%,HIGH,2026-06-16,📉 GIẢM,37.3%,HIGH,2026-06-17,📉 GIẢM,38.3%,HIGH,2026-06-18,📉 GIẢM,39.4%,HIGH,2026-06-19,📉 GIẢM,40.5%,HIGH,2026-06-22,📉 GIẢM,41.5%,HIGH,2026-06-23,📉 GIẢM,42.6%,HIGH,2026-06-24,📉 GIẢM,43.6%,HIGH
TIE,2026-05-29,2026-06-04,📈 TĂNG,52.3%,LOW,2026-06-05,📈 TĂNG,54.4%,LOW,2026-06-08,📈 TĂNG,54.2%,LOW,2026-06-09,📈 TĂNG,54.0%,LOW,2026-06-10,📈 TĂNG,55.0%,LOW,2026-06-11,📈 TĂNG,54.7%,LOW,2026-06-12,📈 TĂNG,54.4%,LOW,2026-06-15,📈 TĂNG,54.1%,LOW,2026-06-16,📈 TĂNG,53.8%,LOW,2026-06-17,📈 TĂNG,53.5%,HIGH,2026-06-18,📈 TĂNG,53.1%,HIGH,2026-06-19,📈 TĂNG,52.8%,HIGH,2026-06-22,📈 TĂNG,52.5%,HIGH,2026-06-23,📈 TĂNG,52.2%,HIGH,2026-06-24,📈 TĂNG,51.9%,HIGH
CEN,2026-05-29,2026-06-04,📉 GIẢM,16.4%,HIGH,2026-06-05,📉 GIẢM,18.4%,HIGH,2026-06-08,📉 GIẢM,20.0%,HIGH,2026-06-09,📉 GIẢM,21.7%,HIGH,2026-06-10,📉 GIẢM,23.3%,HIGH,2026-06-11,📉 GIẢM,25.0%,HIGH,2026-06-12,📉 GIẢM,26.7%,HIGH,2026-06-15,📉 GIẢM,28.3%,HIGH,2026-06-16,📉 GIẢM,30.0%,HIGH,2026-06-17,📉 GIẢM,31.7%,HIGH,2026-06-18,📉 GIẢM,33.3%,HIGH,2026-06-19,📉 GIẢM,35.0%,HIGH,2026-06-22,📉 GIẢM,36.7%,HIGH,2026-06-23,📉 GIẢM,38.3%,HIGH,2026-06-24,📉 GIẢM,40.0%,HIGH
VHL,2026-05-29,2026-06-04,📉 GIẢM,36.1%,MEDIUM,2026-06-05,📉 GIẢM,36.1%,MEDIUM,2026-06-08,📉 GIẢM,36.8%,MEDIUM,2026-06-09,📉 GIẢM,37.5%,MEDIUM,2026-06-10,📉 GIẢM,38.3%,MEDIUM,2026-06-11,📉 GIẢM,39.0%,HIGH,2026-06-12,📉 GIẢM,39.7%,HIGH,2026-06-15,📉 GIẢM,40.5%,HIGH,2026-06-16,📉 GIẢM,41.2%,HIGH,2026-06-17,📉 GIẢM,41.9%,HIGH,2026-06-18,📉 GIẢM,42.7%,HIGH,2026-06-19,📉 GIẢM,43.4%,HIGH,2026-06-22,📉 GIẢM,44.1%,HIGH,2026-06-23,📉 GIẢM,44.9%,HIGH,2026-06-24,📉 GIẢM,45.6%,HIGH
SRA,2026-05-29,2026-06-04,📉 GIẢM,30.1%,MEDIUM,2026-06-05,📉 GIẢM,31.1%,HIGH,2026-06-08,📉 GIẢM,32.1%,HIGH,2026-06-09,📉 GIẢM,33.1%,HIGH,2026-06-10,📉 GIẢM,34.1%,HIGH,2026-06-11,📉 GIẢM,35.1%,HIGH,2026-06-12,📉 GIẢM,36.1%,HIGH,2026-06-15,📉 GIẢM,37.1%,HIGH,2026-06-16,📉 GIẢM,38.1%,HIGH,2026-06-17,📉 GIẢM,39.1%,HIGH,2026-06-18,📉 GIẢM,40.1%,HIGH,2026-06-19,📉 GIẢM,41.1%,HIGH,2026-06-22,📉 GIẢM,42.0%,HIGH,2026-06-23,📉 GIẢM,43.0%,HIGH,2026-06-24,📉 GIẢM,44.0%,HIGH
ICF,2026-05-29,2026-06-04,📉 GIẢM,26.4%,HIGH,2026-06-05,📉 GIẢM,27.5%,HIGH,2026-06-08,📉 GIẢM,28.7%,HIGH,2026-06-09,📉 GIẢM,29.9%,HIGH,2026-06-10,📉 GIẢM,31.6%,HIGH,2026-06-11,📉 GIẢM,32.8%,HIGH,2026-06-12,📉 GIẢM,33.9%,HIGH,2026-06-15,📉 GIẢM,35.1%,HIGH,2026-06-16,📉 GIẢM,36.2%,HIGH,2026-06-17,📉 GIẢM,37.4%,HIGH,2026-06-18,📉 GIẢM,38.5%,HIGH,2026-06-19,📉 GIẢM,39.7%,HIGH,2026-06-22,📉 GIẢM,40.8%,HIGH,2026-06-23,📉 GIẢM,42.0%,HIGH,2026-06-24,📉 GIẢM,43.1%,HIGH
DBM,2026-05-29,2026-06-04,📉 GIẢM,26.2%,HIGH,2026-06-05,📉 GIẢM,27.4%,HIGH,2026-06-08,📉 GIẢM,28.6%,HIGH,2026-06-09,📉 GIẢM,29.8%,HIGH,2026-06-10,📉 GIẢM,31.0%,HIGH,2026-06-11,📉 GIẢM,32.1%,HIGH,2026-06-12,📉 GIẢM,33.3%,HIGH,2026-06-15,📉 GIẢM,34.5%,HIGH,2026-06-16,📉 GIẢM,35.7%,HIGH,2026-06-17,📉 GIẢM,36.9%,HIGH,2026-06-18,📉 GIẢM,38.1%,HIGH,2026-06-19,📉 GIẢM,39.3%,HIGH,2026-06-22,📉 GIẢM,40.5%,HIGH,2026-06-23,📉 GIẢM,41.7%,HIGH,2026-06-24,📉 GIẢM,43.1%,HIGH
DDG,2026-05-29,2026-06-04,📉 GIẢM,33.4%,MEDIUM,2026-06-05,📉 GIẢM,34.2%,MEDIUM,2026-06-08,📉 GIẢM,35.1%,MEDIUM,2026-06-09,📉 GIẢM,35.9%,HIGH,2026-06-10,📉 GIẢM,36.7%,HIGH,2026-06-11,📉 GIẢM,37.6%,HIGH,2026-06-12,📉 GIẢM,38.4%,HIGH,2026-06-15,📉 GIẢM,39.2%,HIGH,2026-06-16,📉 GIẢM,40.0%,HIGH,2026-06-17,📉 GIẢM,40.9%,HIGH,2026-06-18,📉 GIẢM,41.7%,HIGH,2026-06-19,📉 GIẢM,42.5%,HIGH,2026-06-22,📉 GIẢM,43.4%,HIGH,2026-06-23,📉 GIẢM,44.2%,HIGH,2026-06-24,📉 GIẢM,45.0%,HIGH
TLP,2026-05-29,2026-06-04,📉 GIẢM,22.6%,HIGH,2026-06-05,📉 GIẢM,24.0%,HIGH,2026-06-08,📉 GIẢM,25.3%,HIGH,2026-06-09,📉 GIẢM,26.7%,HIGH,2026-06-10,📉 GIẢM,28.1%,HIGH,2026-06-11,📉 GIẢM,29.4%,HIGH,2026-06-12,📉 GIẢM,30.8%,HIGH,2026-06-15,📉 GIẢM,32.2%,HIGH,2026-06-16,📉 GIẢM,33.6%,HIGH,2026-06-17,📉 GIẢM,34.9%,HIGH,2026-06-18,📉 GIẢM,36.3%,HIGH,2026-06-19,📉 GIẢM,37.7%,HIGH,2026-06-22,📉 GIẢM,39.0%,HIGH,2026-06-23,📉 GIẢM,40.4%,HIGH,2026-06-24,📉 GIẢM,41.8%,HIGH
KSQ,2026-05-29,2026-06-04,📈 TĂNG,53.4%,LOW,2026-06-05,📈 TĂNG,53.2%,LOW,2026-06-08,📈 TĂNG,53.1%,LOW,2026-06-09,📈 TĂNG,52.9%,LOW,2026-06-10,📈 TĂNG,52.7%,LOW,2026-06-11,📈 TĂNG,52.5%,LOW,2026-06-12,📈 TĂNG,52.4%,LOW,2026-06-15,📈 TĂNG,52.2%,LOW,2026-06-16,📈 TĂNG,52.0%,LOW,2026-06-17,📈 TĂNG,51.9%,LOW,2026-06-18,📈 TĂNG,51.7%,HIGH,2026-06-19,📈 TĂNG,51.5%,HIGH,2026-06-22,📈 TĂNG,51.4%,HIGH,2026-06-23,📈 TĂNG,51.2%,HIGH,2026-06-24,📈 TĂNG,51.0%,HIGH
PXI,2026-05-29,2026-06-04,📉 GIẢM,36.8%,MEDIUM,2026-06-05,📉 GIẢM,37.4%,MEDIUM,2026-06-08,📉 GIẢM,38.1%,MEDIUM,2026-06-09,📉 GIẢM,38.7%,MEDIUM,2026-06-10,📉 GIẢM,39.4%,MEDIUM,2026-06-11,📉 GIẢM,40.0%,LOW,2026-06-12,📉 GIẢM,40.7%,HIGH,2026-06-15,📉 GIẢM,41.4%,HIGH,2026-06-16,📉 GIẢM,42.0%,HIGH,2026-06-17,📉 GIẢM,42.7%,HIGH,2026-06-18,📉 GIẢM,43.4%,HIGH,2026-06-19,📉 GIẢM,44.0%,HIGH,2026-06-22,📉 GIẢM,44.7%,HIGH,2026-06-23,📉 GIẢM,45.4%,HIGH,2026-06-24,📉 GIẢM,46.0%,HIGH
CVT,2026-05-29,2026-06-04,📉 GIẢM,22.2%,HIGH,2026-06-05,📉 GIẢM,24.5%,HIGH,2026-06-08,📉 GIẢM,25.9%,HIGH,2026-06-09,📉 GIẢM,27.2%,HIGH,2026-06-10,📉 GIẢM,28.6%,HIGH,2026-06-11,📉 GIẢM,29.9%,HIGH,2026-06-12,📉 GIẢM,31.2%,HIGH,2026-06-15,📉 GIẢM,32.9%,HIGH,2026-06-16,📉 GIẢM,34.2%,HIGH,2026-06-17,📉 GIẢM,35.5%,HIGH,2026-06-18,📉 GIẢM,36.8%,HIGH,2026-06-19,📉 GIẢM,38.2%,HIGH,2026-06-22,📉 GIẢM,39.5%,HIGH,2026-06-23,📉 GIẢM,40.8%,HIGH,2026-06-24,📉 GIẢM,42.1%,HIGH
LMH,2026-05-29,2026-06-04,📉 GIẢM,23.7%,HIGH,2026-06-05,📉 GIẢM,27.0%,HIGH,2026-06-08,📉 GIẢM,28.2%,HIGH,2026-06-09,📉 GIẢM,29.4%,HIGH,2026-06-10,📉 GIẢM,30.6%,HIGH,2026-06-11,📉 GIẢM,31.8%,HIGH,2026-06-12,📉 GIẢM,33.0%,HIGH,2026-06-15,📉 GIẢM,34.2%,HIGH,2026-06-16,📉 GIẢM,35.5%,HIGH,2026-06-17,📉 GIẢM,36.7%,HIGH,2026-06-18,📉 GIẢM,37.9%,HIGH,2026-06-19,📉 GIẢM,39.1%,HIGH,2026-06-22,📉 GIẢM,40.3%,HIGH,2026-06-23,📉 GIẢM,41.5%,HIGH,2026-06-24,📉 GIẢM,42.7%,HIGH
GTD,2026-05-29,2026-06-04,📉 GIẢM,33.0%,MEDIUM,2026-06-05,📉 GIẢM,33.9%,MEDIUM,2026-06-08,📉 GIẢM,34.7%,MEDIUM,2026-06-09,📉 GIẢM,35.6%,HIGH,2026-06-10,📉 GIẢM,36.4%,HIGH,2026-06-11,📉 GIẢM,37.3%,HIGH,2026-06-12,📉 GIẢM,38.1%,HIGH,2026-06-15,📉 GIẢM,39.0%,HIGH,2026-06-16,📉 GIẢM,39.8%,HIGH,2026-06-17,📉 GIẢM,40.7%,HIGH,2026-06-18,📉 GIẢM,41.5%,HIGH,2026-06-19,📉 GIẢM,42.4%,HIGH,2026-06-22,📉 GIẢM,43.2%,HIGH,2026-06-23,📉 GIẢM,44.1%,HIGH,2026-06-24,📉 GIẢM,44.9%,HIGH
UPC,2026-05-29,2026-06-04,📉 GIẢM,30.2%,MEDIUM,2026-06-05,📉 GIẢM,31.2%,HIGH,2026-06-08,📉 GIẢM,32.2%,HIGH,2026-06-09,📉 GIẢM,33.2%,HIGH,2026-06-10,📉 GIẢM,34.2%,HIGH,2026-06-11,📉 GIẢM,35.1%,HIGH,2026-06-12,📉 GIẢM,36.3%,HIGH,2026-06-15,📉 GIẢM,37.3%,HIGH,2026-06-16,📉 GIẢM,38.3%,HIGH,2026-06-17,📉 GIẢM,39.2%,HIGH,2026-06-18,📉 GIẢM,40.2%,HIGH,2026-06-19,📉 GIẢM,41.2%,HIGH,2026-06-22,📉 GIẢM,42.2%,HIGH,2026-06-23,📉 GIẢM,43.2%,HIGH,2026-06-24,📉 GIẢM,44.2%,HIGH
CDR,2026-05-29,2026-06-04,📉 GIẢM,38.0%,MEDIUM,2026-06-05,📉 GIẢM,38.6%,MEDIUM,2026-06-08,📉 GIẢM,39.2%,MEDIUM,2026-06-09,📉 GIẢM,39.8%,MEDIUM,2026-06-10,📉 GIẢM,40.4%,LOW,2026-06-11,📉 GIẢM,41.0%,LOW,2026-06-12,📉 GIẢM,41.6%,HIGH,2026-06-15,📉 GIẢM,42.2%,HIGH,2026-06-16,📉 GIẢM,42.8%,HIGH,2026-06-17,📉 GIẢM,43.4%,HIGH,2026-06-18,📉 GIẢM,44.0%,HIGH,2026-06-19,📉 GIẢM,44.6%,HIGH,2026-06-22,📉 GIẢM,45.2%,HIGH,2026-06-23,📉 GIẢM,45.8%,HIGH,2026-06-24,📉 GIẢM,46.4%,HIGH
CNC,2026-05-29,2026-06-04,📉 GIẢM,29.5%,HIGH,2026-06-05,📉 GIẢM,30.5%,HIGH,2026-06-08,📉 GIẢM,31.5%,HIGH,2026-06-09,📉 GIẢM,32.6%,HIGH,2026-06-10,📉 GIẢM,33.6%,HIGH,2026-06-11,📉 GIẢM,34.6%,HIGH,2026-06-12,📉 GIẢM,35.6%,HIGH,2026-06-15,📉 GIẢM,36.7%,HIGH,2026-06-16,📉 GIẢM,37.7%,HIGH,2026-06-17,📉 GIẢM,38.7%,HIGH,2026-06-18,📉 GIẢM,39.7%,HIGH,2026-06-19,📉 GIẢM,40.8%,HIGH,2026-06-22,📉 GIẢM,41.8%,HIGH,2026-06-23,📉 GIẢM,42.8%,HIGH,2026-06-24,📉 GIẢM,43.8%,HIGH
AGF,2026-05-29,2026-06-04,📉 GIẢM,29.3%,HIGH,2026-06-05,📉 GIẢM,29.6%,HIGH,2026-06-08,📉 GIẢM,30.7%,HIGH,2026-06-09,📉 GIẢM,31.8%,HIGH,2026-06-10,📉 GIẢM,32.9%,HIGH,2026-06-11,📉 GIẢM,33.9%,HIGH,2026-06-12,📉 GIẢM,35.0%,HIGH,2026-06-15,📉 GIẢM,36.1%,HIGH,2026-06-16,📉 GIẢM,37.1%,HIGH,2026-06-17,📉 GIẢM,38.2%,HIGH,2026-06-18,📉 GIẢM,39.3%,HIGH,2026-06-19,📉 GIẢM,40.4%,HIGH,2026-06-22,📉 GIẢM,41.4%,HIGH,2026-06-23,📉 GIẢM,42.5%,HIGH,2026-06-24,📉 GIẢM,43.6%,HIGH
L45,2026-05-29,2026-06-04,📉 GIẢM,34.1%,MEDIUM,2026-06-05,📉 GIẢM,34.9%,MEDIUM,2026-06-08,📉 GIẢM,35.7%,MEDIUM,2026-06-09,📉 GIẢM,36.5%,MEDIUM,2026-06-10,📉 GIẢM,37.3%,HIGH,2026-06-11,📉 GIẢM,38.1%,HIGH,2026-06-12,📉 GIẢM,38.9%,HIGH,2026-06-15,📉 GIẢM,39.7%,HIGH,2026-06-16,📉 GIẢM,40.5%,HIGH,2026-06-17,📉 GIẢM,41.3%,HIGH,2026-06-18,📉 GIẢM,42.1%,HIGH,2026-06-19,📉 GIẢM,42.9%,HIGH,2026-06-22,📉 GIẢM,43.7%,HIGH,2026-06-23,📉 GIẢM,44.4%,HIGH,2026-06-24,📉 GIẢM,45.2%,HIGH
VGV,2026-06-01,2026-06-04,📈 TĂNG,62.0%,MEDIUM,2026-06-05,📈 TĂNG,60.5%,MEDIUM,2026-06-08,📈 TĂNG,60.0%,LOW,2026-06-09,📈 TĂNG,59.4%,LOW,2026-06-10,📈 TĂNG,59.8%,LOW,2026-06-11,📈 TĂNG,59.2%,LOW,2026-06-12,📈 TĂNG,58.6%,HIGH,2026-06-15,📈 TĂNG,58.0%,HIGH,2026-06-16,📈 TĂNG,57.4%,HIGH,2026-06-17,📈 TĂNG,56.8%,HIGH,2026-06-18,📈 TĂNG,56.1%,HIGH,2026-06-19,📈 TĂNG,55.5%,HIGH,2026-06-22,📈 TĂNG,54.9%,HIGH,2026-06-23,📈 TĂNG,54.3%,HIGH,2026-06-24,📈 TĂNG,53.7%,HIGH
SGS,2026-06-01,2026-06-04,📉 GIẢM,26.4%,HIGH,2026-06-05,📉 GIẢM,27.8%,HIGH,2026-06-08,📉 GIẢM,29.0%,HIGH,2026-06-09,📉 GIẢM,30.4%,HIGH,2026-06-10,📉 GIẢM,31.6%,HIGH,2026-06-11,📉 GIẢM,33.5%,HIGH,2026-06-12,📉 GIẢM,34.6%,HIGH,2026-06-15,📉 GIẢM,35.7%,HIGH,2026-06-16,📉 GIẢM,36.8%,HIGH,2026-06-17,📉 GIẢM,37.9%,HIGH,2026-06-18,📉 GIẢM,39.1%,HIGH,2026-06-19,📉 GIẢM,40.2%,HIGH,2026-06-22,📉 GIẢM,41.3%,HIGH,2026-06-23,📉 GIẢM,42.4%,HIGH,2026-06-24,📉 GIẢM,43.5%,HIGH
CCI,2026-06-01,2026-06-04,📉 GIẢM,22.4%,HIGH,2026-06-05,📉 GIẢM,23.8%,HIGH,2026-06-08,📉 GIẢM,25.2%,HIGH,2026-06-09,📉 GIẢM,26.5%,HIGH,2026-06-10,📉 GIẢM,27.9%,HIGH,2026-06-11,📉 GIẢM,29.3%,HIGH,2026-06-12,📉 GIẢM,30.7%,HIGH,2026-06-15,📉 GIẢM,32.1%,HIGH,2026-06-16,📉 GIẢM,33.4%,HIGH,2026-06-17,📉 GIẢM,34.8%,HIGH,2026-06-18,📉 GIẢM,36.2%,HIGH,2026-06-19,📉 GIẢM,37.6%,HIGH,2026-06-22,📉 GIẢM,39.0%,HIGH,2026-06-23,📉 GIẢM,40.3%,HIGH,2026-06-24,📉 GIẢM,41.7%,HIGH
TPP,2026-06-01,2026-06-04,📉 GIẢM,33.9%,MEDIUM,2026-06-05,📉 GIẢM,34.7%,MEDIUM,2026-06-08,📉 GIẢM,35.5%,MEDIUM,2026-06-09,📉 GIẢM,36.3%,MEDIUM,2026-06-10,📉 GIẢM,37.1%,HIGH,2026-06-11,📉 GIẢM,38.0%,HIGH,2026-06-12,📉 GIẢM,38.8%,HIGH,2026-06-15,📉 GIẢM,39.6%,HIGH,2026-06-16,📉 GIẢM,40.4%,HIGH,2026-06-17,📉 GIẢM,41.2%,HIGH,2026-06-18,📉 GIẢM,42.0%,HIGH,2026-06-19,📉 GIẢM,42.8%,HIGH,2026-06-22,📉 GIẢM,43.6%,HIGH,2026-06-23,📉 GIẢM,44.4%,HIGH,2026-06-24,📉 GIẢM,45.2%,HIGH
AIC,2026-06-01,2026-06-04,📉 GIẢM,25.8%,HIGH,2026-06-05,📉 GIẢM,27.1%,HIGH,2026-06-08,📉 GIẢM,28.3%,HIGH,2026-06-09,📉 GIẢM,29.5%,HIGH,2026-06-10,📉 GIẢM,30.7%,HIGH,2026-06-11,📉 GIẢM,31.9%,HIGH,2026-06-12,📉 GIẢM,33.1%,HIGH,2026-06-15,📉 GIẢM,34.3%,HIGH,2026-06-16,📉 GIẢM,35.5%,HIGH,2026-06-17,📉 GIẢM,36.7%,HIGH,2026-06-18,📉 GIẢM,37.9%,HIGH,2026-06-19,📉 GIẢM,39.1%,HIGH,2026-06-22,📉 GIẢM,40.4%,HIGH,2026-06-23,📉 GIẢM,41.6%,HIGH,2026-06-24,📉 GIẢM,42.1%,HIGH
VEC,2026-06-01,2026-06-04,📈 TĂNG,59.4%,LOW,2026-06-05,📈 TĂNG,56.6%,LOW,2026-06-08,📈 TĂNG,56.4%,LOW,2026-06-09,📈 TĂNG,56.1%,LOW,2026-06-10,📈 TĂNG,55.7%,LOW,2026-06-11,📈 TĂNG,55.3%,LOW,2026-06-12,📈 TĂNG,55.0%,LOW,2026-06-15,📈 TĂNG,54.6%,LOW,2026-06-16,📈 TĂNG,54.3%,HIGH,2026-06-17,📈 TĂNG,53.9%,HIGH,2026-06-18,📈 TĂNG,53.6%,HIGH,2026-06-19,📈 TĂNG,53.0%,HIGH,2026-06-22,📈 TĂNG,52.7%,HIGH,2026-06-23,📈 TĂNG,52.4%,HIGH,2026-06-24,📈 TĂNG,52.1%,HIGH
SEB,2026-06-01,2026-06-04,📉 GIẢM,20.8%,HIGH,2026-06-05,📉 GIẢM,22.3%,HIGH,2026-06-08,📉 GIẢM,23.8%,HIGH,2026-06-09,📉 GIẢM,25.2%,HIGH,2026-06-10,📉 GIẢM,26.7%,HIGH,2026-06-11,📉 GIẢM,28.2%,HIGH,2026-06-12,📉 GIẢM,29.6%,HIGH,2026-06-15,📉 GIẢM,31.1%,HIGH,2026-06-16,📉 GIẢM,32.5%,HIGH,2026-06-17,📉 GIẢM,34.0%,HIGH,2026-06-18,📉 GIẢM,35.4%,HIGH,2026-06-19,📉 GIẢM,36.9%,HIGH,2026-06-22,📉 GIẢM,38.3%,HIGH,2026-06-23,📉 GIẢM,39.8%,HIGH,2026-06-24,📉 GIẢM,41.3%,HIGH
DRG,2026-06-01,2026-06-04,📉 GIẢM,29.3%,HIGH,2026-06-05,📉 GIẢM,30.3%,HIGH,2026-06-08,📉 GIẢM,31.4%,HIGH,2026-06-09,📉 GIẢM,32.4%,HIGH,2026-06-10,📉 GIẢM,33.4%,HIGH,2026-06-11,📉 GIẢM,34.5%,HIGH,2026-06-12,📉 GIẢM,35.5%,HIGH,2026-06-15,📉 GIẢM,36.5%,HIGH,2026-06-16,📉 GIẢM,37.6%,HIGH,2026-06-17,📉 GIẢM,38.6%,HIGH,2026-06-18,📉 GIẢM,39.7%,HIGH,2026-06-19,📉 GIẢM,40.7%,HIGH,2026-06-22,📉 GIẢM,41.8%,HIGH,2026-06-23,📉 GIẢM,42.8%,HIGH,2026-06-24,📉 GIẢM,43.8%,HIGH
WCS,2026-06-01,2026-06-04,📉 GIẢM,32.5%,MEDIUM,2026-06-05,📉 GIẢM,33.4%,MEDIUM,2026-06-08,📉 GIẢM,34.3%,MEDIUM,2026-06-09,📉 GIẢM,35.2%,HIGH,2026-06-10,📉 GIẢM,36.0%,HIGH,2026-06-11,📉 GIẢM,36.9%,HIGH,2026-06-12,📉 GIẢM,37.8%,HIGH,2026-06-15,📉 GIẢM,38.6%,HIGH,2026-06-16,📉 GIẢM,39.5%,HIGH,2026-06-17,📉 GIẢM,40.4%,HIGH,2026-06-18,📉 GIẢM,41.3%,HIGH,2026-06-19,📉 GIẢM,42.1%,HIGH,2026-06-22,📉 GIẢM,43.0%,HIGH,2026-06-23,📉 GIẢM,43.9%,HIGH,2026-06-24,📉 GIẢM,44.8%,HIGH
DMC,2026-06-01,2026-06-04,📉 GIẢM,25.1%,HIGH,2026-06-05,📉 GIẢM,26.9%,HIGH,2026-06-08,📉 GIẢM,28.1%,HIGH,2026-06-09,📉 GIẢM,29.3%,HIGH,2026-06-10,📉 GIẢM,30.5%,HIGH,2026-06-11,📉 GIẢM,31.8%,HIGH,2026-06-12,📉 GIẢM,33.0%,HIGH,2026-06-15,📉 GIẢM,34.2%,HIGH,2026-06-16,📉 GIẢM,35.6%,HIGH,2026-06-17,📉 GIẢM,36.8%,HIGH,2026-06-18,📉 GIẢM,38.0%,HIGH,2026-06-19,📉 GIẢM,39.2%,HIGH,2026-06-22,📉 GIẢM,40.4%,HIGH,2026-06-23,📉 GIẢM,41.6%,HIGH,2026-06-24,📉 GIẢM,42.8%,HIGH
GMX,2026-06-01,2026-06-04,📉 GIẢM,30.0%,MEDIUM,2026-06-05,📉 GIẢM,31.0%,HIGH,2026-06-08,📉 GIẢM,32.0%,HIGH,2026-06-09,📉 GIẢM,33.0%,HIGH,2026-06-10,📉 GIẢM,34.0%,HIGH,2026-06-11,📉 GIẢM,35.0%,HIGH,2026-06-12,📉 GIẢM,36.0%,HIGH,2026-06-15,📉 GIẢM,37.0%,HIGH,2026-06-16,📉 GIẢM,38.0%,HIGH,2026-06-17,📉 GIẢM,39.0%,HIGH,2026-06-18,📉 GIẢM,40.0%,HIGH,2026-06-19,📉 GIẢM,41.0%,HIGH,2026-06-22,📉 GIẢM,42.0%,HIGH,2026-06-23,📉 GIẢM,43.0%,HIGH,2026-06-24,📉 GIẢM,44.0%,HIGH
BDW,2026-06-01,2026-06-04,📉 GIẢM,23.7%,HIGH,2026-06-05,📉 GIẢM,25.0%,HIGH,2026-06-08,📉 GIẢM,26.3%,HIGH,2026-06-09,📉 GIẢM,27.6%,HIGH,2026-06-10,📉 GIẢM,28.9%,HIGH,2026-06-11,📉 GIẢM,30.3%,HIGH,2026-06-12,📉 GIẢM,31.6%,HIGH,2026-06-15,📉 GIẢM,32.9%,HIGH,2026-06-16,📉 GIẢM,34.2%,HIGH,2026-06-17,📉 GIẢM,35.7%,HIGH,2026-06-18,📉 GIẢM,37.0%,HIGH,2026-06-19,📉 GIẢM,38.3%,HIGH,2026-06-22,📉 GIẢM,39.6%,HIGH,2026-06-23,📉 GIẢM,40.9%,HIGH,2026-06-24,📉 GIẢM,42.2%,HIGH
VLG,2026-06-01,2026-06-04,📉 GIẢM,21.1%,HIGH,2026-06-05,📉 GIẢM,22.5%,HIGH,2026-06-08,📉 GIẢM,24.0%,HIGH,2026-06-09,📉 GIẢM,25.4%,HIGH,2026-06-10,📉 GIẢM,26.9%,HIGH,2026-06-11,📉 GIẢM,28.3%,HIGH,2026-06-12,📉 GIẢM,29.8%,HIGH,2026-06-15,📉 GIẢM,31.2%,HIGH,2026-06-16,📉 GIẢM,32.7%,HIGH,2026-06-17,📉 GIẢM,34.1%,HIGH,2026-06-18,📉 GIẢM,35.5%,HIGH,2026-06-19,📉 GIẢM,37.0%,HIGH,2026-06-22,📉 GIẢM,38.4%,HIGH,2026-06-23,📉 GIẢM,39.9%,HIGH,2026-06-24,📉 GIẢM,41.3%,HIGH
DDB,2026-06-01,2026-06-04,📉 GIẢM,31.3%,MEDIUM,2026-06-05,📉 GIẢM,33.9%,MEDIUM,2026-06-08,📉 GIẢM,34.8%,MEDIUM,2026-06-09,📉 GIẢM,35.6%,HIGH,2026-06-10,📉 GIẢM,36.4%,HIGH,2026-06-11,📉 GIẢM,37.3%,HIGH,2026-06-12,📉 GIẢM,38.1%,HIGH,2026-06-15,📉 GIẢM,39.0%,HIGH,2026-06-16,📉 GIẢM,39.8%,HIGH,2026-06-17,📉 GIẢM,40.7%,HIGH,2026-06-18,📉 GIẢM,41.5%,HIGH,2026-06-19,📉 GIẢM,42.4%,HIGH,2026-06-22,📉 GIẢM,43.2%,HIGH,2026-06-23,📉 GIẢM,44.1%,HIGH,2026-06-24,📉 GIẢM,44.9%,HIGH
LAI,2026-06-01,2026-06-04,📉 GIẢM,22.6%,HIGH,2026-06-05,📉 GIẢM,23.9%,HIGH,2026-06-08,📉 GIẢM,25.3%,HIGH,2026-06-09,📉 GIẢM,26.8%,HIGH,2026-06-10,📉 GIẢM,28.2%,HIGH,2026-06-11,📉 GIẢM,29.5%,HIGH,2026-06-12,📉 GIẢM,30.9%,HIGH,2026-06-15,📉 GIẢM,32.3%,HIGH,2026-06-16,📉 GIẢM,33.6%,HIGH,2026-06-17,📉 GIẢM,35.0%,HIGH,2026-06-18,📉 GIẢM,36.4%,HIGH,2026-06-19,📉 GIẢM,37.7%,HIGH,2026-06-22,📉 GIẢM,39.1%,HIGH,2026-06-23,📉 GIẢM,40.5%,HIGH,2026-06-24,📉 GIẢM,41.8%,HIGH
CTW,2026-06-01,2026-06-04,📉 GIẢM,35.0%,MEDIUM,2026-06-05,📉 GIẢM,35.8%,MEDIUM,2026-06-08,📉 GIẢM,36.5%,MEDIUM,2026-06-09,📉 GIẢM,37.3%,MEDIUM,2026-06-10,📉 GIẢM,38.0%,MEDIUM,2026-06-11,📉 GIẢM,38.8%,HIGH,2026-06-12,📉 GIẢM,39.5%,HIGH,2026-06-15,📉 GIẢM,40.3%,HIGH,2026-06-16,📉 GIẢM,41.0%,HIGH,2026-06-17,📉 GIẢM,41.8%,HIGH,2026-06-18,📉 GIẢM,42.5%,HIGH,2026-06-19,📉 GIẢM,43.3%,HIGH,2026-06-22,📉 GIẢM,44.0%,HIGH,2026-06-23,📉 GIẢM,44.8%,HIGH,2026-06-24,📉 GIẢM,45.5%,HIGH
CBI,2026-06-01,2026-06-04,📉 GIẢM,40.3%,LOW,2026-06-05,📉 GIẢM,40.8%,LOW,2026-06-08,📉 GIẢM,41.2%,LOW,2026-06-09,📉 GIẢM,41.7%,LOW,2026-06-10,📉 GIẢM,42.2%,LOW,2026-06-11,📉 GIẢM,43.0%,LOW,2026-06-12,📉 GIẢM,43.5%,LOW,2026-06-15,📉 GIẢM,43.9%,HIGH,2026-06-16,📉 GIẢM,44.4%,HIGH,2026-06-17,📉 GIẢM,44.9%,HIGH,2026-06-18,📉 GIẢM,45.3%,HIGH,2026-06-19,📉 GIẢM,45.8%,HIGH,2026-06-22,📉 GIẢM,46.2%,HIGH,2026-06-23,📉 GIẢM,46.7%,HIGH,2026-06-24,📉 GIẢM,47.2%,HIGH
TV4,2026-06-01,2026-06-04,📈 TĂNG,53.2%,LOW,2026-06-05,📈 TĂNG,53.2%,LOW,2026-06-08,📈 TĂNG,53.0%,LOW,2026-06-09,📈 TĂNG,52.9%,LOW,2026-06-10,📈 TĂNG,52.7%,LOW,2026-06-11,📈 TĂNG,52.5%,LOW,2026-06-12,📈 TĂNG,52.4%,LOW,2026-06-15,📈 TĂNG,52.2%,LOW,2026-06-16,📈 TĂNG,52.0%,LOW,2026-06-17,📈 TĂNG,51.8%,LOW,2026-06-18,📈 TĂNG,51.7%,HIGH,2026-06-19,📈 TĂNG,51.5%,HIGH,2026-06-22,📈 TĂNG,51.3%,HIGH,2026-06-23,📈 TĂNG,51.2%,HIGH,2026-06-24,📈 TĂNG,51.0%,HIGH
SDV,2026-06-01,2026-06-04,📉 GIẢM,23.7%,HIGH,2026-06-05,📉 GIẢM,24.5%,HIGH,2026-06-08,📉 GIẢM,25.8%,HIGH,2026-06-09,📉 GIẢM,27.2%,HIGH,2026-06-10,📉 GIẢM,28.5%,HIGH,2026-06-11,📉 GIẢM,29.9%,HIGH,2026-06-12,📉 GIẢM,31.7%,HIGH,2026-06-15,📉 GIẢM,33.0%,HIGH,2026-06-16,📉 GIẢM,34.3%,HIGH,2026-06-17,📉 GIẢM,35.7%,HIGH,2026-06-18,📉 GIẢM,37.0%,HIGH,2026-06-19,📉 GIẢM,38.3%,HIGH,2026-06-22,📉 GIẢM,39.6%,HIGH,2026-06-23,📉 GIẢM,40.9%,HIGH,2026-06-24,📉 GIẢM,42.2%,HIGH
FDC,2026-06-01,2026-06-04,📉 GIẢM,39.9%,MEDIUM,2026-06-05,📉 GIẢM,40.4%,LOW,2026-06-08,📉 GIẢM,40.9%,LOW,2026-06-09,📉 GIẢM,41.4%,LOW,2026-06-10,📉 GIẢM,41.9%,LOW,2026-06-11,📉 GIẢM,42.4%,LOW,2026-06-12,📉 GIẢM,42.9%,LOW,2026-06-15,📉 GIẢM,43.4%,HIGH,2026-06-16,📉 GIẢM,43.9%,HIGH,2026-06-17,📉 GIẢM,44.4%,HIGH,2026-06-18,📉 GIẢM,44.9%,HIGH,2026-06-19,📉 GIẢM,45.5%,HIGH,2026-06-22,📉 GIẢM,46.0%,HIGH,2026-06-23,📉 GIẢM,46.5%,HIGH,2026-06-24,📉 GIẢM,47.0%,HIGH
HAN,2026-06-01,2026-06-04,📉 GIẢM,42.1%,LOW,2026-06-05,📉 GIẢM,42.5%,LOW,2026-06-08,📉 GIẢM,42.9%,LOW,2026-06-09,📉 GIẢM,43.3%,LOW,2026-06-10,📉 GIẢM,43.7%,LOW,2026-06-11,📉 GIẢM,44.1%,LOW,2026-06-12,📉 GIẢM,44.5%,LOW,2026-06-15,📉 GIẢM,44.9%,LOW,2026-06-16,📉 GIẢM,45.3%,HIGH,2026-06-17,📉 GIẢM,45.7%,HIGH,2026-06-18,📉 GIẢM,46.1%,HIGH,2026-06-19,📉 GIẢM,46.4%,HIGH,2026-06-22,📉 GIẢM,46.8%,HIGH,2026-06-23,📉 GIẢM,47.2%,HIGH,2026-06-24,📉 GIẢM,47.6%,HIGH
MIC,2026-06-01,2026-06-04,📉 GIẢM,22.3%,HIGH,2026-06-05,📉 GIẢM,23.7%,HIGH,2026-06-08,📉 GIẢM,25.0%,HIGH,2026-06-09,📉 GIẢM,26.4%,HIGH,2026-06-10,📉 GIẢM,27.8%,HIGH,2026-06-11,📉 GIẢM,29.2%,HIGH,2026-06-12,📉 GIẢM,30.6%,HIGH,2026-06-15,📉 GIẢM,32.0%,HIGH,2026-06-16,📉 GIẢM,33.4%,HIGH,2026-06-17,📉 GIẢM,34.7%,HIGH,2026-06-18,📉 GIẢM,36.1%,HIGH,2026-06-19,📉 GIẢM,37.5%,HIGH,2026-06-22,📉 GIẢM,38.9%,HIGH,2026-06-23,📉 GIẢM,40.3%,HIGH,2026-06-24,📉 GIẢM,41.7%,HIGH
PSL,2026-06-01,2026-06-04,📉 GIẢM,30.8%,MEDIUM,2026-06-05,📉 GIẢM,31.7%,HIGH,2026-06-08,📉 GIẢM,32.7%,HIGH,2026-06-09,📉 GIẢM,33.6%,HIGH,2026-06-10,📉 GIẢM,34.6%,HIGH,2026-06-11,📉 GIẢM,35.6%,HIGH,2026-06-12,📉 GIẢM,36.8%,HIGH,2026-06-15,📉 GIẢM,38.2%,HIGH,2026-06-16,📉 GIẢM,39.1%,HIGH,2026-06-17,📉 GIẢM,40.0%,HIGH,2026-06-18,📉 GIẢM,40.9%,HIGH,2026-06-19,📉 GIẢM,41.8%,HIGH,2026-06-22,📉 GIẢM,42.7%,HIGH,2026-06-23,📉 GIẢM,43.6%,HIGH,2026-06-24,📉 GIẢM,44.5%,HIGH
SIG,2026-06-01,2026-06-04,📉 GIẢM,22.0%,HIGH,2026-06-05,📉 GIẢM,23.4%,HIGH,2026-06-08,📉 GIẢM,24.8%,HIGH,2026-06-09,📉 GIẢM,26.2%,HIGH,2026-06-10,📉 GIẢM,27.6%,HIGH,2026-06-11,📉 GIẢM,29.0%,HIGH,2026-06-12,📉 GIẢM,30.4%,HIGH,2026-06-15,📉 GIẢM,31.8%,HIGH,2026-06-16,📉 GIẢM,33.2%,HIGH,2026-06-17,📉 GIẢM,34.6%,HIGH,2026-06-18,📉 GIẢM,36.0%,HIGH,2026-06-19,📉 GIẢM,37.4%,HIGH,2026-06-22,📉 GIẢM,38.8%,HIGH,2026-06-23,📉 GIẢM,40.2%,HIGH,2026-06-24,📉 GIẢM,41.6%,HIGH
L35,2026-06-01,2026-06-04,📉 GIẢM,49.4%,LOW,2026-06-05,📉 GIẢM,49.2%,LOW,2026-06-08,📉 GIẢM,49.2%,LOW,2026-06-09,📉 GIẢM,49.3%,LOW,2026-06-10,📉 GIẢM,49.3%,LOW,2026-06-11,📉 GIẢM,49.4%,LOW,2026-06-12,📉 GIẢM,49.4%,LOW,2026-06-15,📉 GIẢM,49.4%,LOW,2026-06-16,📉 GIẢM,49.5%,LOW,2026-06-17,📉 GIẢM,49.5%,LOW,2026-06-18,📉 GIẢM,49.6%,HIGH,2026-06-19,📉 GIẢM,49.6%,HIGH,2026-06-22,📉 GIẢM,49.7%,HIGH,2026-06-23,📉 GIẢM,49.7%,HIGH,2026-06-24,📉 GIẢM,49.7%,HIGH
TTC,2026-06-01,2026-06-04,📉 GIẢM,27.4%,HIGH,2026-06-05,📉 GIẢM,27.7%,HIGH,2026-06-08,📉 GIẢM,28.9%,HIGH,2026-06-09,📉 GIẢM,30.0%,HIGH,2026-06-10,📉 GIẢM,31.2%,HIGH,2026-06-11,📉 GIẢM,32.4%,HIGH,2026-06-12,📉 GIẢM,33.6%,HIGH,2026-06-15,📉 GIẢM,34.7%,HIGH,2026-06-16,📉 GIẢM,35.9%,HIGH,2026-06-17,📉 GIẢM,37.1%,HIGH,2026-06-18,📉 GIẢM,38.3%,HIGH,2026-06-19,📉 GIẢM,39.4%,HIGH,2026-06-22,📉 GIẢM,40.6%,HIGH,2026-06-23,📉 GIẢM,41.8%,HIGH,2026-06-24,📉 GIẢM,43.0%,HIGH
NDX,2026-06-01,2026-06-04,📉 GIẢM,17.3%,HIGH,2026-06-05,📉 GIẢM,19.0%,HIGH,2026-06-08,📉 GIẢM,20.6%,HIGH,2026-06-09,📉 GIẢM,22.3%,HIGH,2026-06-10,📉 GIẢM,23.9%,HIGH,2026-06-11,📉 GIẢM,25.5%,HIGH,2026-06-12,📉 GIẢM,27.2%,HIGH,2026-06-15,📉 GIẢM,28.8%,HIGH,2026-06-16,📉 GIẢM,30.4%,HIGH,2026-06-17,📉 GIẢM,32.0%,HIGH,2026-06-18,📉 GIẢM,33.7%,HIGH,2026-06-19,📉 GIẢM,35.3%,HIGH,2026-06-22,📉 GIẢM,37.1%,HIGH,2026-06-23,📉 GIẢM,38.7%,HIGH,2026-06-24,📉 GIẢM,40.3%,HIGH
HDM,2026-06-01,2026-06-04,📉 GIẢM,25.1%,HIGH,2026-06-05,📉 GIẢM,26.3%,HIGH,2026-06-08,📉 GIẢM,27.5%,HIGH,2026-06-09,📉 GIẢM,28.8%,HIGH,2026-06-10,📉 GIẢM,30.0%,HIGH,2026-06-11,📉 GIẢM,31.3%,HIGH,2026-06-12,📉 GIẢM,32.5%,HIGH,2026-06-15,📉 GIẢM,33.8%,HIGH,2026-06-16,📉 GIẢM,35.0%,HIGH,2026-06-17,📉 GIẢM,36.3%,HIGH,2026-06-18,📉 GIẢM,37.5%,HIGH,2026-06-19,📉 GIẢM,38.8%,HIGH,2026-06-22,📉 GIẢM,40.0%,HIGH,2026-06-23,📉 GIẢM,41.3%,HIGH,2026-06-24,📉 GIẢM,42.5%,HIGH
CNT,2026-06-01,2026-06-04,📉 GIẢM,24.2%,HIGH,2026-06-05,📉 GIẢM,25.5%,HIGH,2026-06-08,📉 GIẢM,26.8%,HIGH,2026-06-09,📉 GIẢM,28.1%,HIGH,2026-06-10,📉 GIẢM,29.4%,HIGH,2026-06-11,📉 GIẢM,30.7%,HIGH,2026-06-12,📉 GIẢM,32.0%,HIGH,2026-06-15,📉 GIẢM,33.2%,HIGH,2026-06-16,📉 GIẢM,34.4%,HIGH,2026-06-17,📉 GIẢM,35.7%,HIGH,2026-06-18,📉 GIẢM,37.0%,HIGH,2026-06-19,📉 GIẢM,38.3%,HIGH,2026-06-22,📉 GIẢM,39.6%,HIGH,2026-06-23,📉 GIẢM,40.9%,HIGH,2026-06-24,📉 GIẢM,42.2%,HIGH
CGV,2026-06-01,2026-06-04,📉 GIẢM,31.4%,MEDIUM,2026-06-05,📉 GIẢM,32.4%,MEDIUM,2026-06-08,📉 GIẢM,33.3%,HIGH,2026-06-09,📉 GIẢM,31.9%,HIGH,2026-06-10,📉 GIẢM,32.9%,HIGH,2026-06-11,📉 GIẢM,34.0%,HIGH,2026-06-12,📉 GIẢM,35.1%,HIGH,2026-06-15,📉 GIẢM,36.1%,HIGH,2026-06-16,📉 GIẢM,37.2%,HIGH,2026-06-17,📉 GIẢM,38.7%,HIGH,2026-06-18,📉 GIẢM,39.7%,HIGH,2026-06-19,📉 GIẢM,40.8%,HIGH,2026-06-22,📉 GIẢM,41.8%,HIGH,2026-06-23,📉 GIẢM,42.8%,HIGH,2026-06-24,📉 GIẢM,43.8%,HIGH
SAF,2026-06-01,2026-06-04,📉 GIẢM,40.3%,LOW,2026-06-05,📉 GIẢM,40.5%,LOW,2026-06-08,📉 GIẢM,41.0%,LOW,2026-06-09,📉 GIẢM,41.3%,LOW,2026-06-10,📉 GIẢM,41.8%,LOW,2026-06-11,📉 GIẢM,42.3%,LOW,2026-06-12,📉 GIẢM,42.8%,LOW,2026-06-15,📉 GIẢM,43.3%,HIGH,2026-06-16,📉 GIẢM,43.8%,HIGH,2026-06-17,📉 GIẢM,43.2%,HIGH,2026-06-18,📉 GIẢM,43.8%,HIGH,2026-06-19,📉 GIẢM,44.4%,HIGH,2026-06-22,📉 GIẢM,45.1%,HIGH,2026-06-23,📉 GIẢM,45.7%,HIGH,2026-06-24,📉 GIẢM,46.3%,HIGH
STC,2026-06-01,2026-06-04,📉 GIẢM,35.9%,MEDIUM,2026-06-05,📉 GIẢM,36.6%,MEDIUM,2026-06-08,📉 GIẢM,37.1%,MEDIUM,2026-06-09,📉 GIẢM,37.8%,MEDIUM,2026-06-10,📉 GIẢM,38.5%,MEDIUM,2026-06-11,📉 GIẢM,39.3%,HIGH,2026-06-12,📉 GIẢM,40.0%,HIGH,2026-06-15,📉 GIẢM,40.7%,HIGH,2026-06-16,📉 GIẢM,41.4%,HIGH,2026-06-17,📉 GIẢM,42.1%,HIGH,2026-06-18,📉 GIẢM,42.8%,HIGH,2026-06-19,📉 GIẢM,43.6%,HIGH,2026-06-22,📉 GIẢM,44.3%,HIGH,2026-06-23,📉 GIẢM,45.0%,HIGH,2026-06-24,📉 GIẢM,45.6%,HIGH
DCR,2026-06-01,2026-06-04,📉 GIẢM,36.7%,MEDIUM,2026-06-05,📉 GIẢM,36.9%,MEDIUM,2026-06-08,📉 GIẢM,37.6%,MEDIUM,2026-06-09,📉 GIẢM,38.2%,MEDIUM,2026-06-10,📉 GIẢM,38.9%,MEDIUM,2026-06-11,📉 GIẢM,39.6%,HIGH,2026-06-12,📉 GIẢM,40.3%,HIGH,2026-06-15,📉 GIẢM,41.0%,HIGH,2026-06-16,📉 GIẢM,41.7%,HIGH,2026-06-17,📉 GIẢM,42.4%,HIGH,2026-06-18,📉 GIẢM,43.1%,HIGH,2026-06-19,📉 GIẢM,44.0%,HIGH,2026-06-22,📉 GIẢM,44.6%,HIGH,2026-06-23,📉 GIẢM,45.3%,HIGH,2026-06-24,📉 GIẢM,46.0%,HIGH
BGW,2026-06-01,2026-06-04,📉 GIẢM,35.7%,MEDIUM,2026-06-05,📉 GIẢM,36.2%,MEDIUM,2026-06-08,📉 GIẢM,36.9%,MEDIUM,2026-06-09,📉 GIẢM,37.6%,MEDIUM,2026-06-10,📉 GIẢM,38.2%,MEDIUM,2026-06-11,📉 GIẢM,38.9%,HIGH,2026-06-12,📉 GIẢM,39.7%,HIGH,2026-06-15,📉 GIẢM,40.4%,HIGH,2026-06-16,📉 GIẢM,40.6%,HIGH,2026-06-17,📉 GIẢM,41.4%,HIGH,2026-06-18,📉 GIẢM,42.2%,HIGH,2026-06-19,📉 GIẢM,42.8%,HIGH,2026-06-22,📉 GIẢM,43.6%,HIGH,2026-06-23,📉 GIẢM,44.4%,HIGH,2026-06-24,📉 GIẢM,44.8%,HIGH
LAF,2026-06-01,2026-06-04,📉 GIẢM,48.5%,LOW,2026-06-05,📉 GIẢM,48.6%,LOW,2026-06-08,📉 GIẢM,48.5%,LOW,2026-06-09,📉 GIẢM,48.6%,LOW,2026-06-10,📉 GIẢM,48.7%,LOW,2026-06-11,📉 GIẢM,48.8%,LOW,2026-06-12,📉 GIẢM,48.9%,LOW,2026-06-15,📉 GIẢM,48.9%,LOW,2026-06-16,📉 GIẢM,49.0%,LOW,2026-06-17,📉 GIẢM,49.1%,LOW,2026-06-18,📉 GIẢM,49.2%,HIGH,2026-06-19,📉 GIẢM,49.3%,HIGH,2026-06-22,📉 GIẢM,49.3%,HIGH,2026-06-23,📉 GIẢM,49.4%,HIGH,2026-06-24,📉 GIẢM,49.5%,HIGH
VID,2026-06-01,2026-06-04,📉 GIẢM,28.5%,HIGH,2026-06-05,📉 GIẢM,29.6%,HIGH,2026-06-08,📉 GIẢM,30.6%,HIGH,2026-06-09,📉 GIẢM,31.7%,HIGH,2026-06-10,📉 GIẢM,32.8%,HIGH,2026-06-11,📉 GIẢM,33.9%,HIGH,2026-06-12,📉 GIẢM,34.9%,HIGH,2026-06-15,📉 GIẢM,36.0%,HIGH,2026-06-16,📉 GIẢM,37.1%,HIGH,2026-06-17,📉 GIẢM,38.2%,HIGH,2026-06-18,📉 GIẢM,39.2%,HIGH,2026-06-19,📉 GIẢM,40.3%,HIGH,2026-06-22,📉 GIẢM,41.4%,HIGH,2026-06-23,📉 GIẢM,42.5%,HIGH,2026-06-24,📉 GIẢM,43.5%,HIGH
BBT,2026-06-01,2026-06-04,📉 GIẢM,28.7%,HIGH,2026-06-05,📉 GIẢM,29.8%,HIGH,2026-06-08,📉 GIẢM,30.8%,HIGH,2026-06-09,📉 GIẢM,31.9%,HIGH,2026-06-10,📉 GIẢM,33.0%,HIGH,2026-06-11,📉 GIẢM,34.0%,HIGH,2026-06-12,📉 GIẢM,35.1%,HIGH,2026-06-15,📉 GIẢM,36.2%,HIGH,2026-06-16,📉 GIẢM,37.2%,HIGH,2026-06-17,📉 GIẢM,38.3%,HIGH,2026-06-18,📉 GIẢM,39.4%,HIGH,2026-06-19,📉 GIẢM,40.4%,HIGH,2026-06-22,📉 GIẢM,41.5%,HIGH,2026-06-23,📉 GIẢM,42.6%,HIGH,2026-06-24,📉 GIẢM,43.6%,HIGH
ACL,2026-06-01,2026-06-04,📉 GIẢM,29.1%,HIGH,2026-06-05,📉 GIẢM,30.1%,HIGH,2026-06-08,📉 GIẢM,31.2%,HIGH,2026-06-09,📉 GIẢM,32.2%,HIGH,2026-06-10,📉 GIẢM,33.3%,HIGH,2026-06-11,📉 GIẢM,34.3%,HIGH,2026-06-12,📉 GIẢM,35.4%,HIGH,2026-06-15,📉 GIẢM,36.4%,HIGH,2026-06-16,📉 GIẢM,37.4%,HIGH,2026-06-17,📉 GIẢM,38.5%,HIGH,2026-06-18,📉 GIẢM,39.5%,HIGH,2026-06-19,📉 GIẢM,40.6%,HIGH,2026-06-22,📉 GIẢM,41.6%,HIGH,2026-06-23,📉 GIẢM,42.7%,HIGH,2026-06-24,📉 GIẢM,43.7%,HIGH
GMC,2026-06-01,2026-06-04,📈 TĂNG,64.0%,MEDIUM,2026-06-05,📈 TĂNG,62.6%,MEDIUM,2026-06-08,📈 TĂNG,62.0%,MEDIUM,2026-06-09,📈 TĂNG,61.6%,MEDIUM,2026-06-10,📈 TĂNG,61.6%,MEDIUM,2026-06-11,📈 TĂNG,60.9%,HIGH,2026-06-12,📈 TĂNG,60.1%,HIGH,2026-06-15,📈 TĂNG,59.4%,HIGH,2026-06-16,📈 TĂNG,58.7%,HIGH,2026-06-17,📈 TĂNG,58.0%,HIGH,2026-06-18,📈 TĂNG,57.2%,HIGH,2026-06-19,📈 TĂNG,56.5%,HIGH,2026-06-22,📈 TĂNG,55.8%,HIGH,2026-06-23,📈 TĂNG,55.1%,HIGH,2026-06-24,📈 TĂNG,54.3%,HIGH
PHN,2026-06-01,2026-06-04,📉 GIẢM,26.2%,HIGH,2026-06-05,📉 GIẢM,27.4%,HIGH,2026-06-08,📉 GIẢM,28.6%,HIGH,2026-06-09,📉 GIẢM,29.8%,HIGH,2026-06-10,📉 GIẢM,31.0%,HIGH,2026-06-11,📉 GIẢM,32.2%,HIGH,2026-06-12,📉 GIẢM,33.4%,HIGH,2026-06-15,📉 GIẢM,34.5%,HIGH,2026-06-16,📉 GIẢM,35.7%,HIGH,2026-06-17,📉 GIẢM,36.9%,HIGH,2026-06-18,📉 GIẢM,38.2%,HIGH,2026-06-19,📉 GIẢM,39.4%,HIGH,2026-06-22,📉 GIẢM,40.6%,HIGH,2026-06-23,📉 GIẢM,41.7%,HIGH,2026-06-24,📉 GIẢM,43.1%,HIGH
SD5,2026-06-01,2026-06-04,📉 GIẢM,49.3%,LOW,2026-06-05,📉 GIẢM,49.4%,LOW,2026-06-08,📉 GIẢM,49.4%,LOW,2026-06-09,📉 GIẢM,49.4%,LOW,2026-06-10,📉 GIẢM,49.5%,LOW,2026-06-11,📉 GIẢM,49.5%,LOW,2026-06-12,📉 GIẢM,49.5%,LOW,2026-06-15,📉 GIẢM,49.6%,LOW,2026-06-16,📉 GIẢM,49.6%,LOW,2026-06-17,📉 GIẢM,49.6%,LOW,2026-06-18,📉 GIẢM,49.7%,HIGH,2026-06-19,📉 GIẢM,49.7%,HIGH,2026-06-22,📉 GIẢM,49.7%,HIGH,2026-06-23,📉 GIẢM,49.8%,HIGH,2026-06-24,📉 GIẢM,49.8%,HIGH
SMT,2026-06-01,2026-06-04,📉 GIẢM,35.9%,MEDIUM,2026-06-05,📉 GIẢM,36.6%,MEDIUM,2026-06-08,📉 GIẢM,37.3%,MEDIUM,2026-06-09,📉 GIẢM,38.0%,MEDIUM,2026-06-10,📉 GIẢM,38.7%,MEDIUM,2026-06-11,📉 GIẢM,39.4%,HIGH,2026-06-12,📉 GIẢM,40.1%,HIGH,2026-06-15,📉 GIẢM,40.8%,HIGH,2026-06-16,📉 GIẢM,41.6%,HIGH,2026-06-17,📉 GIẢM,42.3%,HIGH,2026-06-18,📉 GIẢM,43.0%,HIGH,2026-06-19,📉 GIẢM,43.7%,HIGH,2026-06-22,📉 GIẢM,44.4%,HIGH,2026-06-23,📉 GIẢM,45.1%,HIGH,2026-06-24,📉 GIẢM,45.8%,HIGH
RTB,2026-06-01,2026-06-04,📉 GIẢM,38.3%,MEDIUM,2026-06-05,📉 GIẢM,38.9%,MEDIUM,2026-06-08,📉 GIẢM,39.5%,MEDIUM,2026-06-09,📉 GIẢM,40.1%,LOW,2026-06-10,📉 GIẢM,40.7%,LOW,2026-06-11,📉 GIẢM,41.2%,LOW,2026-06-12,📉 GIẢM,41.8%,HIGH,2026-06-15,📉 GIẢM,42.4%,HIGH,2026-06-16,📉 GIẢM,43.0%,HIGH,2026-06-17,📉 GIẢM,43.6%,HIGH,2026-06-18,📉 GIẢM,44.2%,HIGH,2026-06-19,📉 GIẢM,44.8%,HIGH,2026-06-22,📉 GIẢM,45.4%,HIGH,2026-06-23,📉 GIẢM,45.9%,HIGH,2026-06-24,📉 GIẢM,46.5%,HIGH
DAD,2026-06-01,2026-06-04,📉 GIẢM,33.3%,MEDIUM,2026-06-05,📉 GIẢM,34.1%,MEDIUM,2026-06-08,📉 GIẢM,34.9%,MEDIUM,2026-06-09,📉 GIẢM,35.8%,HIGH,2026-06-10,📉 GIẢM,36.6%,HIGH,2026-06-11,📉 GIẢM,37.5%,HIGH,2026-06-12,📉 GIẢM,38.3%,HIGH,2026-06-15,📉 GIẢM,39.1%,HIGH,2026-06-16,📉 GIẢM,40.0%,HIGH,2026-06-17,📉 GIẢM,40.8%,HIGH,2026-06-18,📉 GIẢM,41.6%,HIGH,2026-06-19,📉 GIẢM,42.5%,HIGH,2026-06-22,📉 GIẢM,43.3%,HIGH,2026-06-23,📉 GIẢM,44.1%,HIGH,2026-06-24,📉 GIẢM,45.0%,HIGH
DS3,2026-06-01,2026-06-04,📈 TĂNG,56.8%,LOW,2026-06-05,📈 TĂNG,56.0%,LOW,2026-06-08,📈 TĂNG,57.2%,LOW,2026-06-09,📈 TĂNG,56.8%,LOW,2026-06-10,📈 TĂNG,56.4%,LOW,2026-06-11,📈 TĂNG,56.0%,LOW,2026-06-12,📈 TĂNG,55.6%,LOW,2026-06-15,📈 TĂNG,55.2%,LOW,2026-06-16,📈 TĂNG,54.8%,HIGH,2026-06-17,📈 TĂNG,54.4%,HIGH,2026-06-18,📈 TĂNG,54.0%,HIGH,2026-06-19,📈 TĂNG,53.6%,HIGH,2026-06-22,📈 TĂNG,53.2%,HIGH,2026-06-23,📈 TĂNG,52.8%,HIGH,2026-06-24,📈 TĂNG,52.4%,HIGH
FGL,2026-06-01,2026-06-04,📈 TĂNG,51.3%,LOW,2026-06-05,📉 GIẢM,46.3%,LOW,2026-06-08,📈 TĂNG,51.2%,LOW,2026-06-09,📉 GIẢM,46.7%,LOW,2026-06-10,📈 TĂNG,51.0%,LOW,2026-06-11,📉 GIẢM,47.1%,LOW,2026-06-12,📈 TĂNG,50.9%,LOW,2026-06-15,📉 GIẢM,47.5%,LOW,2026-06-16,📈 TĂNG,50.8%,LOW,2026-06-17,📉 GIẢM,47.9%,HIGH,2026-06-18,📈 TĂNG,50.7%,HIGH,2026-06-19,📉 GIẢM,48.2%,HIGH,2026-06-22,📈 TĂNG,50.5%,HIGH,2026-06-23,📉 GIẢM,48.6%,HIGH,2026-06-24,📈 TĂNG,50.4%,HIGH
TSD,2026-06-01,2026-06-04,📈 TĂNG,59.9%,LOW,2026-06-05,📈 TĂNG,60.0%,MEDIUM,2026-06-08,📈 TĂNG,59.5%,LOW,2026-06-09,📈 TĂNG,59.0%,LOW,2026-06-10,📈 TĂNG,58.5%,LOW,2026-06-11,📈 TĂNG,57.9%,LOW,2026-06-12,📈 TĂNG,57.4%,LOW,2026-06-15,📈 TĂNG,56.9%,HIGH,2026-06-16,📈 TĂNG,56.3%,HIGH,2026-06-17,📈 TĂNG,55.8%,HIGH,2026-06-18,📈 TĂNG,55.2%,HIGH,2026-06-19,📈 TĂNG,54.7%,HIGH,2026-06-22,📈 TĂNG,54.2%,HIGH,2026-06-23,📈 TĂNG,53.6%,HIGH,2026-06-24,📈 TĂNG,53.1%,HIGH
IDP,2026-06-01,2026-06-04,📉 GIẢM,37.4%,MEDIUM,2026-06-05,📉 GIẢM,37.6%,MEDIUM,2026-06-08,📉 GIẢM,38.3%,MEDIUM,2026-06-09,📉 GIẢM,38.9%,MEDIUM,2026-06-10,📉 GIẢM,39.6%,MEDIUM,2026-06-11,📉 GIẢM,40.2%,LOW,2026-06-12,📉 GIẢM,40.9%,HIGH,2026-06-15,📉 GIẢM,41.5%,HIGH,2026-06-16,📉 GIẢM,42.2%,HIGH,2026-06-17,📉 GIẢM,42.8%,HIGH,2026-06-18,📉 GIẢM,43.5%,HIGH,2026-06-19,📉 GIẢM,44.1%,HIGH,2026-06-22,📉 GIẢM,44.8%,HIGH,2026-06-23,📉 GIẢM,45.4%,HIGH,2026-06-24,📉 GIẢM,46.1%,HIGH
THM,2026-06-01,2026-06-04,📈 TĂNG,73.8%,HIGH,2026-06-05,📈 TĂNG,72.6%,HIGH,2026-06-08,📈 TĂNG,71.2%,HIGH,2026-06-09,📈 TĂNG,70.1%,HIGH,2026-06-10,📈 TĂNG,69.1%,HIGH,2026-06-11,📈 TĂNG,67.9%,HIGH,2026-06-12,📈 TĂNG,66.7%,HIGH,2026-06-15,📈 TĂNG,65.5%,HIGH,2026-06-16,📈 TĂNG,64.8%,HIGH,2026-06-17,📈 TĂNG,63.6%,HIGH,2026-06-18,📈 TĂNG,62.4%,HIGH,2026-06-19,📈 TĂNG,61.1%,HIGH,2026-06-22,📈 TĂNG,59.9%,HIGH,2026-06-23,📈 TĂNG,58.7%,HIGH,2026-06-24,📈 TĂNG,57.4%,HIGH
PRT,2026-06-01,2026-06-04,📈 TĂNG,54.9%,LOW,2026-06-05,📈 TĂNG,55.3%,LOW,2026-06-08,📈 TĂNG,55.0%,LOW,2026-06-09,📈 TĂNG,54.7%,LOW,2026-06-10,📈 TĂNG,54.4%,LOW,2026-06-11,📈 TĂNG,54.2%,LOW,2026-06-12,📈 TĂNG,53.9%,LOW,2026-06-15,📈 TĂNG,53.6%,LOW,2026-06-16,📈 TĂNG,53.3%,LOW,2026-06-17,📈 TĂNG,53.1%,HIGH,2026-06-18,📈 TĂNG,52.8%,HIGH,2026-06-19,📈 TĂNG,52.5%,HIGH,2026-06-22,📈 TĂNG,52.2%,HIGH,2026-06-23,📈 TĂNG,51.9%,HIGH,2026-06-24,📈 TĂNG,51.7%,HIGH
SGH,2026-06-01,2026-06-04,📈 TĂNG,60.7%,MEDIUM,2026-06-05,📈 TĂNG,58.3%,LOW,2026-06-08,📈 TĂNG,57.9%,LOW,2026-06-09,📈 TĂNG,57.4%,LOW,2026-06-10,📈 TĂNG,57.0%,LOW,2026-06-11,📈 TĂNG,56.6%,LOW,2026-06-12,📈 TĂNG,56.1%,LOW,2026-06-15,📈 TĂNG,55.7%,LOW,2026-06-16,📈 TĂNG,55.3%,HIGH,2026-06-17,📈 TĂNG,54.8%,HIGH,2026-06-18,📈 TĂNG,54.6%,HIGH,2026-06-19,📈 TĂNG,54.5%,HIGH,2026-06-22,📈 TĂNG,54.0%,HIGH,2026-06-23,📈 TĂNG,53.5%,HIGH,2026-06-24,📈 TĂNG,53.0%,HIGH
HTM,2026-06-01,2026-06-04,📉 GIẢM,32.6%,MEDIUM,2026-06-05,📉 GIẢM,36.1%,MEDIUM,2026-06-08,📉 GIẢM,36.8%,MEDIUM,2026-06-09,📉 GIẢM,37.6%,MEDIUM,2026-06-10,📉 GIẢM,38.3%,MEDIUM,2026-06-11,📉 GIẢM,39.0%,HIGH,2026-06-12,📉 GIẢM,39.8%,HIGH,2026-06-15,📉 GIẢM,40.5%,HIGH,2026-06-16,📉 GIẢM,41.2%,HIGH,2026-06-17,📉 GIẢM,42.0%,HIGH,2026-06-18,📉 GIẢM,42.7%,HIGH,2026-06-19,📉 GIẢM,43.4%,HIGH,2026-06-22,📉 GIẢM,44.2%,HIGH,2026-06-23,📉 GIẢM,44.9%,HIGH,2026-06-24,📉 GIẢM,45.6%,HIGH
BMK,2026-06-01,2026-06-04,📉 GIẢM,22.8%,HIGH,2026-06-05,📉 GIẢM,24.2%,HIGH,2026-06-08,📉 GIẢM,25.9%,HIGH,2026-06-09,📉 GIẢM,25.3%,HIGH,2026-06-10,📉 GIẢM,26.7%,HIGH,2026-06-11,📉 GIẢM,28.2%,HIGH,2026-06-12,📉 GIẢM,29.6%,HIGH,2026-06-15,📉 GIẢM,31.1%,HIGH,2026-06-16,📉 GIẢM,32.7%,HIGH,2026-06-17,📉 GIẢM,34.1%,HIGH,2026-06-18,📉 GIẢM,35.8%,HIGH,2026-06-19,📉 GIẢM,37.2%,HIGH,2026-06-22,📉 GIẢM,38.7%,HIGH,2026-06-23,📉 GIẢM,40.1%,HIGH,2026-06-24,📉 GIẢM,41.5%,HIGH
YBC,2026-06-01,2026-06-04,📉 GIẢM,24.1%,HIGH,2026-06-05,📉 GIẢM,25.4%,HIGH,2026-06-08,📉 GIẢM,26.7%,HIGH,2026-06-09,📉 GIẢM,28.0%,HIGH,2026-06-10,📉 GIẢM,29.3%,HIGH,2026-06-11,📉 GIẢM,30.6%,HIGH,2026-06-12,📉 GIẢM,31.9%,HIGH,2026-06-15,📉 GIẢM,33.2%,HIGH,2026-06-16,📉 GIẢM,34.5%,HIGH,2026-06-17,📉 GIẢM,36.0%,HIGH,2026-06-18,📉 GIẢM,37.2%,HIGH,2026-06-19,📉 GIẢM,38.5%,HIGH,2026-06-22,📉 GIẢM,39.8%,HIGH,2026-06-23,📉 GIẢM,41.1%,HIGH,2026-06-24,📉 GIẢM,42.3%,HIGH
POT,2026-06-01,2026-06-04,📉 GIẢM,29.4%,HIGH,2026-06-05,📉 GIẢM,30.4%,HIGH,2026-06-08,📉 GIẢM,31.4%,HIGH,2026-06-09,📉 GIẢM,32.4%,HIGH,2026-06-10,📉 GIẢM,33.5%,HIGH,2026-06-11,📉 GIẢM,34.5%,HIGH,2026-06-12,📉 GIẢM,35.5%,HIGH,2026-06-15,📉 GIẢM,36.6%,HIGH,2026-06-16,📉 GIẢM,37.6%,HIGH,2026-06-17,📉 GIẢM,38.6%,HIGH,2026-06-18,📉 GIẢM,39.6%,HIGH,2026-06-19,📉 GIẢM,41.0%,HIGH,2026-06-22,📉 GIẢM,42.0%,HIGH,2026-06-23,📉 GIẢM,43.0%,HIGH,2026-06-24,📉 GIẢM,44.0%,HIGH
ISH,2026-06-01,2026-06-04,📉 GIẢM,35.8%,MEDIUM,2026-06-05,📉 GIẢM,37.1%,MEDIUM,2026-06-08,📉 GIẢM,37.8%,MEDIUM,2026-06-09,📉 GIẢM,38.5%,MEDIUM,2026-06-10,📉 GIẢM,39.2%,MEDIUM,2026-06-11,📉 GIẢM,39.8%,HIGH,2026-06-12,📉 GIẢM,40.6%,HIGH,2026-06-15,📉 GIẢM,41.2%,HIGH,2026-06-16,📉 GIẢM,41.9%,HIGH,2026-06-17,📉 GIẢM,42.6%,HIGH,2026-06-18,📉 GIẢM,43.3%,HIGH,2026-06-19,📉 GIẢM,43.9%,HIGH,2026-06-22,📉 GIẢM,44.6%,HIGH,2026-06-23,📉 GIẢM,45.3%,HIGH,2026-06-24,📉 GIẢM,46.0%,HIGH
NBT,2026-06-01,2026-06-04,📉 GIẢM,25.4%,HIGH,2026-06-05,📉 GIẢM,26.8%,HIGH,2026-06-08,📉 GIẢM,28.0%,HIGH,2026-06-09,📉 GIẢM,29.2%,HIGH,2026-06-10,📉 GIẢM,30.4%,HIGH,2026-06-11,📉 GIẢM,31.7%,HIGH,2026-06-12,📉 GIẢM,32.9%,HIGH,2026-06-15,📉 GIẢM,34.1%,HIGH,2026-06-16,📉 GIẢM,35.3%,HIGH,2026-06-17,📉 GIẢM,36.6%,HIGH,2026-06-18,📉 GIẢM,37.8%,HIGH,2026-06-19,📉 GIẢM,39.0%,HIGH,2026-06-22,📉 GIẢM,40.2%,HIGH,2026-06-23,📉 GIẢM,41.4%,HIGH,2026-06-24,📉 GIẢM,42.7%,HIGH
L10,2026-06-01,2026-06-04,📈 TĂNG,55.7%,LOW,2026-06-05,📈 TĂNG,52.8%,LOW,2026-06-08,📈 TĂNG,52.6%,LOW,2026-06-09,📈 TĂNG,52.5%,LOW,2026-06-10,📈 TĂNG,53.1%,LOW,2026-06-11,📈 TĂNG,52.9%,LOW,2026-06-12,📈 TĂNG,52.7%,LOW,2026-06-15,📈 TĂNG,52.8%,LOW,2026-06-16,📈 TĂNG,52.6%,LOW,2026-06-17,📈 TĂNG,52.3%,HIGH,2026-06-18,📈 TĂNG,52.1%,HIGH,2026-06-19,📈 TĂNG,51.9%,HIGH,2026-06-22,📈 TĂNG,51.7%,HIGH,2026-06-23,📈 TĂNG,51.5%,HIGH,2026-06-24,📈 TĂNG,51.4%,HIGH
PEN,2026-06-01,2026-06-04,📉 GIẢM,31.6%,MEDIUM,2026-06-05,📉 GIẢM,32.5%,MEDIUM,2026-06-08,📉 GIẢM,33.5%,HIGH,2026-06-09,📉 GIẢM,34.4%,HIGH,2026-06-10,📉 GIẢM,35.3%,HIGH,2026-06-11,📉 GIẢM,36.2%,HIGH,2026-06-12,📉 GIẢM,37.1%,HIGH,2026-06-15,📉 GIẢM,38.0%,HIGH,2026-06-16,📉 GIẢM,38.9%,HIGH,2026-06-17,📉 GIẢM,39.9%,HIGH,2026-06-18,📉 GIẢM,40.8%,HIGH,2026-06-19,📉 GIẢM,41.7%,HIGH,2026-06-22,📉 GIẢM,42.6%,HIGH,2026-06-23,📉 GIẢM,43.5%,HIGH,2026-06-24,📉 GIẢM,44.5%,HIGH
VET,2026-06-01,2026-06-04,📈 TĂNG,57.1%,LOW,2026-06-05,📈 TĂNG,56.4%,LOW,2026-06-08,📈 TĂNG,56.0%,LOW,2026-06-09,📈 TĂNG,55.7%,LOW,2026-06-10,📈 TĂNG,55.4%,LOW,2026-06-11,📈 TĂNG,55.0%,LOW,2026-06-12,📈 TĂNG,54.7%,LOW,2026-06-15,📈 TĂNG,54.4%,LOW,2026-06-16,📈 TĂNG,54.0%,HIGH,2026-06-17,📈 TĂNG,53.7%,HIGH,2026-06-18,📈 TĂNG,53.4%,HIGH,2026-06-19,📈 TĂNG,53.0%,HIGH,2026-06-22,📈 TĂNG,52.7%,HIGH,2026-06-23,📈 TĂNG,52.4%,HIGH,2026-06-24,📈 TĂNG,52.1%,HIGH
VTH,2026-06-01,2026-06-04,📉 GIẢM,30.2%,MEDIUM,2026-06-05,📉 GIẢM,31.2%,HIGH,2026-06-08,📉 GIẢM,32.2%,HIGH,2026-06-09,📉 GIẢM,33.2%,HIGH,2026-06-10,📉 GIẢM,34.2%,HIGH,2026-06-11,📉 GIẢM,35.2%,HIGH,2026-06-12,📉 GIẢM,36.2%,HIGH,2026-06-15,📉 GIẢM,37.2%,HIGH,2026-06-16,📉 GIẢM,38.1%,HIGH,2026-06-17,📉 GIẢM,39.1%,HIGH,2026-06-18,📉 GIẢM,40.1%,HIGH,2026-06-19,📉 GIẢM,41.1%,HIGH,2026-06-22,📉 GIẢM,42.1%,HIGH,2026-06-23,📉 GIẢM,43.1%,HIGH,2026-06-24,📉 GIẢM,44.1%,HIGH
CIP,2026-06-01,2026-06-04,📉 GIẢM,30.0%,MEDIUM,2026-06-05,📉 GIẢM,31.0%,HIGH,2026-06-08,📉 GIẢM,32.0%,HIGH,2026-06-09,📉 GIẢM,33.0%,HIGH,2026-06-10,📉 GIẢM,34.0%,HIGH,2026-06-11,📉 GIẢM,35.0%,HIGH,2026-06-12,📉 GIẢM,36.0%,HIGH,2026-06-15,📉 GIẢM,37.0%,HIGH,2026-06-16,📉 GIẢM,38.0%,HIGH,2026-06-17,📉 GIẢM,39.0%,HIGH,2026-06-18,📉 GIẢM,40.0%,HIGH,2026-06-19,📉 GIẢM,41.0%,HIGH,2026-06-22,📉 GIẢM,42.0%,HIGH,2026-06-23,📉 GIẢM,43.0%,HIGH,2026-06-24,📉 GIẢM,44.0%,HIGH
QTC,2026-06-01,2026-06-04,📉 GIẢM,46.8%,LOW,2026-06-05,📉 GIẢM,47.0%,LOW,2026-06-08,📉 GIẢM,47.1%,LOW,2026-06-09,📉 GIẢM,47.3%,LOW,2026-06-10,📉 GIẢM,46.6%,LOW,2026-06-11,📉 GIẢM,46.8%,LOW,2026-06-12,📉 GIẢM,47.0%,LOW,2026-06-15,📉 GIẢM,47.2%,LOW,2026-06-16,📉 GIẢM,47.5%,LOW,2026-06-17,📉 GIẢM,47.7%,HIGH,2026-06-18,📉 GIẢM,47.9%,HIGH,2026-06-19,📉 GIẢM,48.1%,HIGH,2026-06-22,📉 GIẢM,48.3%,HIGH,2026-06-23,📉 GIẢM,48.5%,HIGH,2026-06-24,📉 GIẢM,48.7%,HIGH
QNP,2026-06-02,2026-06-04,📉 GIẢM,36.5%,MEDIUM,2026-06-05,📉 GIẢM,37.2%,MEDIUM,2026-06-08,📉 GIẢM,37.9%,MEDIUM,2026-06-09,📉 GIẢM,38.5%,MEDIUM,2026-06-10,📉 GIẢM,39.2%,MEDIUM,2026-06-11,📉 GIẢM,39.9%,HIGH,2026-06-12,📉 GIẢM,40.6%,HIGH,2026-06-15,📉 GIẢM,41.2%,HIGH,2026-06-16,📉 GIẢM,41.9%,HIGH,2026-06-17,📉 GIẢM,42.6%,HIGH,2026-06-18,📉 GIẢM,43.3%,HIGH,2026-06-19,📉 GIẢM,43.9%,HIGH,2026-06-22,📉 GIẢM,44.6%,HIGH,2026-06-23,📉 GIẢM,45.3%,HIGH,2026-06-24,📉 GIẢM,46.0%,HIGH
HBH,2026-06-02,2026-06-04,📉 GIẢM,29.3%,HIGH,2026-06-05,📉 GIẢM,30.8%,HIGH,2026-06-08,📉 GIẢM,31.8%,HIGH,2026-06-09,📉 GIẢM,32.8%,HIGH,2026-06-10,📉 GIẢM,33.8%,HIGH,2026-06-11,📉 GIẢM,34.8%,HIGH,2026-06-12,📉 GIẢM,35.8%,HIGH,2026-06-15,📉 GIẢM,36.8%,HIGH,2026-06-16,📉 GIẢM,37.9%,HIGH,2026-06-17,📉 GIẢM,38.9%,HIGH,2026-06-18,📉 GIẢM,39.9%,HIGH,2026-06-19,📉 GIẢM,40.9%,HIGH,2026-06-22,📉 GIẢM,41.9%,HIGH,2026-06-23,📉 GIẢM,42.9%,HIGH,2026-06-24,📉 GIẢM,43.9%,HIGH
TTL,2026-06-02,2026-06-04,📈 TĂNG,63.9%,MEDIUM,2026-06-05,📈 TĂNG,62.4%,MEDIUM,2026-06-08,📈 TĂNG,61.7%,MEDIUM,2026-06-09,📈 TĂNG,61.4%,MEDIUM,2026-06-10,📈 TĂNG,61.3%,MEDIUM,2026-06-11,📈 TĂNG,60.6%,HIGH,2026-06-12,📈 TĂNG,59.9%,HIGH,2026-06-15,📈 TĂNG,59.2%,HIGH,2026-06-16,📈 TĂNG,58.5%,HIGH,2026-06-17,📈 TĂNG,57.8%,HIGH,2026-06-18,📈 TĂNG,57.1%,HIGH,2026-06-19,📈 TĂNG,56.4%,HIGH,2026-06-22,📈 TĂNG,55.7%,HIGH,2026-06-23,📈 TĂNG,55.0%,HIGH,2026-06-24,📈 TĂNG,54.3%,HIGH
TNW,2026-06-02,2026-06-04,📈 TĂNG,51.5%,LOW,2026-06-05,📈 TĂNG,53.7%,LOW,2026-06-08,📈 TĂNG,56.3%,LOW,2026-06-09,📈 TĂNG,56.0%,LOW,2026-06-10,📈 TĂNG,55.9%,LOW,2026-06-11,📈 TĂNG,55.6%,LOW,2026-06-12,📈 TĂNG,55.2%,LOW,2026-06-15,📈 TĂNG,54.8%,LOW,2026-06-16,📈 TĂNG,54.5%,HIGH,2026-06-17,📈 TĂNG,54.1%,HIGH,2026-06-18,📈 TĂNG,53.7%,HIGH,2026-06-19,📈 TĂNG,53.3%,HIGH,2026-06-22,📈 TĂNG,53.0%,HIGH,2026-06-23,📈 TĂNG,52.6%,HIGH,2026-06-24,📈 TĂNG,52.2%,HIGH
SDC,2026-06-02,2026-06-04,📉 GIẢM,32.7%,MEDIUM,2026-06-05,📉 GIẢM,33.6%,MEDIUM,2026-06-08,📉 GIẢM,34.5%,MEDIUM,2026-06-09,📉 GIẢM,35.3%,HIGH,2026-06-10,📉 GIẢM,36.2%,HIGH,2026-06-11,📉 GIẢM,37.1%,HIGH,2026-06-12,📉 GIẢM,37.9%,HIGH,2026-06-15,📉 GIẢM,38.8%,HIGH,2026-06-16,📉 GIẢM,39.6%,HIGH,2026-06-17,📉 GIẢM,41.4%,HIGH,2026-06-18,📉 GIẢM,42.2%,HIGH,2026-06-19,📉 GIẢM,42.9%,HIGH,2026-06-22,📉 GIẢM,43.7%,HIGH,2026-06-23,📉 GIẢM,44.5%,HIGH,2026-06-24,📉 GIẢM,45.3%,HIGH
NAP,2026-06-02,2026-06-04,📉 GIẢM,29.9%,HIGH,2026-06-05,📉 GIẢM,30.9%,HIGH,2026-06-08,📉 GIẢM,31.9%,HIGH,2026-06-09,📉 GIẢM,32.9%,HIGH,2026-06-10,📉 GIẢM,33.9%,HIGH,2026-06-11,📉 GIẢM,34.9%,HIGH,2026-06-12,📉 GIẢM,35.9%,HIGH,2026-06-15,📉 GIẢM,36.9%,HIGH,2026-06-16,📉 GIẢM,37.9%,HIGH,2026-06-17,📉 GIẢM,38.9%,HIGH,2026-06-18,📉 GIẢM,39.9%,HIGH,2026-06-19,📉 GIẢM,40.9%,HIGH,2026-06-22,📉 GIẢM,41.9%,HIGH,2026-06-23,📉 GIẢM,43.0%,HIGH,2026-06-24,📉 GIẢM,44.0%,HIGH
CBS,2026-06-02,2026-06-04,📉 GIẢM,31.2%,MEDIUM,2026-06-05,📉 GIẢM,32.8%,MEDIUM,2026-06-08,📉 GIẢM,33.7%,HIGH,2026-06-09,📉 GIẢM,34.6%,HIGH,2026-06-10,📉 GIẢM,35.5%,HIGH,2026-06-11,📉 GIẢM,36.4%,HIGH,2026-06-12,📉 GIẢM,37.3%,HIGH,2026-06-15,📉 GIẢM,38.4%,HIGH,2026-06-16,📉 GIẢM,39.3%,HIGH,2026-06-17,📉 GIẢM,40.2%,HIGH,2026-06-18,📉 GIẢM,41.1%,HIGH,2026-06-19,📉 GIẢM,42.0%,HIGH,2026-06-22,📉 GIẢM,42.9%,HIGH,2026-06-23,📉 GIẢM,43.8%,HIGH,2026-06-24,📉 GIẢM,44.7%,HIGH
QPH,2026-06-02,2026-06-04,📉 GIẢM,23.4%,HIGH,2026-06-05,📉 GIẢM,24.7%,HIGH,2026-06-08,📉 GIẢM,26.0%,HIGH,2026-06-09,📉 GIẢM,27.4%,HIGH,2026-06-10,📉 GIẢM,28.7%,HIGH,2026-06-11,📉 GIẢM,30.0%,HIGH,2026-06-12,📉 GIẢM,31.4%,HIGH,2026-06-15,📉 GIẢM,33.2%,HIGH,2026-06-16,📉 GIẢM,34.5%,HIGH,2026-06-17,📉 GIẢM,35.8%,HIGH,2026-06-18,📉 GIẢM,37.1%,HIGH,2026-06-19,📉 GIẢM,38.4%,HIGH,2026-06-22,📉 GIẢM,39.7%,HIGH,2026-06-23,📉 GIẢM,41.0%,HIGH,2026-06-24,📉 GIẢM,42.4%,HIGH
MKP,2026-06-02,2026-06-04,📉 GIẢM,26.2%,HIGH,2026-06-05,📉 GIẢM,27.4%,HIGH,2026-06-08,📉 GIẢM,28.9%,HIGH,2026-06-09,📉 GIẢM,30.1%,HIGH,2026-06-10,📉 GIẢM,31.2%,HIGH,2026-06-11,📉 GIẢM,32.4%,HIGH,2026-06-12,📉 GIẢM,33.7%,HIGH,2026-06-15,📉 GIẢM,34.8%,HIGH,2026-06-16,📉 GIẢM,36.0%,HIGH,2026-06-17,📉 GIẢM,37.2%,HIGH,2026-06-18,📉 GIẢM,38.3%,HIGH,2026-06-19,📉 GIẢM,39.5%,HIGH,2026-06-22,📉 GIẢM,40.7%,HIGH,2026-06-23,📉 GIẢM,41.8%,HIGH,2026-06-24,📉 GIẢM,43.0%,HIGH
SC5,2026-06-02,2026-06-04,📉 GIẢM,37.7%,MEDIUM,2026-06-05,📉 GIẢM,38.4%,MEDIUM,2026-06-08,📉 GIẢM,39.0%,MEDIUM,2026-06-09,📉 GIẢM,39.6%,MEDIUM,2026-06-10,📉 GIẢM,40.2%,LOW,2026-06-11,📉 GIẢM,40.8%,LOW,2026-06-12,📉 GIẢM,41.4%,HIGH,2026-06-15,📉 GIẢM,42.0%,HIGH,2026-06-16,📉 GIẢM,42.6%,HIGH,2026-06-17,📉 GIẢM,43.2%,HIGH,2026-06-18,📉 GIẢM,43.8%,HIGH,2026-06-19,📉 GIẢM,44.4%,HIGH,2026-06-22,📉 GIẢM,45.0%,HIGH,2026-06-23,📉 GIẢM,45.7%,HIGH,2026-06-24,📉 GIẢM,46.3%,HIGH
KHW,2026-06-02,2026-06-04,📉 GIẢM,42.3%,LOW,2026-06-05,📉 GIẢM,42.4%,LOW,2026-06-08,📉 GIẢM,42.8%,LOW,2026-06-09,📉 GIẢM,43.2%,LOW,2026-06-10,📉 GIẢM,43.6%,LOW,2026-06-11,📉 GIẢM,44.0%,LOW,2026-06-12,📉 GIẢM,44.4%,LOW,2026-06-15,📉 GIẢM,44.8%,LOW,2026-06-16,📉 GIẢM,45.2%,HIGH,2026-06-17,📉 GIẢM,45.6%,HIGH,2026-06-18,📉 GIẢM,46.0%,HIGH,2026-06-19,📉 GIẢM,46.4%,HIGH,2026-06-22,📉 GIẢM,46.8%,HIGH,2026-06-23,📉 GIẢM,47.2%,HIGH,2026-06-24,📉 GIẢM,47.6%,HIGH
KMR,2026-06-02,2026-06-04,📉 GIẢM,33.9%,MEDIUM,2026-06-05,📉 GIẢM,34.6%,MEDIUM,2026-06-08,📉 GIẢM,35.4%,MEDIUM,2026-06-09,📉 GIẢM,36.2%,MEDIUM,2026-06-10,📉 GIẢM,37.0%,HIGH,2026-06-11,📉 GIẢM,38.4%,HIGH,2026-06-12,📉 GIẢM,39.2%,HIGH,2026-06-15,📉 GIẢM,40.0%,HIGH,2026-06-16,📉 GIẢM,40.8%,HIGH,2026-06-17,📉 GIẢM,41.5%,HIGH,2026-06-18,📉 GIẢM,42.3%,HIGH,2026-06-19,📉 GIẢM,43.1%,HIGH,2026-06-22,📉 GIẢM,43.8%,HIGH,2026-06-23,📉 GIẢM,44.6%,HIGH,2026-06-24,📉 GIẢM,45.4%,HIGH
PRE,2026-06-02,2026-06-04,📉 GIẢM,33.8%,MEDIUM,2026-06-05,📉 GIẢM,35.6%,MEDIUM,2026-06-08,📉 GIẢM,36.3%,MEDIUM,2026-06-09,📉 GIẢM,37.1%,MEDIUM,2026-06-10,📉 GIẢM,37.9%,HIGH,2026-06-11,📉 GIẢM,38.6%,HIGH,2026-06-12,📉 GIẢM,39.4%,HIGH,2026-06-15,📉 GIẢM,40.6%,HIGH,2026-06-16,📉 GIẢM,41.3%,HIGH,2026-06-17,📉 GIẢM,42.1%,HIGH,2026-06-18,📉 GIẢM,42.8%,HIGH,2026-06-19,📉 GIẢM,43.5%,HIGH,2026-06-22,📉 GIẢM,44.2%,HIGH,2026-06-23,📉 GIẢM,44.9%,HIGH,2026-06-24,📉 GIẢM,45.7%,HIGH
DSN,2026-06-02,2026-06-04,📉 GIẢM,27.6%,HIGH,2026-06-05,📉 GIẢM,28.5%,HIGH,2026-06-08,📉 GIẢM,29.6%,HIGH,2026-06-09,📉 GIẢM,30.7%,HIGH,2026-06-10,📉 GIẢM,32.0%,HIGH,2026-06-11,📉 GIẢM,33.1%,HIGH,2026-06-12,📉 GIẢM,34.2%,HIGH,2026-06-15,📉 GIẢM,35.4%,HIGH,2026-06-16,📉 GIẢM,36.5%,HIGH,2026-06-17,📉 GIẢM,37.6%,HIGH,2026-06-18,📉 GIẢM,38.7%,HIGH,2026-06-19,📉 GIẢM,39.9%,HIGH,2026-06-22,📉 GIẢM,41.0%,HIGH,2026-06-23,📉 GIẢM,42.3%,HIGH,2026-06-24,📉 GIẢM,43.4%,HIGH
SHE,2026-06-02,2026-06-04,📉 GIẢM,27.9%,HIGH,2026-06-05,📉 GIẢM,29.9%,HIGH,2026-06-08,📉 GIẢM,30.9%,HIGH,2026-06-09,📉 GIẢM,32.0%,HIGH,2026-06-10,📉 GIẢM,33.1%,HIGH,2026-06-11,📉 GIẢM,34.1%,HIGH,2026-06-12,📉 GIẢM,35.2%,HIGH,2026-06-15,📉 GIẢM,36.2%,HIGH,2026-06-16,📉 GIẢM,37.3%,HIGH,2026-06-17,📉 GIẢM,38.4%,HIGH,2026-06-18,📉 GIẢM,39.4%,HIGH,2026-06-19,📉 GIẢM,40.5%,HIGH,2026-06-22,📉 GIẢM,41.5%,HIGH,2026-06-23,📉 GIẢM,42.6%,HIGH,2026-06-24,📉 GIẢM,43.6%,HIGH
MCP,2026-06-02,2026-06-04,📉 GIẢM,26.7%,HIGH,2026-06-05,📉 GIẢM,27.9%,HIGH,2026-06-08,📉 GIẢM,29.0%,HIGH,2026-06-09,📉 GIẢM,30.2%,HIGH,2026-06-10,📉 GIẢM,31.8%,HIGH,2026-06-11,📉 GIẢM,32.9%,HIGH,2026-06-12,📉 GIẢM,34.1%,HIGH,2026-06-15,📉 GIẢM,35.2%,HIGH,2026-06-16,📉 GIẢM,36.3%,HIGH,2026-06-17,📉 GIẢM,37.5%,HIGH,2026-06-18,📉 GIẢM,38.6%,HIGH,2026-06-19,📉 GIẢM,39.8%,HIGH,2026-06-22,📉 GIẢM,41.0%,HIGH,2026-06-23,📉 GIẢM,42.2%,HIGH,2026-06-24,📉 GIẢM,43.3%,HIGH
VAV,2026-06-02,2026-06-04,📉 GIẢM,34.9%,MEDIUM,2026-06-05,📉 GIẢM,35.6%,MEDIUM,2026-06-08,📉 GIẢM,36.4%,MEDIUM,2026-06-09,📉 GIẢM,37.1%,MEDIUM,2026-06-10,📉 GIẢM,37.9%,HIGH,2026-06-11,📉 GIẢM,38.7%,HIGH,2026-06-12,📉 GIẢM,39.4%,HIGH,2026-06-15,📉 GIẢM,40.2%,HIGH,2026-06-16,📉 GIẢM,40.9%,HIGH,2026-06-17,📉 GIẢM,41.7%,HIGH,2026-06-18,📉 GIẢM,42.4%,HIGH,2026-06-19,📉 GIẢM,43.2%,HIGH,2026-06-22,📉 GIẢM,43.9%,HIGH,2026-06-23,📉 GIẢM,44.7%,HIGH,2026-06-24,📉 GIẢM,45.5%,HIGH
IFS,2026-06-02,2026-06-04,📉 GIẢM,27.6%,HIGH,2026-06-05,📉 GIẢM,30.7%,HIGH,2026-06-08,📉 GIẢM,31.7%,HIGH,2026-06-09,📉 GIẢM,32.7%,HIGH,2026-06-10,📉 GIẢM,33.7%,HIGH,2026-06-11,📉 GIẢM,34.8%,HIGH,2026-06-12,📉 GIẢM,35.8%,HIGH,2026-06-15,📉 GIẢM,36.8%,HIGH,2026-06-16,📉 GIẢM,37.8%,HIGH,2026-06-17,📉 GIẢM,38.8%,HIGH,2026-06-18,📉 GIẢM,39.8%,HIGH,2026-06-19,📉 GIẢM,40.9%,HIGH,2026-06-22,📉 GIẢM,41.9%,HIGH,2026-06-23,📉 GIẢM,42.9%,HIGH,2026-06-24,📉 GIẢM,43.9%,HIGH
CMF,2026-06-02,2026-06-04,📉 GIẢM,46.0%,LOW,2026-06-05,📉 GIẢM,48.9%,LOW,2026-06-08,📉 GIẢM,48.9%,LOW,2026-06-09,📉 GIẢM,49.0%,LOW,2026-06-10,📉 GIẢM,49.1%,LOW,2026-06-11,📉 GIẢM,49.1%,LOW,2026-06-12,📉 GIẢM,49.2%,LOW,2026-06-15,📉 GIẢM,49.2%,LOW,2026-06-16,📉 GIẢM,49.3%,LOW,2026-06-17,📉 GIẢM,49.3%,LOW,2026-06-18,📉 GIẢM,49.4%,HIGH,2026-06-19,📉 GIẢM,49.5%,HIGH,2026-06-22,📉 GIẢM,49.5%,HIGH,2026-06-23,📉 GIẢM,49.6%,HIGH,2026-06-24,📉 GIẢM,49.6%,HIGH
CKA,2026-06-02,2026-06-04,📉 GIẢM,49.4%,LOW,2026-06-05,📉 GIẢM,49.7%,LOW,2026-06-08,📉 GIẢM,49.7%,LOW,2026-06-09,📉 GIẢM,49.7%,LOW,2026-06-10,📉 GIẢM,49.7%,LOW,2026-06-11,📉 GIẢM,49.8%,LOW,2026-06-12,📉 GIẢM,49.8%,LOW,2026-06-15,📉 GIẢM,49.8%,LOW,2026-06-16,📉 GIẢM,49.9%,LOW,2026-06-17,📉 GIẢM,49.9%,LOW,2026-06-18,📉 GIẢM,49.9%,HIGH,2026-06-19,📉 GIẢM,49.9%,HIGH,2026-06-22,📉 GIẢM,49.9%,HIGH,2026-06-23,📉 GIẢM,49.9%,HIGH,2026-06-24,📉 GIẢM,49.9%,HIGH
DNE,2026-06-02,2026-06-04,📉 GIẢM,38.2%,MEDIUM,2026-06-05,📉 GIẢM,38.7%,MEDIUM,2026-06-08,📉 GIẢM,39.3%,MEDIUM,2026-06-09,📉 GIẢM,39.9%,MEDIUM,2026-06-10,📉 GIẢM,40.5%,LOW,2026-06-11,📉 GIẢM,41.1%,LOW,2026-06-12,📉 GIẢM,41.7%,HIGH,2026-06-15,📉 GIẢM,42.3%,HIGH,2026-06-16,📉 GIẢM,42.9%,HIGH,2026-06-17,📉 GIẢM,43.5%,HIGH,2026-06-18,📉 GIẢM,44.1%,HIGH,2026-06-19,📉 GIẢM,44.7%,HIGH,2026-06-22,📉 GIẢM,45.3%,HIGH,2026-06-23,📉 GIẢM,45.9%,HIGH,2026-06-24,📉 GIẢM,46.4%,HIGH
BAX,2026-06-02,2026-06-04,📈 TĂNG,51.2%,LOW,2026-06-05,📉 GIẢM,47.2%,LOW,2026-06-08,📈 TĂNG,51.1%,LOW,2026-06-09,📉 GIẢM,47.5%,LOW,2026-06-10,📈 TĂNG,51.0%,LOW,2026-06-11,📉 GIẢM,47.8%,LOW,2026-06-12,📈 TĂNG,50.9%,LOW,2026-06-15,📉 GIẢM,48.1%,LOW,2026-06-16,📈 TĂNG,50.7%,LOW,2026-06-17,📉 GIẢM,48.4%,LOW,2026-06-18,📈 TĂNG,50.6%,HIGH,2026-06-19,📉 GIẢM,48.7%,HIGH,2026-06-22,📈 TĂNG,50.5%,HIGH,2026-06-23,📉 GIẢM,49.0%,HIGH,2026-06-24,📈 TĂNG,50.4%,HIGH
TOW,2026-06-02,2026-06-04,📈 TĂNG,53.3%,LOW,2026-06-05,📈 TĂNG,50.7%,LOW,2026-06-08,📈 TĂNG,50.7%,LOW,2026-06-09,📈 TĂNG,50.7%,LOW,2026-06-10,📈 TĂNG,50.7%,LOW,2026-06-11,📈 TĂNG,50.6%,LOW,2026-06-12,📈 TĂNG,50.6%,LOW,2026-06-15,📈 TĂNG,50.5%,LOW,2026-06-16,📈 TĂNG,50.5%,LOW,2026-06-17,📈 TĂNG,50.5%,LOW,2026-06-18,📈 TĂNG,50.4%,HIGH,2026-06-19,📈 TĂNG,50.4%,HIGH,2026-06-22,📈 TĂNG,50.3%,HIGH,2026-06-23,📉 GIẢM,49.9%,HIGH,2026-06-24,📈 TĂNG,50.2%,HIGH
TCT,2026-06-02,2026-06-04,📉 GIẢM,34.8%,MEDIUM,2026-06-05,📉 GIẢM,35.6%,MEDIUM,2026-06-08,📉 GIẢM,36.4%,MEDIUM,2026-06-09,📉 GIẢM,37.1%,MEDIUM,2026-06-10,📉 GIẢM,37.9%,HIGH,2026-06-11,📉 GIẢM,38.6%,HIGH,2026-06-12,📉 GIẢM,39.4%,HIGH,2026-06-15,📉 GIẢM,40.1%,HIGH,2026-06-16,📉 GIẢM,40.9%,HIGH,2026-06-17,📉 GIẢM,41.7%,HIGH,2026-06-18,📉 GIẢM,42.4%,HIGH,2026-06-19,📉 GIẢM,43.2%,HIGH,2026-06-22,📉 GIẢM,43.9%,HIGH,2026-06-23,📉 GIẢM,44.7%,HIGH,2026-06-24,📉 GIẢM,45.5%,HIGH
RIC,2026-06-02,2026-06-04,📉 GIẢM,27.0%,HIGH,2026-06-05,📉 GIẢM,28.1%,HIGH,2026-06-08,📉 GIẢM,29.3%,HIGH,2026-06-09,📉 GIẢM,30.4%,HIGH,2026-06-10,📉 GIẢM,31.6%,HIGH,2026-06-11,📉 GIẢM,32.7%,HIGH,2026-06-12,📉 GIẢM,33.8%,HIGH,2026-06-15,📉 GIẢM,35.0%,HIGH,2026-06-16,📉 GIẢM,36.2%,HIGH,2026-06-17,📉 GIẢM,37.3%,HIGH,2026-06-18,📉 GIẢM,38.5%,HIGH,2026-06-19,📉 GIẢM,39.6%,HIGH,2026-06-22,📉 GIẢM,40.7%,HIGH,2026-06-23,📉 GIẢM,41.9%,HIGH,2026-06-24,📉 GIẢM,43.1%,HIGH
TAN,2026-06-02,2026-06-04,📉 GIẢM,29.9%,HIGH,2026-06-05,📉 GIẢM,30.5%,HIGH,2026-06-08,📉 GIẢM,31.5%,HIGH,2026-06-09,📉 GIẢM,32.5%,HIGH,2026-06-10,📉 GIẢM,33.6%,HIGH,2026-06-11,📉 GIẢM,34.6%,HIGH,2026-06-12,📉 GIẢM,35.6%,HIGH,2026-06-15,📉 GIẢM,36.6%,HIGH,2026-06-16,📉 GIẢM,37.7%,HIGH,2026-06-17,📉 GIẢM,38.7%,HIGH,2026-06-18,📉 GIẢM,39.7%,HIGH,2026-06-19,📉 GIẢM,40.8%,HIGH,2026-06-22,📉 GIẢM,41.8%,HIGH,2026-06-23,📉 GIẢM,42.8%,HIGH,2026-06-24,📉 GIẢM,43.8%,HIGH
TS3,2026-06-02,2026-06-04,📉 GIẢM,45.7%,LOW,2026-06-05,📉 GIẢM,45.9%,LOW,2026-06-08,📉 GIẢM,46.1%,LOW,2026-06-09,📉 GIẢM,46.4%,LOW,2026-06-10,📉 GIẢM,46.6%,LOW,2026-06-11,📉 GIẢM,46.8%,LOW,2026-06-12,📉 GIẢM,47.0%,LOW,2026-06-15,📉 GIẢM,47.2%,LOW,2026-06-16,📉 GIẢM,47.4%,LOW,2026-06-17,📉 GIẢM,47.6%,HIGH,2026-06-18,📉 GIẢM,47.9%,HIGH,2026-06-19,📉 GIẢM,48.1%,HIGH,2026-06-22,📉 GIẢM,48.2%,HIGH,2026-06-23,📉 GIẢM,48.4%,HIGH,2026-06-24,📉 GIẢM,48.6%,HIGH
NAV,2026-06-02,2026-06-04,📉 GIẢM,43.3%,LOW,2026-06-05,📉 GIẢM,43.6%,LOW,2026-06-08,📉 GIẢM,43.9%,LOW,2026-06-09,📉 GIẢM,44.3%,LOW,2026-06-10,📉 GIẢM,44.6%,LOW,2026-06-11,📉 GIẢM,44.9%,LOW,2026-06-12,📉 GIẢM,45.3%,LOW,2026-06-15,📉 GIẢM,45.6%,LOW,2026-06-16,📉 GIẢM,46.0%,HIGH,2026-06-17,📉 GIẢM,46.3%,HIGH,2026-06-18,📉 GIẢM,46.6%,HIGH,2026-06-19,📉 GIẢM,47.0%,HIGH,2026-06-22,📉 GIẢM,47.3%,HIGH,2026-06-23,📉 GIẢM,47.6%,HIGH,2026-06-24,📉 GIẢM,48.0%,HIGH
PRO,2026-06-02,2026-06-04,📉 GIẢM,41.4%,LOW,2026-06-05,📉 GIẢM,41.8%,LOW,2026-06-08,📉 GIẢM,42.3%,LOW,2026-06-09,📉 GIẢM,42.7%,LOW,2026-06-10,📉 GIẢM,43.1%,LOW,2026-06-11,📉 GIẢM,43.5%,LOW,2026-06-12,📉 GIẢM,44.0%,LOW,2026-06-15,📉 GIẢM,44.4%,LOW,2026-06-16,📉 GIẢM,44.8%,HIGH,2026-06-17,📉 GIẢM,45.3%,HIGH,2026-06-18,📉 GIẢM,45.7%,HIGH,2026-06-19,📉 GIẢM,46.1%,HIGH,2026-06-22,📉 GIẢM,46.6%,HIGH,2026-06-23,📉 GIẢM,47.0%,HIGH,2026-06-24,📉 GIẢM,47.4%,HIGH
SD3,2026-06-02,2026-06-04,📉 GIẢM,45.1%,LOW,2026-06-05,📉 GIẢM,45.2%,LOW,2026-06-08,📉 GIẢM,45.4%,LOW,2026-06-09,📉 GIẢM,45.7%,LOW,2026-06-10,📉 GIẢM,46.0%,LOW,2026-06-11,📉 GIẢM,46.2%,LOW,2026-06-12,📉 GIẢM,46.5%,LOW,2026-06-15,📉 GIẢM,46.7%,LOW,2026-06-16,📉 GIẢM,47.0%,LOW,2026-06-17,📉 GIẢM,47.2%,HIGH,2026-06-18,📉 GIẢM,47.5%,HIGH,2026-06-19,📉 GIẢM,47.7%,HIGH,2026-06-22,📉 GIẢM,48.0%,HIGH,2026-06-23,📉 GIẢM,48.2%,HIGH,2026-06-24,📉 GIẢM,48.5%,HIGH
DKG,2026-06-02,2026-06-04,📈 TĂNG,55.3%,LOW,2026-06-05,📈 TĂNG,56.8%,LOW,2026-06-08,📈 TĂNG,56.5%,LOW,2026-06-09,📈 TĂNG,56.1%,LOW,2026-06-10,📈 TĂNG,57.0%,LOW,2026-06-11,📈 TĂNG,56.5%,LOW,2026-06-12,📈 TĂNG,56.1%,LOW,2026-06-15,📈 TĂNG,55.7%,LOW,2026-06-16,📈 TĂNG,55.2%,HIGH,2026-06-17,📈 TĂNG,54.8%,HIGH,2026-06-18,📈 TĂNG,54.4%,HIGH,2026-06-19,📈 TĂNG,53.9%,HIGH,2026-06-22,📈 TĂNG,53.5%,HIGH,2026-06-23,📈 TĂNG,53.0%,HIGH,2026-06-24,📈 TĂNG,52.6%,HIGH
ICT,2026-06-02,2026-06-04,📈 TĂNG,50.6%,LOW,2026-06-05,📈 TĂNG,50.5%,LOW,2026-06-08,📈 TĂNG,50.5%,LOW,2026-06-09,📈 TĂNG,50.5%,LOW,2026-06-10,📈 TĂNG,50.4%,LOW,2026-06-11,📈 TĂNG,50.4%,LOW,2026-06-12,📈 TĂNG,50.4%,LOW,2026-06-15,📈 TĂNG,50.3%,LOW,2026-06-16,📈 TĂNG,50.3%,LOW,2026-06-17,📈 TĂNG,50.3%,LOW,2026-06-18,📈 TĂNG,50.3%,HIGH,2026-06-19,📈 TĂNG,50.2%,HIGH,2026-06-22,📈 TĂNG,50.2%,HIGH,2026-06-23,📈 TĂNG,50.2%,HIGH,2026-06-24,📈 TĂNG,50.1%,HIGH
BQB,2026-06-02,2026-06-04,📉 GIẢM,20.8%,HIGH,2026-06-05,📉 GIẢM,22.4%,HIGH,2026-06-08,📉 GIẢM,23.9%,HIGH,2026-06-09,📉 GIẢM,25.3%,HIGH,2026-06-10,📉 GIẢM,26.8%,HIGH,2026-06-11,📉 GIẢM,28.3%,HIGH,2026-06-12,📉 GIẢM,29.7%,HIGH,2026-06-15,📉 GIẢM,31.2%,HIGH,2026-06-16,📉 GIẢM,32.6%,HIGH,2026-06-17,📉 GIẢM,34.2%,HIGH,2026-06-18,📉 GIẢM,35.6%,HIGH,2026-06-19,📉 GIẢM,37.0%,HIGH,2026-06-22,📉 GIẢM,38.5%,HIGH,2026-06-23,📉 GIẢM,39.9%,HIGH,2026-06-24,📉 GIẢM,41.4%,HIGH
MDF,2026-06-02,2026-06-04,📉 GIẢM,31.8%,MEDIUM,2026-06-05,📉 GIẢM,32.7%,MEDIUM,2026-06-08,📉 GIẢM,33.8%,HIGH,2026-06-09,📉 GIẢM,34.7%,HIGH,2026-06-10,📉 GIẢM,35.8%,HIGH,2026-06-11,📉 GIẢM,36.9%,HIGH,2026-06-12,📉 GIẢM,37.8%,HIGH,2026-06-15,📉 GIẢM,38.7%,HIGH,2026-06-16,📉 GIẢM,39.5%,HIGH,2026-06-17,📉 GIẢM,40.4%,HIGH,2026-06-18,📉 GIẢM,41.4%,HIGH,2026-06-19,📉 GIẢM,42.4%,HIGH,2026-06-22,📉 GIẢM,43.2%,HIGH,2026-06-23,📉 GIẢM,44.5%,HIGH,2026-06-24,📉 GIẢM,45.3%,HIGH
NHC,2026-06-02,2026-06-04,📉 GIẢM,20.1%,HIGH,2026-06-05,📉 GIẢM,22.0%,HIGH,2026-06-08,📉 GIẢM,23.4%,HIGH,2026-06-09,📉 GIẢM,24.9%,HIGH,2026-06-10,📉 GIẢM,26.4%,HIGH,2026-06-11,📉 GIẢM,27.9%,HIGH,2026-06-12,📉 GIẢM,29.4%,HIGH,2026-06-15,📉 GIẢM,30.9%,HIGH,2026-06-16,📉 GIẢM,32.3%,HIGH,2026-06-17,📉 GIẢM,33.8%,HIGH,2026-06-18,📉 GIẢM,35.3%,HIGH,2026-06-19,📉 GIẢM,36.7%,HIGH,2026-06-22,📉 GIẢM,38.2%,HIGH,2026-06-23,📉 GIẢM,39.9%,HIGH,2026-06-24,📉 GIẢM,41.3%,HIGH
TID,2026-06-02,2026-06-04,📉 GIẢM,29.4%,HIGH,2026-06-05,📉 GIẢM,30.1%,HIGH,2026-06-08,📉 GIẢM,31.1%,HIGH,2026-06-09,📉 GIẢM,32.2%,HIGH,2026-06-10,📉 GIẢM,33.2%,HIGH,2026-06-11,📉 GIẢM,34.3%,HIGH,2026-06-12,📉 GIẢM,35.3%,HIGH,2026-06-15,📉 GIẢM,36.4%,HIGH,2026-06-16,📉 GIẢM,37.4%,HIGH,2026-06-17,📉 GIẢM,38.5%,HIGH,2026-06-18,📉 GIẢM,39.5%,HIGH,2026-06-19,📉 GIẢM,40.6%,HIGH,2026-06-22,📉 GIẢM,41.6%,HIGH,2026-06-23,📉 GIẢM,42.7%,HIGH,2026-06-24,📉 GIẢM,43.7%,HIGH
PPP,2026-06-02,2026-06-04,📈 TĂNG,50.8%,LOW,2026-06-05,📈 TĂNG,50.3%,LOW,2026-06-08,📈 TĂNG,50.3%,LOW,2026-06-09,📈 TĂNG,50.2%,LOW,2026-06-10,📈 TĂNG,50.5%,LOW,2026-06-11,📈 TĂNG,50.5%,LOW,2026-06-12,📈 TĂNG,50.4%,LOW,2026-06-15,📈 TĂNG,50.4%,LOW,2026-06-16,📈 TĂNG,50.4%,LOW,2026-06-17,📈 TĂNG,50.3%,LOW,2026-06-18,📈 TĂNG,50.3%,HIGH,2026-06-19,📈 TĂNG,50.3%,HIGH,2026-06-22,📈 TĂNG,50.2%,HIGH,2026-06-23,📈 TĂNG,50.2%,HIGH,2026-06-24,📈 TĂNG,50.2%,HIGH
NBP,2026-06-02,2026-06-04,📉 GIẢM,21.7%,HIGH,2026-06-05,📉 GIẢM,23.1%,HIGH,2026-06-08,📉 GIẢM,24.5%,HIGH,2026-06-09,📉 GIẢM,25.9%,HIGH,2026-06-10,📉 GIẢM,27.4%,HIGH,2026-06-11,📉 GIẢM,28.8%,HIGH,2026-06-12,📉 GIẢM,30.2%,HIGH,2026-06-15,📉 GIẢM,31.6%,HIGH,2026-06-16,📉 GIẢM,33.1%,HIGH,2026-06-17,📉 GIẢM,34.5%,HIGH,2026-06-18,📉 GIẢM,35.9%,HIGH,2026-06-19,📉 GIẢM,37.3%,HIGH,2026-06-22,📉 GIẢM,38.7%,HIGH,2026-06-23,📉 GIẢM,40.2%,HIGH,2026-06-24,📉 GIẢM,41.6%,HIGH
SBA,2026-06-02,2026-06-04,📉 GIẢM,44.6%,LOW,2026-06-05,📉 GIẢM,44.9%,LOW,2026-06-08,📉 GIẢM,45.1%,LOW,2026-06-09,📉 GIẢM,45.4%,LOW,2026-06-10,📉 GIẢM,45.7%,LOW,2026-06-11,📉 GIẢM,45.9%,LOW,2026-06-12,📉 GIẢM,46.2%,LOW,2026-06-15,📉 GIẢM,46.5%,LOW,2026-06-16,📉 GIẢM,46.5%,LOW,2026-06-17,📉 GIẢM,46.8%,HIGH,2026-06-18,📉 GIẢM,47.1%,HIGH,2026-06-19,📉 GIẢM,47.4%,HIGH,2026-06-22,📉 GIẢM,47.7%,HIGH,2026-06-23,📉 GIẢM,48.0%,HIGH,2026-06-24,📉 GIẢM,48.3%,HIGH
HD6,2026-06-02,2026-06-04,📉 GIẢM,44.8%,LOW,2026-06-05,📉 GIẢM,45.1%,LOW,2026-06-08,📉 GIẢM,45.3%,LOW,2026-06-09,📉 GIẢM,45.6%,LOW,2026-06-10,📉 GIẢM,45.8%,LOW,2026-06-11,📉 GIẢM,46.1%,LOW,2026-06-12,📉 GIẢM,46.4%,LOW,2026-06-15,📉 GIẢM,46.6%,LOW,2026-06-16,📉 GIẢM,46.9%,LOW,2026-06-17,📉 GIẢM,47.1%,HIGH,2026-06-18,📉 GIẢM,47.4%,HIGH,2026-06-19,📉 GIẢM,47.7%,HIGH,2026-06-22,📉 GIẢM,47.9%,HIGH,2026-06-23,📉 GIẢM,48.2%,HIGH,2026-06-24,📉 GIẢM,48.4%,HIGH
CIA,2026-06-02,2026-06-04,📉 GIẢM,17.7%,HIGH,2026-06-05,📉 GIẢM,19.4%,HIGH,2026-06-08,📉 GIẢM,21.4%,HIGH,2026-06-09,📉 GIẢM,23.0%,HIGH,2026-06-10,📉 GIẢM,24.6%,HIGH,2026-06-11,📉 GIẢM,26.2%,HIGH,2026-06-12,📉 GIẢM,27.8%,HIGH,2026-06-15,📉 GIẢM,29.4%,HIGH,2026-06-16,📉 GIẢM,31.1%,HIGH,2026-06-17,📉 GIẢM,32.7%,HIGH,2026-06-18,📉 GIẢM,34.9%,HIGH,2026-06-19,📉 GIẢM,36.4%,HIGH,2026-06-22,📉 GIẢM,37.9%,HIGH,2026-06-23,📉 GIẢM,39.4%,HIGH,2026-06-24,📉 GIẢM,40.9%,HIGH
GSM,2026-06-02,2026-06-04,📉 GIẢM,42.1%,LOW,2026-06-05,📉 GIẢM,42.5%,LOW,2026-06-08,📉 GIẢM,42.9%,LOW,2026-06-09,📉 GIẢM,43.3%,LOW,2026-06-10,📉 GIẢM,43.7%,LOW,2026-06-11,📉 GIẢM,44.1%,LOW,2026-06-12,📉 GIẢM,44.4%,LOW,2026-06-15,📉 GIẢM,44.7%,LOW,2026-06-16,📉 GIẢM,45.1%,HIGH,2026-06-17,📉 GIẢM,45.5%,HIGH,2026-06-18,📉 GIẢM,45.9%,HIGH,2026-06-19,📉 GIẢM,46.3%,HIGH,2026-06-22,📉 GIẢM,46.7%,HIGH,2026-06-23,📉 GIẢM,47.1%,HIGH,2026-06-24,📉 GIẢM,47.5%,HIGH
CMD,2026-06-02,2026-06-04,📉 GIẢM,19.7%,HIGH,2026-06-05,📉 GIẢM,21.0%,HIGH,2026-06-08,📉 GIẢM,22.5%,HIGH,2026-06-09,📉 GIẢM,24.0%,HIGH,2026-06-10,📉 GIẢM,26.2%,HIGH,2026-06-11,📉 GIẢM,27.7%,HIGH,2026-06-12,📉 GIẢM,29.1%,HIGH,2026-06-15,📉 GIẢM,30.6%,HIGH,2026-06-16,📉 GIẢM,32.2%,HIGH,2026-06-17,📉 GIẢM,33.7%,HIGH,2026-06-18,📉 GIẢM,35.2%,HIGH,2026-06-19,📉 GIẢM,36.6%,HIGH,2026-06-22,📉 GIẢM,38.1%,HIGH,2026-06-23,📉 GIẢM,39.6%,HIGH,2026-06-24,📉 GIẢM,41.1%,HIGH
PMG,2026-06-02,2026-06-04,📉 GIẢM,44.8%,LOW,2026-06-05,📉 GIẢM,45.1%,LOW,2026-06-08,📉 GIẢM,45.3%,LOW,2026-06-09,📉 GIẢM,45.7%,LOW,2026-06-10,📉 GIẢM,46.1%,LOW,2026-06-11,📉 GIẢM,46.3%,LOW,2026-06-12,📉 GIẢM,46.6%,LOW,2026-06-15,📉 GIẢM,46.8%,LOW,2026-06-16,📉 GIẢM,47.1%,LOW,2026-06-17,📉 GIẢM,47.3%,HIGH,2026-06-18,📉 GIẢM,47.5%,HIGH,2026-06-19,📉 GIẢM,47.8%,HIGH,2026-06-22,📉 GIẢM,48.0%,HIGH,2026-06-23,📉 GIẢM,48.3%,HIGH,2026-06-24,📉 GIẢM,48.5%,HIGH
CSI,2026-06-02,2026-06-04,📉 GIẢM,35.4%,MEDIUM,2026-06-05,📉 GIẢM,36.5%,MEDIUM,2026-06-08,📉 GIẢM,37.2%,MEDIUM,2026-06-09,📉 GIẢM,37.9%,MEDIUM,2026-06-10,📉 GIẢM,38.6%,MEDIUM,2026-06-11,📉 GIẢM,39.4%,HIGH,2026-06-12,📉 GIẢM,40.1%,HIGH,2026-06-15,📉 GIẢM,40.8%,HIGH,2026-06-16,📉 GIẢM,41.5%,HIGH,2026-06-17,📉 GIẢM,42.2%,HIGH,2026-06-18,📉 GIẢM,42.9%,HIGH,2026-06-19,📉 GIẢM,43.6%,HIGH,2026-06-22,📉 GIẢM,44.3%,HIGH,2026-06-23,📉 GIẢM,45.0%,HIGH,2026-06-24,📉 GIẢM,45.7%,HIGH
ILB,2026-06-02,2026-06-04,📉 GIẢM,24.0%,HIGH,2026-06-05,📉 GIẢM,25.3%,HIGH,2026-06-08,📉 GIẢM,26.6%,HIGH,2026-06-09,📉 GIẢM,27.9%,HIGH,2026-06-10,📉 GIẢM,29.3%,HIGH,2026-06-11,📉 GIẢM,30.6%,HIGH,2026-06-12,📉 GIẢM,31.9%,HIGH,2026-06-15,📉 GIẢM,33.2%,HIGH,2026-06-16,📉 GIẢM,34.9%,HIGH,2026-06-17,📉 GIẢM,36.5%,HIGH,2026-06-18,📉 GIẢM,37.7%,HIGH,2026-06-19,📉 GIẢM,39.0%,HIGH,2026-06-22,📉 GIẢM,40.2%,HIGH,2026-06-23,📉 GIẢM,41.4%,HIGH,2026-06-24,📉 GIẢM,42.7%,HIGH
PSE,2026-06-02,2026-06-04,📉 GIẢM,34.3%,MEDIUM,2026-06-05,📉 GIẢM,35.1%,MEDIUM,2026-06-08,📉 GIẢM,35.9%,MEDIUM,2026-06-09,📉 GIẢM,36.7%,MEDIUM,2026-06-10,📉 GIẢM,37.5%,HIGH,2026-06-11,📉 GIẢM,38.3%,HIGH,2026-06-12,📉 GIẢM,39.0%,HIGH,2026-06-15,📉 GIẢM,39.8%,HIGH,2026-06-16,📉 GIẢM,40.6%,HIGH,2026-06-17,📉 GIẢM,41.4%,HIGH,2026-06-18,📉 GIẢM,42.2%,HIGH,2026-06-19,📉 GIẢM,43.0%,HIGH,2026-06-22,📉 GIẢM,43.7%,HIGH,2026-06-23,📉 GIẢM,44.5%,HIGH,2026-06-24,📉 GIẢM,45.3%,HIGH
BTB,2026-06-02,2026-06-04,📉 GIẢM,20.7%,HIGH,2026-06-05,📉 GIẢM,22.2%,HIGH,2026-06-08,📉 GIẢM,23.7%,HIGH,2026-06-09,📉 GIẢM,25.1%,HIGH,2026-06-10,📉 GIẢM,26.6%,HIGH,2026-06-11,📉 GIẢM,28.0%,HIGH,2026-06-12,📉 GIẢM,29.5%,HIGH,2026-06-15,📉 GIẢM,31.0%,HIGH,2026-06-16,📉 GIẢM,32.4%,HIGH,2026-06-17,📉 GIẢM,33.9%,HIGH,2026-06-18,📉 GIẢM,35.4%,HIGH,2026-06-19,📉 GIẢM,36.8%,HIGH,2026-06-22,📉 GIẢM,38.3%,HIGH,2026-06-23,📉 GIẢM,39.8%,HIGH,2026-06-24,📉 GIẢM,41.2%,HIGH
DP1,2026-06-02,2026-06-04,📉 GIẢM,22.3%,HIGH,2026-06-05,📉 GIẢM,24.3%,HIGH,2026-06-08,📉 GIẢM,25.7%,HIGH,2026-06-09,📉 GIẢM,27.0%,HIGH,2026-06-10,📉 GIẢM,28.4%,HIGH,2026-06-11,📉 GIẢM,29.7%,HIGH,2026-06-12,📉 GIẢM,31.1%,HIGH,2026-06-15,📉 GIẢM,32.4%,HIGH,2026-06-16,📉 GIẢM,33.8%,HIGH,2026-06-17,📉 GIẢM,35.1%,HIGH,2026-06-18,📉 GIẢM,36.5%,HIGH,2026-06-19,📉 GIẢM,37.8%,HIGH,2026-06-22,📉 GIẢM,39.2%,HIGH,2026-06-23,📉 GIẢM,40.5%,HIGH,2026-06-24,📉 GIẢM,41.9%,HIGH
CCA,2026-06-02,2026-06-04,📉 GIẢM,31.6%,MEDIUM,2026-06-05,📉 GIẢM,32.5%,MEDIUM,2026-06-08,📉 GIẢM,33.4%,HIGH,2026-06-09,📉 GIẢM,34.3%,HIGH,2026-06-10,📉 GIẢM,35.3%,HIGH,2026-06-11,📉 GIẢM,36.2%,HIGH,2026-06-12,📉 GIẢM,37.1%,HIGH,2026-06-15,📉 GIẢM,38.0%,HIGH,2026-06-16,📉 GIẢM,38.9%,HIGH,2026-06-17,📉 GIẢM,39.9%,HIGH,2026-06-18,📉 GIẢM,40.8%,HIGH,2026-06-19,📉 GIẢM,41.7%,HIGH,2026-06-22,📉 GIẢM,42.6%,HIGH,2026-06-23,📉 GIẢM,43.5%,HIGH,2026-06-24,📉 GIẢM,44.5%,HIGH
PPE,2026-06-02,2026-06-04,📉 GIẢM,30.7%,MEDIUM,2026-06-05,📉 GIẢM,31.6%,HIGH,2026-06-08,📉 GIẢM,32.6%,HIGH,2026-06-09,📉 GIẢM,33.6%,HIGH,2026-06-10,📉 GIẢM,34.5%,HIGH,2026-06-11,📉 GIẢM,35.5%,HIGH,2026-06-12,📉 GIẢM,36.5%,HIGH,2026-06-15,📉 GIẢM,37.4%,HIGH,2026-06-16,📉 GIẢM,38.4%,HIGH,2026-06-17,📉 GIẢM,39.4%,HIGH,2026-06-18,📉 GIẢM,40.3%,HIGH,2026-06-19,📉 GIẢM,41.4%,HIGH,2026-06-22,📉 GIẢM,42.4%,HIGH,2026-06-23,📉 GIẢM,43.3%,HIGH,2026-06-24,📉 GIẢM,44.3%,HIGH
SKN,2026-06-02,2026-06-04,📉 GIẢM,45.6%,LOW,2026-06-05,📉 GIẢM,45.4%,LOW,2026-06-08,📉 GIẢM,45.6%,LOW,2026-06-09,📉 GIẢM,45.8%,LOW,2026-06-10,📉 GIẢM,46.1%,LOW,2026-06-11,📉 GIẢM,46.3%,LOW,2026-06-12,📉 GIẢM,46.6%,LOW,2026-06-15,📉 GIẢM,46.8%,LOW,2026-06-16,📉 GIẢM,47.1%,LOW,2026-06-17,📉 GIẢM,47.3%,HIGH,2026-06-18,📉 GIẢM,47.6%,HIGH,2026-06-19,📉 GIẢM,47.8%,HIGH,2026-06-22,📉 GIẢM,48.0%,HIGH,2026-06-23,📉 GIẢM,48.3%,HIGH,2026-06-24,📉 GIẢM,48.5%,HIGH
DHM,2026-06-02,2026-06-04,📈 TĂNG,55.0%,LOW,2026-06-05,📈 TĂNG,54.7%,LOW,2026-06-08,📈 TĂNG,54.5%,LOW,2026-06-09,📈 TĂNG,54.2%,LOW,2026-06-10,📈 TĂNG,54.0%,LOW,2026-06-11,📈 TĂNG,53.7%,LOW,2026-06-12,📈 TĂNG,53.5%,LOW,2026-06-15,📈 TĂNG,53.2%,LOW,2026-06-16,📈 TĂNG,53.0%,LOW,2026-06-17,📈 TĂNG,52.7%,HIGH,2026-06-18,📈 TĂNG,52.5%,HIGH,2026-06-19,📈 TĂNG,52.2%,HIGH,2026-06-22,📈 TĂNG,52.0%,HIGH,2026-06-23,📈 TĂNG,51.7%,HIGH,2026-06-24,📈 TĂNG,51.5%,HIGH
TSJ,2026-06-02,2026-06-04,📉 GIẢM,35.7%,MEDIUM,2026-06-05,📉 GIẢM,36.4%,MEDIUM,2026-06-08,📉 GIẢM,37.2%,MEDIUM,2026-06-09,📉 GIẢM,37.9%,MEDIUM,2026-06-10,📉 GIẢM,38.6%,MEDIUM,2026-06-11,📉 GIẢM,39.3%,HIGH,2026-06-12,📉 GIẢM,40.0%,HIGH,2026-06-15,📉 GIẢM,40.7%,HIGH,2026-06-16,📉 GIẢM,41.4%,HIGH,2026-06-17,📉 GIẢM,42.2%,HIGH,2026-06-18,📉 GIẢM,42.9%,HIGH,2026-06-19,📉 GIẢM,43.6%,HIGH,2026-06-22,📉 GIẢM,44.3%,HIGH,2026-06-23,📉 GIẢM,45.0%,HIGH,2026-06-24,📉 GIẢM,45.7%,HIGH
ITS,2026-06-02,2026-06-04,📉 GIẢM,18.9%,HIGH,2026-06-05,📉 GIẢM,20.7%,HIGH,2026-06-08,📉 GIẢM,22.2%,HIGH,2026-06-09,📉 GIẢM,23.8%,HIGH,2026-06-10,📉 GIẢM,25.3%,HIGH,2026-06-11,📉 GIẢM,26.8%,HIGH,2026-06-12,📉 GIẢM,28.4%,HIGH,2026-06-15,📉 GIẢM,29.9%,HIGH,2026-06-16,📉 GIẢM,31.5%,HIGH,2026-06-17,📉 GIẢM,33.3%,HIGH,2026-06-18,📉 GIẢM,34.8%,HIGH,2026-06-19,📉 GIẢM,36.3%,HIGH,2026-06-22,📉 GIẢM,37.8%,HIGH,2026-06-23,📉 GIẢM,39.4%,HIGH,2026-06-24,📉 GIẢM,40.9%,HIGH
SIV,2026-06-02,2026-06-04,📉 GIẢM,29.5%,HIGH,2026-06-05,📉 GIẢM,30.5%,HIGH,2026-06-08,📉 GIẢM,31.5%,HIGH,2026-06-09,📉 GIẢM,32.5%,HIGH,2026-06-10,📉 GIẢM,33.6%,HIGH,2026-06-11,📉 GIẢM,34.6%,HIGH,2026-06-12,📉 GIẢM,35.6%,HIGH,2026-06-15,📉 GIẢM,37.1%,HIGH,2026-06-16,📉 GIẢM,38.1%,HIGH,2026-06-17,📉 GIẢM,39.1%,HIGH,2026-06-18,📉 GIẢM,40.1%,HIGH,2026-06-19,📉 GIẢM,41.0%,HIGH,2026-06-22,📉 GIẢM,42.0%,HIGH,2026-06-23,📉 GIẢM,43.0%,HIGH,2026-06-24,📉 GIẢM,44.0%,HIGH
WSB,2026-06-02,2026-06-04,📉 GIẢM,23.9%,HIGH,2026-06-05,📉 GIẢM,25.2%,HIGH,2026-06-08,📉 GIẢM,26.5%,HIGH,2026-06-09,📉 GIẢM,27.8%,HIGH,2026-06-10,📉 GIẢM,29.1%,HIGH,2026-06-11,📉 GIẢM,30.4%,HIGH,2026-06-12,📉 GIẢM,31.7%,HIGH,2026-06-15,📉 GIẢM,33.1%,HIGH,2026-06-16,📉 GIẢM,34.4%,HIGH,2026-06-17,📉 GIẢM,35.7%,HIGH,2026-06-18,📉 GIẢM,37.0%,HIGH,2026-06-19,📉 GIẢM,38.3%,HIGH,2026-06-22,📉 GIẢM,39.6%,HIGH,2026-06-23,📉 GIẢM,40.9%,HIGH,2026-06-24,📉 GIẢM,42.2%,HIGH
FRM,2026-06-02,2026-06-04,📉 GIẢM,35.6%,MEDIUM,2026-06-05,📉 GIẢM,36.3%,MEDIUM,2026-06-08,📉 GIẢM,37.0%,MEDIUM,2026-06-09,📉 GIẢM,37.8%,MEDIUM,2026-06-10,📉 GIẢM,38.5%,MEDIUM,2026-06-11,📉 GIẢM,39.2%,HIGH,2026-06-12,📉 GIẢM,39.9%,HIGH,2026-06-15,📉 GIẢM,40.6%,HIGH,2026-06-16,📉 GIẢM,41.4%,HIGH,2026-06-17,📉 GIẢM,42.2%,HIGH,2026-06-18,📉 GIẢM,42.9%,HIGH,2026-06-19,📉 GIẢM,43.6%,HIGH,2026-06-22,📉 GIẢM,44.3%,HIGH,2026-06-23,📉 GIẢM,45.0%,HIGH,2026-06-24,📉 GIẢM,45.7%,HIGH
PCC,2026-06-02,2026-06-04,📉 GIẢM,21.3%,HIGH,2026-06-05,📉 GIẢM,22.5%,HIGH,2026-06-08,📉 GIẢM,24.0%,HIGH,2026-06-09,📉 GIẢM,25.4%,HIGH,2026-06-10,📉 GIẢM,26.9%,HIGH,2026-06-11,📉 GIẢM,28.3%,HIGH,2026-06-12,📉 GIẢM,29.8%,HIGH,2026-06-15,📉 GIẢM,31.2%,HIGH,2026-06-16,📉 GIẢM,32.7%,HIGH,2026-06-17,📉 GIẢM,34.1%,HIGH,2026-06-18,📉 GIẢM,35.6%,HIGH,2026-06-19,📉 GIẢM,37.0%,HIGH,2026-06-22,📉 GIẢM,38.4%,HIGH,2026-06-23,📉 GIẢM,39.9%,HIGH,2026-06-24,📉 GIẢM,41.3%,HIGH
GND,2026-06-02,2026-06-04,📉 GIẢM,38.8%,MEDIUM,2026-06-05,📉 GIẢM,39.7%,MEDIUM,2026-06-08,📉 GIẢM,40.3%,LOW,2026-06-09,📉 GIẢM,40.8%,LOW,2026-06-10,📉 GIẢM,41.6%,LOW,2026-06-11,📉 GIẢM,42.1%,LOW,2026-06-12,📉 GIẢM,42.7%,LOW,2026-06-15,📉 GIẢM,43.3%,HIGH,2026-06-16,📉 GIẢM,43.8%,HIGH,2026-06-17,📉 GIẢM,44.3%,HIGH,2026-06-18,📉 GIẢM,44.8%,HIGH,2026-06-19,📉 GIẢM,45.3%,HIGH,2026-06-22,📉 GIẢM,45.9%,HIGH,2026-06-23,📉 GIẢM,46.4%,HIGH,2026-06-24,📉 GIẢM,46.9%,HIGH
TDS,2026-06-02,2026-06-04,📈 TĂNG,50.7%,LOW,2026-06-05,📈 TĂNG,50.1%,LOW,2026-06-08,📈 TĂNG,50.1%,LOW,2026-06-09,📈 TĂNG,50.1%,LOW,2026-06-10,📈 TĂNG,50.4%,LOW,2026-06-11,📈 TĂNG,50.4%,LOW,2026-06-12,📈 TĂNG,51.1%,LOW,2026-06-15,📈 TĂNG,51.2%,LOW,2026-06-16,📈 TĂNG,51.1%,LOW,2026-06-17,📈 TĂNG,51.0%,LOW,2026-06-18,📈 TĂNG,51.0%,HIGH,2026-06-19,📈 TĂNG,50.9%,HIGH,2026-06-22,📈 TĂNG,50.8%,HIGH,2026-06-23,📈 TĂNG,50.7%,HIGH,2026-06-24,📈 TĂNG,50.6%,HIGH
VDL,2026-06-02,2026-06-04,📉 GIẢM,45.2%,LOW,2026-06-05,📉 GIẢM,46.0%,LOW,2026-06-08,📉 GIẢM,46.2%,LOW,2026-06-09,📉 GIẢM,46.4%,LOW,2026-06-10,📉 GIẢM,46.7%,LOW,2026-06-11,📉 GIẢM,46.7%,LOW,2026-06-12,📉 GIẢM,46.9%,LOW,2026-06-15,📉 GIẢM,47.1%,LOW,2026-06-16,📉 GIẢM,47.3%,LOW,2026-06-17,📉 GIẢM,47.6%,HIGH,2026-06-18,📉 GIẢM,47.8%,HIGH,2026-06-19,📉 GIẢM,48.0%,HIGH,2026-06-22,📉 GIẢM,48.2%,HIGH,2026-06-23,📉 GIẢM,48.5%,HIGH,2026-06-24,📉 GIẢM,48.7%,HIGH
S72,2026-06-02,2026-06-04,📈 TĂNG,66.4%,MEDIUM,2026-06-05,📈 TĂNG,65.6%,MEDIUM,2026-06-08,📈 TĂNG,64.7%,MEDIUM,2026-06-09,📈 TĂNG,63.9%,MEDIUM,2026-06-10,📈 TĂNG,63.4%,HIGH,2026-06-11,📈 TĂNG,62.6%,HIGH,2026-06-12,📈 TĂNG,61.8%,HIGH,2026-06-15,📈 TĂNG,60.9%,HIGH,2026-06-16,📈 TĂNG,60.1%,HIGH,2026-06-17,📈 TĂNG,59.2%,HIGH,2026-06-18,📈 TĂNG,58.4%,HIGH,2026-06-19,📈 TĂNG,57.6%,HIGH,2026-06-22,📈 TĂNG,56.7%,HIGH,2026-06-23,📈 TĂNG,55.9%,HIGH,2026-06-24,📈 TĂNG,55.0%,HIGH
TET,2026-06-02,2026-06-04,📉 GIẢM,35.6%,MEDIUM,2026-06-05,📉 GIẢM,36.4%,MEDIUM,2026-06-08,📉 GIẢM,37.1%,MEDIUM,2026-06-09,📉 GIẢM,37.8%,MEDIUM,2026-06-10,📉 GIẢM,38.5%,MEDIUM,2026-06-11,📉 GIẢM,39.2%,HIGH,2026-06-12,📉 GIẢM,39.9%,HIGH,2026-06-15,📉 GIẢM,40.7%,HIGH,2026-06-16,📉 GIẢM,41.4%,HIGH,2026-06-17,📉 GIẢM,42.1%,HIGH,2026-06-18,📉 GIẢM,42.8%,HIGH,2026-06-19,📉 GIẢM,43.5%,HIGH,2026-06-22,📉 GIẢM,44.3%,HIGH,2026-06-23,📉 GIẢM,45.0%,HIGH,2026-06-24,📉 GIẢM,45.7%,HIGH
HAM,2026-06-02,2026-06-04,📉 GIẢM,48.5%,LOW,2026-06-05,📉 GIẢM,48.3%,LOW,2026-06-08,📉 GIẢM,48.4%,LOW,2026-06-09,📉 GIẢM,48.5%,LOW,2026-06-10,📉 GIẢM,48.6%,LOW,2026-06-11,📉 GIẢM,48.6%,LOW,2026-06-12,📉 GIẢM,48.7%,LOW,2026-06-15,📉 GIẢM,48.8%,LOW,2026-06-16,📉 GIẢM,48.9%,LOW,2026-06-17,📉 GIẢM,49.0%,LOW,2026-06-18,📉 GIẢM,49.1%,HIGH,2026-06-19,📉 GIẢM,49.4%,HIGH,2026-06-22,📉 GIẢM,49.4%,HIGH,2026-06-23,📉 GIẢM,49.5%,HIGH,2026-06-24,📉 GIẢM,49.6%,HIGH
KKC,2026-06-02,2026-06-04,📉 GIẢM,42.0%,LOW,2026-06-05,📉 GIẢM,42.0%,LOW,2026-06-08,📉 GIẢM,42.4%,LOW,2026-06-09,📉 GIẢM,42.8%,LOW,2026-06-10,📉 GIẢM,43.2%,LOW,2026-06-11,📉 GIẢM,43.7%,LOW,2026-06-12,📉 GIẢM,44.1%,LOW,2026-06-15,📉 GIẢM,44.5%,LOW,2026-06-16,📉 GIẢM,44.9%,HIGH,2026-06-17,📉 GIẢM,45.4%,HIGH,2026-06-18,📉 GIẢM,45.8%,HIGH,2026-06-19,📉 GIẢM,46.2%,HIGH,2026-06-22,📉 GIẢM,46.6%,HIGH,2026-06-23,📉 GIẢM,47.0%,HIGH,2026-06-24,📉 GIẢM,47.5%,HIGH
TEG,2026-06-02,2026-06-04,📈 TĂNG,57.1%,LOW,2026-06-05,📈 TĂNG,56.7%,LOW,2026-06-08,📈 TĂNG,56.4%,LOW,2026-06-09,📈 TĂNG,56.0%,LOW,2026-06-10,📈 TĂNG,55.7%,LOW,2026-06-11,📈 TĂNG,55.3%,LOW,2026-06-12,📈 TĂNG,55.0%,LOW,2026-06-15,📈 TĂNG,54.6%,LOW,2026-06-16,📈 TĂNG,54.3%,HIGH,2026-06-17,📈 TĂNG,53.9%,HIGH,2026-06-18,📈 TĂNG,53.5%,HIGH,2026-06-19,📈 TĂNG,53.2%,HIGH,2026-06-22,📈 TĂNG,52.8%,HIGH,2026-06-23,📈 TĂNG,52.5%,HIGH,2026-06-24,📈 TĂNG,52.1%,HIGH
PHS,2026-06-02,2026-06-04,📈 TĂNG,52.0%,LOW,2026-06-05,📈 TĂNG,51.9%,LOW,2026-06-08,📈 TĂNG,51.8%,LOW,2026-06-09,📈 TĂNG,51.7%,LOW,2026-06-10,📈 TĂNG,52.8%,LOW,2026-06-11,📈 TĂNG,52.6%,LOW,2026-06-12,📈 TĂNG,52.5%,LOW,2026-06-15,📈 TĂNG,52.3%,LOW,2026-06-16,📈 TĂNG,52.1%,LOW,2026-06-17,📈 TĂNG,51.9%,LOW,2026-06-18,📈 TĂNG,51.8%,HIGH,2026-06-19,📈 TĂNG,51.6%,HIGH,2026-06-22,📈 TĂNG,51.4%,HIGH,2026-06-23,📈 TĂNG,51.2%,HIGH,2026-06-24,📈 TĂNG,51.1%,HIGH
S4A,2026-06-02,2026-06-04,📉 GIẢM,38.0%,MEDIUM,2026-06-05,📉 GIẢM,38.6%,MEDIUM,2026-06-08,📉 GIẢM,39.2%,MEDIUM,2026-06-09,📉 GIẢM,39.8%,MEDIUM,2026-06-10,📉 GIẢM,40.4%,LOW,2026-06-11,📉 GIẢM,41.0%,LOW,2026-06-12,📉 GIẢM,41.6%,HIGH,2026-06-15,📉 GIẢM,42.2%,HIGH,2026-06-16,📉 GIẢM,42.8%,HIGH,2026-06-17,📉 GIẢM,43.4%,HIGH,2026-06-18,📉 GIẢM,44.0%,HIGH,2026-06-19,📉 GIẢM,44.6%,HIGH,2026-06-22,📉 GIẢM,45.2%,HIGH,2026-06-23,📉 GIẢM,45.8%,HIGH,2026-06-24,📉 GIẢM,46.4%,HIGH
SSG,2026-06-02,2026-06-04,📉 GIẢM,44.5%,LOW,2026-06-05,📉 GIẢM,44.8%,LOW,2026-06-08,📉 GIẢM,45.2%,LOW,2026-06-09,📉 GIẢM,45.4%,LOW,2026-06-10,📉 GIẢM,45.7%,LOW,2026-06-11,📉 GIẢM,46.0%,LOW,2026-06-12,📉 GIẢM,45.9%,LOW,2026-06-15,📉 GIẢM,46.2%,LOW,2026-06-16,📉 GIẢM,46.6%,LOW,2026-06-17,📉 GIẢM,46.8%,HIGH,2026-06-18,📉 GIẢM,47.1%,HIGH,2026-06-19,📉 GIẢM,47.3%,HIGH,2026-06-22,📉 GIẢM,47.6%,HIGH,2026-06-23,📉 GIẢM,47.9%,HIGH,2026-06-24,📉 GIẢM,48.2%,HIGH
HEJ,2026-06-02,2026-06-04,📈 TĂNG,61.5%,MEDIUM,2026-06-05,📈 TĂNG,60.4%,MEDIUM,2026-06-08,📈 TĂNG,59.9%,LOW,2026-06-09,📈 TĂNG,59.3%,LOW,2026-06-10,📈 TĂNG,59.9%,LOW,2026-06-11,📈 TĂNG,59.3%,LOW,2026-06-12,📈 TĂNG,58.7%,HIGH,2026-06-15,📈 TĂNG,58.0%,HIGH,2026-06-16,📈 TĂNG,57.4%,HIGH,2026-06-17,📈 TĂNG,56.8%,HIGH,2026-06-18,📈 TĂNG,56.2%,HIGH,2026-06-19,📈 TĂNG,55.6%,HIGH,2026-06-22,📈 TĂNG,54.9%,HIGH,2026-06-23,📈 TĂNG,54.3%,HIGH,2026-06-24,📈 TĂNG,53.7%,HIGH
BCA,2026-06-02,2026-06-04,📈 TĂNG,52.6%,LOW,2026-06-05,📈 TĂNG,53.3%,LOW,2026-06-08,📈 TĂNG,53.1%,LOW,2026-06-09,📈 TĂNG,53.1%,LOW,2026-06-10,📈 TĂNG,52.9%,LOW,2026-06-11,📈 TĂNG,52.7%,LOW,2026-06-12,📈 TĂNG,52.5%,LOW,2026-06-15,📈 TĂNG,52.3%,LOW,2026-06-16,📈 TĂNG,52.2%,LOW,2026-06-17,📈 TĂNG,52.0%,LOW,2026-06-18,📈 TĂNG,51.8%,HIGH,2026-06-19,📈 TĂNG,51.6%,HIGH,2026-06-22,📈 TĂNG,51.4%,HIGH,2026-06-23,📈 TĂNG,51.3%,HIGH,2026-06-24,📈 TĂNG,51.1%,HIGH
SPV,2026-06-02,2026-06-04,📈 TĂNG,50.3%,LOW,2026-06-05,📈 TĂNG,53.6%,LOW,2026-06-08,📈 TĂNG,53.4%,LOW,2026-06-09,📈 TĂNG,53.2%,LOW,2026-06-10,📈 TĂNG,53.0%,LOW,2026-06-11,📈 TĂNG,52.8%,LOW,2026-06-12,📈 TĂNG,52.6%,LOW,2026-06-15,📈 TĂNG,52.4%,LOW,2026-06-16,📈 TĂNG,52.3%,LOW,2026-06-17,📈 TĂNG,52.1%,HIGH,2026-06-18,📈 TĂNG,51.9%,HIGH,2026-06-19,📈 TĂNG,51.7%,HIGH,2026-06-22,📈 TĂNG,51.5%,HIGH,2026-06-23,📈 TĂNG,51.3%,HIGH,2026-06-24,📈 TĂNG,51.1%,HIGH
AMP,2026-06-02,2026-06-04,📉 GIẢM,29.4%,HIGH,2026-06-05,📉 GIẢM,30.6%,HIGH,2026-06-08,📉 GIẢM,31.6%,HIGH,2026-06-09,📉 GIẢM,32.6%,HIGH,2026-06-10,📉 GIẢM,33.6%,HIGH,2026-06-11,📉 GIẢM,34.7%,HIGH,2026-06-12,📉 GIẢM,35.7%,HIGH,2026-06-15,📉 GIẢM,36.7%,HIGH,2026-06-16,📉 GIẢM,37.7%,HIGH,2026-06-17,📉 GIẢM,38.7%,HIGH,2026-06-18,📉 GIẢM,39.8%,HIGH,2026-06-19,📉 GIẢM,40.8%,HIGH,2026-06-22,📉 GIẢM,41.8%,HIGH,2026-06-23,📉 GIẢM,42.8%,HIGH,2026-06-24,📉 GIẢM,43.9%,HIGH
SSC,2026-06-02,2026-06-04,📉 GIẢM,27.4%,HIGH,2026-06-05,📉 GIẢM,28.0%,HIGH,2026-06-08,📉 GIẢM,29.2%,HIGH,2026-06-09,📉 GIẢM,30.3%,HIGH,2026-06-10,📉 GIẢM,31.5%,HIGH,2026-06-11,📉 GIẢM,32.6%,HIGH,2026-06-12,📉 GIẢM,33.8%,HIGH,2026-06-15,📉 GIẢM,35.0%,HIGH,2026-06-16,📉 GIẢM,36.1%,HIGH,2026-06-17,📉 GIẢM,37.3%,HIGH,2026-06-18,📉 GIẢM,38.4%,HIGH,2026-06-19,📉 GIẢM,39.6%,HIGH,2026-06-22,📉 GIẢM,40.7%,HIGH,2026-06-23,📉 GIẢM,41.9%,HIGH,2026-06-24,📉 GIẢM,43.1%,HIGH
HFC,2026-06-02,2026-06-04,📉 GIẢM,43.9%,LOW,2026-06-05,📉 GIẢM,44.2%,LOW,2026-06-08,📉 GIẢM,44.5%,LOW,2026-06-09,📉 GIẢM,44.8%,LOW,2026-06-10,📉 GIẢM,45.1%,LOW,2026-06-11,📉 GIẢM,45.4%,LOW,2026-06-12,📉 GIẢM,45.8%,LOW,2026-06-15,📉 GIẢM,46.1%,LOW,2026-06-16,📉 GIẢM,46.4%,LOW,2026-06-17,📉 GIẢM,46.7%,HIGH,2026-06-18,📉 GIẢM,47.0%,HIGH,2026-06-19,📉 GIẢM,47.3%,HIGH,2026-06-22,📉 GIẢM,47.6%,HIGH,2026-06-23,📉 GIẢM,47.9%,HIGH,2026-06-24,📉 GIẢM,48.2%,HIGH
SNZ,2026-06-02,2026-06-04,📉 GIẢM,35.4%,MEDIUM,2026-06-05,📉 GIẢM,36.1%,MEDIUM,2026-06-08,📉 GIẢM,36.8%,MEDIUM,2026-06-09,📉 GIẢM,37.5%,MEDIUM,2026-06-10,📉 GIẢM,38.3%,MEDIUM,2026-06-11,📉 GIẢM,39.0%,HIGH,2026-06-12,📉 GIẢM,39.7%,HIGH,2026-06-15,📉 GIẢM,40.5%,HIGH,2026-06-16,📉 GIẢM,41.2%,HIGH,2026-06-17,📉 GIẢM,41.9%,HIGH,2026-06-18,📉 GIẢM,42.7%,HIGH,2026-06-19,📉 GIẢM,43.4%,HIGH,2026-06-22,📉 GIẢM,44.1%,HIGH,2026-06-23,📉 GIẢM,44.9%,HIGH,2026-06-24,📉 GIẢM,45.7%,HIGH
NXT,2026-06-02,2026-06-04,📉 GIẢM,25.3%,HIGH,2026-06-05,📉 GIẢM,27.1%,HIGH,2026-06-08,📉 GIẢM,28.3%,HIGH,2026-06-09,📉 GIẢM,29.5%,HIGH,2026-06-10,📉 GIẢM,30.7%,HIGH,2026-06-11,📉 GIẢM,31.9%,HIGH,2026-06-12,📉 GIẢM,33.1%,HIGH,2026-06-15,📉 GIẢM,34.3%,HIGH,2026-06-16,📉 GIẢM,35.5%,HIGH,2026-06-17,📉 GIẢM,36.7%,HIGH,2026-06-18,📉 GIẢM,37.9%,HIGH,2026-06-19,📉 GIẢM,39.1%,HIGH,2026-06-22,📉 GIẢM,40.3%,HIGH,2026-06-23,📉 GIẢM,41.6%,HIGH,2026-06-24,📉 GIẢM,42.8%,HIGH
PEQ,2026-06-02,2026-06-04,📉 GIẢM,30.4%,MEDIUM,2026-06-05,📉 GIẢM,31.4%,HIGH,2026-06-08,📉 GIẢM,32.3%,HIGH,2026-06-09,📉 GIẢM,33.3%,HIGH,2026-06-10,📉 GIẢM,34.3%,HIGH,2026-06-11,📉 GIẢM,35.3%,HIGH,2026-06-12,📉 GIẢM,36.3%,HIGH,2026-06-15,📉 GIẢM,37.4%,HIGH,2026-06-16,📉 GIẢM,38.4%,HIGH,2026-06-17,📉 GIẢM,39.4%,HIGH,2026-06-18,📉 GIẢM,40.4%,HIGH,2026-06-19,📉 GIẢM,41.3%,HIGH,2026-06-22,📉 GIẢM,42.3%,HIGH,2026-06-23,📉 GIẢM,43.3%,HIGH,2026-06-24,📉 GIẢM,44.4%,HIGH
HU6,2026-06-02,2026-06-04,📉 GIẢM,33.1%,MEDIUM,2026-06-05,📉 GIẢM,34.2%,MEDIUM,2026-06-08,📉 GIẢM,35.0%,MEDIUM,2026-06-09,📉 GIẢM,35.9%,HIGH,2026-06-10,📉 GIẢM,36.7%,HIGH,2026-06-11,📉 GIẢM,37.5%,HIGH,2026-06-12,📉 GIẢM,38.3%,HIGH,2026-06-15,📉 GIẢM,39.2%,HIGH,2026-06-16,📉 GIẢM,40.0%,HIGH,2026-06-17,📉 GIẢM,40.8%,HIGH,2026-06-18,📉 GIẢM,41.7%,HIGH,2026-06-19,📉 GIẢM,42.5%,HIGH,2026-06-22,📉 GIẢM,43.3%,HIGH,2026-06-23,📉 GIẢM,44.2%,HIGH,2026-06-24,📉 GIẢM,45.0%,HIGH
SKV,2026-06-02,2026-06-04,📈 TĂNG,56.8%,LOW,2026-06-05,📈 TĂNG,56.5%,LOW,2026-06-08,📈 TĂNG,56.2%,LOW,2026-06-09,📈 TĂNG,55.8%,LOW,2026-06-10,📈 TĂNG,55.5%,LOW,2026-06-11,📈 TĂNG,55.0%,LOW,2026-06-12,📈 TĂNG,54.7%,LOW,2026-06-15,📈 TĂNG,54.4%,LOW,2026-06-16,📈 TĂNG,54.0%,HIGH,2026-06-17,📈 TĂNG,53.7%,HIGH,2026-06-18,📈 TĂNG,53.4%,HIGH,2026-06-19,📈 TĂNG,53.0%,HIGH,2026-06-22,📈 TĂNG,52.7%,HIGH,2026-06-23,📈 TĂNG,52.4%,HIGH,2026-06-24,📈 TĂNG,52.0%,HIGH
DAT,2026-06-02,2026-06-04,📉 GIẢM,32.4%,MEDIUM,2026-06-05,📉 GIẢM,33.3%,MEDIUM,2026-06-08,📉 GIẢM,34.2%,MEDIUM,2026-06-09,📉 GIẢM,35.1%,HIGH,2026-06-10,📉 GIẢM,35.9%,HIGH,2026-06-11,📉 GIẢM,36.8%,HIGH,2026-06-12,📉 GIẢM,37.7%,HIGH,2026-06-15,📉 GIẢM,38.6%,HIGH,2026-06-16,📉 GIẢM,39.4%,HIGH,2026-06-17,📉 GIẢM,40.3%,HIGH,2026-06-18,📉 GIẢM,41.2%,HIGH,2026-06-19,📉 GIẢM,42.1%,HIGH,2026-06-22,📉 GIẢM,43.0%,HIGH,2026-06-23,📉 GIẢM,43.8%,HIGH,2026-06-24,📉 GIẢM,44.7%,HIGH
NAS,2026-06-02,2026-06-04,📉 GIẢM,40.2%,LOW,2026-06-05,📉 GIẢM,40.4%,LOW,2026-06-08,📉 GIẢM,40.9%,LOW,2026-06-09,📉 GIẢM,41.4%,LOW,2026-06-10,📉 GIẢM,41.9%,LOW,2026-06-11,📉 GIẢM,42.4%,LOW,2026-06-12,📉 GIẢM,42.9%,LOW,2026-06-15,📉 GIẢM,43.4%,HIGH,2026-06-16,📉 GIẢM,43.9%,HIGH,2026-06-17,📉 GIẢM,44.4%,HIGH,2026-06-18,📉 GIẢM,44.9%,HIGH,2026-06-19,📉 GIẢM,45.4%,HIGH,2026-06-22,📉 GIẢM,45.9%,HIGH,2026-06-23,📉 GIẢM,46.5%,HIGH,2026-06-24,📉 GIẢM,47.0%,HIGH
AGX,2026-06-02,2026-06-04,📉 GIẢM,24.9%,HIGH,2026-06-05,📉 GIẢM,26.2%,HIGH,2026-06-08,📉 GIẢM,27.5%,HIGH,2026-06-09,📉 GIẢM,28.7%,HIGH,2026-06-10,📉 GIẢM,30.0%,HIGH,2026-06-11,📉 GIẢM,31.2%,HIGH,2026-06-12,📉 GIẢM,32.5%,HIGH,2026-06-15,📉 GIẢM,33.7%,HIGH,2026-06-16,📉 GIẢM,35.0%,HIGH,2026-06-17,📉 GIẢM,36.2%,HIGH,2026-06-18,📉 GIẢM,37.5%,HIGH,2026-06-19,📉 GIẢM,38.1%,HIGH,2026-06-22,📉 GIẢM,39.7%,HIGH,2026-06-23,📉 GIẢM,41.0%,HIGH,2026-06-24,📉 GIẢM,42.3%,HIGH
EFI,2026-06-02,2026-06-04,📉 GIẢM,40.5%,LOW,2026-06-05,📉 GIẢM,41.0%,LOW,2026-06-08,📉 GIẢM,41.5%,LOW,2026-06-09,📉 GIẢM,42.0%,LOW,2026-06-10,📉 GIẢM,42.4%,LOW,2026-06-11,📉 GIẢM,42.9%,LOW,2026-06-12,📉 GIẢM,43.4%,LOW,2026-06-15,📉 GIẢM,43.8%,HIGH,2026-06-16,📉 GIẢM,44.3%,HIGH,2026-06-17,📉 GIẢM,44.8%,HIGH,2026-06-18,📉 GIẢM,45.3%,HIGH,2026-06-19,📉 GIẢM,45.7%,HIGH,2026-06-22,📉 GIẢM,46.2%,HIGH,2026-06-23,📉 GIẢM,46.7%,HIGH,2026-06-24,📉 GIẢM,47.2%,HIGH
VCF,2026-06-02,2026-06-04,📉 GIẢM,32.3%,MEDIUM,2026-06-05,📉 GIẢM,33.7%,MEDIUM,2026-06-08,📉 GIẢM,34.8%,MEDIUM,2026-06-09,📉 GIẢM,35.6%,HIGH,2026-06-10,📉 GIẢM,36.5%,HIGH,2026-06-11,📉 GIẢM,37.3%,HIGH,2026-06-12,📉 GIẢM,38.2%,HIGH,2026-06-15,📉 GIẢM,39.1%,HIGH,2026-06-16,📉 GIẢM,39.9%,HIGH,2026-06-17,📉 GIẢM,40.8%,HIGH,2026-06-18,📉 GIẢM,42.2%,HIGH,2026-06-19,📉 GIẢM,43.0%,HIGH,2026-06-22,📉 GIẢM,43.8%,HIGH,2026-06-23,📉 GIẢM,44.5%,HIGH,2026-06-24,📉 GIẢM,45.3%,HIGH
PLO,2026-06-02,2026-06-04,📉 GIẢM,19.9%,HIGH,2026-06-05,📉 GIẢM,21.1%,HIGH,2026-06-08,📉 GIẢM,22.6%,HIGH,2026-06-09,📉 GIẢM,24.1%,HIGH,2026-06-10,📉 GIẢM,25.7%,HIGH,2026-06-11,📉 GIẢM,27.2%,HIGH,2026-06-12,📉 GIẢM,28.7%,HIGH,2026-06-15,📉 GIẢM,30.6%,HIGH,2026-06-16,📉 GIẢM,32.1%,HIGH,2026-06-17,📉 GIẢM,33.6%,HIGH,2026-06-18,📉 GIẢM,35.1%,HIGH,2026-06-19,📉 GIẢM,36.6%,HIGH,2026-06-22,📉 GIẢM,38.1%,HIGH,2026-06-23,📉 GIẢM,39.6%,HIGH,2026-06-24,📉 GIẢM,41.1%,HIGH
CI5,2026-06-02,2026-06-04,📈 TĂNG,54.8%,LOW,2026-06-05,📈 TĂNG,54.5%,LOW,2026-06-08,📈 TĂNG,54.3%,LOW,2026-06-09,📈 TĂNG,54.0%,LOW,2026-06-10,📈 TĂNG,53.8%,LOW,2026-06-11,📈 TĂNG,53.6%,LOW,2026-06-12,📈 TĂNG,53.3%,LOW,2026-06-15,📈 TĂNG,53.1%,LOW,2026-06-16,📈 TĂNG,52.9%,LOW,2026-06-17,📈 TĂNG,52.6%,HIGH,2026-06-18,📈 TĂNG,52.4%,HIGH,2026-06-19,📈 TĂNG,52.1%,HIGH,2026-06-22,📈 TĂNG,51.9%,HIGH,2026-06-23,📈 TĂNG,51.7%,HIGH,2026-06-24,📈 TĂNG,51.4%,HIGH
BHN,2026-06-02,2026-06-04,📉 GIẢM,23.8%,HIGH,2026-06-05,📉 GIẢM,24.7%,HIGH,2026-06-08,📉 GIẢM,26.0%,HIGH,2026-06-09,📉 GIẢM,27.3%,HIGH,2026-06-10,📉 GIẢM,28.7%,HIGH,2026-06-11,📉 GIẢM,30.0%,HIGH,2026-06-12,📉 GIẢM,31.3%,HIGH,2026-06-15,📉 GIẢM,32.7%,HIGH,2026-06-16,📉 GIẢM,34.0%,HIGH,2026-06-17,📉 GIẢM,35.3%,HIGH,2026-06-18,📉 GIẢM,36.7%,HIGH,2026-06-19,📉 GIẢM,38.0%,HIGH,2026-06-22,📉 GIẢM,39.3%,HIGH,2026-06-23,📉 GIẢM,40.7%,HIGH,2026-06-24,📉 GIẢM,42.0%,HIGH
XHC,2026-06-02,2026-06-04,📉 GIẢM,42.7%,LOW,2026-06-05,📉 GIẢM,42.1%,LOW,2026-06-08,📉 GIẢM,42.5%,LOW,2026-06-09,📉 GIẢM,42.9%,LOW,2026-06-10,📉 GIẢM,43.3%,LOW,2026-06-11,📉 GIẢM,43.7%,LOW,2026-06-12,📉 GIẢM,44.1%,LOW,2026-06-15,📉 GIẢM,44.6%,LOW,2026-06-16,📉 GIẢM,45.0%,HIGH,2026-06-17,📉 GIẢM,45.4%,HIGH,2026-06-18,📉 GIẢM,45.8%,HIGH,2026-06-19,📉 GIẢM,46.2%,HIGH,2026-06-22,📉 GIẢM,46.7%,HIGH,2026-06-23,📉 GIẢM,47.1%,HIGH,2026-06-24,📉 GIẢM,47.5%,HIGH
HDA,2026-06-02,2026-06-04,📉 GIẢM,29.6%,HIGH,2026-06-05,📉 GIẢM,30.6%,HIGH,2026-06-08,📉 GIẢM,31.6%,HIGH,2026-06-09,📉 GIẢM,32.7%,HIGH,2026-06-10,📉 GIẢM,33.7%,HIGH,2026-06-11,📉 GIẢM,34.7%,HIGH,2026-06-12,📉 GIẢM,35.7%,HIGH,2026-06-15,📉 GIẢM,36.7%,HIGH,2026-06-16,📉 GIẢM,37.8%,HIGH,2026-06-17,📉 GIẢM,38.8%,HIGH,2026-06-18,📉 GIẢM,39.8%,HIGH,2026-06-19,📉 GIẢM,40.8%,HIGH,2026-06-22,📉 GIẢM,41.8%,HIGH,2026-06-23,📉 GIẢM,42.9%,HIGH,2026-06-24,📉 GIẢM,43.9%,HIGH
TPC,2026-06-02,2026-06-04,📉 GIẢM,47.5%,LOW,2026-06-05,📉 GIẢM,47.7%,LOW,2026-06-08,📉 GIẢM,47.8%,LOW,2026-06-09,📉 GIẢM,47.9%,LOW,2026-06-10,📉 GIẢM,48.0%,LOW,2026-06-11,📉 GIẢM,48.2%,LOW,2026-06-12,📉 GIẢM,48.3%,LOW,2026-06-15,📉 GIẢM,48.5%,LOW,2026-06-16,📉 GIẢM,48.6%,LOW,2026-06-17,📉 GIẢM,48.7%,LOW,2026-06-18,📉 GIẢM,48.8%,HIGH,2026-06-19,📉 GIẢM,48.9%,HIGH,2026-06-22,📉 GIẢM,49.0%,HIGH,2026-06-23,📉 GIẢM,49.2%,HIGH,2026-06-24,📉 GIẢM,49.3%,HIGH
SCJ,2026-06-02,2026-06-04,📉 GIẢM,28.6%,HIGH,2026-06-05,📉 GIẢM,28.8%,HIGH,2026-06-08,📉 GIẢM,29.9%,HIGH,2026-06-09,📉 GIẢM,31.0%,HIGH,2026-06-10,📉 GIẢM,32.1%,HIGH,2026-06-11,📉 GIẢM,33.3%,HIGH,2026-06-12,📉 GIẢM,34.4%,HIGH,2026-06-15,📉 GIẢM,35.5%,HIGH,2026-06-16,📉 GIẢM,36.6%,HIGH,2026-06-17,📉 GIẢM,37.7%,HIGH,2026-06-18,📉 GIẢM,38.8%,HIGH,2026-06-19,📉 GIẢM,40.0%,HIGH,2026-06-22,📉 GIẢM,41.1%,HIGH,2026-06-23,📉 GIẢM,42.2%,HIGH,2026-06-24,📉 GIẢM,43.3%,HIGH
HPH,2026-06-02,2026-06-04,📉 GIẢM,31.8%,MEDIUM,2026-06-05,📉 GIẢM,32.0%,HIGH,2026-06-08,📉 GIẢM,32.9%,HIGH,2026-06-09,📉 GIẢM,33.9%,HIGH,2026-06-10,📉 GIẢM,34.8%,HIGH,2026-06-11,📉 GIẢM,36.2%,HIGH,2026-06-12,📉 GIẢM,37.1%,HIGH,2026-06-15,📉 GIẢM,38.0%,HIGH,2026-06-16,📉 GIẢM,39.0%,HIGH,2026-06-17,📉 GIẢM,39.9%,HIGH,2026-06-18,📉 GIẢM,40.8%,HIGH,2026-06-19,📉 GIẢM,41.8%,HIGH,2026-06-22,📉 GIẢM,42.7%,HIGH,2026-06-23,📉 GIẢM,43.6%,HIGH,2026-06-24,📉 GIẢM,44.5%,HIGH
QNC,2026-06-02,2026-06-04,📉 GIẢM,40.3%,LOW,2026-06-05,📉 GIẢM,40.4%,LOW,2026-06-08,📉 GIẢM,40.9%,LOW,2026-06-09,📉 GIẢM,41.4%,LOW,2026-06-10,📉 GIẢM,41.9%,LOW,2026-06-11,📉 GIẢM,42.4%,LOW,2026-06-12,📉 GIẢM,42.9%,LOW,2026-06-15,📉 GIẢM,43.4%,HIGH,2026-06-16,📉 GIẢM,43.9%,HIGH,2026-06-17,📉 GIẢM,44.4%,HIGH,2026-06-18,📉 GIẢM,44.9%,HIGH,2026-06-19,📉 GIẢM,45.4%,HIGH,2026-06-22,📉 GIẢM,45.9%,HIGH,2026-06-23,📉 GIẢM,46.4%,HIGH,2026-06-24,📉 GIẢM,47.0%,HIGH
TAB,2026-06-02,2026-06-04,📉 GIẢM,32.0%,MEDIUM,2026-06-05,📉 GIẢM,32.9%,MEDIUM,2026-06-08,📉 GIẢM,33.8%,HIGH,2026-06-09,📉 GIẢM,34.7%,HIGH,2026-06-10,📉 GIẢM,35.6%,HIGH,2026-06-11,📉 GIẢM,36.5%,HIGH,2026-06-12,📉 GIẢM,37.4%,HIGH,2026-06-15,📉 GIẢM,38.3%,HIGH,2026-06-16,📉 GIẢM,39.2%,HIGH,2026-06-17,📉 GIẢM,40.1%,HIGH,2026-06-18,📉 GIẢM,41.0%,HIGH,2026-06-19,📉 GIẢM,41.9%,HIGH,2026-06-22,📉 GIẢM,42.8%,HIGH,2026-06-23,📉 GIẢM,43.7%,HIGH,2026-06-24,📉 GIẢM,44.6%,HIGH
PMS,2026-06-02,2026-06-04,📉 GIẢM,31.6%,MEDIUM,2026-06-05,📉 GIẢM,32.5%,MEDIUM,2026-06-08,📉 GIẢM,33.4%,HIGH,2026-06-09,📉 GIẢM,34.4%,HIGH,2026-06-10,📉 GIẢM,35.3%,HIGH,2026-06-11,📉 GIẢM,36.2%,HIGH,2026-06-12,📉 GIẢM,37.1%,HIGH,2026-06-15,📉 GIẢM,38.0%,HIGH,2026-06-16,📉 GIẢM,39.2%,HIGH,2026-06-17,📉 GIẢM,40.1%,HIGH,2026-06-18,📉 GIẢM,41.0%,HIGH,2026-06-19,📉 GIẢM,41.9%,HIGH,2026-06-22,📉 GIẢM,42.8%,HIGH,2026-06-23,📉 GIẢM,43.7%,HIGH,2026-06-24,📉 GIẢM,44.6%,HIGH
LLM,2026-06-02,2026-06-04,📈 TĂNG,58.7%,LOW,2026-06-05,📈 TĂNG,54.1%,LOW,2026-06-08,📈 TĂNG,53.9%,LOW,2026-06-09,📈 TĂNG,53.6%,LOW,2026-06-10,📈 TĂNG,53.4%,LOW,2026-06-11,📈 TĂNG,53.2%,LOW,2026-06-12,📈 TĂNG,53.0%,LOW,2026-06-15,📈 TĂNG,52.6%,LOW,2026-06-16,📈 TĂNG,52.4%,LOW,2026-06-17,📈 TĂNG,52.2%,HIGH,2026-06-18,📈 TĂNG,52.0%,HIGH,2026-06-19,📈 TĂNG,51.8%,HIGH,2026-06-22,📈 TĂNG,51.6%,HIGH,2026-06-23,📈 TĂNG,51.4%,HIGH,2026-06-24,📈 TĂNG,51.2%,HIGH
C32,2026-06-02,2026-06-04,📉 GIẢM,30.1%,MEDIUM,2026-06-05,📉 GIẢM,31.1%,HIGH,2026-06-08,📉 GIẢM,32.1%,HIGH,2026-06-09,📉 GIẢM,33.1%,HIGH,2026-06-10,📉 GIẢM,34.8%,HIGH,2026-06-11,📉 GIẢM,35.8%,HIGH,2026-06-12,📉 GIẢM,36.7%,HIGH,2026-06-15,📉 GIẢM,37.7%,HIGH,2026-06-16,📉 GIẢM,38.6%,HIGH,2026-06-17,📉 GIẢM,39.6%,HIGH,2026-06-18,📉 GIẢM,40.5%,HIGH,2026-06-19,📉 GIẢM,41.8%,HIGH,2026-06-22,📉 GIẢM,42.8%,HIGH,2026-06-23,📉 GIẢM,43.7%,HIGH,2026-06-24,📉 GIẢM,44.6%,HIGH
CMW,2026-06-02,2026-06-04,📉 GIẢM,41.8%,LOW,2026-06-05,📉 GIẢM,42.0%,LOW,2026-06-08,📉 GIẢM,42.4%,LOW,2026-06-09,📉 GIẢM,42.8%,LOW,2026-06-10,📉 GIẢM,42.4%,LOW,2026-06-11,📉 GIẢM,42.9%,LOW,2026-06-12,📉 GIẢM,43.2%,LOW,2026-06-15,📉 GIẢM,43.5%,HIGH,2026-06-16,📉 GIẢM,44.0%,HIGH,2026-06-17,📉 GIẢM,44.5%,HIGH,2026-06-18,📉 GIẢM,45.0%,HIGH,2026-06-19,📉 GIẢM,45.5%,HIGH,2026-06-22,📉 GIẢM,46.0%,HIGH,2026-06-23,📉 GIẢM,46.5%,HIGH,2026-06-24,📉 GIẢM,47.0%,HIGH
TSB,2026-06-02,2026-06-04,📉 GIẢM,25.3%,HIGH,2026-06-05,📉 GIẢM,26.6%,HIGH,2026-06-08,📉 GIẢM,27.8%,HIGH,2026-06-09,📉 GIẢM,29.0%,HIGH,2026-06-10,📉 GIẢM,30.3%,HIGH,2026-06-11,📉 GIẢM,32.0%,HIGH,2026-06-12,📉 GIẢM,33.2%,HIGH,2026-06-15,📉 GIẢM,34.4%,HIGH,2026-06-16,📉 GIẢM,35.6%,HIGH,2026-06-17,📉 GIẢM,36.8%,HIGH,2026-06-18,📉 GIẢM,38.0%,HIGH,2026-06-19,📉 GIẢM,39.2%,HIGH,2026-06-22,📉 GIẢM,40.4%,HIGH,2026-06-23,📉 GIẢM,41.6%,HIGH,2026-06-24,📉 GIẢM,42.9%,HIGH
CMT,2026-06-02,2026-06-04,📈 TĂNG,53.5%,LOW,2026-06-05,📈 TĂNG,53.8%,LOW,2026-06-08,📈 TĂNG,54.4%,LOW,2026-06-09,📈 TĂNG,54.2%,LOW,2026-06-10,📈 TĂNG,54.0%,LOW,2026-06-11,📈 TĂNG,53.7%,LOW,2026-06-12,📈 TĂNG,53.5%,LOW,2026-06-15,📈 TĂNG,53.2%,LOW,2026-06-16,📈 TĂNG,53.0%,LOW,2026-06-17,📈 TĂNG,52.7%,HIGH,2026-06-18,📈 TĂNG,52.5%,HIGH,2026-06-19,📈 TĂNG,52.2%,HIGH,2026-06-22,📈 TĂNG,52.0%,HIGH,2026-06-23,📈 TĂNG,51.7%,HIGH,2026-06-24,📈 TĂNG,51.5%,HIGH
HU4,2026-06-02,2026-06-04,📉 GIẢM,44.4%,LOW,2026-06-05,📉 GIẢM,44.4%,LOW,2026-06-08,📉 GIẢM,44.7%,LOW,2026-06-09,📉 GIẢM,45.0%,LOW,2026-06-10,📉 GIẢM,45.3%,LOW,2026-06-11,📉 GIẢM,45.6%,LOW,2026-06-12,📉 GIẢM,45.9%,LOW,2026-06-15,📉 GIẢM,46.2%,LOW,2026-06-16,📉 GIẢM,46.4%,LOW,2026-06-17,📉 GIẢM,46.7%,HIGH,2026-06-18,📉 GIẢM,47.0%,HIGH,2026-06-19,📉 GIẢM,47.3%,HIGH,2026-06-22,📉 GIẢM,47.6%,HIGH,2026-06-23,📉 GIẢM,47.9%,HIGH,2026-06-24,📉 GIẢM,48.2%,HIGH
L43,2026-06-02,2026-06-04,📈 TĂNG,59.0%,LOW,2026-06-05,📈 TĂNG,57.8%,LOW,2026-06-08,📈 TĂNG,58.1%,LOW,2026-06-09,📈 TĂNG,57.7%,LOW,2026-06-10,📈 TĂNG,57.2%,LOW,2026-06-11,📈 TĂNG,56.8%,LOW,2026-06-12,📈 TĂNG,56.3%,LOW,2026-06-15,📈 TĂNG,55.9%,LOW,2026-06-16,📈 TĂNG,55.4%,HIGH,2026-06-17,📈 TĂNG,55.0%,HIGH,2026-06-18,📈 TĂNG,54.5%,HIGH,2026-06-19,📈 TĂNG,54.1%,HIGH,2026-06-22,📈 TĂNG,53.6%,HIGH,2026-06-23,📈 TĂNG,53.2%,HIGH,2026-06-24,📈 TĂNG,52.7%,HIGH
VIT,2026-06-02,2026-06-04,📉 GIẢM,22.5%,HIGH,2026-06-05,📉 GIẢM,24.3%,HIGH,2026-06-08,📉 GIẢM,25.6%,HIGH,2026-06-09,📉 GIẢM,27.0%,HIGH,2026-06-10,📉 GIẢM,28.4%,HIGH,2026-06-11,📉 GIẢM,29.7%,HIGH,2026-06-12,📉 GIẢM,31.1%,HIGH,2026-06-15,📉 GIẢM,32.5%,HIGH,2026-06-16,📉 GIẢM,33.8%,HIGH,2026-06-17,📉 GIẢM,35.1%,HIGH,2026-06-18,📉 GIẢM,36.5%,HIGH,2026-06-19,📉 GIẢM,37.8%,HIGH,2026-06-22,📉 GIẢM,39.4%,HIGH,2026-06-23,📉 GIẢM,40.7%,HIGH,2026-06-24,📉 GIẢM,42.0%,HIGH
SRB,2026-06-02,2026-06-04,📉 GIẢM,19.1%,HIGH,2026-06-05,📉 GIẢM,20.7%,HIGH,2026-06-08,📉 GIẢM,22.3%,HIGH,2026-06-09,📉 GIẢM,23.8%,HIGH,2026-06-10,📉 GIẢM,25.4%,HIGH,2026-06-11,📉 GIẢM,26.9%,HIGH,2026-06-12,📉 GIẢM,28.4%,HIGH,2026-06-15,📉 GIẢM,30.0%,HIGH,2026-06-16,📉 GIẢM,31.5%,HIGH,2026-06-17,📉 GIẢM,33.1%,HIGH,2026-06-18,📉 GIẢM,34.6%,HIGH,2026-06-19,📉 GIẢM,36.1%,HIGH,2026-06-22,📉 GIẢM,37.7%,HIGH,2026-06-23,📉 GIẢM,39.3%,HIGH,2026-06-24,📉 GIẢM,40.8%,HIGH
BMF,2026-06-02,2026-06-04,📈 TĂNG,56.7%,LOW,2026-06-05,📈 TĂNG,56.5%,LOW,2026-06-08,📈 TĂNG,56.2%,LOW,2026-06-09,📈 TĂNG,55.8%,LOW,2026-06-10,📈 TĂNG,55.5%,LOW,2026-06-11,📈 TĂNG,55.1%,LOW,2026-06-12,📈 TĂNG,54.8%,LOW,2026-06-15,📈 TĂNG,54.5%,LOW,2026-06-16,📈 TĂNG,54.1%,HIGH,2026-06-17,📈 TĂNG,53.8%,HIGH,2026-06-18,📈 TĂNG,53.4%,HIGH,2026-06-19,📈 TĂNG,53.1%,HIGH,2026-06-22,📈 TĂNG,52.7%,HIGH,2026-06-23,📈 TĂNG,52.4%,HIGH,2026-06-24,📈 TĂNG,52.1%,HIGH
D11,2026-06-02,2026-06-04,📉 GIẢM,44.3%,LOW,2026-06-05,📉 GIẢM,44.2%,LOW,2026-06-08,📉 GIẢM,44.5%,LOW,2026-06-09,📉 GIẢM,44.8%,LOW,2026-06-10,📉 GIẢM,45.1%,LOW,2026-06-11,📉 GIẢM,45.4%,LOW,2026-06-12,📉 GIẢM,45.7%,LOW,2026-06-15,📉 GIẢM,46.0%,LOW,2026-06-16,📉 GIẢM,46.3%,LOW,2026-06-17,📉 GIẢM,46.6%,HIGH,2026-06-18,📉 GIẢM,47.0%,HIGH,2026-06-19,📉 GIẢM,47.3%,HIGH,2026-06-22,📉 GIẢM,47.6%,HIGH,2026-06-23,📉 GIẢM,47.9%,HIGH,2026-06-24,📉 GIẢM,48.2%,HIGH
MEL,2026-06-02,2026-06-04,📉 GIẢM,49.6%,LOW,2026-06-05,📉 GIẢM,49.6%,LOW,2026-06-08,📉 GIẢM,49.6%,LOW,2026-06-09,📉 GIẢM,49.8%,LOW,2026-06-10,📉 GIẢM,49.8%,LOW,2026-06-11,📉 GIẢM,49.8%,LOW,2026-06-12,📉 GIẢM,49.8%,LOW,2026-06-15,📉 GIẢM,49.8%,LOW,2026-06-16,📉 GIẢM,49.8%,LOW,2026-06-17,📉 GIẢM,49.9%,LOW,2026-06-18,📉 GIẢM,49.9%,HIGH,2026-06-19,📉 GIẢM,49.9%,HIGH,2026-06-22,📉 GIẢM,49.9%,HIGH,2026-06-23,📉 GIẢM,49.9%,HIGH,2026-06-24,📉 GIẢM,49.9%,HIGH
BBH,2026-06-02,2026-06-04,📉 GIẢM,40.2%,LOW,2026-06-05,📉 GIẢM,40.7%,LOW,2026-06-08,📉 GIẢM,41.1%,LOW,2026-06-09,📉 GIẢM,41.6%,LOW,2026-06-10,📉 GIẢM,42.1%,LOW,2026-06-11,📉 GIẢM,42.6%,LOW,2026-06-12,📉 GIẢM,43.1%,LOW,2026-06-15,📉 GIẢM,43.6%,HIGH,2026-06-16,📉 GIẢM,44.1%,HIGH,2026-06-17,📉 GIẢM,44.6%,HIGH,2026-06-18,📉 GIẢM,45.1%,HIGH,2026-06-19,📉 GIẢM,45.7%,HIGH,2026-06-22,📉 GIẢM,46.2%,HIGH,2026-06-23,📉 GIẢM,46.6%,HIGH,2026-06-24,📉 GIẢM,47.1%,HIGH
ICN,2026-06-02,2026-06-04,📉 GIẢM,40.7%,LOW,2026-06-05,📉 GIẢM,42.4%,LOW,2026-06-08,📉 GIẢM,42.8%,LOW,2026-06-09,📉 GIẢM,43.2%,LOW,2026-06-10,📉 GIẢM,43.6%,LOW,2026-06-11,📉 GIẢM,44.0%,LOW,2026-06-12,📉 GIẢM,44.4%,LOW,2026-06-15,📉 GIẢM,45.1%,LOW,2026-06-16,📉 GIẢM,45.5%,HIGH,2026-06-17,📉 GIẢM,45.9%,HIGH,2026-06-18,📉 GIẢM,46.2%,HIGH,2026-06-19,📉 GIẢM,46.6%,HIGH,2026-06-22,📉 GIẢM,47.0%,HIGH,2026-06-23,📉 GIẢM,47.4%,HIGH,2026-06-24,📉 GIẢM,47.7%,HIGH
DAE,2026-06-02,2026-06-04,📉 GIẢM,45.6%,LOW,2026-06-05,📉 GIẢM,45.9%,LOW,2026-06-08,📉 GIẢM,46.9%,LOW,2026-06-09,📉 GIẢM,47.0%,LOW,2026-06-10,📉 GIẢM,47.2%,LOW,2026-06-11,📉 GIẢM,47.4%,LOW,2026-06-12,📉 GIẢM,47.6%,LOW,2026-06-15,📉 GIẢM,47.7%,LOW,2026-06-16,📉 GIẢM,47.9%,LOW,2026-06-17,📉 GIẢM,48.1%,LOW,2026-06-18,📉 GIẢM,48.3%,HIGH,2026-06-19,📉 GIẢM,48.4%,HIGH,2026-06-22,📉 GIẢM,48.6%,HIGH,2026-06-23,📉 GIẢM,48.3%,HIGH,2026-06-24,📉 GIẢM,48.5%,HIGH
PMB,2026-06-02,2026-06-04,📉 GIẢM,34.9%,MEDIUM,2026-06-05,📉 GIẢM,35.6%,MEDIUM,2026-06-08,📉 GIẢM,36.4%,MEDIUM,2026-06-09,📉 GIẢM,37.1%,MEDIUM,2026-06-10,📉 GIẢM,37.9%,HIGH,2026-06-11,📉 GIẢM,38.6%,HIGH,2026-06-12,📉 GIẢM,39.4%,HIGH,2026-06-15,📉 GIẢM,40.2%,HIGH,2026-06-16,📉 GIẢM,40.9%,HIGH,2026-06-17,📉 GIẢM,41.7%,HIGH,2026-06-18,📉 GIẢM,42.4%,HIGH,2026-06-19,📉 GIẢM,43.2%,HIGH,2026-06-22,📉 GIẢM,44.0%,HIGH,2026-06-23,📉 GIẢM,44.7%,HIGH,2026-06-24,📉 GIẢM,45.4%,HIGH
LMC,2026-06-02,2026-06-04,📉 GIẢM,29.1%,HIGH,2026-06-05,📉 GIẢM,30.2%,HIGH,2026-06-08,📉 GIẢM,31.2%,HIGH,2026-06-09,📉 GIẢM,32.3%,HIGH,2026-06-10,📉 GIẢM,33.3%,HIGH,2026-06-11,📉 GIẢM,34.3%,HIGH,2026-06-12,📉 GIẢM,35.4%,HIGH,2026-06-15,📉 GIẢM,36.4%,HIGH,2026-06-16,📉 GIẢM,37.5%,HIGH,2026-06-17,📉 GIẢM,38.5%,HIGH,2026-06-18,📉 GIẢM,39.6%,HIGH,2026-06-19,📉 GIẢM,40.6%,HIGH,2026-06-22,📉 GIẢM,41.7%,HIGH,2026-06-23,📉 GIẢM,42.7%,HIGH,2026-06-24,📉 GIẢM,43.7%,HIGH
XMD,2026-06-02,2026-06-04,📉 GIẢM,21.1%,HIGH,2026-06-05,📉 GIẢM,22.6%,HIGH,2026-06-08,📉 GIẢM,24.0%,HIGH,2026-06-09,📉 GIẢM,25.4%,HIGH,2026-06-10,📉 GIẢM,26.9%,HIGH,2026-06-11,📉 GIẢM,28.3%,HIGH,2026-06-12,📉 GIẢM,29.8%,HIGH,2026-06-15,📉 GIẢM,31.2%,HIGH,2026-06-16,📉 GIẢM,32.8%,HIGH,2026-06-17,📉 GIẢM,34.2%,HIGH,2026-06-18,📉 GIẢM,35.6%,HIGH,2026-06-19,📉 GIẢM,37.1%,HIGH,2026-06-22,📉 GIẢM,38.5%,HIGH,2026-06-23,📉 GIẢM,39.9%,HIGH,2026-06-24,📉 GIẢM,41.4%,HIGH
QSP,2026-06-02,2026-06-04,📈 TĂNG,53.0%,LOW,2026-06-05,📈 TĂNG,51.4%,LOW,2026-06-08,📈 TĂNG,51.3%,LOW,2026-06-09,📈 TĂNG,51.2%,LOW,2026-06-10,📈 TĂNG,52.4%,LOW,2026-06-11,📈 TĂNG,52.3%,LOW,2026-06-12,📈 TĂNG,52.1%,LOW,2026-06-15,📈 TĂNG,52.0%,LOW,2026-06-16,📈 TĂNG,51.8%,LOW,2026-06-17,📈 TĂNG,51.7%,LOW,2026-06-18,📈 TĂNG,51.5%,HIGH,2026-06-19,📈 TĂNG,51.4%,HIGH,2026-06-22,📈 TĂNG,51.2%,HIGH,2026-06-23,📈 TĂNG,51.1%,HIGH,2026-06-24,📈 TĂNG,50.9%,HIGH
MAC,2026-06-02,2026-06-04,📉 GIẢM,39.3%,MEDIUM,2026-06-05,📉 GIẢM,41.1%,LOW,2026-06-08,📉 GIẢM,41.6%,LOW,2026-06-09,📉 GIẢM,42.1%,LOW,2026-06-10,📉 GIẢM,42.5%,LOW,2026-06-11,📉 GIẢM,43.0%,LOW,2026-06-12,📉 GIẢM,43.5%,LOW,2026-06-15,📉 GIẢM,43.9%,HIGH,2026-06-16,📉 GIẢM,44.4%,HIGH,2026-06-17,📉 GIẢM,44.9%,HIGH,2026-06-18,📉 GIẢM,45.3%,HIGH,2026-06-19,📉 GIẢM,45.8%,HIGH,2026-06-22,📉 GIẢM,46.3%,HIGH,2026-06-23,📉 GIẢM,46.7%,HIGH,2026-06-24,📉 GIẢM,47.2%,HIGH
ECO,2026-06-02,2026-06-04,📉 GIẢM,48.7%,LOW,2026-06-05,📈 TĂNG,50.1%,LOW,2026-06-08,📉 GIẢM,48.8%,LOW,2026-06-09,📈 TĂNG,50.1%,LOW,2026-06-10,📉 GIẢM,49.0%,LOW,2026-06-11,📈 TĂNG,50.0%,LOW,2026-06-12,📉 GIẢM,49.1%,LOW,2026-06-15,📈 TĂNG,50.0%,LOW,2026-06-16,📉 GIẢM,49.2%,LOW,2026-06-17,📈 TĂNG,50.0%,LOW,2026-06-18,📉 GIẢM,49.4%,HIGH,2026-06-19,📈 TĂNG,50.0%,HIGH,2026-06-22,📉 GIẢM,49.5%,HIGH,2026-06-23,📈 TĂNG,50.0%,HIGH,2026-06-24,📉 GIẢM,49.6%,HIGH
ABS,2026-06-03,2026-06-04,📉 GIẢM,35.0%,MEDIUM,2026-06-05,📉 GIẢM,35.8%,MEDIUM,2026-06-08,📉 GIẢM,36.5%,MEDIUM,2026-06-09,📉 GIẢM,37.3%,MEDIUM,2026-06-10,📉 GIẢM,38.1%,MEDIUM,2026-06-11,📉 GIẢM,38.9%,HIGH,2026-06-12,📉 GIẢM,39.7%,HIGH,2026-06-15,📉 GIẢM,40.4%,HIGH,2026-06-16,📉 GIẢM,41.1%,HIGH,2026-06-17,📉 GIẢM,41.9%,HIGH,2026-06-18,📉 GIẢM,42.6%,HIGH,2026-06-19,📉 GIẢM,43.4%,HIGH,2026-06-22,📉 GIẢM,44.1%,HIGH,2026-06-23,📉 GIẢM,44.8%,HIGH,2026-06-24,📉 GIẢM,45.6%,HIGH
ABC,2026-06-03,2026-06-04,📉 GIẢM,37.4%,MEDIUM,2026-06-05,📉 GIẢM,38.0%,MEDIUM,2026-06-08,📉 GIẢM,38.7%,MEDIUM,2026-06-09,📉 GIẢM,39.3%,MEDIUM,2026-06-10,📉 GIẢM,39.9%,MEDIUM,2026-06-11,📉 GIẢM,40.6%,LOW,2026-06-12,📉 GIẢM,41.2%,HIGH,2026-06-15,📉 GIẢM,41.8%,HIGH,2026-06-16,📉 GIẢM,42.4%,HIGH,2026-06-17,📉 GIẢM,43.1%,HIGH,2026-06-18,📉 GIẢM,43.7%,HIGH,2026-06-19,📉 GIẢM,44.3%,HIGH,2026-06-22,📉 GIẢM,45.1%,HIGH,2026-06-23,📉 GIẢM,45.7%,HIGH,2026-06-24,📉 GIẢM,46.4%,HIGH
AAT,2026-06-03,2026-06-04,📉 GIẢM,23.8%,HIGH,2026-06-05,📉 GIẢM,25.1%,HIGH,2026-06-08,📉 GIẢM,26.4%,HIGH,2026-06-09,📉 GIẢM,27.7%,HIGH,2026-06-10,📉 GIẢM,29.0%,HIGH,2026-06-11,📉 GIẢM,30.3%,HIGH,2026-06-12,📉 GIẢM,31.7%,HIGH,2026-06-15,📉 GIẢM,33.0%,HIGH,2026-06-16,📉 GIẢM,34.3%,HIGH,2026-06-17,📉 GIẢM,35.6%,HIGH,2026-06-18,📉 GIẢM,37.0%,HIGH,2026-06-19,📉 GIẢM,38.3%,HIGH,2026-06-22,📉 GIẢM,39.6%,HIGH,2026-06-23,📉 GIẢM,40.9%,HIGH,2026-06-24,📉 GIẢM,42.3%,HIGH
OCH,2026-06-03,2026-06-04,📉 GIẢM,35.9%,MEDIUM,2026-06-05,📉 GIẢM,37.1%,MEDIUM,2026-06-08,📉 GIẢM,38.0%,MEDIUM,2026-06-09,📉 GIẢM,38.8%,MEDIUM,2026-06-10,📉 GIẢM,39.9%,MEDIUM,2026-06-11,📉 GIẢM,40.7%,LOW,2026-06-12,📉 GIẢM,41.5%,HIGH,2026-06-15,📉 GIẢM,42.1%,HIGH,2026-06-16,📉 GIẢM,42.7%,HIGH,2026-06-17,📉 GIẢM,43.4%,HIGH,2026-06-18,📉 GIẢM,44.2%,HIGH,2026-06-19,📉 GIẢM,44.8%,HIGH,2026-06-22,📉 GIẢM,45.4%,HIGH,2026-06-23,📉 GIẢM,45.9%,HIGH,2026-06-24,📉 GIẢM,46.5%,HIGH
PBP,2026-06-03,2026-06-04,📉 GIẢM,43.4%,LOW,2026-06-05,📉 GIẢM,43.8%,LOW,2026-06-08,📉 GIẢM,44.1%,LOW,2026-06-09,📉 GIẢM,44.4%,LOW,2026-06-10,📉 GIẢM,44.7%,LOW,2026-06-11,📉 GIẢM,45.1%,LOW,2026-06-12,📉 GIẢM,45.4%,LOW,2026-06-15,📉 GIẢM,45.7%,LOW,2026-06-16,📉 GIẢM,46.1%,LOW,2026-06-17,📉 GIẢM,46.4%,HIGH,2026-06-18,📉 GIẢM,46.7%,HIGH,2026-06-19,📉 GIẢM,47.0%,HIGH,2026-06-22,📉 GIẢM,47.4%,HIGH,2026-06-23,📉 GIẢM,47.7%,HIGH,2026-06-24,📉 GIẢM,48.0%,HIGH
PLC,2026-06-03,2026-06-04,📉 GIẢM,48.5%,LOW,2026-06-05,📉 GIẢM,48.6%,LOW,2026-06-08,📉 GIẢM,48.7%,LOW,2026-06-09,📉 GIẢM,48.7%,LOW,2026-06-10,📉 GIẢM,48.8%,LOW,2026-06-11,📉 GIẢM,48.9%,LOW,2026-06-12,📉 GIẢM,49.0%,LOW,2026-06-15,📉 GIẢM,49.0%,LOW,2026-06-16,📉 GIẢM,49.1%,LOW,2026-06-17,📉 GIẢM,49.2%,LOW,2026-06-18,📉 GIẢM,49.3%,HIGH,2026-06-19,📉 GIẢM,49.3%,HIGH,2026-06-22,📉 GIẢM,49.4%,HIGH,2026-06-23,📉 GIẢM,49.5%,HIGH,2026-06-24,📉 GIẢM,49.6%,HIGH
PMC,2026-06-03,2026-06-04,📉 GIẢM,29.6%,HIGH,2026-06-05,📉 GIẢM,31.1%,HIGH,2026-06-08,📉 GIẢM,32.1%,HIGH,2026-06-09,📉 GIẢM,33.1%,HIGH,2026-06-10,📉 GIẢM,34.1%,HIGH,2026-06-11,📉 GIẢM,35.1%,HIGH,2026-06-12,📉 GIẢM,36.1%,HIGH,2026-06-15,📉 GIẢM,37.1%,HIGH,2026-06-16,📉 GIẢM,38.1%,HIGH,2026-06-17,📉 GIẢM,39.1%,HIGH,2026-06-18,📉 GIẢM,40.1%,HIGH,2026-06-19,📉 GIẢM,41.1%,HIGH,2026-06-22,📉 GIẢM,42.1%,HIGH,2026-06-23,📉 GIẢM,43.1%,HIGH,2026-06-24,📉 GIẢM,44.0%,HIGH
NVB,2026-06-03,2026-06-04,📉 GIẢM,40.7%,LOW,2026-06-05,📉 GIẢM,41.2%,LOW,2026-06-08,📉 GIẢM,41.6%,LOW,2026-06-09,📉 GIẢM,42.1%,LOW,2026-06-10,📉 GIẢM,42.6%,LOW,2026-06-11,📉 GIẢM,43.2%,LOW,2026-06-12,📉 GIẢM,43.7%,LOW,2026-06-15,📉 GIẢM,44.1%,LOW,2026-06-16,📉 GIẢM,45.0%,HIGH,2026-06-17,📉 GIẢM,45.4%,HIGH,2026-06-18,📉 GIẢM,46.5%,HIGH,2026-06-19,📉 GIẢM,46.8%,HIGH,2026-06-22,📉 GIẢM,47.2%,HIGH,2026-06-23,📉 GIẢM,47.5%,HIGH,2026-06-24,📉 GIẢM,47.9%,HIGH
POV,2026-06-03,2026-06-04,📉 GIẢM,32.2%,MEDIUM,2026-06-05,📉 GIẢM,33.1%,MEDIUM,2026-06-08,📉 GIẢM,34.0%,HIGH,2026-06-09,📉 GIẢM,34.9%,HIGH,2026-06-10,📉 GIẢM,35.7%,HIGH,2026-06-11,📉 GIẢM,36.6%,HIGH,2026-06-12,📉 GIẢM,37.5%,HIGH,2026-06-15,📉 GIẢM,38.4%,HIGH,2026-06-16,📉 GIẢM,39.3%,HIGH,2026-06-17,📉 GIẢM,40.2%,HIGH,2026-06-18,📉 GIẢM,41.1%,HIGH,2026-06-19,📉 GIẢM,42.0%,HIGH,2026-06-22,📉 GIẢM,42.8%,HIGH,2026-06-23,📉 GIẢM,43.7%,HIGH,2026-06-24,📉 GIẢM,44.6%,HIGH
PVB,2026-06-03,2026-06-04,📉 GIẢM,41.9%,LOW,2026-06-05,📉 GIẢM,42.3%,LOW,2026-06-08,📉 GIẢM,42.7%,LOW,2026-06-09,📉 GIẢM,43.1%,LOW,2026-06-10,📉 GIẢM,43.5%,LOW,2026-06-11,📉 GIẢM,43.9%,LOW,2026-06-12,📉 GIẢM,44.4%,LOW,2026-06-15,📉 GIẢM,44.8%,LOW,2026-06-16,📉 GIẢM,45.0%,HIGH,2026-06-17,📉 GIẢM,45.4%,HIGH,2026-06-18,📉 GIẢM,45.8%,HIGH,2026-06-19,📉 GIẢM,46.3%,HIGH,2026-06-22,📉 GIẢM,46.7%,HIGH,2026-06-23,📉 GIẢM,47.1%,HIGH,2026-06-24,📉 GIẢM,47.5%,HIGH
PVM,2026-06-03,2026-06-04,📉 GIẢM,48.0%,LOW,2026-06-05,📉 GIẢM,48.1%,LOW,2026-06-08,📉 GIẢM,48.2%,LOW,2026-06-09,📉 GIẢM,48.3%,LOW,2026-06-10,📉 GIẢM,48.4%,LOW,2026-06-11,📉 GIẢM,48.5%,LOW,2026-06-12,📉 GIẢM,48.6%,LOW,2026-06-15,📉 GIẢM,48.7%,LOW,2026-06-16,📉 GIẢM,48.8%,LOW,2026-06-17,📉 GIẢM,48.9%,LOW,2026-06-18,📉 GIẢM,49.0%,HIGH,2026-06-19,📉 GIẢM,49.1%,HIGH,2026-06-22,📉 GIẢM,49.2%,HIGH,2026-06-23,📉 GIẢM,49.3%,HIGH,2026-06-24,📉 GIẢM,49.5%,HIGH
QCG,2026-06-03,2026-06-04,📉 GIẢM,35.0%,MEDIUM,2026-06-05,📉 GIẢM,35.8%,MEDIUM,2026-06-08,📉 GIẢM,36.3%,MEDIUM,2026-06-09,📉 GIẢM,37.1%,MEDIUM,2026-06-10,📉 GIẢM,37.9%,HIGH,2026-06-11,📉 GIẢM,39.1%,HIGH,2026-06-12,📉 GIẢM,39.8%,HIGH,2026-06-15,📉 GIẢM,40.5%,HIGH,2026-06-16,📉 GIẢM,41.2%,HIGH,2026-06-17,📉 GIẢM,42.0%,HIGH,2026-06-18,📉 GIẢM,42.7%,HIGH,2026-06-19,📉 GIẢM,43.4%,HIGH,2026-06-22,📉 GIẢM,44.2%,HIGH,2026-06-23,📉 GIẢM,44.9%,HIGH,2026-06-24,📉 GIẢM,45.6%,HIGH
SD2,2026-06-03,2026-06-04,📉 GIẢM,32.2%,MEDIUM,2026-06-05,📉 GIẢM,33.1%,MEDIUM,2026-06-08,📉 GIẢM,34.0%,HIGH,2026-06-09,📉 GIẢM,34.9%,HIGH,2026-06-10,📉 GIẢM,35.8%,HIGH,2026-06-11,📉 GIẢM,36.7%,HIGH,2026-06-12,📉 GIẢM,37.6%,HIGH,2026-06-15,📉 GIẢM,38.4%,HIGH,2026-06-16,📉 GIẢM,39.3%,HIGH,2026-06-17,📉 GIẢM,40.2%,HIGH,2026-06-18,📉 GIẢM,41.1%,HIGH,2026-06-19,📉 GIẢM,42.0%,HIGH,2026-06-22,📉 GIẢM,42.9%,HIGH,2026-06-23,📉 GIẢM,43.8%,HIGH,2026-06-24,📉 GIẢM,44.7%,HIGH
MTL,2026-06-03,2026-06-04,📉 GIẢM,47.4%,LOW,2026-06-05,📉 GIẢM,48.4%,LOW,2026-06-08,📉 GIẢM,48.5%,LOW,2026-06-09,📉 GIẢM,48.6%,LOW,2026-06-10,📉 GIẢM,48.7%,LOW,2026-06-11,📉 GIẢM,48.7%,LOW,2026-06-12,📉 GIẢM,48.8%,LOW,2026-06-15,📉 GIẢM,48.9%,LOW,2026-06-16,📉 GIẢM,49.0%,LOW,2026-06-17,📉 GIẢM,49.1%,LOW,2026-06-18,📉 GIẢM,49.2%,HIGH,2026-06-19,📉 GIẢM,49.2%,HIGH,2026-06-22,📉 GIẢM,49.3%,HIGH,2026-06-23,📉 GIẢM,49.4%,HIGH,2026-06-24,📉 GIẢM,49.5%,HIGH
NTC,2026-06-03,2026-06-04,📉 GIẢM,35.0%,MEDIUM,2026-06-05,📉 GIẢM,37.0%,MEDIUM,2026-06-08,📉 GIẢM,37.7%,MEDIUM,2026-06-09,📉 GIẢM,38.4%,MEDIUM,2026-06-10,📉 GIẢM,39.0%,MEDIUM,2026-06-11,📉 GIẢM,39.7%,HIGH,2026-06-12,📉 GIẢM,40.4%,HIGH,2026-06-15,📉 GIẢM,41.1%,HIGH,2026-06-16,📉 GIẢM,41.7%,HIGH,2026-06-17,📉 GIẢM,42.4%,HIGH,2026-06-18,📉 GIẢM,43.1%,HIGH,2026-06-19,📉 GIẢM,43.8%,HIGH,2026-06-22,📉 GIẢM,44.5%,HIGH,2026-06-23,📉 GIẢM,45.2%,HIGH,2026-06-24,📉 GIẢM,45.9%,HIGH
SDU,2026-06-03,2026-06-04,📈 TĂNG,53.1%,LOW,2026-06-05,📈 TĂNG,52.4%,LOW,2026-06-08,📈 TĂNG,52.0%,LOW,2026-06-09,📈 TĂNG,51.9%,LOW,2026-06-10,📈 TĂNG,51.8%,LOW,2026-06-11,📈 TĂNG,51.7%,LOW,2026-06-12,📈 TĂNG,51.6%,LOW,2026-06-15,📈 TĂNG,51.5%,LOW,2026-06-16,📈 TĂNG,51.3%,LOW,2026-06-17,📈 TĂNG,51.2%,LOW,2026-06-18,📈 TĂNG,51.1%,HIGH,2026-06-19,📈 TĂNG,51.0%,HIGH,2026-06-22,📈 TĂNG,50.9%,HIGH,2026-06-23,📈 TĂNG,50.8%,HIGH,2026-06-24,📈 TĂNG,50.7%,HIGH
SFN,2026-06-03,2026-06-04,📉 GIẢM,49.9%,LOW,2026-06-05,📉 GIẢM,49.9%,LOW,2026-06-08,📉 GIẢM,49.9%,LOW,2026-06-09,📉 GIẢM,49.9%,LOW,2026-06-10,📉 GIẢM,49.9%,LOW,2026-06-11,📉 GIẢM,49.9%,LOW,2026-06-12,📉 GIẢM,49.9%,LOW,2026-06-15,📉 GIẢM,49.9%,LOW,2026-06-16,📉 GIẢM,49.9%,LOW,2026-06-17,📉 GIẢM,49.9%,LOW,2026-06-18,📉 GIẢM,50.0%,HIGH,2026-06-19,📉 GIẢM,50.0%,HIGH,2026-06-22,📉 GIẢM,50.0%,HIGH,2026-06-23,📉 GIẢM,50.0%,HIGH,2026-06-24,📉 GIẢM,50.0%,HIGH
SVC,2026-06-03,2026-06-04,📉 GIẢM,40.2%,LOW,2026-06-05,📉 GIẢM,40.7%,LOW,2026-06-08,📉 GIẢM,41.2%,LOW,2026-06-09,📉 GIẢM,41.7%,LOW,2026-06-10,📉 GIẢM,42.2%,LOW,2026-06-11,📉 GIẢM,42.6%,LOW,2026-06-12,📉 GIẢM,43.1%,LOW,2026-06-15,📉 GIẢM,43.6%,HIGH,2026-06-16,📉 GIẢM,44.1%,HIGH,2026-06-17,📉 GIẢM,44.6%,HIGH,2026-06-18,📉 GIẢM,45.1%,HIGH,2026-06-19,📉 GIẢM,45.6%,HIGH,2026-06-22,📉 GIẢM,46.1%,HIGH,2026-06-23,📉 GIẢM,46.6%,HIGH,2026-06-24,📉 GIẢM,47.1%,HIGH
SZB,2026-06-03,2026-06-04,📉 GIẢM,31.9%,MEDIUM,2026-06-05,📉 GIẢM,32.8%,MEDIUM,2026-06-08,📉 GIẢM,33.7%,HIGH,2026-06-09,📉 GIẢM,34.6%,HIGH,2026-06-10,📉 GIẢM,35.5%,HIGH,2026-06-11,📉 GIẢM,36.4%,HIGH,2026-06-12,📉 GIẢM,37.3%,HIGH,2026-06-15,📉 GIẢM,38.2%,HIGH,2026-06-16,📉 GIẢM,39.1%,HIGH,2026-06-17,📉 GIẢM,40.0%,HIGH,2026-06-18,📉 GIẢM,40.9%,HIGH,2026-06-19,📉 GIẢM,41.8%,HIGH,2026-06-22,📉 GIẢM,42.8%,HIGH,2026-06-23,📉 GIẢM,43.7%,HIGH,2026-06-24,📉 GIẢM,44.6%,HIGH
TBR,2026-06-03,2026-06-04,📉 GIẢM,31.5%,MEDIUM,2026-06-05,📉 GIẢM,32.1%,MEDIUM,2026-06-08,📉 GIẢM,33.0%,HIGH,2026-06-09,📉 GIẢM,34.0%,HIGH,2026-06-10,📉 GIẢM,34.9%,HIGH,2026-06-11,📉 GIẢM,35.8%,HIGH,2026-06-12,📉 GIẢM,36.8%,HIGH,2026-06-15,📉 GIẢM,37.7%,HIGH,2026-06-16,📉 GIẢM,38.7%,HIGH,2026-06-17,📉 GIẢM,39.6%,HIGH,2026-06-18,📉 GIẢM,40.6%,HIGH,2026-06-19,📉 GIẢM,41.5%,HIGH,2026-06-22,📉 GIẢM,42.5%,HIGH,2026-06-23,📉 GIẢM,43.4%,HIGH,2026-06-24,📉 GIẢM,44.3%,HIGH
TCO,2026-06-03,2026-06-04,📈 TĂNG,52.0%,LOW,2026-06-05,📈 TĂNG,51.9%,LOW,2026-06-08,📈 TĂNG,51.8%,LOW,2026-06-09,📈 TĂNG,51.7%,LOW,2026-06-10,📈 TĂNG,52.2%,LOW,2026-06-11,📈 TĂNG,52.0%,LOW,2026-06-12,📈 TĂNG,52.0%,LOW,2026-06-15,📈 TĂNG,51.8%,LOW,2026-06-16,📈 TĂNG,51.7%,LOW,2026-06-17,📈 TĂNG,51.5%,LOW,2026-06-18,📈 TĂNG,51.4%,HIGH,2026-06-19,📈 TĂNG,51.3%,HIGH,2026-06-22,📈 TĂNG,51.1%,HIGH,2026-06-23,📈 TĂNG,51.0%,HIGH,2026-06-24,📈 TĂNG,51.0%,HIGH
NAB,2026-06-03,2026-06-04,📉 GIẢM,42.4%,LOW,2026-06-05,📉 GIẢM,43.8%,LOW,2026-06-08,📉 GIẢM,44.1%,LOW,2026-06-09,📉 GIẢM,44.5%,LOW,2026-06-10,📉 GIẢM,44.8%,LOW,2026-06-11,📉 GIẢM,45.1%,LOW,2026-06-12,📉 GIẢM,45.4%,LOW,2026-06-15,📉 GIẢM,45.8%,LOW,2026-06-16,📉 GIẢM,46.1%,LOW,2026-06-17,📉 GIẢM,46.4%,HIGH,2026-06-18,📉 GIẢM,46.7%,HIGH,2026-06-19,📉 GIẢM,47.1%,HIGH,2026-06-22,📉 GIẢM,46.9%,HIGH,2026-06-23,📉 GIẢM,47.2%,HIGH,2026-06-24,📉 GIẢM,47.6%,HIGH
TV2,2026-06-03,2026-06-04,📉 GIẢM,44.9%,LOW,2026-06-05,📉 GIẢM,45.2%,LOW,2026-06-08,📉 GIẢM,45.5%,LOW,2026-06-09,📉 GIẢM,45.7%,LOW,2026-06-10,📉 GIẢM,46.0%,LOW,2026-06-11,📉 GIẢM,46.2%,LOW,2026-06-12,📉 GIẢM,46.5%,LOW,2026-06-15,📉 GIẢM,46.7%,LOW,2026-06-16,📉 GIẢM,47.0%,LOW,2026-06-17,📉 GIẢM,47.9%,HIGH,2026-06-18,📉 GIẢM,48.1%,HIGH,2026-06-19,📉 GIẢM,48.3%,HIGH,2026-06-22,📉 GIẢM,48.5%,HIGH,2026-06-23,📉 GIẢM,48.7%,HIGH,2026-06-24,📉 GIẢM,48.9%,HIGH
TVB,2026-06-03,2026-06-04,📉 GIẢM,35.3%,MEDIUM,2026-06-05,📉 GIẢM,37.5%,MEDIUM,2026-06-08,📉 GIẢM,38.2%,MEDIUM,2026-06-09,📉 GIẢM,39.0%,MEDIUM,2026-06-10,📉 GIẢM,39.7%,MEDIUM,2026-06-11,📉 GIẢM,40.3%,LOW,2026-06-12,📉 GIẢM,40.9%,HIGH,2026-06-15,📉 GIẢM,41.7%,HIGH,2026-06-16,📉 GIẢM,43.0%,HIGH,2026-06-17,📉 GIẢM,43.6%,HIGH,2026-06-18,📉 GIẢM,44.2%,HIGH,2026-06-19,📉 GIẢM,45.0%,HIGH,2026-06-22,📉 GIẢM,45.6%,HIGH,2026-06-23,📉 GIẢM,46.1%,HIGH,2026-06-24,📉 GIẢM,46.8%,HIGH
UDC,2026-06-03,2026-06-04,📈 TĂNG,58.1%,LOW,2026-06-05,📈 TĂNG,57.7%,LOW,2026-06-08,📈 TĂNG,53.7%,LOW,2026-06-09,📈 TĂNG,53.5%,LOW,2026-06-10,📈 TĂNG,53.0%,LOW,2026-06-11,📈 TĂNG,52.8%,LOW,2026-06-12,📈 TĂNG,52.6%,LOW,2026-06-15,📈 TĂNG,52.4%,LOW,2026-06-16,📈 TĂNG,52.2%,LOW,2026-06-17,📈 TĂNG,52.0%,HIGH,2026-06-18,📈 TĂNG,51.8%,HIGH,2026-06-19,📈 TĂNG,51.8%,HIGH,2026-06-22,📈 TĂNG,52.0%,HIGH,2026-06-23,📈 TĂNG,51.7%,HIGH,2026-06-24,📈 TĂNG,51.5%,HIGH
VC2,2026-06-03,2026-06-04,📉 GIẢM,17.8%,HIGH,2026-06-05,📉 GIẢM,20.1%,HIGH,2026-06-08,📉 GIẢM,21.7%,HIGH,2026-06-09,📉 GIẢM,23.6%,HIGH,2026-06-10,📉 GIẢM,25.2%,HIGH,2026-06-11,📉 GIẢM,26.7%,HIGH,2026-06-12,📉 GIẢM,28.3%,HIGH,2026-06-15,📉 GIẢM,29.8%,HIGH,2026-06-16,📉 GIẢM,31.4%,HIGH,2026-06-17,📉 GIẢM,32.9%,HIGH,2026-06-18,📉 GIẢM,34.5%,HIGH,2026-06-19,📉 GIẢM,36.0%,HIGH,2026-06-22,📉 GIẢM,37.6%,HIGH,2026-06-23,📉 GIẢM,39.5%,HIGH,2026-06-24,📉 GIẢM,41.0%,HIGH
SDA,2026-06-03,2026-06-04,📉 GIẢM,34.7%,MEDIUM,2026-06-05,📉 GIẢM,35.1%,MEDIUM,2026-06-08,📉 GIẢM,35.9%,MEDIUM,2026-06-09,📉 GIẢM,36.7%,MEDIUM,2026-06-10,📉 GIẢM,37.5%,HIGH,2026-06-11,📉 GIẢM,38.2%,HIGH,2026-06-12,📉 GIẢM,39.0%,HIGH,2026-06-15,📉 GIẢM,39.8%,HIGH,2026-06-16,📉 GIẢM,40.6%,HIGH,2026-06-17,📉 GIẢM,41.4%,HIGH,2026-06-18,📉 GIẢM,42.2%,HIGH,2026-06-19,📉 GIẢM,42.9%,HIGH,2026-06-22,📉 GIẢM,43.7%,HIGH,2026-06-23,📉 GIẢM,44.5%,HIGH,2026-06-24,📉 GIẢM,45.3%,HIGH
VC6,2026-06-03,2026-06-04,📈 TĂNG,59.5%,LOW,2026-06-05,📈 TĂNG,59.0%,LOW,2026-06-08,📈 TĂNG,58.5%,LOW,2026-06-09,📈 TĂNG,58.1%,LOW,2026-06-10,📈 TĂNG,57.6%,LOW,2026-06-11,📈 TĂNG,57.1%,LOW,2026-06-12,📈 TĂNG,56.6%,LOW,2026-06-15,📈 TĂNG,56.2%,HIGH,2026-06-16,📈 TĂNG,55.7%,HIGH,2026-06-17,📈 TĂNG,55.2%,HIGH,2026-06-18,📈 TĂNG,54.7%,HIGH,2026-06-19,📈 TĂNG,54.3%,HIGH,2026-06-22,📈 TĂNG,53.8%,HIGH,2026-06-23,📈 TĂNG,53.4%,HIGH,2026-06-24,📈 TĂNG,52.9%,HIGH
LHG,2026-06-03,2026-06-04,📉 GIẢM,32.9%,MEDIUM,2026-06-05,📉 GIẢM,33.7%,MEDIUM,2026-06-08,📉 GIẢM,34.9%,MEDIUM,2026-06-09,📉 GIẢM,35.8%,HIGH,2026-06-10,📉 GIẢM,36.6%,HIGH,2026-06-11,📉 GIẢM,37.4%,HIGH,2026-06-12,📉 GIẢM,38.2%,HIGH,2026-06-15,📉 GIẢM,39.1%,HIGH,2026-06-16,📉 GIẢM,39.9%,HIGH,2026-06-17,📉 GIẢM,40.8%,HIGH,2026-06-18,📉 GIẢM,41.6%,HIGH,2026-06-19,📉 GIẢM,42.4%,HIGH,2026-06-22,📉 GIẢM,43.3%,HIGH,2026-06-23,📉 GIẢM,44.1%,HIGH,2026-06-24,📉 GIẢM,45.2%,HIGH
BNW,2026-06-03,2026-06-04,📈 TĂNG,68.6%,MEDIUM,2026-06-05,📈 TĂNG,67.7%,MEDIUM,2026-06-08,📈 TĂNG,66.8%,HIGH,2026-06-09,📈 TĂNG,65.8%,HIGH,2026-06-10,📈 TĂNG,64.9%,HIGH,2026-06-11,📈 TĂNG,64.0%,HIGH,2026-06-12,📈 TĂNG,63.0%,HIGH,2026-06-15,📈 TĂNG,62.1%,HIGH,2026-06-16,📈 TĂNG,61.2%,HIGH,2026-06-17,📈 TĂNG,60.2%,HIGH,2026-06-18,📈 TĂNG,59.3%,HIGH,2026-06-19,📈 TĂNG,58.4%,HIGH,2026-06-22,📈 TĂNG,57.4%,HIGH,2026-06-23,📈 TĂNG,56.5%,HIGH,2026-06-24,📈 TĂNG,55.6%,HIGH
BSA,2026-06-03,2026-06-04,📉 GIẢM,44.9%,LOW,2026-06-05,📉 GIẢM,45.2%,LOW,2026-06-08,📉 GIẢM,45.4%,LOW,2026-06-09,📉 GIẢM,45.7%,LOW,2026-06-10,📉 GIẢM,45.9%,LOW,2026-06-11,📉 GIẢM,46.2%,LOW,2026-06-12,📉 GIẢM,46.4%,LOW,2026-06-15,📉 GIẢM,46.7%,LOW,2026-06-16,📉 GIẢM,47.0%,LOW,2026-06-17,📉 GIẢM,47.2%,HIGH,2026-06-18,📉 GIẢM,47.5%,HIGH,2026-06-19,📉 GIẢM,47.7%,HIGH,2026-06-22,📉 GIẢM,48.0%,HIGH,2026-06-23,📉 GIẢM,48.2%,HIGH,2026-06-24,📉 GIẢM,48.5%,HIGH
BTP,2026-06-03,2026-06-04,📉 GIẢM,40.1%,LOW,2026-06-05,📉 GIẢM,40.6%,LOW,2026-06-08,📉 GIẢM,41.2%,LOW,2026-06-09,📉 GIẢM,41.7%,LOW,2026-06-10,📉 GIẢM,42.2%,LOW,2026-06-11,📉 GIẢM,42.7%,LOW,2026-06-12,📉 GIẢM,43.2%,LOW,2026-06-15,📉 GIẢM,43.7%,HIGH,2026-06-16,📉 GIẢM,44.1%,HIGH,2026-06-17,📉 GIẢM,44.6%,HIGH,2026-06-18,📉 GIẢM,45.1%,HIGH,2026-06-19,📉 GIẢM,45.6%,HIGH,2026-06-22,📉 GIẢM,46.1%,HIGH,2026-06-23,📉 GIẢM,46.6%,HIGH,2026-06-24,📉 GIẢM,47.1%,HIGH
CLX,2026-06-03,2026-06-04,📉 GIẢM,40.1%,LOW,2026-06-05,📉 GIẢM,40.6%,LOW,2026-06-08,📉 GIẢM,41.1%,LOW,2026-06-09,📉 GIẢM,41.6%,LOW,2026-06-10,📉 GIẢM,42.1%,LOW,2026-06-11,📉 GIẢM,42.6%,LOW,2026-06-12,📉 GIẢM,43.1%,LOW,2026-06-15,📉 GIẢM,43.6%,HIGH,2026-06-16,📉 GIẢM,44.1%,HIGH,2026-06-17,📉 GIẢM,44.6%,HIGH,2026-06-18,📉 GIẢM,45.1%,HIGH,2026-06-19,📉 GIẢM,45.5%,HIGH,2026-06-22,📉 GIẢM,46.0%,HIGH,2026-06-23,📉 GIẢM,46.6%,HIGH,2026-06-24,📉 GIẢM,47.1%,HIGH
D2D,2026-06-03,2026-06-04,📉 GIẢM,45.8%,LOW,2026-06-05,📉 GIẢM,46.0%,LOW,2026-06-08,📉 GIẢM,46.2%,LOW,2026-06-09,📉 GIẢM,46.4%,LOW,2026-06-10,📉 GIẢM,46.6%,LOW,2026-06-11,📉 GIẢM,47.8%,LOW,2026-06-12,📉 GIẢM,48.0%,LOW,2026-06-15,📉 GIẢM,48.1%,LOW,2026-06-16,📉 GIẢM,48.3%,LOW,2026-06-17,📉 GIẢM,48.4%,LOW,2026-06-18,📉 GIẢM,48.6%,HIGH,2026-06-19,📉 GIẢM,48.7%,HIGH,2026-06-22,📉 GIẢM,48.8%,HIGH,2026-06-23,📉 GIẢM,49.0%,HIGH,2026-06-24,📉 GIẢM,49.1%,HIGH
REE,2026-06-03,2026-06-04,📉 GIẢM,41.6%,LOW,2026-06-05,📉 GIẢM,43.3%,LOW,2026-06-08,📉 GIẢM,44.2%,LOW,2026-06-09,📉 GIẢM,44.8%,LOW,2026-06-10,📉 GIẢM,45.1%,LOW,2026-06-11,📉 GIẢM,45.5%,LOW,2026-06-12,📉 GIẢM,45.8%,LOW,2026-06-15,📉 GIẢM,46.1%,LOW,2026-06-16,📉 GIẢM,46.4%,LOW,2026-06-17,📉 GIẢM,46.7%,HIGH,2026-06-18,📉 GIẢM,47.2%,HIGH,2026-06-19,📉 GIẢM,47.5%,HIGH,2026-06-22,📉 GIẢM,47.8%,HIGH,2026-06-23,📉 GIẢM,48.0%,HIGH,2026-06-24,📉 GIẢM,48.3%,HIGH
DCM,2026-06-03,2026-06-04,📉 GIẢM,33.3%,MEDIUM,2026-06-05,📉 GIẢM,35.2%,MEDIUM,2026-06-08,📉 GIẢM,36.1%,MEDIUM,2026-06-09,📉 GIẢM,36.9%,MEDIUM,2026-06-10,📉 GIẢM,37.7%,HIGH,2026-06-11,📉 GIẢM,38.5%,HIGH,2026-06-12,📉 GIẢM,39.2%,HIGH,2026-06-15,📉 GIẢM,40.0%,HIGH,2026-06-16,📉 GIẢM,40.8%,HIGH,2026-06-17,📉 GIẢM,41.5%,HIGH,2026-06-18,📉 GIẢM,42.3%,HIGH,2026-06-19,📉 GIẢM,43.1%,HIGH,2026-06-22,📉 GIẢM,43.9%,HIGH,2026-06-23,📉 GIẢM,44.6%,HIGH,2026-06-24,📉 GIẢM,45.4%,HIGH
DFC,2026-06-03,2026-06-04,📉 GIẢM,20.6%,HIGH,2026-06-05,📉 GIẢM,22.1%,HIGH,2026-06-08,📉 GIẢM,23.6%,HIGH,2026-06-09,📉 GIẢM,25.1%,HIGH,2026-06-10,📉 GIẢM,26.5%,HIGH,2026-06-11,📉 GIẢM,28.0%,HIGH,2026-06-12,📉 GIẢM,29.9%,HIGH,2026-06-15,📉 GIẢM,31.3%,HIGH,2026-06-16,📉 GIẢM,32.8%,HIGH,2026-06-17,📉 GIẢM,34.2%,HIGH,2026-06-18,📉 GIẢM,35.7%,HIGH,2026-06-19,📉 GIẢM,37.1%,HIGH,2026-06-22,📉 GIẢM,38.6%,HIGH,2026-06-23,📉 GIẢM,40.0%,HIGH,2026-06-24,📉 GIẢM,41.4%,HIGH
KSB,2026-06-03,2026-06-04,📉 GIẢM,43.1%,LOW,2026-06-05,📉 GIẢM,43.5%,LOW,2026-06-08,📉 GIẢM,43.8%,LOW,2026-06-09,📉 GIẢM,44.2%,LOW,2026-06-10,📉 GIẢM,44.5%,LOW,2026-06-11,📉 GIẢM,44.8%,LOW,2026-06-12,📉 GIẢM,45.2%,LOW,2026-06-15,📉 GIẢM,45.5%,LOW,2026-06-16,📉 GIẢM,45.9%,HIGH,2026-06-17,📉 GIẢM,46.2%,HIGH,2026-06-18,📉 GIẢM,46.6%,HIGH,2026-06-19,📉 GIẢM,46.9%,HIGH,2026-06-22,📉 GIẢM,47.3%,HIGH,2026-06-23,📉 GIẢM,47.6%,HIGH,2026-06-24,📉 GIẢM,47.9%,HIGH
DPR,2026-06-03,2026-06-04,📉 GIẢM,36.7%,MEDIUM,2026-06-05,📉 GIẢM,37.3%,MEDIUM,2026-06-08,📉 GIẢM,38.0%,MEDIUM,2026-06-09,📉 GIẢM,38.7%,MEDIUM,2026-06-10,📉 GIẢM,39.3%,MEDIUM,2026-06-11,📉 GIẢM,40.0%,HIGH,2026-06-12,📉 GIẢM,40.9%,HIGH,2026-06-15,📉 GIẢM,41.4%,HIGH,2026-06-16,📉 GIẢM,42.3%,HIGH,2026-06-17,📉 GIẢM,42.9%,HIGH,2026-06-18,📉 GIẢM,43.6%,HIGH,2026-06-19,📉 GIẢM,44.2%,HIGH,2026-06-22,📉 GIẢM,44.9%,HIGH,2026-06-23,📉 GIẢM,45.5%,HIGH,2026-06-24,📉 GIẢM,46.2%,HIGH
DTP,2026-06-03,2026-06-04,📈 TĂNG,62.2%,MEDIUM,2026-06-05,📈 TĂNG,61.6%,MEDIUM,2026-06-08,📈 TĂNG,61.0%,MEDIUM,2026-06-09,📈 TĂNG,60.3%,MEDIUM,2026-06-10,📈 TĂNG,59.7%,LOW,2026-06-11,📈 TĂNG,59.1%,LOW,2026-06-12,📈 TĂNG,58.8%,HIGH,2026-06-15,📈 TĂNG,58.1%,HIGH,2026-06-16,📈 TĂNG,57.5%,HIGH,2026-06-17,📈 TĂNG,56.9%,HIGH,2026-06-18,📈 TĂNG,56.3%,HIGH,2026-06-19,📈 TĂNG,55.6%,HIGH,2026-06-22,📈 TĂNG,55.0%,HIGH,2026-06-23,📈 TĂNG,54.4%,HIGH,2026-06-24,📈 TĂNG,53.8%,HIGH
DXP,2026-06-03,2026-06-04,📉 GIẢM,38.6%,MEDIUM,2026-06-05,📉 GIẢM,40.0%,MEDIUM,2026-06-08,📉 GIẢM,40.5%,LOW,2026-06-09,📉 GIẢM,41.0%,LOW,2026-06-10,📉 GIẢM,41.6%,LOW,2026-06-11,📉 GIẢM,42.1%,LOW,2026-06-12,📉 GIẢM,42.6%,LOW,2026-06-15,📉 GIẢM,43.1%,HIGH,2026-06-16,📉 GIẢM,43.6%,HIGH,2026-06-17,📉 GIẢM,44.2%,HIGH,2026-06-18,📉 GIẢM,44.6%,HIGH,2026-06-19,📉 GIẢM,45.1%,HIGH,2026-06-22,📉 GIẢM,45.7%,HIGH,2026-06-23,📉 GIẢM,46.2%,HIGH,2026-06-24,📉 GIẢM,46.8%,HIGH
EVE,2026-06-03,2026-06-04,📉 GIẢM,33.6%,MEDIUM,2026-06-05,📉 GIẢM,34.3%,MEDIUM,2026-06-08,📉 GIẢM,35.1%,MEDIUM,2026-06-09,📉 GIẢM,35.9%,HIGH,2026-06-10,📉 GIẢM,36.7%,HIGH,2026-06-11,📉 GIẢM,37.6%,HIGH,2026-06-12,📉 GIẢM,38.4%,HIGH,2026-06-15,📉 GIẢM,39.2%,HIGH,2026-06-16,📉 GIẢM,40.1%,HIGH,2026-06-17,📉 GIẢM,40.9%,HIGH,2026-06-18,📉 GIẢM,41.7%,HIGH,2026-06-19,📉 GIẢM,42.9%,HIGH,2026-06-22,📉 GIẢM,43.7%,HIGH,2026-06-23,📉 GIẢM,44.4%,HIGH,2026-06-24,📉 GIẢM,45.2%,HIGH
EVG,2026-06-03,2026-06-04,📉 GIẢM,32.5%,MEDIUM,2026-06-05,📉 GIẢM,33.3%,MEDIUM,2026-06-08,📉 GIẢM,34.2%,MEDIUM,2026-06-09,📉 GIẢM,35.1%,HIGH,2026-06-10,📉 GIẢM,36.0%,HIGH,2026-06-11,📉 GIẢM,36.9%,HIGH,2026-06-12,📉 GIẢM,37.5%,HIGH,2026-06-15,📉 GIẢM,38.4%,HIGH,2026-06-16,📉 GIẢM,39.3%,HIGH,2026-06-17,📉 GIẢM,40.2%,HIGH,2026-06-18,📉 GIẢM,41.1%,HIGH,2026-06-19,📉 GIẢM,42.0%,HIGH,2026-06-22,📉 GIẢM,42.9%,HIGH,2026-06-23,📉 GIẢM,43.7%,HIGH,2026-06-24,📉 GIẢM,44.6%,HIGH
PFL,2026-06-03,2026-06-04,📉 GIẢM,16.6%,HIGH,2026-06-05,📉 GIẢM,18.8%,HIGH,2026-06-08,📉 GIẢM,20.4%,HIGH,2026-06-09,📉 GIẢM,22.1%,HIGH,2026-06-10,📉 GIẢM,23.7%,HIGH,2026-06-11,📉 GIẢM,25.3%,HIGH,2026-06-12,📉 GIẢM,27.0%,HIGH,2026-06-15,📉 GIẢM,28.6%,HIGH,2026-06-16,📉 GIẢM,30.3%,HIGH,2026-06-17,📉 GIẢM,31.9%,HIGH,2026-06-18,📉 GIẢM,33.6%,HIGH,2026-06-19,📉 GIẢM,35.2%,HIGH,2026-06-22,📉 GIẢM,36.9%,HIGH,2026-06-23,📉 GIẢM,38.5%,HIGH,2026-06-24,📉 GIẢM,40.1%,HIGH
EVS,2026-06-03,2026-06-04,📉 GIẢM,17.6%,HIGH,2026-06-05,📉 GIẢM,20.3%,HIGH,2026-06-08,📉 GIẢM,22.0%,HIGH,2026-06-09,📉 GIẢM,23.5%,HIGH,2026-06-10,📉 GIẢM,25.1%,HIGH,2026-06-11,📉 GIẢM,26.7%,HIGH,2026-06-12,📉 GIẢM,28.2%,HIGH,2026-06-15,📉 GIẢM,29.8%,HIGH,2026-06-16,📉 GIẢM,31.4%,HIGH,2026-06-17,📉 GIẢM,32.9%,HIGH,2026-06-18,📉 GIẢM,34.5%,HIGH,2026-06-19,📉 GIẢM,36.0%,HIGH,2026-06-22,📉 GIẢM,37.6%,HIGH,2026-06-23,📉 GIẢM,39.1%,HIGH,2026-06-24,📉 GIẢM,40.7%,HIGH
G36,2026-06-03,2026-06-04,📉 GIẢM,45.5%,LOW,2026-06-05,📉 GIẢM,45.8%,LOW,2026-06-08,📉 GIẢM,46.0%,LOW,2026-06-09,📉 GIẢM,46.2%,LOW,2026-06-10,📉 GIẢM,46.4%,LOW,2026-06-11,📉 GIẢM,46.7%,LOW,2026-06-12,📉 GIẢM,47.0%,LOW,2026-06-15,📉 GIẢM,47.2%,LOW,2026-06-16,📉 GIẢM,47.4%,LOW,2026-06-17,📉 GIẢM,47.6%,HIGH,2026-06-18,📉 GIẢM,47.9%,HIGH,2026-06-19,📉 GIẢM,48.1%,HIGH,2026-06-22,📉 GIẢM,48.3%,HIGH,2026-06-23,📉 GIẢM,48.5%,HIGH,2026-06-24,📉 GIẢM,48.9%,HIGH
GIC,2026-06-03,2026-06-04,📉 GIẢM,33.2%,MEDIUM,2026-06-05,📉 GIẢM,34.8%,MEDIUM,2026-06-08,📉 GIẢM,35.6%,MEDIUM,2026-06-09,📉 GIẢM,36.4%,MEDIUM,2026-06-10,📉 GIẢM,37.2%,HIGH,2026-06-11,📉 GIẢM,38.0%,HIGH,2026-06-12,📉 GIẢM,38.8%,HIGH,2026-06-15,📉 GIẢM,39.6%,HIGH,2026-06-16,📉 GIẢM,40.4%,HIGH,2026-06-17,📉 GIẢM,41.2%,HIGH,2026-06-18,📉 GIẢM,42.0%,HIGH,2026-06-19,📉 GIẢM,42.8%,HIGH,2026-06-22,📉 GIẢM,43.6%,HIGH,2026-06-23,📉 GIẢM,44.4%,HIGH,2026-06-24,📉 GIẢM,45.2%,HIGH
HTI,2026-06-03,2026-06-04,📈 TĂNG,70.4%,HIGH,2026-06-05,📈 TĂNG,69.4%,HIGH,2026-06-08,📈 TĂNG,68.4%,HIGH,2026-06-09,📈 TĂNG,67.4%,HIGH,2026-06-10,📈 TĂNG,66.3%,HIGH,2026-06-11,📈 TĂNG,65.3%,HIGH,2026-06-12,📈 TĂNG,64.3%,HIGH,2026-06-15,📈 TĂNG,63.3%,HIGH,2026-06-16,📈 TĂNG,62.2%,HIGH,2026-06-17,📈 TĂNG,61.2%,HIGH,2026-06-18,📈 TĂNG,60.2%,HIGH,2026-06-19,📈 TĂNG,59.2%,HIGH,2026-06-22,📈 TĂNG,58.2%,HIGH,2026-06-23,📈 TĂNG,57.1%,HIGH,2026-06-24,📈 TĂNG,56.1%,HIGH
INN,2026-06-03,2026-06-04,📉 GIẢM,43.2%,LOW,2026-06-05,📉 GIẢM,43.5%,LOW,2026-06-08,📉 GIẢM,43.9%,LOW,2026-06-09,📉 GIẢM,44.5%,LOW,2026-06-10,📉 GIẢM,44.8%,LOW,2026-06-11,📉 GIẢM,45.3%,LOW,2026-06-12,📉 GIẢM,45.6%,LOW,2026-06-15,📉 GIẢM,45.9%,LOW,2026-06-16,📉 GIẢM,46.2%,LOW,2026-06-17,📉 GIẢM,46.5%,HIGH,2026-06-18,📉 GIẢM,46.9%,HIGH,2026-06-19,📉 GIẢM,47.2%,HIGH,2026-06-22,📉 GIẢM,47.5%,HIGH,2026-06-23,📉 GIẢM,47.8%,HIGH,2026-06-24,📉 GIẢM,48.1%,HIGH
DPG,2026-06-03,2026-06-04,📉 GIẢM,30.5%,MEDIUM,2026-06-05,📉 GIẢM,32.4%,MEDIUM,2026-06-08,📉 GIẢM,32.8%,HIGH,2026-06-09,📉 GIẢM,33.8%,HIGH,2026-06-10,📉 GIẢM,34.7%,HIGH,2026-06-11,📉 GIẢM,35.7%,HIGH,2026-06-12,📉 GIẢM,36.6%,HIGH,2026-06-15,📉 GIẢM,37.6%,HIGH,2026-06-16,📉 GIẢM,38.5%,HIGH,2026-06-17,📉 GIẢM,39.5%,HIGH,2026-06-18,📉 GIẢM,40.4%,HIGH,2026-06-19,📉 GIẢM,41.4%,HIGH,2026-06-22,📉 GIẢM,42.4%,HIGH,2026-06-23,📉 GIẢM,43.3%,HIGH,2026-06-24,📉 GIẢM,44.3%,HIGH
BMD,2026-06-03,2026-06-04,📈 TĂNG,57.1%,LOW,2026-06-05,📈 TĂNG,53.1%,LOW,2026-06-08,📈 TĂNG,53.9%,LOW,2026-06-09,📈 TĂNG,53.6%,LOW,2026-06-10,📈 TĂNG,53.4%,LOW,2026-06-11,📈 TĂNG,53.2%,LOW,2026-06-12,📈 TĂNG,53.0%,LOW,2026-06-15,📈 TĂNG,52.8%,LOW,2026-06-16,📈 TĂNG,52.6%,LOW,2026-06-17,📈 TĂNG,52.4%,HIGH,2026-06-18,📈 TĂNG,52.1%,HIGH,2026-06-19,📈 TĂNG,51.9%,HIGH,2026-06-22,📈 TĂNG,51.7%,HIGH,2026-06-23,📈 TĂNG,51.5%,HIGH,2026-06-24,📈 TĂNG,51.3%,HIGH
VC9,2026-06-03,2026-06-04,📉 GIẢM,33.3%,MEDIUM,2026-06-05,📉 GIẢM,35.5%,MEDIUM,2026-06-08,📉 GIẢM,36.3%,MEDIUM,2026-06-09,📉 GIẢM,37.1%,MEDIUM,2026-06-10,📉 GIẢM,37.8%,HIGH,2026-06-11,📉 GIẢM,38.6%,HIGH,2026-06-12,📉 GIẢM,39.3%,HIGH,2026-06-15,📉 GIẢM,40.1%,HIGH,2026-06-16,📉 GIẢM,40.9%,HIGH,2026-06-17,📉 GIẢM,41.6%,HIGH,2026-06-18,📉 GIẢM,42.4%,HIGH,2026-06-19,📉 GIẢM,43.1%,HIGH,2026-06-22,📉 GIẢM,43.9%,HIGH,2026-06-23,📉 GIẢM,44.7%,HIGH,2026-06-24,📉 GIẢM,45.4%,HIGH
VCC,2026-06-03,2026-06-04,📉 GIẢM,42.3%,LOW,2026-06-05,📉 GIẢM,42.7%,LOW,2026-06-08,📉 GIẢM,43.1%,LOW,2026-06-09,📉 GIẢM,43.5%,LOW,2026-06-10,📉 GIẢM,43.9%,LOW,2026-06-11,📉 GIẢM,44.2%,LOW,2026-06-12,📉 GIẢM,44.6%,LOW,2026-06-15,📉 GIẢM,45.0%,LOW,2026-06-16,📉 GIẢM,45.4%,HIGH,2026-06-17,📉 GIẢM,45.8%,HIGH,2026-06-18,📉 GIẢM,46.2%,HIGH,2026-06-19,📉 GIẢM,46.5%,HIGH,2026-06-22,📉 GIẢM,46.9%,HIGH,2026-06-23,📉 GIẢM,47.3%,HIGH,2026-06-24,📉 GIẢM,47.7%,HIGH
DIH,2026-06-03,2026-06-04,📉 GIẢM,38.7%,MEDIUM,2026-06-05,📉 GIẢM,39.3%,MEDIUM,2026-06-08,📉 GIẢM,39.8%,MEDIUM,2026-06-09,📉 GIẢM,40.4%,LOW,2026-06-10,📉 GIẢM,41.0%,LOW,2026-06-11,📉 GIẢM,41.3%,LOW,2026-06-12,📉 GIẢM,41.9%,HIGH,2026-06-15,📉 GIẢM,42.5%,HIGH,2026-06-16,📉 GIẢM,43.1%,HIGH,2026-06-17,📉 GIẢM,43.6%,HIGH,2026-06-18,📉 GIẢM,44.2%,HIGH,2026-06-19,📉 GIẢM,44.8%,HIGH,2026-06-22,📉 GIẢM,45.4%,HIGH,2026-06-23,📉 GIẢM,46.0%,HIGH,2026-06-24,📉 GIẢM,46.5%,HIGH
DQC,2026-06-03,2026-06-04,📉 GIẢM,35.1%,MEDIUM,2026-06-05,📉 GIẢM,38.3%,MEDIUM,2026-06-08,📉 GIẢM,38.9%,MEDIUM,2026-06-09,📉 GIẢM,39.5%,MEDIUM,2026-06-10,📉 GIẢM,40.1%,LOW,2026-06-11,📉 GIẢM,40.7%,LOW,2026-06-12,📉 GIẢM,41.4%,HIGH,2026-06-15,📉 GIẢM,42.0%,HIGH,2026-06-16,📉 GIẢM,42.6%,HIGH,2026-06-17,📉 GIẢM,43.2%,HIGH,2026-06-18,📉 GIẢM,43.8%,HIGH,2026-06-19,📉 GIẢM,44.4%,HIGH,2026-06-22,📉 GIẢM,45.1%,HIGH,2026-06-23,📉 GIẢM,45.7%,HIGH,2026-06-24,📉 GIẢM,46.3%,HIGH
MCH,2026-06-03,2026-06-04,📉 GIẢM,26.2%,HIGH,2026-06-05,📉 GIẢM,28.4%,HIGH,2026-06-08,📉 GIẢM,29.6%,HIGH,2026-06-09,📉 GIẢM,30.7%,HIGH,2026-06-10,📉 GIẢM,31.8%,HIGH,2026-06-11,📉 GIẢM,32.7%,HIGH,2026-06-12,📉 GIẢM,33.9%,HIGH,2026-06-15,📉 GIẢM,35.0%,HIGH,2026-06-16,📉 GIẢM,36.2%,HIGH,2026-06-17,📉 GIẢM,37.3%,HIGH,2026-06-18,📉 GIẢM,38.5%,HIGH,2026-06-19,📉 GIẢM,39.6%,HIGH,2026-06-22,📉 GIẢM,40.8%,HIGH,2026-06-23,📉 GIẢM,41.9%,HIGH,2026-06-24,📉 GIẢM,43.1%,HIGH
DSE,2026-06-03,2026-06-04,📉 GIẢM,35.2%,MEDIUM,2026-06-05,📉 GIẢM,37.0%,MEDIUM,2026-06-08,📉 GIẢM,37.7%,MEDIUM,2026-06-09,📉 GIẢM,38.3%,MEDIUM,2026-06-10,📉 GIẢM,39.0%,MEDIUM,2026-06-11,📉 GIẢM,39.7%,HIGH,2026-06-12,📉 GIẢM,40.4%,HIGH,2026-06-15,📉 GIẢM,41.1%,HIGH,2026-06-16,📉 GIẢM,41.8%,HIGH,2026-06-17,📉 GIẢM,42.5%,HIGH,2026-06-18,📉 GIẢM,43.1%,HIGH,2026-06-19,📉 GIẢM,43.8%,HIGH,2026-06-22,📉 GIẢM,44.5%,HIGH,2026-06-23,📉 GIẢM,45.2%,HIGH,2026-06-24,📉 GIẢM,45.9%,HIGH
DTK,2026-06-03,2026-06-04,📉 GIẢM,32.3%,MEDIUM,2026-06-05,📉 GIẢM,33.1%,MEDIUM,2026-06-08,📉 GIẢM,34.0%,MEDIUM,2026-06-09,📉 GIẢM,34.9%,HIGH,2026-06-10,📉 GIẢM,35.8%,HIGH,2026-06-11,📉 GIẢM,36.7%,HIGH,2026-06-12,📉 GIẢM,37.6%,HIGH,2026-06-15,📉 GIẢM,38.4%,HIGH,2026-06-16,📉 GIẢM,39.3%,HIGH,2026-06-17,📉 GIẢM,40.2%,HIGH,2026-06-18,📉 GIẢM,41.1%,HIGH,2026-06-19,📉 GIẢM,42.0%,HIGH,2026-06-22,📉 GIẢM,42.9%,HIGH,2026-06-23,📉 GIẢM,43.8%,HIGH,2026-06-24,📉 GIẢM,44.7%,HIGH
F88,2026-06-03,2026-06-04,📉 GIẢM,49.3%,LOW,2026-06-05,📉 GIẢM,49.4%,LOW,2026-06-08,📉 GIẢM,49.4%,LOW,2026-06-09,📉 GIẢM,49.4%,LOW,2026-06-10,📉 GIẢM,49.5%,LOW,2026-06-11,📉 GIẢM,49.5%,LOW,2026-06-12,📉 GIẢM,49.5%,LOW,2026-06-15,📉 GIẢM,49.6%,LOW,2026-06-16,📉 GIẢM,49.6%,LOW,2026-06-17,📉 GIẢM,49.6%,LOW,2026-06-18,📉 GIẢM,49.7%,HIGH,2026-06-19,📉 GIẢM,49.7%,HIGH,2026-06-22,📉 GIẢM,49.7%,HIGH,2026-06-23,📉 GIẢM,49.8%,HIGH,2026-06-24,📉 GIẢM,49.8%,HIGH
FRT,2026-06-03,2026-06-04,📉 GIẢM,39.5%,MEDIUM,2026-06-05,📉 GIẢM,41.2%,LOW,2026-06-08,📉 GIẢM,41.7%,LOW,2026-06-09,📉 GIẢM,42.1%,LOW,2026-06-10,📉 GIẢM,42.6%,LOW,2026-06-11,📉 GIẢM,43.1%,LOW,2026-06-12,📉 GIẢM,43.5%,LOW,2026-06-15,📉 GIẢM,44.0%,HIGH,2026-06-16,📉 GIẢM,44.5%,HIGH,2026-06-17,📉 GIẢM,44.9%,HIGH,2026-06-18,📉 GIẢM,45.4%,HIGH,2026-06-19,📉 GIẢM,45.8%,HIGH,2026-06-22,📉 GIẢM,46.2%,HIGH,2026-06-23,📉 GIẢM,46.7%,HIGH,2026-06-24,📉 GIẢM,47.1%,HIGH
HD2,2026-06-03,2026-06-04,📈 TĂNG,51.5%,LOW,2026-06-05,📈 TĂNG,51.2%,LOW,2026-06-08,📈 TĂNG,53.0%,LOW,2026-06-09,📈 TĂNG,52.8%,LOW,2026-06-10,📈 TĂNG,53.4%,LOW,2026-06-11,📈 TĂNG,53.2%,LOW,2026-06-12,📈 TĂNG,53.0%,LOW,2026-06-15,📈 TĂNG,52.7%,LOW,2026-06-16,📈 TĂNG,52.0%,LOW,2026-06-17,📈 TĂNG,51.8%,LOW,2026-06-18,📈 TĂNG,51.6%,HIGH,2026-06-19,📈 TĂNG,51.5%,HIGH,2026-06-22,📈 TĂNG,51.3%,HIGH,2026-06-23,📈 TĂNG,51.1%,HIGH,2026-06-24,📈 TĂNG,51.0%,HIGH
HLD,2026-06-03,2026-06-04,📉 GIẢM,27.8%,HIGH,2026-06-05,📉 GIẢM,30.0%,HIGH,2026-06-08,📉 GIẢM,31.1%,HIGH,2026-06-09,📉 GIẢM,32.1%,HIGH,2026-06-10,📉 GIẢM,33.2%,HIGH,2026-06-11,📉 GIẢM,34.2%,HIGH,2026-06-12,📉 GIẢM,35.3%,HIGH,2026-06-15,📉 GIẢM,36.3%,HIGH,2026-06-16,📉 GIẢM,37.4%,HIGH,2026-06-17,📉 GIẢM,38.4%,HIGH,2026-06-18,📉 GIẢM,39.5%,HIGH,2026-06-19,📉 GIẢM,40.5%,HIGH,2026-06-22,📉 GIẢM,41.6%,HIGH,2026-06-23,📉 GIẢM,42.6%,HIGH,2026-06-24,📉 GIẢM,43.7%,HIGH
HSL,2026-06-03,2026-06-04,📉 GIẢM,29.0%,HIGH,2026-06-05,📉 GIẢM,29.6%,HIGH,2026-06-08,📉 GIẢM,30.6%,HIGH,2026-06-09,📉 GIẢM,32.1%,HIGH,2026-06-10,📉 GIẢM,33.2%,HIGH,2026-06-11,📉 GIẢM,34.2%,HIGH,2026-06-12,📉 GIẢM,35.3%,HIGH,2026-06-15,📉 GIẢM,36.4%,HIGH,2026-06-16,📉 GIẢM,37.4%,HIGH,2026-06-17,📉 GIẢM,38.5%,HIGH,2026-06-18,📉 GIẢM,39.5%,HIGH,2026-06-19,📉 GIẢM,40.8%,HIGH,2026-06-22,📉 GIẢM,41.8%,HIGH,2026-06-23,📉 GIẢM,42.9%,HIGH,2026-06-24,📉 GIẢM,43.9%,HIGH
HTE,2026-06-03,2026-06-04,📉 GIẢM,18.0%,HIGH,2026-06-05,📉 GIẢM,19.7%,HIGH,2026-06-08,📉 GIẢM,21.5%,HIGH,2026-06-09,📉 GIẢM,23.4%,HIGH,2026-06-10,📉 GIẢM,25.0%,HIGH,2026-06-11,📉 GIẢM,26.5%,HIGH,2026-06-12,📉 GIẢM,28.1%,HIGH,2026-06-15,📉 GIẢM,29.7%,HIGH,2026-06-16,📉 GIẢM,31.2%,HIGH,2026-06-17,📉 GIẢM,32.9%,HIGH,2026-06-18,📉 GIẢM,34.4%,HIGH,2026-06-19,📉 GIẢM,36.0%,HIGH,2026-06-22,📉 GIẢM,37.5%,HIGH,2026-06-23,📉 GIẢM,39.2%,HIGH,2026-06-24,📉 GIẢM,40.7%,HIGH
HTL,2026-06-03,2026-06-04,📉 GIẢM,38.3%,MEDIUM,2026-06-05,📉 GIẢM,38.5%,MEDIUM,2026-06-08,📉 GIẢM,39.1%,MEDIUM,2026-06-09,📉 GIẢM,39.7%,MEDIUM,2026-06-10,📉 GIẢM,40.3%,LOW,2026-06-11,📉 GIẢM,40.9%,LOW,2026-06-12,📉 GIẢM,41.5%,HIGH,2026-06-15,📉 GIẢM,42.1%,HIGH,2026-06-16,📉 GIẢM,42.7%,HIGH,2026-06-17,📉 GIẢM,43.3%,HIGH,2026-06-18,📉 GIẢM,43.9%,HIGH,2026-06-19,📉 GIẢM,44.5%,HIGH,2026-06-22,📉 GIẢM,45.1%,HIGH,2026-06-23,📉 GIẢM,45.8%,HIGH,2026-06-24,📉 GIẢM,46.4%,HIGH
DHB,2026-06-03,2026-06-04,📉 GIẢM,28.9%,HIGH,2026-06-05,📉 GIẢM,32.0%,HIGH,2026-06-08,📉 GIẢM,32.9%,HIGH,2026-06-09,📉 GIẢM,33.9%,HIGH,2026-06-10,📉 GIẢM,34.8%,HIGH,2026-06-11,📉 GIẢM,35.7%,HIGH,2026-06-12,📉 GIẢM,36.7%,HIGH,2026-06-15,📉 GIẢM,37.6%,HIGH,2026-06-16,📉 GIẢM,38.6%,HIGH,2026-06-17,📉 GIẢM,39.5%,HIGH,2026-06-18,📉 GIẢM,40.5%,HIGH,2026-06-19,📉 GIẢM,41.4%,HIGH,2026-06-22,📉 GIẢM,42.4%,HIGH,2026-06-23,📉 GIẢM,43.3%,HIGH,2026-06-24,📉 GIẢM,44.3%,HIGH
HU3,2026-06-03,2026-06-04,📉 GIẢM,33.0%,MEDIUM,2026-06-05,📉 GIẢM,34.0%,MEDIUM,2026-06-08,📉 GIẢM,34.9%,MEDIUM,2026-06-09,📉 GIẢM,35.7%,HIGH,2026-06-10,📉 GIẢM,36.6%,HIGH,2026-06-11,📉 GIẢM,37.4%,HIGH,2026-06-12,📉 GIẢM,38.2%,HIGH,2026-06-15,📉 GIẢM,39.1%,HIGH,2026-06-16,📉 GIẢM,39.9%,HIGH,2026-06-17,📉 GIẢM,40.8%,HIGH,2026-06-18,📉 GIẢM,41.6%,HIGH,2026-06-19,📉 GIẢM,42.4%,HIGH,2026-06-22,📉 GIẢM,43.3%,HIGH,2026-06-23,📉 GIẢM,44.1%,HIGH,2026-06-24,📉 GIẢM,45.0%,HIGH
KSF,2026-06-03,2026-06-04,📉 GIẢM,41.6%,LOW,2026-06-05,📉 GIẢM,42.0%,LOW,2026-06-08,📉 GIẢM,42.5%,LOW,2026-06-09,📉 GIẢM,42.9%,LOW,2026-06-10,📉 GIẢM,43.3%,LOW,2026-06-11,📉 GIẢM,43.7%,LOW,2026-06-12,📉 GIẢM,44.1%,LOW,2026-06-15,📉 GIẢM,44.6%,LOW,2026-06-16,📉 GIẢM,45.0%,HIGH,2026-06-17,📉 GIẢM,45.4%,HIGH,2026-06-18,📉 GIẢM,45.8%,HIGH,2026-06-19,📉 GIẢM,46.2%,HIGH,2026-06-22,📉 GIẢM,46.6%,HIGH,2026-06-23,📉 GIẢM,47.1%,HIGH,2026-06-24,📉 GIẢM,47.5%,HIGH
IDV,2026-06-03,2026-06-04,📉 GIẢM,23.9%,HIGH,2026-06-05,📉 GIẢM,25.2%,HIGH,2026-06-08,📉 GIẢM,26.5%,HIGH,2026-06-09,📉 GIẢM,27.8%,HIGH,2026-06-10,📉 GIẢM,29.1%,HIGH,2026-06-11,📉 GIẢM,30.4%,HIGH,2026-06-12,📉 GIẢM,32.4%,HIGH,2026-06-15,📉 GIẢM,33.7%,HIGH,2026-06-16,📉 GIẢM,35.0%,HIGH,2026-06-17,📉 GIẢM,36.2%,HIGH,2026-06-18,📉 GIẢM,37.5%,HIGH,2026-06-19,📉 GIẢM,39.0%,HIGH,2026-06-22,📉 GIẢM,40.3%,HIGH,2026-06-23,📉 GIẢM,41.5%,HIGH,2026-06-24,📉 GIẢM,42.7%,HIGH
IPA,2026-06-03,2026-06-04,📉 GIẢM,42.1%,LOW,2026-06-05,📉 GIẢM,42.5%,LOW,2026-06-08,📉 GIẢM,42.9%,LOW,2026-06-09,📉 GIẢM,43.3%,LOW,2026-06-10,📉 GIẢM,43.7%,LOW,2026-06-11,📉 GIẢM,44.1%,LOW,2026-06-12,📉 GIẢM,44.5%,LOW,2026-06-15,📉 GIẢM,44.9%,LOW,2026-06-16,📉 GIẢM,45.2%,HIGH,2026-06-17,📉 GIẢM,45.6%,HIGH,2026-06-18,📉 GIẢM,46.0%,HIGH,2026-06-19,📉 GIẢM,46.4%,HIGH,2026-06-22,📉 GIẢM,46.8%,HIGH,2026-06-23,📉 GIẢM,47.2%,HIGH,2026-06-24,📉 GIẢM,47.6%,HIGH
ITD,2026-06-03,2026-06-04,📉 GIẢM,37.8%,MEDIUM,2026-06-05,📉 GIẢM,38.4%,MEDIUM,2026-06-08,📉 GIẢM,39.0%,MEDIUM,2026-06-09,📉 GIẢM,39.6%,MEDIUM,2026-06-10,📉 GIẢM,40.3%,LOW,2026-06-11,📉 GIẢM,40.9%,LOW,2026-06-12,📉 GIẢM,41.5%,HIGH,2026-06-15,📉 GIẢM,42.1%,HIGH,2026-06-16,📉 GIẢM,42.7%,HIGH,2026-06-17,📉 GIẢM,43.3%,HIGH,2026-06-18,📉 GIẢM,43.9%,HIGH,2026-06-19,📉 GIẢM,44.5%,HIGH,2026-06-22,📉 GIẢM,45.1%,HIGH,2026-06-23,📉 GIẢM,45.7%,HIGH,2026-06-24,📉 GIẢM,46.3%,HIGH
KHG,2026-06-03,2026-06-04,📉 GIẢM,35.0%,MEDIUM,2026-06-05,📉 GIẢM,37.2%,MEDIUM,2026-06-08,📉 GIẢM,37.9%,MEDIUM,2026-06-09,📉 GIẢM,38.5%,MEDIUM,2026-06-10,📉 GIẢM,39.2%,MEDIUM,2026-06-11,📉 GIẢM,39.9%,HIGH,2026-06-12,📉 GIẢM,40.6%,HIGH,2026-06-15,📉 GIẢM,41.2%,HIGH,2026-06-16,📉 GIẢM,41.9%,HIGH,2026-06-17,📉 GIẢM,42.6%,HIGH,2026-06-18,📉 GIẢM,43.3%,HIGH,2026-06-19,📉 GIẢM,43.9%,HIGH,2026-06-22,📉 GIẢM,44.6%,HIGH,2026-06-23,📉 GIẢM,45.3%,HIGH,2026-06-24,📉 GIẢM,46.0%,HIGH
KTS,2026-06-03,2026-06-04,📉 GIẢM,33.3%,MEDIUM,2026-06-05,📉 GIẢM,34.5%,MEDIUM,2026-06-08,📉 GIẢM,35.3%,MEDIUM,2026-06-09,📉 GIẢM,36.1%,MEDIUM,2026-06-10,📉 GIẢM,36.9%,HIGH,2026-06-11,📉 GIẢM,37.8%,HIGH,2026-06-12,📉 GIẢM,38.6%,HIGH,2026-06-15,📉 GIẢM,39.4%,HIGH,2026-06-16,📉 GIẢM,40.2%,HIGH,2026-06-17,📉 GIẢM,41.0%,HIGH,2026-06-18,📉 GIẢM,41.8%,HIGH,2026-06-19,📉 GIẢM,42.7%,HIGH,2026-06-22,📉 GIẢM,43.5%,HIGH,2026-06-23,📉 GIẢM,44.3%,HIGH,2026-06-24,📉 GIẢM,45.1%,HIGH
KHS,2026-06-03,2026-06-04,📉 GIẢM,31.6%,MEDIUM,2026-06-05,📉 GIẢM,33.5%,MEDIUM,2026-06-08,📉 GIẢM,34.3%,MEDIUM,2026-06-09,📉 GIẢM,35.2%,HIGH,2026-06-10,📉 GIẢM,36.1%,HIGH,2026-06-11,📉 GIẢM,36.9%,HIGH,2026-06-12,📉 GIẢM,37.8%,HIGH,2026-06-15,📉 GIẢM,38.7%,HIGH,2026-06-16,📉 GIẢM,39.6%,HIGH,2026-06-17,📉 GIẢM,40.4%,HIGH,2026-06-18,📉 GIẢM,41.3%,HIGH,2026-06-19,📉 GIẢM,42.2%,HIGH,2026-06-22,📉 GIẢM,43.0%,HIGH,2026-06-23,📉 GIẢM,43.9%,HIGH,2026-06-24,📉 GIẢM,44.8%,HIGH
LHC,2026-06-03,2026-06-04,📉 GIẢM,25.7%,HIGH,2026-06-05,📉 GIẢM,27.9%,HIGH,2026-06-08,📉 GIẢM,29.1%,HIGH,2026-06-09,📉 GIẢM,29.9%,HIGH,2026-06-10,📉 GIẢM,31.1%,HIGH,2026-06-11,📉 GIẢM,32.3%,HIGH,2026-06-12,📉 GIẢM,33.5%,HIGH,2026-06-15,📉 GIẢM,34.6%,HIGH,2026-06-16,📉 GIẢM,35.8%,HIGH,2026-06-17,📉 GIẢM,37.0%,HIGH,2026-06-18,📉 GIẢM,38.2%,HIGH,2026-06-19,📉 GIẢM,39.4%,HIGH,2026-06-22,📉 GIẢM,40.5%,HIGH,2026-06-23,📉 GIẢM,41.7%,HIGH,2026-06-24,📉 GIẢM,43.0%,HIGH
MQN,2026-06-03,2026-06-04,📉 GIẢM,24.7%,HIGH,2026-06-05,📉 GIẢM,26.0%,HIGH,2026-06-08,📉 GIẢM,27.2%,HIGH,2026-06-09,📉 GIẢM,28.5%,HIGH,2026-06-10,📉 GIẢM,29.8%,HIGH,2026-06-11,📉 GIẢM,31.1%,HIGH,2026-06-12,📉 GIẢM,32.4%,HIGH,2026-06-15,📉 GIẢM,33.7%,HIGH,2026-06-16,📉 GIẢM,35.0%,HIGH,2026-06-17,📉 GIẢM,36.2%,HIGH,2026-06-18,📉 GIẢM,37.8%,HIGH,2026-06-19,📉 GIẢM,39.0%,HIGH,2026-06-22,📉 GIẢM,40.2%,HIGH,2026-06-23,📉 GIẢM,41.5%,HIGH,2026-06-24,📉 GIẢM,42.8%,HIGH
MSR,2026-06-03,2026-06-04,📉 GIẢM,40.7%,LOW,2026-06-05,📉 GIẢM,41.1%,LOW,2026-06-08,📉 GIẢM,41.6%,LOW,2026-06-09,📉 GIẢM,42.1%,LOW,2026-06-10,📉 GIẢM,42.5%,LOW,2026-06-11,📉 GIẢM,43.0%,LOW,2026-06-12,📉 GIẢM,43.5%,LOW,2026-06-15,📉 GIẢM,44.0%,LOW,2026-06-16,📉 GIẢM,44.5%,HIGH,2026-06-17,📉 GIẢM,44.9%,HIGH,2026-06-18,📉 GIẢM,45.4%,HIGH,2026-06-19,📉 GIẢM,45.8%,HIGH,2026-06-22,📉 GIẢM,46.3%,HIGH,2026-06-23,📉 GIẢM,46.8%,HIGH,2026-06-24,📉 GIẢM,47.4%,HIGH
NED,2026-06-03,2026-06-04,📉 GIẢM,36.3%,MEDIUM,2026-06-05,📉 GIẢM,37.0%,MEDIUM,2026-06-08,📉 GIẢM,37.7%,MEDIUM,2026-06-09,📉 GIẢM,38.4%,MEDIUM,2026-06-10,📉 GIẢM,39.1%,MEDIUM,2026-06-11,📉 GIẢM,39.8%,HIGH,2026-06-12,📉 GIẢM,40.4%,HIGH,2026-06-15,📉 GIẢM,41.1%,HIGH,2026-06-16,📉 GIẢM,41.8%,HIGH,2026-06-17,📉 GIẢM,42.5%,HIGH,2026-06-18,📉 GIẢM,43.2%,HIGH,2026-06-19,📉 GIẢM,43.9%,HIGH,2026-06-22,📉 GIẢM,44.5%,HIGH,2026-06-23,📉 GIẢM,45.2%,HIGH,2026-06-24,📉 GIẢM,45.9%,HIGH
IDC,2026-06-03,2026-06-04,📉 GIẢM,37.8%,MEDIUM,2026-06-05,📉 GIẢM,38.0%,MEDIUM,2026-06-08,📉 GIẢM,38.6%,MEDIUM,2026-06-09,📉 GIẢM,39.2%,MEDIUM,2026-06-10,📉 GIẢM,39.9%,MEDIUM,2026-06-11,📉 GIẢM,40.5%,LOW,2026-06-12,📉 GIẢM,41.2%,HIGH,2026-06-15,📉 GIẢM,41.8%,HIGH,2026-06-16,📉 GIẢM,42.4%,HIGH,2026-06-17,📉 GIẢM,43.1%,HIGH,2026-06-18,📉 GIẢM,43.7%,HIGH,2026-06-19,📉 GIẢM,44.4%,HIGH,2026-06-22,📉 GIẢM,45.0%,HIGH,2026-06-23,📉 GIẢM,45.6%,HIGH,2026-06-24,📉 GIẢM,46.2%,HIGH
MZG,2026-06-03,2026-06-04,📉 GIẢM,38.5%,MEDIUM,2026-06-05,📉 GIẢM,39.0%,MEDIUM,2026-06-08,📉 GIẢM,39.6%,MEDIUM,2026-06-09,📉 GIẢM,40.2%,LOW,2026-06-10,📉 GIẢM,40.8%,LOW,2026-06-11,📉 GIẢM,41.4%,LOW,2026-06-12,📉 GIẢM,41.9%,HIGH,2026-06-15,📉 GIẢM,42.5%,HIGH,2026-06-16,📉 GIẢM,43.1%,HIGH,2026-06-17,📉 GIẢM,43.7%,HIGH,2026-06-18,📉 GIẢM,44.2%,HIGH,2026-06-19,📉 GIẢM,44.8%,HIGH,2026-06-22,📉 GIẢM,45.4%,HIGH,2026-06-23,📉 GIẢM,46.0%,HIGH,2026-06-24,📉 GIẢM,46.5%,HIGH
MDC,2026-06-03,2026-06-04,📉 GIẢM,37.0%,MEDIUM,2026-06-05,📉 GIẢM,37.5%,MEDIUM,2026-06-08,📉 GIẢM,38.2%,MEDIUM,2026-06-09,📉 GIẢM,38.8%,MEDIUM,2026-06-10,📉 GIẢM,39.5%,MEDIUM,2026-06-11,📉 GIẢM,40.2%,LOW,2026-06-12,📉 GIẢM,40.8%,HIGH,2026-06-15,📉 GIẢM,41.5%,HIGH,2026-06-16,📉 GIẢM,42.1%,HIGH,2026-06-17,📉 GIẢM,42.8%,HIGH,2026-06-18,📉 GIẢM,43.4%,HIGH,2026-06-19,📉 GIẢM,44.1%,HIGH,2026-06-22,📉 GIẢM,44.8%,HIGH,2026-06-23,📉 GIẢM,45.4%,HIGH,2026-06-24,📉 GIẢM,46.1%,HIGH
MSH,2026-06-03,2026-06-04,📉 GIẢM,47.9%,LOW,2026-06-05,📉 GIẢM,48.0%,LOW,2026-06-08,📉 GIẢM,48.0%,LOW,2026-06-09,📉 GIẢM,48.1%,LOW,2026-06-10,📉 GIẢM,48.2%,LOW,2026-06-11,📉 GIẢM,48.3%,LOW,2026-06-12,📉 GIẢM,48.4%,LOW,2026-06-15,📉 GIẢM,48.5%,LOW,2026-06-16,📉 GIẢM,48.6%,LOW,2026-06-17,📉 GIẢM,48.8%,LOW,2026-06-18,📉 GIẢM,48.9%,HIGH,2026-06-19,📉 GIẢM,48.9%,HIGH,2026-06-22,📉 GIẢM,49.1%,HIGH,2026-06-23,📉 GIẢM,49.2%,HIGH,2026-06-24,📉 GIẢM,49.3%,HIGH
VGT,2026-06-03,2026-06-04,📉 GIẢM,47.8%,LOW,2026-06-05,📉 GIẢM,47.9%,LOW,2026-06-08,📉 GIẢM,48.0%,LOW,2026-06-09,📉 GIẢM,48.1%,LOW,2026-06-10,📉 GIẢM,48.2%,LOW,2026-06-11,📉 GIẢM,48.4%,LOW,2026-06-12,📉 GIẢM,48.5%,LOW,2026-06-15,📉 GIẢM,48.6%,LOW,2026-06-16,📉 GIẢM,48.7%,LOW,2026-06-17,📉 GIẢM,48.8%,LOW,2026-06-18,📉 GIẢM,48.9%,HIGH,2026-06-19,📉 GIẢM,49.0%,HIGH,2026-06-22,📉 GIẢM,49.2%,HIGH,2026-06-23,📉 GIẢM,49.3%,HIGH,2026-06-24,📉 GIẢM,49.4%,HIGH
VIB,2026-06-03,2026-06-04,📉 GIẢM,44.7%,LOW,2026-06-05,📉 GIẢM,45.0%,LOW,2026-06-08,📉 GIẢM,45.2%,LOW,2026-06-09,📉 GIẢM,45.5%,LOW,2026-06-10,📉 GIẢM,45.8%,LOW,2026-06-11,📉 GIẢM,46.0%,LOW,2026-06-12,📉 GIẢM,46.3%,LOW,2026-06-15,📉 GIẢM,46.5%,LOW,2026-06-16,📉 GIẢM,46.8%,LOW,2026-06-17,📉 GIẢM,47.1%,HIGH,2026-06-18,📉 GIẢM,47.3%,HIGH,2026-06-19,📉 GIẢM,47.6%,HIGH,2026-06-22,📉 GIẢM,47.9%,HIGH,2026-06-23,📉 GIẢM,48.1%,HIGH,2026-06-24,📉 GIẢM,48.4%,HIGH
VNL,2026-06-03,2026-06-04,📉 GIẢM,39.5%,MEDIUM,2026-06-05,📉 GIẢM,41.0%,LOW,2026-06-08,📉 GIẢM,41.5%,LOW,2026-06-09,📉 GIẢM,42.0%,LOW,2026-06-10,📉 GIẢM,42.4%,LOW,2026-06-11,📉 GIẢM,42.9%,LOW,2026-06-12,📉 GIẢM,43.4%,LOW,2026-06-15,📉 GIẢM,43.9%,HIGH,2026-06-16,📉 GIẢM,44.3%,HIGH,2026-06-17,📉 GIẢM,44.8%,HIGH,2026-06-18,📉 GIẢM,45.3%,HIGH,2026-06-19,📉 GIẢM,45.7%,HIGH,2026-06-22,📉 GIẢM,46.2%,HIGH,2026-06-23,📉 GIẢM,46.7%,HIGH,2026-06-24,📉 GIẢM,47.2%,HIGH
VPG,2026-06-03,2026-06-04,📉 GIẢM,48.5%,LOW,2026-06-05,📉 GIẢM,48.5%,LOW,2026-06-08,📉 GIẢM,48.9%,LOW,2026-06-09,📉 GIẢM,49.0%,LOW,2026-06-10,📉 GIẢM,49.1%,LOW,2026-06-11,📉 GIẢM,49.1%,LOW,2026-06-12,📉 GIẢM,49.2%,LOW,2026-06-15,📉 GIẢM,49.2%,LOW,2026-06-16,📉 GIẢM,49.4%,LOW,2026-06-17,📉 GIẢM,49.5%,LOW,2026-06-18,📉 GIẢM,49.6%,HIGH,2026-06-19,📉 GIẢM,49.6%,HIGH,2026-06-22,📉 GIẢM,49.6%,HIGH,2026-06-23,📉 GIẢM,49.7%,HIGH,2026-06-24,📉 GIẢM,49.7%,HIGH
WSS,2026-06-03,2026-06-04,📉 GIẢM,32.6%,MEDIUM,2026-06-05,📉 GIẢM,31.8%,HIGH,2026-06-08,📉 GIẢM,32.8%,HIGH,2026-06-09,📉 GIẢM,33.7%,HIGH,2026-06-10,📉 GIẢM,34.7%,HIGH,2026-06-11,📉 GIẢM,35.6%,HIGH,2026-06-12,📉 GIẢM,36.6%,HIGH,2026-06-15,📉 GIẢM,37.5%,HIGH,2026-06-16,📉 GIẢM,38.5%,HIGH,2026-06-17,📉 GIẢM,39.5%,HIGH,2026-06-18,📉 GIẢM,40.4%,HIGH,2026-06-19,📉 GIẢM,41.4%,HIGH,2026-06-22,📉 GIẢM,42.3%,HIGH,2026-06-23,📉 GIẢM,43.3%,HIGH,2026-06-24,📉 GIẢM,44.3%,HIGH
MPC,2026-06-03,2026-06-04,📈 TĂNG,51.2%,LOW,2026-06-05,📈 TĂNG,51.2%,LOW,2026-06-08,📈 TĂNG,51.1%,LOW,2026-06-09,📈 TĂNG,51.0%,LOW,2026-06-10,📈 TĂNG,51.0%,LOW,2026-06-11,📈 TĂNG,50.9%,LOW,2026-06-12,📈 TĂNG,50.4%,LOW,2026-06-15,📈 TĂNG,50.4%,LOW,2026-06-16,📈 TĂNG,50.4%,LOW,2026-06-17,📈 TĂNG,50.3%,LOW,2026-06-18,📈 TĂNG,50.3%,HIGH,2026-06-19,📈 TĂNG,50.3%,HIGH,2026-06-22,📈 TĂNG,50.2%,HIGH,2026-06-23,📈 TĂNG,50.2%,HIGH,2026-06-24,📈 TĂNG,50.2%,HIGH
CMG,2026-06-03,2026-06-04,📉 GIẢM,39.5%,MEDIUM,2026-06-05,📉 GIẢM,40.0%,LOW,2026-06-08,📉 GIẢM,40.6%,LOW,2026-06-09,📉 GIẢM,41.1%,LOW,2026-06-10,📉 GIẢM,41.6%,LOW,2026-06-11,📉 GIẢM,42.1%,LOW,2026-06-12,📉 GIẢM,42.7%,LOW,2026-06-15,📉 GIẢM,43.2%,HIGH,2026-06-16,📉 GIẢM,43.7%,HIGH,2026-06-17,📉 GIẢM,44.2%,HIGH,2026-06-18,📉 GIẢM,44.8%,HIGH,2026-06-19,📉 GIẢM,45.3%,HIGH,2026-06-22,📉 GIẢM,45.8%,HIGH,2026-06-23,📉 GIẢM,46.3%,HIGH,2026-06-24,📉 GIẢM,46.9%,HIGH
ACC,2026-06-03,2026-06-04,📉 GIẢM,40.5%,LOW,2026-06-05,📉 GIẢM,41.0%,LOW,2026-06-08,📉 GIẢM,41.5%,LOW,2026-06-09,📉 GIẢM,41.9%,LOW,2026-06-10,📉 GIẢM,42.4%,LOW,2026-06-11,📉 GIẢM,42.9%,LOW,2026-06-12,📉 GIẢM,43.4%,LOW,2026-06-15,📉 GIẢM,43.7%,HIGH,2026-06-16,📉 GIẢM,44.2%,HIGH,2026-06-17,📉 GIẢM,44.7%,HIGH,2026-06-18,📉 GIẢM,45.1%,HIGH,2026-06-19,📉 GIẢM,45.6%,HIGH,2026-06-22,📉 GIẢM,46.0%,HIGH,2026-06-23,📉 GIẢM,46.5%,HIGH,2026-06-24,📉 GIẢM,47.0%,HIGH
BFC,2026-06-03,2026-06-04,📉 GIẢM,49.0%,LOW,2026-06-05,📉 GIẢM,49.1%,LOW,2026-06-08,📉 GIẢM,49.1%,LOW,2026-06-09,📉 GIẢM,49.2%,LOW,2026-06-10,📉 GIẢM,49.2%,LOW,2026-06-11,📉 GIẢM,49.3%,LOW,2026-06-12,📉 GIẢM,49.3%,LOW,2026-06-15,📉 GIẢM,49.4%,LOW,2026-06-16,📉 GIẢM,49.4%,LOW,2026-06-17,📉 GIẢM,49.5%,LOW,2026-06-18,📉 GIẢM,49.5%,HIGH,2026-06-19,📉 GIẢM,49.6%,HIGH,2026-06-22,📉 GIẢM,49.6%,HIGH,2026-06-23,📉 GIẢM,49.7%,HIGH,2026-06-24,📉 GIẢM,49.7%,HIGH
BHP,2026-06-03,2026-06-04,📈 TĂNG,57.4%,LOW,2026-06-05,📈 TĂNG,58.4%,LOW,2026-06-08,📈 TĂNG,58.0%,LOW,2026-06-09,📈 TĂNG,57.5%,LOW,2026-06-10,📈 TĂNG,57.1%,LOW,2026-06-11,📈 TĂNG,56.6%,LOW,2026-06-12,📈 TĂNG,56.2%,LOW,2026-06-15,📈 TĂNG,56.0%,LOW,2026-06-16,📈 TĂNG,55.5%,HIGH,2026-06-17,📈 TĂNG,55.0%,HIGH,2026-06-18,📈 TĂNG,54.6%,HIGH,2026-06-19,📈 TĂNG,54.1%,HIGH,2026-06-22,📈 TĂNG,53.7%,HIGH,2026-06-23,📈 TĂNG,53.2%,HIGH,2026-06-24,📈 TĂNG,52.7%,HIGH
BKG,2026-06-03,2026-06-04,📈 TĂNG,51.7%,LOW,2026-06-05,📈 TĂNG,51.6%,LOW,2026-06-08,📈 TĂNG,51.6%,LOW,2026-06-09,📈 TĂNG,51.5%,LOW,2026-06-10,📈 TĂNG,51.4%,LOW,2026-06-11,📈 TĂNG,51.3%,LOW,2026-06-12,📈 TĂNG,51.2%,LOW,2026-06-15,📈 TĂNG,51.1%,LOW,2026-06-16,📈 TĂNG,51.0%,LOW,2026-06-17,📈 TĂNG,51.0%,LOW,2026-06-18,📈 TĂNG,50.9%,HIGH,2026-06-19,📈 TĂNG,50.8%,HIGH,2026-06-22,📈 TĂNG,50.7%,HIGH,2026-06-23,📈 TĂNG,50.6%,HIGH,2026-06-24,📈 TĂNG,50.5%,HIGH
BRS,2026-06-03,2026-06-04,📉 GIẢM,43.0%,LOW,2026-06-05,📉 GIẢM,43.4%,LOW,2026-06-08,📉 GIẢM,43.7%,LOW,2026-06-09,📉 GIẢM,43.3%,LOW,2026-06-10,📉 GIẢM,43.7%,LOW,2026-06-11,📉 GIẢM,44.2%,LOW,2026-06-12,📉 GIẢM,44.9%,LOW,2026-06-15,📉 GIẢM,45.2%,LOW,2026-06-16,📉 GIẢM,45.6%,HIGH,2026-06-17,📉 GIẢM,46.0%,HIGH,2026-06-18,📉 GIẢM,46.3%,HIGH,2026-06-19,📉 GIẢM,46.7%,HIGH,2026-06-22,📉 GIẢM,47.1%,HIGH,2026-06-23,📉 GIẢM,47.4%,HIGH,2026-06-24,📉 GIẢM,47.8%,HIGH
BSG,2026-06-03,2026-06-04,📉 GIẢM,43.9%,LOW,2026-06-05,📉 GIẢM,44.2%,LOW,2026-06-08,📉 GIẢM,44.5%,LOW,2026-06-09,📉 GIẢM,43.3%,LOW,2026-06-10,📉 GIẢM,43.7%,LOW,2026-06-11,📉 GIẢM,44.1%,LOW,2026-06-12,📉 GIẢM,44.4%,LOW,2026-06-15,📉 GIẢM,44.8%,LOW,2026-06-16,📉 GIẢM,45.2%,HIGH,2026-06-17,📉 GIẢM,45.6%,HIGH,2026-06-18,📉 GIẢM,46.0%,HIGH,2026-06-19,📉 GIẢM,46.4%,HIGH,2026-06-22,📉 GIẢM,46.8%,HIGH,2026-06-23,📉 GIẢM,47.2%,HIGH,2026-06-24,📉 GIẢM,47.6%,HIGH
BVS,2026-06-03,2026-06-04,📉 GIẢM,45.6%,LOW,2026-06-05,📉 GIẢM,45.8%,LOW,2026-06-08,📉 GIẢM,46.0%,LOW,2026-06-09,📉 GIẢM,46.2%,LOW,2026-06-10,📉 GIẢM,46.5%,LOW,2026-06-11,📉 GIẢM,46.7%,LOW,2026-06-12,📉 GIẢM,46.9%,LOW,2026-06-15,📉 GIẢM,47.1%,LOW,2026-06-16,📉 GIẢM,47.3%,LOW,2026-06-17,📉 GIẢM,47.6%,HIGH,2026-06-18,📉 GIẢM,47.8%,HIGH,2026-06-19,📉 GIẢM,48.0%,HIGH,2026-06-22,📉 GIẢM,48.2%,HIGH,2026-06-23,📉 GIẢM,48.5%,HIGH,2026-06-24,📉 GIẢM,48.7%,HIGH
CAP,2026-06-03,2026-06-04,📉 GIẢM,31.4%,MEDIUM,2026-06-05,📉 GIẢM,33.4%,MEDIUM,2026-06-08,📉 GIẢM,34.3%,MEDIUM,2026-06-09,📉 GIẢM,35.2%,HIGH,2026-06-10,📉 GIẢM,36.1%,HIGH,2026-06-11,📉 GIẢM,36.9%,HIGH,2026-06-12,📉 GIẢM,37.8%,HIGH,2026-06-15,📉 GIẢM,37.9%,HIGH,2026-06-16,📉 GIẢM,38.8%,HIGH,2026-06-17,📉 GIẢM,39.8%,HIGH,2026-06-18,📉 GIẢM,40.7%,HIGH,2026-06-19,📉 GIẢM,41.7%,HIGH,2026-06-22,📉 GIẢM,42.7%,HIGH,2026-06-23,📉 GIẢM,43.6%,HIGH,2026-06-24,📉 GIẢM,44.6%,HIGH
CDN,2026-06-03,2026-06-04,📉 GIẢM,42.4%,LOW,2026-06-05,📉 GIẢM,42.8%,LOW,2026-06-08,📉 GIẢM,43.2%,LOW,2026-06-09,📉 GIẢM,43.6%,LOW,2026-06-10,📉 GIẢM,44.0%,LOW,2026-06-11,📉 GIẢM,44.4%,LOW,2026-06-12,📉 GIẢM,44.8%,LOW,2026-06-15,📉 GIẢM,45.1%,LOW,2026-06-16,📉 GIẢM,45.5%,HIGH,2026-06-17,📉 GIẢM,45.8%,HIGH,2026-06-18,📉 GIẢM,46.2%,HIGH,2026-06-19,📉 GIẢM,46.6%,HIGH,2026-06-22,📉 GIẢM,47.0%,HIGH,2026-06-23,📉 GIẢM,47.3%,HIGH,2026-06-24,📉 GIẢM,47.7%,HIGH
CDP,2026-06-03,2026-06-04,📉 GIẢM,43.1%,LOW,2026-06-05,📉 GIẢM,43.1%,LOW,2026-06-08,📉 GIẢM,43.4%,LOW,2026-06-09,📉 GIẢM,43.8%,LOW,2026-06-10,📉 GIẢM,44.2%,LOW,2026-06-11,📉 GIẢM,44.5%,LOW,2026-06-12,📉 GIẢM,44.9%,LOW,2026-06-15,📉 GIẢM,45.3%,LOW,2026-06-16,📉 GIẢM,45.6%,HIGH,2026-06-17,📉 GIẢM,46.0%,HIGH,2026-06-18,📉 GIẢM,46.3%,HIGH,2026-06-19,📉 GIẢM,46.7%,HIGH,2026-06-22,📉 GIẢM,47.1%,HIGH,2026-06-23,📉 GIẢM,47.4%,HIGH,2026-06-24,📉 GIẢM,47.8%,HIGH
AST,2026-06-03,2026-06-04,📉 GIẢM,41.1%,LOW,2026-06-05,📉 GIẢM,42.5%,LOW,2026-06-08,📉 GIẢM,42.9%,LOW,2026-06-09,📉 GIẢM,43.3%,LOW,2026-06-10,📉 GIẢM,43.7%,LOW,2026-06-11,📉 GIẢM,44.1%,LOW,2026-06-12,📉 GIẢM,44.5%,LOW,2026-06-15,📉 GIẢM,44.9%,LOW,2026-06-16,📉 GIẢM,45.3%,HIGH,2026-06-17,📉 GIẢM,45.4%,HIGH,2026-06-18,📉 GIẢM,45.9%,HIGH,2026-06-19,📉 GIẢM,46.3%,HIGH,2026-06-22,📉 GIẢM,46.7%,HIGH,2026-06-23,📉 GIẢM,47.1%,HIGH,2026-06-24,📉 GIẢM,47.5%,HIGH
NSC,2026-06-03,2026-06-04,📈 TĂNG,55.1%,LOW,2026-06-05,📈 TĂNG,54.8%,LOW,2026-06-08,📈 TĂNG,54.6%,LOW,2026-06-09,📈 TĂNG,54.3%,LOW,2026-06-10,📈 TĂNG,54.1%,LOW,2026-06-11,📈 TĂNG,54.0%,LOW,2026-06-12,📈 TĂNG,53.8%,LOW,2026-06-15,📈 TĂNG,53.5%,LOW,2026-06-16,📈 TĂNG,53.2%,LOW,2026-06-17,📈 TĂNG,53.0%,HIGH,2026-06-18,📈 TĂNG,52.7%,HIGH,2026-06-19,📈 TĂNG,52.4%,HIGH,2026-06-22,📈 TĂNG,52.2%,HIGH,2026-06-23,📈 TĂNG,51.9%,HIGH,2026-06-24,📈 TĂNG,51.6%,HIGH
VNE,2026-06-03,2026-06-04,📉 GIẢM,49.8%,LOW,2026-06-05,📉 GIẢM,49.8%,LOW,2026-06-08,📉 GIẢM,49.8%,LOW,2026-06-09,📉 GIẢM,49.8%,LOW,2026-06-10,📉 GIẢM,49.8%,LOW,2026-06-11,📉 GIẢM,49.9%,LOW,2026-06-12,📉 GIẢM,49.9%,LOW,2026-06-15,📉 GIẢM,49.9%,LOW,2026-06-16,📉 GIẢM,49.9%,LOW,2026-06-17,📉 GIẢM,49.9%,LOW,2026-06-18,📉 GIẢM,49.9%,HIGH,2026-06-19,📉 GIẢM,49.9%,HIGH,2026-06-22,📉 GIẢM,49.9%,HIGH,2026-06-23,📉 GIẢM,49.9%,HIGH,2026-06-24,📉 GIẢM,49.9%,HIGH
VPB,2026-06-03,2026-06-04,📉 GIẢM,44.8%,LOW,2026-06-05,📉 GIẢM,45.1%,LOW,2026-06-08,📉 GIẢM,45.4%,LOW,2026-06-09,📉 GIẢM,45.6%,LOW,2026-06-10,📉 GIẢM,45.9%,LOW,2026-06-11,📉 GIẢM,46.1%,LOW,2026-06-12,📉 GIẢM,46.4%,LOW,2026-06-15,📉 GIẢM,46.6%,LOW,2026-06-16,📉 GIẢM,46.9%,LOW,2026-06-17,📉 GIẢM,47.2%,HIGH,2026-06-18,📉 GIẢM,47.4%,HIGH,2026-06-19,📉 GIẢM,47.7%,HIGH,2026-06-22,📉 GIẢM,47.9%,HIGH,2026-06-23,📉 GIẢM,48.2%,HIGH,2026-06-24,📉 GIẢM,48.5%,HIGH
VCP,2026-06-03,2026-06-04,📉 GIẢM,28.2%,HIGH,2026-06-05,📉 GIẢM,29.3%,HIGH,2026-06-08,📉 GIẢM,30.4%,HIGH,2026-06-09,📉 GIẢM,31.5%,HIGH,2026-06-10,📉 GIẢM,32.6%,HIGH,2026-06-11,📉 GIẢM,33.7%,HIGH,2026-06-12,📉 GIẢM,34.8%,HIGH,2026-06-15,📉 GIẢM,35.9%,HIGH,2026-06-16,📉 GIẢM,37.0%,HIGH,2026-06-17,📉 GIẢM,38.0%,HIGH,2026-06-18,📉 GIẢM,39.1%,HIGH,2026-06-19,📉 GIẢM,40.2%,HIGH,2026-06-22,📉 GIẢM,41.3%,HIGH,2026-06-23,📉 GIẢM,42.4%,HIGH,2026-06-24,📉 GIẢM,43.5%,HIGH
VSI,2026-06-03,2026-06-04,📉 GIẢM,38.6%,MEDIUM,2026-06-05,📉 GIẢM,39.2%,MEDIUM,2026-06-08,📉 GIẢM,39.7%,MEDIUM,2026-06-09,📉 GIẢM,40.3%,LOW,2026-06-10,📉 GIẢM,40.9%,LOW,2026-06-11,📉 GIẢM,41.4%,LOW,2026-06-12,📉 GIẢM,42.0%,LOW,2026-06-15,📉 GIẢM,42.6%,HIGH,2026-06-16,📉 GIẢM,43.2%,HIGH,2026-06-17,📉 GIẢM,43.7%,HIGH,2026-06-18,📉 GIẢM,44.3%,HIGH,2026-06-19,📉 GIẢM,44.9%,HIGH,2026-06-22,📉 GIẢM,45.4%,HIGH,2026-06-23,📉 GIẢM,46.0%,HIGH,2026-06-24,📉 GIẢM,46.6%,HIGH
VVS,2026-06-03,2026-06-04,📉 GIẢM,39.2%,MEDIUM,2026-06-05,📉 GIẢM,40.4%,LOW,2026-06-08,📉 GIẢM,40.9%,LOW,2026-06-09,📉 GIẢM,41.4%,LOW,2026-06-10,📉 GIẢM,41.9%,LOW,2026-06-11,📉 GIẢM,42.4%,LOW,2026-06-12,📉 GIẢM,42.9%,LOW,2026-06-15,📉 GIẢM,43.7%,HIGH,2026-06-16,📉 GIẢM,44.2%,HIGH,2026-06-17,📉 GIẢM,44.7%,HIGH,2026-06-18,📉 GIẢM,45.2%,HIGH,2026-06-19,📉 GIẢM,45.6%,HIGH,2026-06-22,📉 GIẢM,46.1%,HIGH,2026-06-23,📉 GIẢM,46.6%,HIGH,2026-06-24,📉 GIẢM,47.1%,HIGH
AVC,2026-06-03,2026-06-04,📉 GIẢM,23.0%,HIGH,2026-06-05,📉 GIẢM,24.6%,HIGH,2026-06-08,📉 GIẢM,26.0%,HIGH,2026-06-09,📉 GIẢM,27.3%,HIGH,2026-06-10,📉 GIẢM,28.6%,HIGH,2026-06-11,📉 GIẢM,33.9%,HIGH,2026-06-12,📉 GIẢM,35.0%,HIGH,2026-06-15,📉 GIẢM,36.3%,HIGH,2026-06-16,📉 GIẢM,37.3%,HIGH,2026-06-17,📉 GIẢM,38.4%,HIGH,2026-06-18,📉 GIẢM,39.5%,HIGH,2026-06-19,📉 GIẢM,40.5%,HIGH,2026-06-22,📉 GIẢM,41.6%,HIGH,2026-06-23,📉 GIẢM,42.6%,HIGH,2026-06-24,📉 GIẢM,43.7%,HIGH
VCB,2026-06-03,2026-06-04,📉 GIẢM,45.3%,LOW,2026-06-05,📉 GIẢM,46.7%,LOW,2026-06-08,📉 GIẢM,46.8%,LOW,2026-06-09,📉 GIẢM,46.8%,LOW,2026-06-10,📉 GIẢM,47.0%,LOW,2026-06-11,📉 GIẢM,47.1%,LOW,2026-06-12,📉 GIẢM,47.3%,LOW,2026-06-15,📉 GIẢM,47.5%,LOW,2026-06-16,📉 GIẢM,47.7%,LOW,2026-06-17,📉 GIẢM,47.9%,HIGH,2026-06-18,📉 GIẢM,48.1%,HIGH,2026-06-19,📉 GIẢM,48.3%,HIGH,2026-06-22,📉 GIẢM,48.5%,HIGH,2026-06-23,📉 GIẢM,48.7%,HIGH,2026-06-24,📉 GIẢM,48.9%,HIGH
VNB,2026-06-03,2026-06-04,📉 GIẢM,41.2%,LOW,2026-06-05,📉 GIẢM,41.7%,LOW,2026-06-08,📉 GIẢM,42.1%,LOW,2026-06-09,📉 GIẢM,42.5%,LOW,2026-06-10,📉 GIẢM,43.0%,LOW,2026-06-11,📉 GIẢM,43.4%,LOW,2026-06-12,📉 GIẢM,43.9%,LOW,2026-06-15,📉 GIẢM,44.3%,LOW,2026-06-16,📉 GIẢM,44.7%,HIGH,2026-06-17,📉 GIẢM,45.2%,HIGH,2026-06-18,📉 GIẢM,45.6%,HIGH,2026-06-19,📉 GIẢM,46.1%,HIGH,2026-06-22,📉 GIẢM,46.5%,HIGH,2026-06-23,📉 GIẢM,47.0%,HIGH,2026-06-24,📉 GIẢM,47.4%,HIGH
BSL,2026-06-03,2026-06-04,📉 GIẢM,21.8%,HIGH,2026-06-05,📉 GIẢM,23.4%,HIGH,2026-06-08,📉 GIẢM,24.8%,HIGH,2026-06-09,📉 GIẢM,26.2%,HIGH,2026-06-10,📉 GIẢM,27.7%,HIGH,2026-06-11,📉 GIẢM,29.1%,HIGH,2026-06-12,📉 GIẢM,30.5%,HIGH,2026-06-15,📉 GIẢM,32.0%,HIGH,2026-06-16,📉 GIẢM,33.5%,HIGH,2026-06-17,📉 GIẢM,35.1%,HIGH,2026-06-18,📉 GIẢM,36.4%,HIGH,2026-06-19,📉 GIẢM,38.0%,HIGH,2026-06-22,📉 GIẢM,39.4%,HIGH,2026-06-23,📉 GIẢM,40.7%,HIGH,2026-06-24,📉 GIẢM,42.0%,HIGH
CMM,2026-06-03,2026-06-04,📉 GIẢM,31.1%,MEDIUM,2026-06-05,📉 GIẢM,32.0%,MEDIUM,2026-06-08,📉 GIẢM,33.0%,HIGH,2026-06-09,📉 GIẢM,33.9%,HIGH,2026-06-10,📉 GIẢM,34.9%,HIGH,2026-06-11,📉 GIẢM,35.8%,HIGH,2026-06-12,📉 GIẢM,36.8%,HIGH,2026-06-15,📉 GIẢM,37.7%,HIGH,2026-06-16,📉 GIẢM,38.7%,HIGH,2026-06-17,📉 GIẢM,39.6%,HIGH,2026-06-18,📉 GIẢM,40.5%,HIGH,2026-06-19,📉 GIẢM,41.5%,HIGH,2026-06-22,📉 GIẢM,42.4%,HIGH,2026-06-23,📉 GIẢM,43.4%,HIGH,2026-06-24,📉 GIẢM,44.3%,HIGH
DHD,2026-06-03,2026-06-04,📉 GIẢM,30.0%,MEDIUM,2026-06-05,📉 GIẢM,30.3%,HIGH,2026-06-08,📉 GIẢM,31.3%,HIGH,2026-06-09,📉 GIẢM,32.3%,HIGH,2026-06-10,📉 GIẢM,33.4%,HIGH,2026-06-11,📉 GIẢM,34.4%,HIGH,2026-06-12,📉 GIẢM,35.5%,HIGH,2026-06-15,📉 GIẢM,36.5%,HIGH,2026-06-16,📉 GIẢM,37.5%,HIGH,2026-06-17,📉 GIẢM,38.6%,HIGH,2026-06-18,📉 GIẢM,39.6%,HIGH,2026-06-19,📉 GIẢM,40.7%,HIGH,2026-06-22,📉 GIẢM,41.7%,HIGH,2026-06-23,📉 GIẢM,42.7%,HIGH,2026-06-24,📉 GIẢM,43.8%,HIGH
UPH,2026-06-03,2026-06-04,📈 TĂNG,68.7%,MEDIUM,2026-06-05,📈 TĂNG,57.8%,LOW,2026-06-08,📈 TĂNG,57.4%,LOW,2026-06-09,📈 TĂNG,57.0%,LOW,2026-06-10,📈 TĂNG,56.6%,LOW,2026-06-11,📈 TĂNG,56.2%,LOW,2026-06-12,📈 TĂNG,55.8%,LOW,2026-06-15,📈 TĂNG,55.4%,LOW,2026-06-16,📈 TĂNG,54.9%,HIGH,2026-06-17,📈 TĂNG,54.5%,HIGH,2026-06-18,📈 TĂNG,54.1%,HIGH,2026-06-19,📈 TĂNG,53.5%,HIGH,2026-06-22,📈 TĂNG,53.1%,HIGH,2026-06-23,📈 TĂNG,52.7%,HIGH,2026-06-24,📈 TĂNG,52.3%,HIGH
DIG,2026-06-03,2026-06-04,📉 GIẢM,41.1%,LOW,2026-06-05,📉 GIẢM,41.7%,LOW,2026-06-08,📉 GIẢM,42.1%,LOW,2026-06-09,📉 GIẢM,42.6%,LOW,2026-06-10,📉 GIẢM,43.0%,LOW,2026-06-11,📉 GIẢM,43.4%,LOW,2026-06-12,📉 GIẢM,43.9%,LOW,2026-06-15,📉 GIẢM,44.3%,LOW,2026-06-16,📉 GIẢM,44.8%,HIGH,2026-06-17,📉 GIẢM,45.2%,HIGH,2026-06-18,📉 GIẢM,45.6%,HIGH,2026-06-19,📉 GIẢM,46.1%,HIGH,2026-06-22,📉 GIẢM,46.5%,HIGH,2026-06-23,📉 GIẢM,46.9%,HIGH,2026-06-24,📉 GIẢM,47.4%,HIGH
UNI,2026-06-03,2026-06-04,📈 TĂNG,58.3%,LOW,2026-06-05,📈 TĂNG,57.9%,LOW,2026-06-08,📈 TĂNG,57.5%,LOW,2026-06-09,📈 TĂNG,57.1%,LOW,2026-06-10,📈 TĂNG,56.7%,LOW,2026-06-11,📈 TĂNG,56.1%,LOW,2026-06-12,📈 TĂNG,55.7%,LOW,2026-06-15,📈 TĂNG,55.3%,LOW,2026-06-16,📈 TĂNG,54.7%,HIGH,2026-06-17,📈 TĂNG,54.3%,HIGH,2026-06-18,📈 TĂNG,53.9%,HIGH,2026-06-19,📈 TĂNG,53.5%,HIGH,2026-06-22,📈 TĂNG,53.1%,HIGH,2026-06-23,📈 TĂNG,52.7%,HIGH,2026-06-24,📈 TĂNG,52.3%,HIGH
DSC,2026-06-03,2026-06-04,📉 GIẢM,37.2%,MEDIUM,2026-06-05,📉 GIẢM,39.0%,MEDIUM,2026-06-08,📉 GIẢM,39.6%,MEDIUM,2026-06-09,📉 GIẢM,40.2%,LOW,2026-06-10,📉 GIẢM,40.8%,LOW,2026-06-11,📉 GIẢM,41.4%,LOW,2026-06-12,📉 GIẢM,41.9%,HIGH,2026-06-15,📉 GIẢM,42.5%,HIGH,2026-06-16,📉 GIẢM,43.1%,HIGH,2026-06-17,📉 GIẢM,43.7%,HIGH,2026-06-18,📉 GIẢM,44.2%,HIGH,2026-06-19,📉 GIẢM,44.8%,HIGH,2026-06-22,📉 GIẢM,45.4%,HIGH,2026-06-23,📉 GIẢM,46.0%,HIGH,2026-06-24,📉 GIẢM,46.6%,HIGH
DST,2026-06-03,2026-06-04,📈 TĂNG,60.4%,MEDIUM,2026-06-05,📈 TĂNG,52.8%,LOW,2026-06-08,📈 TĂNG,52.6%,LOW,2026-06-09,📈 TĂNG,52.5%,LOW,2026-06-10,📈 TĂNG,52.3%,LOW,2026-06-11,📈 TĂNG,52.2%,LOW,2026-06-12,📈 TĂNG,52.0%,LOW,2026-06-15,📈 TĂNG,51.9%,LOW,2026-06-16,📈 TĂNG,51.7%,LOW,2026-06-17,📈 TĂNG,51.6%,LOW,2026-06-18,📈 TĂNG,51.5%,HIGH,2026-06-19,📈 TĂNG,51.3%,HIGH,2026-06-22,📈 TĂNG,51.2%,HIGH,2026-06-23,📈 TĂNG,51.0%,HIGH,2026-06-24,📈 TĂNG,50.9%,HIGH
DTI,2026-06-03,2026-06-04,📉 GIẢM,26.2%,HIGH,2026-06-05,📉 GIẢM,27.0%,HIGH,2026-06-08,📉 GIẢM,28.2%,HIGH,2026-06-09,📉 GIẢM,29.4%,HIGH,2026-06-10,📉 GIẢM,30.6%,HIGH,2026-06-11,📉 GIẢM,31.8%,HIGH,2026-06-12,📉 GIẢM,33.0%,HIGH,2026-06-15,📉 GIẢM,34.2%,HIGH,2026-06-16,📉 GIẢM,35.5%,HIGH,2026-06-17,📉 GIẢM,36.7%,HIGH,2026-06-18,📉 GIẢM,37.9%,HIGH,2026-06-19,📉 GIẢM,39.1%,HIGH,2026-06-22,📉 GIẢM,40.3%,HIGH,2026-06-23,📉 GIẢM,41.5%,HIGH,2026-06-24,📉 GIẢM,42.7%,HIGH
DVM,2026-06-03,2026-06-04,📉 GIẢM,34.2%,MEDIUM,2026-06-05,📉 GIẢM,35.2%,MEDIUM,2026-06-08,📉 GIẢM,36.0%,MEDIUM,2026-06-09,📉 GIẢM,36.8%,MEDIUM,2026-06-10,📉 GIẢM,37.5%,HIGH,2026-06-11,📉 GIẢM,38.3%,HIGH,2026-06-12,📉 GIẢM,38.9%,HIGH,2026-06-15,📉 GIẢM,39.7%,HIGH,2026-06-16,📉 GIẢM,40.5%,HIGH,2026-06-17,📉 GIẢM,41.3%,HIGH,2026-06-18,📉 GIẢM,42.1%,HIGH,2026-06-19,📉 GIẢM,42.9%,HIGH,2026-06-22,📉 GIẢM,43.7%,HIGH,2026-06-23,📉 GIẢM,44.5%,HIGH,2026-06-24,📉 GIẢM,45.3%,HIGH
BSR,2026-06-03,2026-06-04,📉 GIẢM,47.8%,LOW,2026-06-05,📉 GIẢM,48.0%,LOW,2026-06-08,📉 GIẢM,48.1%,LOW,2026-06-09,📉 GIẢM,48.2%,LOW,2026-06-10,📉 GIẢM,48.3%,LOW,2026-06-11,📉 GIẢM,48.4%,LOW,2026-06-12,📉 GIẢM,48.5%,LOW,2026-06-15,📉 GIẢM,48.6%,LOW,2026-06-16,📉 GIẢM,48.8%,LOW,2026-06-17,📉 GIẢM,49.0%,LOW,2026-06-18,📉 GIẢM,49.1%,HIGH,2026-06-19,📉 GIẢM,49.2%,HIGH,2026-06-22,📉 GIẢM,49.3%,HIGH,2026-06-23,📉 GIẢM,49.4%,HIGH,2026-06-24,📉 GIẢM,49.5%,HIGH
DVN,2026-06-03,2026-06-04,📉 GIẢM,32.1%,MEDIUM,2026-06-05,📉 GIẢM,34.0%,MEDIUM,2026-06-08,📉 GIẢM,34.9%,MEDIUM,2026-06-09,📉 GIẢM,35.7%,HIGH,2026-06-10,📉 GIẢM,36.5%,HIGH,2026-06-11,📉 GIẢM,37.4%,HIGH,2026-06-12,📉 GIẢM,38.4%,HIGH,2026-06-15,📉 GIẢM,39.3%,HIGH,2026-06-16,📉 GIẢM,40.1%,HIGH,2026-06-17,📉 GIẢM,40.9%,HIGH,2026-06-18,📉 GIẢM,41.7%,HIGH,2026-06-19,📉 GIẢM,42.6%,HIGH,2026-06-22,📉 GIẢM,43.5%,HIGH,2026-06-23,📉 GIẢM,44.4%,HIGH,2026-06-24,📉 GIẢM,45.2%,HIGH
VIW,2026-06-03,2026-06-04,📉 GIẢM,41.9%,LOW,2026-06-05,📉 GIẢM,42.2%,LOW,2026-06-08,📉 GIẢM,42.6%,LOW,2026-06-09,📉 GIẢM,43.0%,LOW,2026-06-10,📉 GIẢM,43.4%,LOW,2026-06-11,📉 GIẢM,43.8%,LOW,2026-06-12,📉 GIẢM,44.2%,LOW,2026-06-15,📉 GIẢM,44.7%,LOW,2026-06-16,📉 GIẢM,45.1%,HIGH,2026-06-17,📉 GIẢM,45.5%,HIGH,2026-06-18,📉 GIẢM,45.9%,HIGH,2026-06-19,📉 GIẢM,46.3%,HIGH,2026-06-22,📉 GIẢM,46.7%,HIGH,2026-06-23,📉 GIẢM,47.1%,HIGH,2026-06-24,📉 GIẢM,47.5%,HIGH
TDH,2026-06-03,2026-06-04,📉 GIẢM,29.4%,HIGH,2026-06-05,📉 GIẢM,30.4%,HIGH,2026-06-08,📉 GIẢM,31.5%,HIGH,2026-06-09,📉 GIẢM,32.5%,HIGH,2026-06-10,📉 GIẢM,33.7%,HIGH,2026-06-11,📉 GIẢM,34.7%,HIGH,2026-06-12,📉 GIẢM,35.8%,HIGH,2026-06-15,📉 GIẢM,36.8%,HIGH,2026-06-16,📉 GIẢM,37.8%,HIGH,2026-06-17,📉 GIẢM,38.8%,HIGH,2026-06-18,📉 GIẢM,39.8%,HIGH,2026-06-19,📉 GIẢM,40.8%,HIGH,2026-06-22,📉 GIẢM,41.9%,HIGH,2026-06-23,📉 GIẢM,42.9%,HIGH,2026-06-24,📉 GIẢM,43.9%,HIGH
TDW,2026-06-03,2026-06-04,📈 TĂNG,52.8%,LOW,2026-06-05,📈 TĂNG,56.1%,LOW,2026-06-08,📈 TĂNG,55.8%,LOW,2026-06-09,📈 TĂNG,55.5%,LOW,2026-06-10,📈 TĂNG,55.1%,LOW,2026-06-11,📈 TĂNG,54.8%,LOW,2026-06-12,📈 TĂNG,54.5%,LOW,2026-06-15,📈 TĂNG,54.2%,LOW,2026-06-16,📈 TĂNG,53.9%,LOW,2026-06-17,📈 TĂNG,53.5%,HIGH,2026-06-18,📈 TĂNG,53.2%,HIGH,2026-06-19,📈 TĂNG,52.9%,HIGH,2026-06-22,📈 TĂNG,52.6%,HIGH,2026-06-23,📈 TĂNG,52.2%,HIGH,2026-06-24,📈 TĂNG,51.9%,HIGH
TED,2026-06-03,2026-06-04,📉 GIẢM,21.0%,HIGH,2026-06-05,📉 GIẢM,22.2%,HIGH,2026-06-08,📉 GIẢM,23.7%,HIGH,2026-06-09,📉 GIẢM,25.2%,HIGH,2026-06-10,📉 GIẢM,26.6%,HIGH,2026-06-11,📉 GIẢM,28.1%,HIGH,2026-06-12,📉 GIẢM,29.5%,HIGH,2026-06-15,📉 GIẢM,31.0%,HIGH,2026-06-16,📉 GIẢM,32.5%,HIGH,2026-06-17,📉 GIẢM,33.9%,HIGH,2026-06-18,📉 GIẢM,35.4%,HIGH,2026-06-19,📉 GIẢM,36.8%,HIGH,2026-06-22,📉 GIẢM,38.3%,HIGH,2026-06-23,📉 GIẢM,39.8%,HIGH,2026-06-24,📉 GIẢM,41.2%,HIGH
THD,2026-06-03,2026-06-04,📉 GIẢM,45.4%,LOW,2026-06-05,📉 GIẢM,45.6%,LOW,2026-06-08,📉 GIẢM,46.1%,LOW,2026-06-09,📉 GIẢM,46.3%,LOW,2026-06-10,📉 GIẢM,46.5%,LOW,2026-06-11,📉 GIẢM,46.7%,LOW,2026-06-12,📉 GIẢM,46.8%,LOW,2026-06-15,📉 GIẢM,47.5%,LOW,2026-06-16,📉 GIẢM,47.8%,LOW,2026-06-17,📉 GIẢM,48.4%,LOW,2026-06-18,📉 GIẢM,48.5%,HIGH,2026-06-19,📉 GIẢM,48.7%,HIGH,2026-06-22,📉 GIẢM,48.9%,HIGH,2026-06-23,📉 GIẢM,49.2%,HIGH,2026-06-24,📉 GIẢM,49.3%,HIGH
TMT,2026-06-03,2026-06-04,📉 GIẢM,26.8%,HIGH,2026-06-05,📉 GIẢM,29.0%,HIGH,2026-06-08,📉 GIẢM,30.1%,HIGH,2026-06-09,📉 GIẢM,31.2%,HIGH,2026-06-10,📉 GIẢM,32.3%,HIGH,2026-06-11,📉 GIẢM,33.4%,HIGH,2026-06-12,📉 GIẢM,34.5%,HIGH,2026-06-15,📉 GIẢM,35.6%,HIGH,2026-06-16,📉 GIẢM,36.7%,HIGH,2026-06-17,📉 GIẢM,37.8%,HIGH,2026-06-18,📉 GIẢM,39.0%,HIGH,2026-06-19,📉 GIẢM,40.1%,HIGH,2026-06-22,📉 GIẢM,41.2%,HIGH,2026-06-23,📉 GIẢM,42.3%,HIGH,2026-06-24,📉 GIẢM,43.4%,HIGH
TNI,2026-06-03,2026-06-04,📉 GIẢM,29.0%,HIGH,2026-06-05,📉 GIẢM,29.9%,HIGH,2026-06-08,📉 GIẢM,30.9%,HIGH,2026-06-09,📉 GIẢM,32.0%,HIGH,2026-06-10,📉 GIẢM,33.0%,HIGH,2026-06-11,📉 GIẢM,33.8%,HIGH,2026-06-12,📉 GIẢM,34.9%,HIGH,2026-06-15,📉 GIẢM,35.9%,HIGH,2026-06-16,📉 GIẢM,37.0%,HIGH,2026-06-17,📉 GIẢM,38.1%,HIGH,2026-06-18,📉 GIẢM,39.2%,HIGH,2026-06-19,📉 GIẢM,40.3%,HIGH,2026-06-22,📉 GIẢM,41.3%,HIGH,2026-06-23,📉 GIẢM,42.4%,HIGH,2026-06-24,📉 GIẢM,43.5%,HIGH
TNT,2026-06-03,2026-06-04,📈 TĂNG,52.5%,LOW,2026-06-05,📈 TĂNG,52.4%,LOW,2026-06-08,📈 TĂNG,52.4%,LOW,2026-06-09,📈 TĂNG,52.2%,LOW,2026-06-10,📈 TĂNG,52.0%,LOW,2026-06-11,📈 TĂNG,51.8%,LOW,2026-06-12,📈 TĂNG,51.7%,LOW,2026-06-15,📈 TĂNG,51.6%,LOW,2026-06-16,📈 TĂNG,51.5%,LOW,2026-06-17,📈 TĂNG,51.4%,LOW,2026-06-18,📈 TĂNG,51.3%,HIGH,2026-06-19,📈 TĂNG,51.2%,HIGH,2026-06-22,📈 TĂNG,51.0%,HIGH,2026-06-23,📈 TĂNG,50.9%,HIGH,2026-06-24,📈 TĂNG,50.8%,HIGH
VEA,2026-06-03,2026-06-04,📉 GIẢM,36.3%,MEDIUM,2026-06-05,📉 GIẢM,38.1%,MEDIUM,2026-06-08,📉 GIẢM,38.7%,MEDIUM,2026-06-09,📉 GIẢM,39.3%,MEDIUM,2026-06-10,📉 GIẢM,40.0%,MEDIUM,2026-06-11,📉 GIẢM,40.6%,LOW,2026-06-12,📉 GIẢM,41.2%,HIGH,2026-06-15,📉 GIẢM,41.8%,HIGH,2026-06-16,📉 GIẢM,42.5%,HIGH,2026-06-17,📉 GIẢM,43.1%,HIGH,2026-06-18,📉 GIẢM,43.7%,HIGH,2026-06-19,📉 GIẢM,44.3%,HIGH,2026-06-22,📉 GIẢM,45.0%,HIGH,2026-06-23,📉 GIẢM,45.6%,HIGH,2026-06-24,📉 GIẢM,46.2%,HIGH
TNV,2026-06-03,2026-06-04,📉 GIẢM,47.5%,LOW,2026-06-05,📉 GIẢM,47.8%,LOW,2026-06-08,📉 GIẢM,48.0%,LOW,2026-06-09,📉 GIẢM,48.1%,LOW,2026-06-10,📉 GIẢM,49.0%,LOW,2026-06-11,📉 GIẢM,49.1%,LOW,2026-06-12,📉 GIẢM,47.1%,LOW,2026-06-15,📉 GIẢM,47.3%,LOW,2026-06-16,📉 GIẢM,47.5%,LOW,2026-06-17,📉 GIẢM,47.7%,HIGH,2026-06-18,📉 GIẢM,47.9%,HIGH,2026-06-19,📉 GIẢM,47.9%,HIGH,2026-06-22,📉 GIẢM,48.1%,HIGH,2026-06-23,📉 GIẢM,48.4%,HIGH,2026-06-24,📉 GIẢM,48.7%,HIGH
TOS,2026-06-03,2026-06-04,📉 GIẢM,30.0%,HIGH,2026-06-05,📉 GIẢM,32.1%,MEDIUM,2026-06-08,📉 GIẢM,33.0%,HIGH,2026-06-09,📉 GIẢM,34.0%,HIGH,2026-06-10,📉 GIẢM,34.9%,HIGH,2026-06-11,📉 GIẢM,35.8%,HIGH,2026-06-12,📉 GIẢM,36.8%,HIGH,2026-06-15,📉 GIẢM,37.7%,HIGH,2026-06-16,📉 GIẢM,38.7%,HIGH,2026-06-17,📉 GIẢM,39.6%,HIGH,2026-06-18,📉 GIẢM,40.6%,HIGH,2026-06-19,📉 GIẢM,41.5%,HIGH,2026-06-22,📉 GIẢM,42.4%,HIGH,2026-06-23,📉 GIẢM,43.4%,HIGH,2026-06-24,📉 GIẢM,44.3%,HIGH
VLB,2026-06-03,2026-06-04,📉 GIẢM,25.5%,HIGH,2026-06-05,📉 GIẢM,26.5%,HIGH,2026-06-08,📉 GIẢM,27.9%,HIGH,2026-06-09,📉 GIẢM,29.2%,HIGH,2026-06-10,📉 GIẢM,30.4%,HIGH,2026-06-11,📉 GIẢM,31.6%,HIGH,2026-06-12,📉 GIẢM,32.8%,HIGH,2026-06-15,📉 GIẢM,34.1%,HIGH,2026-06-16,📉 GIẢM,35.3%,HIGH,2026-06-17,📉 GIẢM,36.8%,HIGH,2026-06-18,📉 GIẢM,38.0%,HIGH,2026-06-19,📉 GIẢM,39.2%,HIGH,2026-06-22,📉 GIẢM,40.4%,HIGH,2026-06-23,📉 GIẢM,41.6%,HIGH,2026-06-24,📉 GIẢM,42.9%,HIGH
TRC,2026-06-03,2026-06-04,📉 GIẢM,43.8%,LOW,2026-06-05,📉 GIẢM,44.3%,LOW,2026-06-08,📉 GIẢM,44.6%,LOW,2026-06-09,📉 GIẢM,44.9%,LOW,2026-06-10,📉 GIẢM,44.8%,LOW,2026-06-11,📉 GIẢM,45.1%,LOW,2026-06-12,📉 GIẢM,45.4%,LOW,2026-06-15,📉 GIẢM,45.8%,LOW,2026-06-16,📉 GIẢM,46.1%,LOW,2026-06-17,📉 GIẢM,46.4%,HIGH,2026-06-18,📉 GIẢM,46.7%,HIGH,2026-06-19,📉 GIẢM,47.1%,HIGH,2026-06-22,📉 GIẢM,47.4%,HIGH,2026-06-23,📉 GIẢM,47.7%,HIGH,2026-06-24,📉 GIẢM,48.0%,HIGH
TTA,2026-06-03,2026-06-04,📉 GIẢM,25.3%,HIGH,2026-06-05,📉 GIẢM,26.4%,HIGH,2026-06-08,📉 GIẢM,27.6%,HIGH,2026-06-09,📉 GIẢM,28.9%,HIGH,2026-06-10,📉 GIẢM,30.4%,HIGH,2026-06-11,📉 GIẢM,31.6%,HIGH,2026-06-12,📉 GIẢM,32.8%,HIGH,2026-06-15,📉 GIẢM,34.1%,HIGH,2026-06-16,📉 GIẢM,35.3%,HIGH,2026-06-17,📉 GIẢM,36.5%,HIGH,2026-06-18,📉 GIẢM,37.7%,HIGH,2026-06-19,📉 GIẢM,39.0%,HIGH,2026-06-22,📉 GIẢM,40.2%,HIGH,2026-06-23,📉 GIẢM,41.4%,HIGH,2026-06-24,📉 GIẢM,42.6%,HIGH
TYA,2026-06-03,2026-06-04,📉 GIẢM,35.1%,MEDIUM,2026-06-05,📉 GIẢM,35.9%,MEDIUM,2026-06-08,📉 GIẢM,36.6%,MEDIUM,2026-06-09,📉 GIẢM,37.4%,MEDIUM,2026-06-10,📉 GIẢM,38.1%,MEDIUM,2026-06-11,📉 GIẢM,38.9%,HIGH,2026-06-12,📉 GIẢM,39.6%,HIGH,2026-06-15,📉 GIẢM,40.3%,HIGH,2026-06-16,📉 GIẢM,41.1%,HIGH,2026-06-17,📉 GIẢM,41.8%,HIGH,2026-06-18,📉 GIẢM,42.6%,HIGH,2026-06-19,📉 GIẢM,43.3%,HIGH,2026-06-22,📉 GIẢM,44.1%,HIGH,2026-06-23,📉 GIẢM,44.8%,HIGH,2026-06-24,📉 GIẢM,45.5%,HIGH
VDS,2026-06-03,2026-06-04,📉 GIẢM,33.9%,MEDIUM,2026-06-05,📉 GIẢM,35.2%,MEDIUM,2026-06-08,📉 GIẢM,36.0%,MEDIUM,2026-06-09,📉 GIẢM,36.7%,MEDIUM,2026-06-10,📉 GIẢM,37.5%,HIGH,2026-06-11,📉 GIẢM,38.3%,HIGH,2026-06-12,📉 GIẢM,39.1%,HIGH,2026-06-15,📉 GIẢM,39.9%,HIGH,2026-06-16,📉 GIẢM,40.6%,HIGH,2026-06-17,📉 GIẢM,41.4%,HIGH,2026-06-18,📉 GIẢM,42.2%,HIGH,2026-06-19,📉 GIẢM,43.0%,HIGH,2026-06-22,📉 GIẢM,43.8%,HIGH,2026-06-23,📉 GIẢM,45.0%,HIGH,2026-06-24,📉 GIẢM,45.7%,HIGH
VAB,2026-06-03,2026-06-04,📉 GIẢM,48.8%,LOW,2026-06-05,📉 GIẢM,48.9%,LOW,2026-06-08,📉 GIẢM,48.9%,LOW,2026-06-09,📉 GIẢM,49.0%,LOW,2026-06-10,📉 GIẢM,49.0%,LOW,2026-06-11,📉 GIẢM,49.1%,LOW,2026-06-12,📉 GIẢM,49.2%,LOW,2026-06-15,📉 GIẢM,49.2%,LOW,2026-06-16,📉 GIẢM,49.3%,LOW,2026-06-17,📉 GIẢM,49.3%,LOW,2026-06-18,📉 GIẢM,49.4%,HIGH,2026-06-19,📉 GIẢM,49.5%,HIGH,2026-06-22,📉 GIẢM,49.5%,HIGH,2026-06-23,📉 GIẢM,49.6%,HIGH,2026-06-24,📉 GIẢM,49.6%,HIGH
VAF,2026-06-03,2026-06-04,📉 GIẢM,17.7%,HIGH,2026-06-05,📉 GIẢM,19.4%,HIGH,2026-06-08,📉 GIẢM,21.0%,HIGH,2026-06-09,📉 GIẢM,22.6%,HIGH,2026-06-10,📉 GIẢM,24.2%,HIGH,2026-06-11,📉 GIẢM,25.9%,HIGH,2026-06-12,📉 GIẢM,27.5%,HIGH,2026-06-15,📉 GIẢM,29.1%,HIGH,2026-06-16,📉 GIẢM,30.7%,HIGH,2026-06-17,📉 GIẢM,32.3%,HIGH,2026-06-18,📉 GIẢM,33.9%,HIGH,2026-06-19,📉 GIẢM,35.5%,HIGH,2026-06-22,📉 GIẢM,37.2%,HIGH,2026-06-23,📉 GIẢM,38.8%,HIGH,2026-06-24,📉 GIẢM,40.4%,HIGH
VE1,2026-06-03,2026-06-04,📈 TĂNG,56.5%,LOW,2026-06-05,📈 TĂNG,53.4%,LOW,2026-06-08,📈 TĂNG,53.3%,LOW,2026-06-09,📈 TĂNG,53.1%,LOW,2026-06-10,📈 TĂNG,52.9%,LOW,2026-06-11,📈 TĂNG,52.7%,LOW,2026-06-12,📈 TĂNG,52.5%,LOW,2026-06-15,📈 TĂNG,52.4%,LOW,2026-06-16,📈 TĂNG,52.2%,LOW,2026-06-17,📈 TĂNG,52.0%,LOW,2026-06-18,📈 TĂNG,51.8%,HIGH,2026-06-19,📈 TĂNG,51.6%,HIGH,2026-06-22,📈 TĂNG,51.5%,HIGH,2026-06-23,📈 TĂNG,51.3%,HIGH,2026-06-24,📈 TĂNG,51.1%,HIGH
VFG,2026-06-03,2026-06-04,📉 GIẢM,45.0%,LOW,2026-06-05,📉 GIẢM,45.9%,LOW,2026-06-08,📉 GIẢM,46.1%,LOW,2026-06-09,📉 GIẢM,46.3%,LOW,2026-06-10,📉 GIẢM,46.6%,LOW,2026-06-11,📉 GIẢM,46.8%,LOW,2026-06-12,📉 GIẢM,47.0%,LOW,2026-06-15,📉 GIẢM,47.2%,LOW,2026-06-16,📉 GIẢM,47.4%,LOW,2026-06-17,📉 GIẢM,47.6%,HIGH,2026-06-18,📉 GIẢM,47.8%,HIGH,2026-06-19,📉 GIẢM,48.1%,HIGH,2026-06-22,📉 GIẢM,48.2%,HIGH,2026-06-23,📉 GIẢM,48.5%,HIGH,2026-06-24,📉 GIẢM,48.7%,HIGH
VGS,2026-06-03,2026-06-04,📉 GIẢM,36.0%,MEDIUM,2026-06-05,📉 GIẢM,37.8%,MEDIUM,2026-06-08,📉 GIẢM,38.4%,MEDIUM,2026-06-09,📉 GIẢM,39.0%,MEDIUM,2026-06-10,📉 GIẢM,39.7%,MEDIUM,2026-06-11,📉 GIẢM,40.3%,LOW,2026-06-12,📉 GIẢM,41.0%,HIGH,2026-06-15,📉 GIẢM,41.6%,HIGH,2026-06-16,📉 GIẢM,42.6%,HIGH,2026-06-17,📉 GIẢM,43.2%,HIGH,2026-06-18,📉 GIẢM,43.9%,HIGH,2026-06-19,📉 GIẢM,44.5%,HIGH,2026-06-22,📉 GIẢM,45.1%,HIGH,2026-06-23,📉 GIẢM,45.7%,HIGH,2026-06-24,📉 GIẢM,46.3%,HIGH
VDP,2026-06-03,2026-06-04,📉 GIẢM,34.2%,MEDIUM,2026-06-05,📉 GIẢM,35.0%,MEDIUM,2026-06-08,📉 GIẢM,35.8%,MEDIUM,2026-06-09,📉 GIẢM,36.6%,MEDIUM,2026-06-10,📉 GIẢM,37.4%,HIGH,2026-06-11,📉 GIẢM,38.2%,HIGH,2026-06-12,📉 GIẢM,39.0%,HIGH,2026-06-15,📉 GIẢM,39.7%,HIGH,2026-06-16,📉 GIẢM,40.5%,HIGH,2026-06-17,📉 GIẢM,41.3%,HIGH,2026-06-18,📉 GIẢM,42.1%,HIGH,2026-06-19,📉 GIẢM,42.9%,HIGH,2026-06-22,📉 GIẢM,43.7%,HIGH,2026-06-23,📉 GIẢM,44.4%,HIGH,2026-06-24,📉 GIẢM,45.2%,HIGH
VIF,2026-06-03,2026-06-04,📉 GIẢM,26.5%,HIGH,2026-06-05,📉 GIẢM,27.7%,HIGH,2026-06-08,📉 GIẢM,28.8%,HIGH,2026-06-09,📉 GIẢM,30.0%,HIGH,2026-06-10,📉 GIẢM,31.2%,HIGH,2026-06-11,📉 GIẢM,32.4%,HIGH,2026-06-12,📉 GIẢM,33.5%,HIGH,2026-06-15,📉 GIẢM,34.7%,HIGH,2026-06-16,📉 GIẢM,35.9%,HIGH,2026-06-17,📉 GIẢM,37.1%,HIGH,2026-06-18,📉 GIẢM,38.2%,HIGH,2026-06-19,📉 GIẢM,39.4%,HIGH,2026-06-22,📉 GIẢM,40.6%,HIGH,2026-06-23,📉 GIẢM,41.8%,HIGH,2026-06-24,📉 GIẢM,42.9%,HIGH
TRS,2026-06-03,2026-06-04,📉 GIẢM,42.8%,LOW,2026-06-05,📉 GIẢM,43.1%,LOW,2026-06-08,📉 GIẢM,43.5%,LOW,2026-06-09,📉 GIẢM,43.9%,LOW,2026-06-10,📉 GIẢM,44.2%,LOW,2026-06-11,📉 GIẢM,44.6%,LOW,2026-06-12,📉 GIẢM,44.9%,LOW,2026-06-15,📉 GIẢM,45.3%,LOW,2026-06-16,📉 GIẢM,45.7%,HIGH,2026-06-17,📉 GIẢM,46.0%,HIGH,2026-06-18,📉 GIẢM,46.4%,HIGH,2026-06-19,📉 GIẢM,46.8%,HIGH,2026-06-22,📉 GIẢM,47.1%,HIGH,2026-06-23,📉 GIẢM,47.5%,HIGH,2026-06-24,📉 GIẢM,47.8%,HIGH
BCM,2026-06-03,2026-06-04,📉 GIẢM,35.7%,MEDIUM,2026-06-05,📉 GIẢM,36.4%,MEDIUM,2026-06-08,📉 GIẢM,37.1%,MEDIUM,2026-06-09,📉 GIẢM,37.8%,MEDIUM,2026-06-10,📉 GIẢM,38.6%,MEDIUM,2026-06-11,📉 GIẢM,39.6%,HIGH,2026-06-12,📉 GIẢM,40.3%,HIGH,2026-06-15,📉 GIẢM,41.0%,HIGH,2026-06-16,📉 GIẢM,41.7%,HIGH,2026-06-17,📉 GIẢM,42.4%,HIGH,2026-06-18,📉 GIẢM,43.1%,HIGH,2026-06-19,📉 GIẢM,43.8%,HIGH,2026-06-22,📉 GIẢM,44.5%,HIGH,2026-06-23,📉 GIẢM,45.2%,HIGH,2026-06-24,📉 GIẢM,45.8%,HIGH
EID,2026-06-03,2026-06-04,📉 GIẢM,44.3%,LOW,2026-06-05,📉 GIẢM,44.3%,LOW,2026-06-08,📉 GIẢM,44.6%,LOW,2026-06-09,📉 GIẢM,44.9%,LOW,2026-06-10,📉 GIẢM,45.2%,LOW,2026-06-11,📉 GIẢM,45.5%,LOW,2026-06-12,📉 GIẢM,45.8%,LOW,2026-06-15,📉 GIẢM,46.1%,LOW,2026-06-16,📉 GIẢM,46.4%,LOW,2026-06-17,📉 GIẢM,46.7%,HIGH,2026-06-18,📉 GIẢM,47.0%,HIGH,2026-06-19,📉 GIẢM,47.3%,HIGH,2026-06-22,📉 GIẢM,47.6%,HIGH,2026-06-23,📉 GIẢM,47.9%,HIGH,2026-06-24,📉 GIẢM,48.2%,HIGH
STB,2026-06-03,2026-06-04,📉 GIẢM,42.9%,LOW,2026-06-05,📉 GIẢM,43.7%,LOW,2026-06-08,📉 GIẢM,44.1%,LOW,2026-06-09,📉 GIẢM,44.4%,LOW,2026-06-10,📉 GIẢM,44.8%,LOW,2026-06-11,📉 GIẢM,45.2%,LOW,2026-06-12,📉 GIẢM,45.5%,LOW,2026-06-15,📉 GIẢM,45.8%,LOW,2026-06-16,📉 GIẢM,46.1%,LOW,2026-06-17,📉 GIẢM,46.5%,HIGH,2026-06-18,📉 GIẢM,46.8%,HIGH,2026-06-19,📉 GIẢM,47.1%,HIGH,2026-06-22,📉 GIẢM,47.4%,HIGH,2026-06-23,📉 GIẢM,47.8%,HIGH,2026-06-24,📉 GIẢM,48.1%,HIGH
TIP,2026-06-03,2026-06-04,📉 GIẢM,29.5%,HIGH,2026-06-05,📉 GIẢM,30.4%,HIGH,2026-06-08,📉 GIẢM,31.4%,HIGH,2026-06-09,📉 GIẢM,32.5%,HIGH,2026-06-10,📉 GIẢM,33.5%,HIGH,2026-06-11,📉 GIẢM,34.5%,HIGH,2026-06-12,📉 GIẢM,35.6%,HIGH,2026-06-15,📉 GIẢM,36.6%,HIGH,2026-06-16,📉 GIẢM,37.6%,HIGH,2026-06-17,📉 GIẢM,38.6%,HIGH,2026-06-18,📉 GIẢM,39.7%,HIGH,2026-06-19,📉 GIẢM,40.7%,HIGH,2026-06-22,📉 GIẢM,41.7%,HIGH,2026-06-23,📉 GIẢM,42.8%,HIGH,2026-06-24,📉 GIẢM,43.8%,HIGH
TJC,2026-06-03,2026-06-04,📈 TĂNG,56.6%,LOW,2026-06-05,📈 TĂNG,53.2%,LOW,2026-06-08,📈 TĂNG,53.0%,LOW,2026-06-09,📈 TĂNG,52.9%,LOW,2026-06-10,📈 TĂNG,52.7%,LOW,2026-06-11,📈 TĂNG,52.5%,LOW,2026-06-12,📈 TĂNG,52.4%,LOW,2026-06-15,📈 TĂNG,52.2%,LOW,2026-06-16,📈 TĂNG,52.0%,LOW,2026-06-17,📈 TĂNG,51.9%,LOW,2026-06-18,📈 TĂNG,51.8%,HIGH,2026-06-19,📈 TĂNG,51.6%,HIGH,2026-06-22,📈 TĂNG,51.4%,HIGH,2026-06-23,📈 TĂNG,51.3%,HIGH,2026-06-24,📈 TĂNG,51.1%,HIGH
TKU,2026-06-03,2026-06-04,📉 GIẢM,35.9%,MEDIUM,2026-06-05,📉 GIẢM,36.4%,MEDIUM,2026-06-08,📉 GIẢM,37.1%,MEDIUM,2026-06-09,📉 GIẢM,37.9%,MEDIUM,2026-06-10,📉 GIẢM,38.6%,MEDIUM,2026-06-11,📉 GIẢM,39.4%,HIGH,2026-06-12,📉 GIẢM,40.1%,HIGH,2026-06-15,📉 GIẢM,40.8%,HIGH,2026-06-16,📉 GIẢM,41.5%,HIGH,2026-06-17,📉 GIẢM,42.2%,HIGH,2026-06-18,📉 GIẢM,42.9%,HIGH,2026-06-19,📉 GIẢM,43.6%,HIGH,2026-06-22,📉 GIẢM,44.3%,HIGH,2026-06-23,📉 GIẢM,45.0%,HIGH,2026-06-24,📉 GIẢM,45.7%,HIGH
TNG,2026-06-03,2026-06-04,📉 GIẢM,47.1%,LOW,2026-06-05,📉 GIẢM,47.2%,LOW,2026-06-08,📉 GIẢM,47.4%,LOW,2026-06-09,📉 GIẢM,47.5%,LOW,2026-06-10,📉 GIẢM,47.7%,LOW,2026-06-11,📉 GIẢM,47.8%,LOW,2026-06-12,📉 GIẢM,48.0%,LOW,2026-06-15,📉 GIẢM,48.1%,LOW,2026-06-16,📉 GIẢM,48.3%,LOW,2026-06-17,📉 GIẢM,48.4%,LOW,2026-06-18,📉 GIẢM,48.6%,HIGH,2026-06-19,📉 GIẢM,48.7%,HIGH,2026-06-22,📉 GIẢM,48.9%,HIGH,2026-06-23,📉 GIẢM,49.0%,HIGH,2026-06-24,📉 GIẢM,49.0%,HIGH
TSA,2026-06-03,2026-06-04,📉 GIẢM,41.5%,LOW,2026-06-05,📉 GIẢM,43.0%,LOW,2026-06-08,📉 GIẢM,43.4%,LOW,2026-06-09,📉 GIẢM,43.8%,LOW,2026-06-10,📉 GIẢM,44.1%,LOW,2026-06-11,📉 GIẢM,44.5%,LOW,2026-06-12,📉 GIẢM,44.9%,LOW,2026-06-15,📉 GIẢM,45.2%,LOW,2026-06-16,📉 GIẢM,45.6%,HIGH,2026-06-17,📉 GIẢM,46.0%,HIGH,2026-06-18,📉 GIẢM,46.3%,HIGH,2026-06-19,📉 GIẢM,46.7%,HIGH,2026-06-22,📉 GIẢM,47.1%,HIGH,2026-06-23,📉 GIẢM,47.4%,HIGH,2026-06-24,📉 GIẢM,47.8%,HIGH
TSC,2026-06-03,2026-06-04,📉 GIẢM,41.5%,LOW,2026-06-05,📉 GIẢM,41.9%,LOW,2026-06-08,📉 GIẢM,42.3%,LOW,2026-06-09,📉 GIẢM,42.7%,LOW,2026-06-10,📉 GIẢM,43.2%,LOW,2026-06-11,📉 GIẢM,43.6%,LOW,2026-06-12,📉 GIẢM,44.0%,LOW,2026-06-15,📉 GIẢM,44.4%,LOW,2026-06-16,📉 GIẢM,44.9%,HIGH,2026-06-17,📉 GIẢM,45.3%,HIGH,2026-06-18,📉 GIẢM,45.7%,HIGH,2026-06-19,📉 GIẢM,46.2%,HIGH,2026-06-22,📉 GIẢM,46.6%,HIGH,2026-06-23,📉 GIẢM,47.0%,HIGH,2026-06-24,📉 GIẢM,48.4%,HIGH
TVD,2026-06-03,2026-06-04,📉 GIẢM,24.2%,HIGH,2026-06-05,📉 GIẢM,25.5%,HIGH,2026-06-08,📉 GIẢM,27.3%,HIGH,2026-06-09,📉 GIẢM,28.5%,HIGH,2026-06-10,📉 GIẢM,29.8%,HIGH,2026-06-11,📉 GIẢM,31.1%,HIGH,2026-06-12,📉 GIẢM,32.3%,HIGH,2026-06-15,📉 GIẢM,33.6%,HIGH,2026-06-16,📉 GIẢM,34.9%,HIGH,2026-06-17,📉 GIẢM,36.1%,HIGH,2026-06-18,📉 GIẢM,37.4%,HIGH,2026-06-19,📉 GIẢM,38.6%,HIGH,2026-06-22,📉 GIẢM,39.9%,HIGH,2026-06-23,📉 GIẢM,41.2%,HIGH,2026-06-24,📉 GIẢM,42.4%,HIGH
SRF,2026-06-03,2026-06-04,📉 GIẢM,44.3%,LOW,2026-06-05,📉 GIẢM,44.5%,LOW,2026-06-08,📉 GIẢM,44.8%,LOW,2026-06-09,📉 GIẢM,45.1%,LOW,2026-06-10,📉 GIẢM,44.7%,LOW,2026-06-11,📉 GIẢM,45.0%,LOW,2026-06-12,📉 GIẢM,45.4%,LOW,2026-06-15,📉 GIẢM,45.7%,LOW,2026-06-16,📉 GIẢM,46.0%,LOW,2026-06-17,📉 GIẢM,46.4%,HIGH,2026-06-18,📉 GIẢM,46.7%,HIGH,2026-06-19,📉 GIẢM,47.0%,HIGH,2026-06-22,📉 GIẢM,47.4%,HIGH,2026-06-23,📉 GIẢM,47.7%,HIGH,2026-06-24,📉 GIẢM,48.0%,HIGH
VCG,2026-06-03,2026-06-04,📉 GIẢM,46.2%,LOW,2026-06-05,📉 GIẢM,46.4%,LOW,2026-06-08,📉 GIẢM,46.6%,LOW,2026-06-09,📉 GIẢM,46.8%,LOW,2026-06-10,📉 GIẢM,47.0%,LOW,2026-06-11,📉 GIẢM,47.1%,LOW,2026-06-12,📉 GIẢM,47.3%,LOW,2026-06-15,📉 GIẢM,47.4%,LOW,2026-06-16,📉 GIẢM,47.6%,LOW,2026-06-17,📉 GIẢM,47.8%,HIGH,2026-06-18,📉 GIẢM,48.0%,HIGH,2026-06-19,📉 GIẢM,48.2%,HIGH,2026-06-22,📉 GIẢM,48.4%,HIGH,2026-06-23,📉 GIẢM,48.6%,HIGH,2026-06-24,📉 GIẢM,48.8%,HIGH
VPH,2026-06-03,2026-06-04,📉 GIẢM,29.0%,HIGH,2026-06-05,📉 GIẢM,30.1%,HIGH,2026-06-08,📉 GIẢM,31.1%,HIGH,2026-06-09,📉 GIẢM,32.2%,HIGH,2026-06-10,📉 GIẢM,33.2%,HIGH,2026-06-11,📉 GIẢM,34.3%,HIGH,2026-06-12,📉 GIẢM,35.3%,HIGH,2026-06-15,📉 GIẢM,36.4%,HIGH,2026-06-16,📉 GIẢM,37.4%,HIGH,2026-06-17,📉 GIẢM,38.5%,HIGH,2026-06-18,📉 GIẢM,39.5%,HIGH,2026-06-19,📉 GIẢM,40.6%,HIGH,2026-06-22,📉 GIẢM,41.6%,HIGH,2026-06-23,📉 GIẢM,42.7%,HIGH,2026-06-24,📉 GIẢM,43.7%,HIGH
VPS,2026-06-03,2026-06-04,📉 GIẢM,35.1%,MEDIUM,2026-06-05,📉 GIẢM,35.8%,MEDIUM,2026-06-08,📉 GIẢM,36.6%,MEDIUM,2026-06-09,📉 GIẢM,37.3%,MEDIUM,2026-06-10,📉 GIẢM,38.1%,MEDIUM,2026-06-11,📉 GIẢM,38.8%,HIGH,2026-06-12,📉 GIẢM,39.6%,HIGH,2026-06-15,📉 GIẢM,40.3%,HIGH,2026-06-16,📉 GIẢM,41.1%,HIGH,2026-06-17,📉 GIẢM,41.8%,HIGH,2026-06-18,📉 GIẢM,42.6%,HIGH,2026-06-19,📉 GIẢM,43.3%,HIGH,2026-06-22,📉 GIẢM,44.0%,HIGH,2026-06-23,📉 GIẢM,44.8%,HIGH,2026-06-24,📉 GIẢM,45.5%,HIGH
VSE,2026-06-03,2026-06-04,📉 GIẢM,21.9%,HIGH,2026-06-05,📉 GIẢM,23.9%,HIGH,2026-06-08,📉 GIẢM,25.3%,HIGH,2026-06-09,📉 GIẢM,26.6%,HIGH,2026-06-10,📉 GIẢM,28.1%,HIGH,2026-06-11,📉 GIẢM,29.4%,HIGH,2026-06-12,📉 GIẢM,30.8%,HIGH,2026-06-15,📉 GIẢM,32.2%,HIGH,2026-06-16,📉 GIẢM,33.6%,HIGH,2026-06-17,📉 GIẢM,34.9%,HIGH,2026-06-18,📉 GIẢM,36.3%,HIGH,2026-06-19,📉 GIẢM,37.7%,HIGH,2026-06-22,📉 GIẢM,39.0%,HIGH,2026-06-23,📉 GIẢM,40.4%,HIGH,2026-06-24,📉 GIẢM,41.8%,HIGH
VSM,2026-06-03,2026-06-04,📈 TĂNG,58.9%,LOW,2026-06-05,📈 TĂNG,58.4%,LOW,2026-06-08,📈 TĂNG,58.0%,LOW,2026-06-09,📈 TĂNG,57.6%,LOW,2026-06-10,📈 TĂNG,57.1%,LOW,2026-06-11,📈 TĂNG,56.7%,LOW,2026-06-12,📈 TĂNG,56.2%,LOW,2026-06-15,📈 TĂNG,55.8%,LOW,2026-06-16,📈 TĂNG,55.3%,HIGH,2026-06-17,📈 TĂNG,54.9%,HIGH,2026-06-18,📈 TĂNG,54.4%,HIGH,2026-06-19,📈 TĂNG,54.0%,HIGH,2026-06-22,📈 TĂNG,53.6%,HIGH,2026-06-23,📈 TĂNG,53.1%,HIGH,2026-06-24,📈 TĂNG,52.7%,HIGH
AAS,2026-06-03,2026-06-04,📉 GIẢM,26.5%,HIGH,2026-06-05,📉 GIẢM,27.7%,HIGH,2026-06-08,📉 GIẢM,28.9%,HIGH,2026-06-09,📉 GIẢM,30.1%,HIGH,2026-06-10,📉 GIẢM,31.2%,HIGH,2026-06-11,📉 GIẢM,32.4%,HIGH,2026-06-12,📉 GIẢM,33.6%,HIGH,2026-06-15,📉 GIẢM,35.5%,HIGH,2026-06-16,📉 GIẢM,36.6%,HIGH,2026-06-17,📉 GIẢM,37.7%,HIGH,2026-06-18,📉 GIẢM,38.8%,HIGH,2026-06-19,📉 GIẢM,40.0%,HIGH,2026-06-22,📉 GIẢM,41.1%,HIGH,2026-06-23,📉 GIẢM,42.2%,HIGH,2026-06-24,📉 GIẢM,43.3%,HIGH
AG1,2026-06-03,2026-06-04,📉 GIẢM,34.8%,MEDIUM,2026-06-05,📉 GIẢM,35.5%,MEDIUM,2026-06-08,📉 GIẢM,36.3%,MEDIUM,2026-06-09,📉 GIẢM,37.0%,MEDIUM,2026-06-10,📉 GIẢM,37.8%,HIGH,2026-06-11,📉 GIẢM,38.6%,HIGH,2026-06-12,📉 GIẢM,39.3%,HIGH,2026-06-15,📉 GIẢM,40.1%,HIGH,2026-06-16,📉 GIẢM,40.9%,HIGH,2026-06-17,📉 GIẢM,41.6%,HIGH,2026-06-18,📉 GIẢM,42.4%,HIGH,2026-06-19,📉 GIẢM,43.1%,HIGH,2026-06-22,📉 GIẢM,43.9%,HIGH,2026-06-23,📉 GIẢM,44.7%,HIGH,2026-06-24,📉 GIẢM,45.4%,HIGH
AGP,2026-06-03,2026-06-04,📈 TĂNG,55.9%,LOW,2026-06-05,📈 TĂNG,55.6%,LOW,2026-06-08,📈 TĂNG,55.3%,LOW,2026-06-09,📈 TĂNG,55.0%,LOW,2026-06-10,📈 TĂNG,54.7%,LOW,2026-06-11,📈 TĂNG,54.4%,LOW,2026-06-12,📈 TĂNG,54.1%,LOW,2026-06-15,📈 TĂNG,53.8%,LOW,2026-06-16,📈 TĂNG,53.5%,LOW,2026-06-17,📈 TĂNG,53.3%,HIGH,2026-06-18,📈 TĂNG,53.0%,HIGH,2026-06-19,📈 TĂNG,52.7%,HIGH,2026-06-22,📈 TĂNG,52.4%,HIGH,2026-06-23,📈 TĂNG,52.1%,HIGH,2026-06-24,📈 TĂNG,51.8%,HIGH
VNZ,2026-06-03,2026-06-04,📉 GIẢM,34.0%,MEDIUM,2026-06-05,📉 GIẢM,34.8%,MEDIUM,2026-06-08,📉 GIẢM,35.6%,MEDIUM,2026-06-09,📉 GIẢM,36.4%,MEDIUM,2026-06-10,📉 GIẢM,37.2%,HIGH,2026-06-11,📉 GIẢM,38.0%,HIGH,2026-06-12,📉 GIẢM,38.8%,HIGH,2026-06-15,📉 GIẢM,39.6%,HIGH,2026-06-16,📉 GIẢM,40.4%,HIGH,2026-06-17,📉 GIẢM,41.2%,HIGH,2026-06-18,📉 GIẢM,42.0%,HIGH,2026-06-19,📉 GIẢM,42.8%,HIGH,2026-06-22,📉 GIẢM,43.6%,HIGH,2026-06-23,📉 GIẢM,44.4%,HIGH,2026-06-24,📉 GIẢM,45.2%,HIGH
TVS,2026-06-03,2026-06-04,📉 GIẢM,38.3%,MEDIUM,2026-06-05,📉 GIẢM,38.9%,MEDIUM,2026-06-08,📉 GIẢM,39.5%,MEDIUM,2026-06-09,📉 GIẢM,40.3%,LOW,2026-06-10,📉 GIẢM,40.9%,LOW,2026-06-11,📉 GIẢM,41.4%,LOW,2026-06-12,📉 GIẢM,42.0%,LOW,2026-06-15,📉 GIẢM,42.6%,HIGH,2026-06-16,📉 GIẢM,43.2%,HIGH,2026-06-17,📉 GIẢM,43.7%,HIGH,2026-06-18,📉 GIẢM,44.3%,HIGH,2026-06-19,📉 GIẢM,44.9%,HIGH,2026-06-22,📉 GIẢM,45.4%,HIGH,2026-06-23,📉 GIẢM,46.0%,HIGH,2026-06-24,📉 GIẢM,46.7%,HIGH
SJS,2026-06-03,2026-06-04,📉 GIẢM,36.5%,MEDIUM,2026-06-05,📉 GIẢM,37.2%,MEDIUM,2026-06-08,📉 GIẢM,37.9%,MEDIUM,2026-06-09,📉 GIẢM,38.6%,MEDIUM,2026-06-10,📉 GIẢM,39.2%,MEDIUM,2026-06-11,📉 GIẢM,39.9%,HIGH,2026-06-12,📉 GIẢM,40.6%,HIGH,2026-06-15,📉 GIẢM,41.2%,HIGH,2026-06-16,📉 GIẢM,41.9%,HIGH,2026-06-17,📉 GIẢM,42.6%,HIGH,2026-06-18,📉 GIẢM,43.3%,HIGH,2026-06-19,📉 GIẢM,43.9%,HIGH,2026-06-22,📉 GIẢM,44.6%,HIGH,2026-06-23,📉 GIẢM,45.3%,HIGH,2026-06-24,📉 GIẢM,46.0%,HIGH
S99,2026-06-03,2026-06-04,📉 GIẢM,22.5%,HIGH,2026-06-05,📉 GIẢM,23.6%,HIGH,2026-06-08,📉 GIẢM,25.0%,HIGH,2026-06-09,📉 GIẢM,26.4%,HIGH,2026-06-10,📉 GIẢM,27.8%,HIGH,2026-06-11,📉 GIẢM,29.2%,HIGH,2026-06-12,📉 GIẢM,30.6%,HIGH,2026-06-15,📉 GIẢM,31.9%,HIGH,2026-06-16,📉 GIẢM,33.2%,HIGH,2026-06-17,📉 GIẢM,35.0%,HIGH,2026-06-18,📉 GIẢM,36.4%,HIGH,2026-06-19,📉 GIẢM,37.7%,HIGH,2026-06-22,📉 GIẢM,39.1%,HIGH,2026-06-23,📉 GIẢM,40.5%,HIGH,2026-06-24,📉 GIẢM,41.8%,HIGH
GAS,2026-06-03,2026-06-04,📉 GIẢM,38.8%,MEDIUM,2026-06-05,📉 GIẢM,39.4%,MEDIUM,2026-06-08,📉 GIẢM,40.0%,MEDIUM,2026-06-09,📉 GIẢM,40.5%,LOW,2026-06-10,📉 GIẢM,41.1%,LOW,2026-06-11,📉 GIẢM,41.6%,LOW,2026-06-12,📉 GIẢM,42.2%,LOW,2026-06-15,📉 GIẢM,44.1%,LOW,2026-06-16,📉 GIẢM,44.6%,HIGH,2026-06-17,📉 GIẢM,45.0%,HIGH,2026-06-18,📉 GIẢM,45.5%,HIGH,2026-06-19,📉 GIẢM,45.9%,HIGH,2026-06-22,📉 GIẢM,46.4%,HIGH,2026-06-23,📉 GIẢM,46.8%,HIGH,2026-06-24,📉 GIẢM,47.3%,HIGH
HEV,2026-06-03,2026-06-04,📉 GIẢM,27.4%,HIGH,2026-06-05,📉 GIẢM,28.5%,HIGH,2026-06-08,📉 GIẢM,29.6%,HIGH,2026-06-09,📉 GIẢM,30.8%,HIGH,2026-06-10,📉 GIẢM,31.9%,HIGH,2026-06-11,📉 GIẢM,33.0%,HIGH,2026-06-12,📉 GIẢM,34.1%,HIGH,2026-06-15,📉 GIẢM,35.3%,HIGH,2026-06-16,📉 GIẢM,36.4%,HIGH,2026-06-17,📉 GIẢM,37.5%,HIGH,2026-06-18,📉 GIẢM,38.7%,HIGH,2026-06-19,📉 GIẢM,39.8%,HIGH,2026-06-22,📉 GIẢM,40.9%,HIGH,2026-06-23,📉 GIẢM,42.1%,HIGH,2026-06-24,📉 GIẢM,43.2%,HIGH
HHG,2026-06-03,2026-06-04,📉 GIẢM,28.5%,HIGH,2026-06-05,📉 GIẢM,30.6%,HIGH,2026-06-08,📉 GIẢM,31.6%,HIGH,2026-06-09,📉 GIẢM,32.7%,HIGH,2026-06-10,📉 GIẢM,33.7%,HIGH,2026-06-11,📉 GIẢM,34.7%,HIGH,2026-06-12,📉 GIẢM,35.7%,HIGH,2026-06-15,📉 GIẢM,36.7%,HIGH,2026-06-16,📉 GIẢM,37.9%,HIGH,2026-06-17,📉 GIẢM,38.9%,HIGH,2026-06-18,📉 GIẢM,39.9%,HIGH,2026-06-19,📉 GIẢM,40.9%,HIGH,2026-06-22,📉 GIẢM,41.9%,HIGH,2026-06-23,📉 GIẢM,42.8%,HIGH,2026-06-24,📉 GIẢM,43.8%,HIGH
HHV,2026-06-03,2026-06-04,📉 GIẢM,38.7%,MEDIUM,2026-06-05,📉 GIẢM,39.3%,MEDIUM,2026-06-08,📉 GIẢM,39.9%,MEDIUM,2026-06-09,📉 GIẢM,40.4%,LOW,2026-06-10,📉 GIẢM,41.0%,LOW,2026-06-11,📉 GIẢM,41.6%,LOW,2026-06-12,📉 GIẢM,42.1%,LOW,2026-06-15,📉 GIẢM,42.6%,HIGH,2026-06-16,📉 GIẢM,43.2%,HIGH,2026-06-17,📉 GIẢM,43.8%,HIGH,2026-06-18,📉 GIẢM,44.3%,HIGH,2026-06-19,📉 GIẢM,44.9%,HIGH,2026-06-22,📉 GIẢM,45.5%,HIGH,2026-06-23,📉 GIẢM,46.0%,HIGH,2026-06-24,📉 GIẢM,46.6%,HIGH
HT1,2026-06-03,2026-06-04,📉 GIẢM,47.7%,LOW,2026-06-05,📉 GIẢM,47.8%,LOW,2026-06-08,📉 GIẢM,47.6%,LOW,2026-06-09,📉 GIẢM,47.7%,LOW,2026-06-10,📉 GIẢM,47.8%,LOW,2026-06-11,📉 GIẢM,48.0%,LOW,2026-06-12,📉 GIẢM,48.1%,LOW,2026-06-15,📉 GIẢM,48.2%,LOW,2026-06-16,📉 GIẢM,48.4%,LOW,2026-06-17,📉 GIẢM,48.5%,LOW,2026-06-18,📉 GIẢM,48.6%,HIGH,2026-06-19,📉 GIẢM,48.8%,HIGH,2026-06-22,📉 GIẢM,48.9%,HIGH,2026-06-23,📉 GIẢM,49.0%,HIGH,2026-06-24,📉 GIẢM,49.2%,HIGH
HWS,2026-06-03,2026-06-04,📉 GIẢM,17.9%,HIGH,2026-06-05,📉 GIẢM,19.8%,HIGH,2026-06-08,📉 GIẢM,21.4%,HIGH,2026-06-09,📉 GIẢM,23.0%,HIGH,2026-06-10,📉 GIẢM,24.6%,HIGH,2026-06-11,📉 GIẢM,26.3%,HIGH,2026-06-12,📉 GIẢM,28.3%,HIGH,2026-06-15,📉 GIẢM,29.8%,HIGH,2026-06-16,📉 GIẢM,31.4%,HIGH,2026-06-17,📉 GIẢM,32.9%,HIGH,2026-06-18,📉 GIẢM,34.5%,HIGH,2026-06-19,📉 GIẢM,36.2%,HIGH,2026-06-22,📉 GIẢM,37.7%,HIGH,2026-06-23,📉 GIẢM,39.3%,HIGH,2026-06-24,📉 GIẢM,40.6%,HIGH
TTH,2026-06-03,2026-06-04,📉 GIẢM,23.3%,HIGH,2026-06-05,📉 GIẢM,24.6%,HIGH,2026-06-08,📉 GIẢM,26.0%,HIGH,2026-06-09,📉 GIẢM,27.3%,HIGH,2026-06-10,📉 GIẢM,28.6%,HIGH,2026-06-11,📉 GIẢM,29.8%,HIGH,2026-06-12,📉 GIẢM,31.2%,HIGH,2026-06-15,📉 GIẢM,32.5%,HIGH,2026-06-16,📉 GIẢM,33.9%,HIGH,2026-06-17,📉 GIẢM,35.2%,HIGH,2026-06-18,📉 GIẢM,36.6%,HIGH,2026-06-19,📉 GIẢM,38.2%,HIGH,2026-06-22,📉 GIẢM,39.5%,HIGH,2026-06-23,📉 GIẢM,40.8%,HIGH,2026-06-24,📉 GIẢM,42.1%,HIGH
L40,2026-06-03,2026-06-04,📉 GIẢM,46.1%,LOW,2026-06-05,📉 GIẢM,47.9%,LOW,2026-06-08,📉 GIẢM,48.0%,LOW,2026-06-09,📉 GIẢM,48.1%,LOW,2026-06-10,📉 GIẢM,48.2%,LOW,2026-06-11,📉 GIẢM,48.3%,LOW,2026-06-12,📉 GIẢM,48.4%,LOW,2026-06-15,📉 GIẢM,48.5%,LOW,2026-06-16,📉 GIẢM,48.5%,LOW,2026-06-17,📉 GIẢM,48.6%,LOW,2026-06-18,📉 GIẢM,48.7%,HIGH,2026-06-19,📉 GIẢM,48.8%,HIGH,2026-06-22,📉 GIẢM,49.0%,HIGH,2026-06-23,📉 GIẢM,49.1%,HIGH,2026-06-24,📉 GIẢM,49.2%,HIGH
LBM,2026-06-03,2026-06-04,📉 GIẢM,38.0%,MEDIUM,2026-06-05,📉 GIẢM,38.7%,MEDIUM,2026-06-08,📉 GIẢM,39.3%,MEDIUM,2026-06-09,📉 GIẢM,39.9%,MEDIUM,2026-06-10,📉 GIẢM,40.5%,LOW,2026-06-11,📉 GIẢM,41.1%,LOW,2026-06-12,📉 GIẢM,41.7%,HIGH,2026-06-15,📉 GIẢM,42.3%,HIGH,2026-06-16,📉 GIẢM,42.8%,HIGH,2026-06-17,📉 GIẢM,43.4%,HIGH,2026-06-18,📉 GIẢM,44.0%,HIGH,2026-06-19,📉 GIẢM,44.6%,HIGH,2026-06-22,📉 GIẢM,45.2%,HIGH,2026-06-23,📉 GIẢM,45.8%,HIGH,2026-06-24,📉 GIẢM,46.4%,HIGH
MCF,2026-06-03,2026-06-04,📉 GIẢM,42.3%,LOW,2026-06-05,📉 GIẢM,42.7%,LOW,2026-06-08,📉 GIẢM,43.1%,LOW,2026-06-09,📉 GIẢM,43.4%,LOW,2026-06-10,📉 GIẢM,43.8%,LOW,2026-06-11,📉 GIẢM,44.2%,LOW,2026-06-12,📉 GIẢM,44.6%,LOW,2026-06-15,📉 GIẢM,45.0%,LOW,2026-06-16,📉 GIẢM,45.4%,HIGH,2026-06-17,📉 GIẢM,45.8%,HIGH,2026-06-18,📉 GIẢM,46.1%,HIGH,2026-06-19,📉 GIẢM,46.5%,HIGH,2026-06-22,📉 GIẢM,46.9%,HIGH,2026-06-23,📉 GIẢM,47.3%,HIGH,2026-06-24,📉 GIẢM,47.7%,HIGH
SGT,2026-06-03,2026-06-04,📉 GIẢM,20.7%,HIGH,2026-06-05,📉 GIẢM,22.2%,HIGH,2026-06-08,📉 GIẢM,23.6%,HIGH,2026-06-09,📉 GIẢM,25.1%,HIGH,2026-06-10,📉 GIẢM,26.6%,HIGH,2026-06-11,📉 GIẢM,28.0%,HIGH,2026-06-12,📉 GIẢM,29.5%,HIGH,2026-06-15,📉 GIẢM,31.2%,HIGH,2026-06-16,📉 GIẢM,32.6%,HIGH,2026-06-17,📉 GIẢM,34.1%,HIGH,2026-06-18,📉 GIẢM,35.6%,HIGH,2026-06-19,📉 GIẢM,37.0%,HIGH,2026-06-22,📉 GIẢM,38.5%,HIGH,2026-06-23,📉 GIẢM,39.9%,HIGH,2026-06-24,📉 GIẢM,41.4%,HIGH
MCM,2026-06-03,2026-06-04,📉 GIẢM,32.2%,MEDIUM,2026-06-05,📉 GIẢM,33.8%,MEDIUM,2026-06-08,📉 GIẢM,34.7%,MEDIUM,2026-06-09,📉 GIẢM,35.5%,HIGH,2026-06-10,📉 GIẢM,36.4%,HIGH,2026-06-11,📉 GIẢM,37.2%,HIGH,2026-06-12,📉 GIẢM,38.1%,HIGH,2026-06-15,📉 GIẢM,38.9%,HIGH,2026-06-16,📉 GIẢM,39.7%,HIGH,2026-06-17,📉 GIẢM,40.6%,HIGH,2026-06-18,📉 GIẢM,41.4%,HIGH,2026-06-19,📉 GIẢM,42.3%,HIGH,2026-06-22,📉 GIẢM,43.1%,HIGH,2026-06-23,📉 GIẢM,44.0%,HIGH,2026-06-24,📉 GIẢM,44.9%,HIGH
NBC,2026-06-03,2026-06-04,📉 GIẢM,25.4%,HIGH,2026-06-05,📉 GIẢM,26.2%,HIGH,2026-06-08,📉 GIẢM,27.5%,HIGH,2026-06-09,📉 GIẢM,28.7%,HIGH,2026-06-10,📉 GIẢM,30.0%,HIGH,2026-06-11,📉 GIẢM,31.2%,HIGH,2026-06-12,📉 GIẢM,32.5%,HIGH,2026-06-15,📉 GIẢM,33.7%,HIGH,2026-06-16,📉 GIẢM,35.0%,HIGH,2026-06-17,📉 GIẢM,36.2%,HIGH,2026-06-18,📉 GIẢM,37.5%,HIGH,2026-06-19,📉 GIẢM,38.7%,HIGH,2026-06-22,📉 GIẢM,40.0%,HIGH,2026-06-23,📉 GIẢM,41.2%,HIGH,2026-06-24,📉 GIẢM,42.5%,HIGH
NRC,2026-06-03,2026-06-04,📉 GIẢM,47.8%,LOW,2026-06-05,📉 GIẢM,48.1%,LOW,2026-06-08,📉 GIẢM,48.2%,LOW,2026-06-09,📉 GIẢM,48.3%,LOW,2026-06-10,📉 GIẢM,48.4%,LOW,2026-06-11,📉 GIẢM,48.5%,LOW,2026-06-12,📉 GIẢM,48.6%,LOW,2026-06-15,📉 GIẢM,48.7%,LOW,2026-06-16,📉 GIẢM,48.8%,LOW,2026-06-17,📉 GIẢM,48.9%,LOW,2026-06-18,📉 GIẢM,49.0%,HIGH,2026-06-19,📉 GIẢM,49.1%,HIGH,2026-06-22,📉 GIẢM,49.2%,HIGH,2026-06-23,📉 GIẢM,49.3%,HIGH,2026-06-24,📉 GIẢM,49.4%,HIGH
ONE,2026-06-03,2026-06-04,📉 GIẢM,30.9%,MEDIUM,2026-06-05,📉 GIẢM,32.3%,MEDIUM,2026-06-08,📉 GIẢM,33.2%,HIGH,2026-06-09,📉 GIẢM,34.1%,HIGH,2026-06-10,📉 GIẢM,35.1%,HIGH,2026-06-11,📉 GIẢM,36.0%,HIGH,2026-06-12,📉 GIẢM,36.9%,HIGH,2026-06-15,📉 GIẢM,37.9%,HIGH,2026-06-16,📉 GIẢM,38.8%,HIGH,2026-06-17,📉 GIẢM,39.7%,HIGH,2026-06-18,📉 GIẢM,40.7%,HIGH,2026-06-19,📉 GIẢM,41.6%,HIGH,2026-06-22,📉 GIẢM,42.5%,HIGH,2026-06-23,📉 GIẢM,43.5%,HIGH,2026-06-24,📉 GIẢM,44.4%,HIGH
ORS,2026-06-03,2026-06-04,📉 GIẢM,48.5%,LOW,2026-06-05,📉 GIẢM,48.6%,LOW,2026-06-08,📉 GIẢM,48.7%,LOW,2026-06-09,📉 GIẢM,48.7%,LOW,2026-06-10,📉 GIẢM,48.8%,LOW,2026-06-11,📉 GIẢM,48.9%,LOW,2026-06-12,📉 GIẢM,49.0%,LOW,2026-06-15,📉 GIẢM,49.0%,LOW,2026-06-16,📉 GIẢM,49.1%,LOW,2026-06-17,📉 GIẢM,49.2%,LOW,2026-06-18,📉 GIẢM,49.3%,HIGH,2026-06-19,📉 GIẢM,49.3%,HIGH,2026-06-22,📉 GIẢM,49.4%,HIGH,2026-06-23,📉 GIẢM,49.5%,HIGH,2026-06-24,📉 GIẢM,49.6%,HIGH
PAS,2026-06-03,2026-06-04,📉 GIẢM,45.8%,LOW,2026-06-05,📉 GIẢM,46.0%,LOW,2026-06-08,📉 GIẢM,46.2%,LOW,2026-06-09,📉 GIẢM,46.4%,LOW,2026-06-10,📉 GIẢM,46.6%,LOW,2026-06-11,📉 GIẢM,46.8%,LOW,2026-06-12,📉 GIẢM,47.1%,LOW,2026-06-15,📉 GIẢM,47.3%,LOW,2026-06-16,📉 GIẢM,47.5%,LOW,2026-06-17,📉 GIẢM,47.7%,HIGH,2026-06-18,📉 GIẢM,47.9%,HIGH,2026-06-19,📉 GIẢM,48.1%,HIGH,2026-06-22,📉 GIẢM,48.3%,HIGH,2026-06-23,📉 GIẢM,48.5%,HIGH,2026-06-24,📉 GIẢM,48.7%,HIGH
PCH,2026-06-03,2026-06-04,📉 GIẢM,34.8%,MEDIUM,2026-06-05,📉 GIẢM,35.1%,MEDIUM,2026-06-08,📉 GIẢM,35.9%,MEDIUM,2026-06-09,📉 GIẢM,36.7%,MEDIUM,2026-06-10,📉 GIẢM,37.5%,HIGH,2026-06-11,📉 GIẢM,38.3%,HIGH,2026-06-12,📉 GIẢM,39.0%,HIGH,2026-06-15,📉 GIẢM,39.8%,HIGH,2026-06-16,📉 GIẢM,40.6%,HIGH,2026-06-17,📉 GIẢM,41.4%,HIGH,2026-06-18,📉 GIẢM,42.2%,HIGH,2026-06-19,📉 GIẢM,43.0%,HIGH,2026-06-22,📉 GIẢM,43.7%,HIGH,2026-06-23,📉 GIẢM,44.5%,HIGH,2026-06-24,📉 GIẢM,45.3%,HIGH
TMP,2026-06-03,2026-06-04,📈 TĂNG,57.9%,LOW,2026-06-05,📈 TĂNG,57.5%,LOW,2026-06-08,📈 TĂNG,57.1%,LOW,2026-06-09,📈 TĂNG,56.7%,LOW,2026-06-10,📈 TĂNG,56.1%,LOW,2026-06-11,📈 TĂNG,55.7%,LOW,2026-06-12,📈 TĂNG,55.3%,LOW,2026-06-15,📈 TĂNG,54.9%,LOW,2026-06-16,📈 TĂNG,54.5%,HIGH,2026-06-17,📈 TĂNG,54.2%,HIGH,2026-06-18,📈 TĂNG,53.8%,HIGH,2026-06-19,📈 TĂNG,53.4%,HIGH,2026-06-22,📈 TĂNG,53.0%,HIGH,2026-06-23,📈 TĂNG,52.6%,HIGH,2026-06-24,📈 TĂNG,52.3%,HIGH
PND,2026-06-03,2026-06-04,📈 TĂNG,60.9%,MEDIUM,2026-06-05,📈 TĂNG,60.3%,MEDIUM,2026-06-08,📈 TĂNG,60.4%,MEDIUM,2026-06-09,📈 TĂNG,59.8%,LOW,2026-06-10,📈 TĂNG,59.2%,LOW,2026-06-11,📈 TĂNG,58.7%,LOW,2026-06-12,📈 TĂNG,58.1%,HIGH,2026-06-15,📈 TĂNG,57.5%,HIGH,2026-06-16,📈 TĂNG,56.9%,HIGH,2026-06-17,📈 TĂNG,56.9%,HIGH,2026-06-18,📈 TĂNG,56.3%,HIGH,2026-06-19,📈 TĂNG,55.7%,HIGH,2026-06-22,📈 TĂNG,55.0%,HIGH,2026-06-23,📈 TĂNG,54.8%,HIGH,2026-06-24,📈 TĂNG,54.1%,HIGH
PTV,2026-06-03,2026-06-04,📉 GIẢM,20.4%,HIGH,2026-06-05,📉 GIẢM,21.9%,HIGH,2026-06-08,📉 GIẢM,23.4%,HIGH,2026-06-09,📉 GIẢM,24.8%,HIGH,2026-06-10,📉 GIẢM,26.3%,HIGH,2026-06-11,📉 GIẢM,27.8%,HIGH,2026-06-12,📉 GIẢM,29.3%,HIGH,2026-06-15,📉 GIẢM,30.8%,HIGH,2026-06-16,📉 GIẢM,32.2%,HIGH,2026-06-17,📉 GIẢM,33.7%,HIGH,2026-06-18,📉 GIẢM,35.5%,HIGH,2026-06-19,📉 GIẢM,36.9%,HIGH,2026-06-22,📉 GIẢM,38.4%,HIGH,2026-06-23,📉 GIẢM,39.9%,HIGH,2026-06-24,📉 GIẢM,41.3%,HIGH
PVT,2026-06-03,2026-06-04,📉 GIẢM,39.4%,MEDIUM,2026-06-05,📉 GIẢM,40.0%,MEDIUM,2026-06-08,📉 GIẢM,40.5%,LOW,2026-06-09,📉 GIẢM,41.0%,LOW,2026-06-10,📉 GIẢM,41.6%,LOW,2026-06-11,📉 GIẢM,42.1%,LOW,2026-06-12,📉 GIẢM,42.6%,LOW,2026-06-15,📉 GIẢM,43.1%,HIGH,2026-06-16,📉 GIẢM,43.7%,HIGH,2026-06-17,📉 GIẢM,44.2%,HIGH,2026-06-18,📉 GIẢM,44.7%,HIGH,2026-06-19,📉 GIẢM,45.2%,HIGH,2026-06-22,📉 GIẢM,45.8%,HIGH,2026-06-23,📉 GIẢM,46.3%,HIGH,2026-06-24,📉 GIẢM,46.8%,HIGH
RYG,2026-06-03,2026-06-04,📉 GIẢM,19.5%,HIGH,2026-06-05,📉 GIẢM,22.0%,HIGH,2026-06-08,📉 GIẢM,23.5%,HIGH,2026-06-09,📉 GIẢM,25.0%,HIGH,2026-06-10,📉 GIẢM,26.4%,HIGH,2026-06-11,📉 GIẢM,27.9%,HIGH,2026-06-12,📉 GIẢM,29.4%,HIGH,2026-06-15,📉 GIẢM,30.9%,HIGH,2026-06-16,📉 GIẢM,32.3%,HIGH,2026-06-17,📉 GIẢM,33.8%,HIGH,2026-06-18,📉 GIẢM,35.3%,HIGH,2026-06-19,📉 GIẢM,36.7%,HIGH,2026-06-22,📉 GIẢM,38.2%,HIGH,2026-06-23,📉 GIẢM,39.7%,HIGH,2026-06-24,📉 GIẢM,41.2%,HIGH
NAG,2026-06-03,2026-06-04,📉 GIẢM,27.5%,HIGH,2026-06-05,📉 GIẢM,28.5%,HIGH,2026-06-08,📉 GIẢM,29.6%,HIGH,2026-06-09,📉 GIẢM,30.8%,HIGH,2026-06-10,📉 GIẢM,31.9%,HIGH,2026-06-11,📉 GIẢM,33.0%,HIGH,2026-06-12,📉 GIẢM,34.2%,HIGH,2026-06-15,📉 GIẢM,35.3%,HIGH,2026-06-16,📉 GIẢM,36.4%,HIGH,2026-06-17,📉 GIẢM,37.6%,HIGH,2026-06-18,📉 GIẢM,39.0%,HIGH,2026-06-19,📉 GIẢM,40.1%,HIGH,2026-06-22,📉 GIẢM,41.2%,HIGH,2026-06-23,📉 GIẢM,42.3%,HIGH,2026-06-24,📉 GIẢM,43.4%,HIGH
PSW,2026-06-03,2026-06-04,📉 GIẢM,43.6%,LOW,2026-06-05,📉 GIẢM,43.9%,LOW,2026-06-08,📉 GIẢM,44.2%,LOW,2026-06-09,📉 GIẢM,44.5%,LOW,2026-06-10,📉 GIẢM,44.9%,LOW,2026-06-11,📉 GIẢM,45.2%,LOW,2026-06-12,📉 GIẢM,45.5%,LOW,2026-06-15,📉 GIẢM,45.8%,LOW,2026-06-16,📉 GIẢM,46.1%,LOW,2026-06-17,📉 GIẢM,46.5%,HIGH,2026-06-18,📉 GIẢM,46.8%,HIGH,2026-06-19,📉 GIẢM,47.1%,HIGH,2026-06-22,📉 GIẢM,47.4%,HIGH,2026-06-23,📉 GIẢM,47.7%,HIGH,2026-06-24,📉 GIẢM,48.1%,HIGH
RAL,2026-06-03,2026-06-04,📉 GIẢM,27.5%,HIGH,2026-06-05,📉 GIẢM,29.6%,HIGH,2026-06-08,📉 GIẢM,30.7%,HIGH,2026-06-09,📉 GIẢM,31.8%,HIGH,2026-06-10,📉 GIẢM,32.8%,HIGH,2026-06-11,📉 GIẢM,33.9%,HIGH,2026-06-12,📉 GIẢM,35.0%,HIGH,2026-06-15,📉 GIẢM,36.1%,HIGH,2026-06-16,📉 GIẢM,37.1%,HIGH,2026-06-17,📉 GIẢM,38.2%,HIGH,2026-06-18,📉 GIẢM,39.3%,HIGH,2026-06-19,📉 GIẢM,40.3%,HIGH,2026-06-22,📉 GIẢM,41.4%,HIGH,2026-06-23,📉 GIẢM,42.6%,HIGH,2026-06-24,📉 GIẢM,43.6%,HIGH
ITQ,2026-06-03,2026-06-04,📉 GIẢM,34.7%,MEDIUM,2026-06-05,📉 GIẢM,35.3%,MEDIUM,2026-06-08,📉 GIẢM,36.0%,MEDIUM,2026-06-09,📉 GIẢM,36.8%,MEDIUM,2026-06-10,📉 GIẢM,37.6%,HIGH,2026-06-11,📉 GIẢM,38.4%,HIGH,2026-06-12,📉 GIẢM,39.1%,HIGH,2026-06-15,📉 GIẢM,39.9%,HIGH,2026-06-16,📉 GIẢM,40.7%,HIGH,2026-06-17,📉 GIẢM,41.5%,HIGH,2026-06-18,📉 GIẢM,42.2%,HIGH,2026-06-19,📉 GIẢM,43.0%,HIGH,2026-06-22,📉 GIẢM,43.8%,HIGH,2026-06-23,📉 GIẢM,44.6%,HIGH,2026-06-24,📉 GIẢM,45.4%,HIGH
TVN,2026-06-03,2026-06-04,📉 GIẢM,47.2%,LOW,2026-06-05,📉 GIẢM,47.3%,LOW,2026-06-08,📉 GIẢM,47.5%,LOW,2026-06-09,📉 GIẢM,47.6%,LOW,2026-06-10,📉 GIẢM,47.3%,LOW,2026-06-11,📉 GIẢM,47.4%,LOW,2026-06-12,📉 GIẢM,47.9%,LOW,2026-06-15,📉 GIẢM,48.1%,LOW,2026-06-16,📉 GIẢM,48.2%,LOW,2026-06-17,📉 GIẢM,48.4%,LOW,2026-06-18,📉 GIẢM,48.5%,HIGH,2026-06-19,📉 GIẢM,48.7%,HIGH,2026-06-22,📉 GIẢM,48.9%,HIGH,2026-06-23,📉 GIẢM,49.0%,HIGH,2026-06-24,📉 GIẢM,49.2%,HIGH
DHA,2026-06-03,2026-06-04,📉 GIẢM,35.6%,MEDIUM,2026-06-05,📉 GIẢM,36.3%,MEDIUM,2026-06-08,📉 GIẢM,37.0%,MEDIUM,2026-06-09,📉 GIẢM,37.7%,MEDIUM,2026-06-10,📉 GIẢM,38.5%,MEDIUM,2026-06-11,📉 GIẢM,38.9%,HIGH,2026-06-12,📉 GIẢM,39.7%,HIGH,2026-06-15,📉 GIẢM,40.4%,HIGH,2026-06-16,📉 GIẢM,41.1%,HIGH,2026-06-17,📉 GIẢM,41.9%,HIGH,2026-06-18,📉 GIẢM,42.6%,HIGH,2026-06-19,📉 GIẢM,43.3%,HIGH,2026-06-22,📉 GIẢM,44.1%,HIGH,2026-06-23,📉 GIẢM,44.8%,HIGH,2026-06-24,📉 GIẢM,45.6%,HIGH
V21,2026-06-03,2026-06-04,📉 GIẢM,31.7%,MEDIUM,2026-06-05,📉 GIẢM,32.0%,MEDIUM,2026-06-08,📉 GIẢM,33.0%,HIGH,2026-06-09,📉 GIẢM,33.9%,HIGH,2026-06-10,📉 GIẢM,34.9%,HIGH,2026-06-11,📉 GIẢM,35.8%,HIGH,2026-06-12,📉 GIẢM,36.8%,HIGH,2026-06-15,📉 GIẢM,37.7%,HIGH,2026-06-16,📉 GIẢM,38.7%,HIGH,2026-06-17,📉 GIẢM,39.6%,HIGH,2026-06-18,📉 GIẢM,40.5%,HIGH,2026-06-19,📉 GIẢM,41.5%,HIGH,2026-06-22,📉 GIẢM,42.4%,HIGH,2026-06-23,📉 GIẢM,43.4%,HIGH,2026-06-24,📉 GIẢM,44.3%,HIGH
VFS,2026-06-03,2026-06-04,📉 GIẢM,41.4%,LOW,2026-06-05,📉 GIẢM,42.3%,LOW,2026-06-08,📉 GIẢM,42.7%,LOW,2026-06-09,📉 GIẢM,43.1%,LOW,2026-06-10,📉 GIẢM,43.5%,LOW,2026-06-11,📉 GIẢM,43.9%,LOW,2026-06-12,📉 GIẢM,44.3%,LOW,2026-06-15,📉 GIẢM,44.7%,LOW,2026-06-16,📉 GIẢM,45.2%,HIGH,2026-06-17,📉 GIẢM,45.6%,HIGH,2026-06-18,📉 GIẢM,46.0%,HIGH,2026-06-19,📉 GIẢM,46.4%,HIGH,2026-06-22,📉 GIẢM,46.8%,HIGH,2026-06-23,📉 GIẢM,47.2%,HIGH,2026-06-24,📉 GIẢM,47.6%,HIGH
VMC,2026-06-03,2026-06-04,📉 GIẢM,21.6%,HIGH,2026-06-05,📉 GIẢM,23.1%,HIGH,2026-06-08,📉 GIẢM,24.5%,HIGH,2026-06-09,📉 GIẢM,25.9%,HIGH,2026-06-10,📉 GIẢM,27.3%,HIGH,2026-06-11,📉 GIẢM,28.8%,HIGH,2026-06-12,📉 GIẢM,30.2%,HIGH,2026-06-15,📉 GIẢM,31.7%,HIGH,2026-06-16,📉 GIẢM,33.1%,HIGH,2026-06-17,📉 GIẢM,34.5%,HIGH,2026-06-18,📉 GIẢM,35.9%,HIGH,2026-06-19,📉 GIẢM,37.3%,HIGH,2026-06-22,📉 GIẢM,38.7%,HIGH,2026-06-23,📉 GIẢM,40.1%,HIGH,2026-06-24,📉 GIẢM,41.5%,HIGH
DGC,2026-06-03,2026-06-04,📉 GIẢM,47.7%,LOW,2026-06-05,📉 GIẢM,47.8%,LOW,2026-06-08,📉 GIẢM,47.9%,LOW,2026-06-09,📉 GIẢM,48.1%,LOW,2026-06-10,📉 GIẢM,48.2%,LOW,2026-06-11,📉 GIẢM,48.3%,LOW,2026-06-12,📉 GIẢM,48.4%,LOW,2026-06-15,📉 GIẢM,48.5%,LOW,2026-06-16,📉 GIẢM,48.6%,LOW,2026-06-17,📉 GIẢM,48.7%,LOW,2026-06-18,📉 GIẢM,48.9%,HIGH,2026-06-19,📉 GIẢM,49.0%,HIGH,2026-06-22,📉 GIẢM,49.1%,HIGH,2026-06-23,📉 GIẢM,49.2%,HIGH,2026-06-24,📉 GIẢM,49.3%,HIGH
VNF,2026-06-03,2026-06-04,📉 GIẢM,35.9%,MEDIUM,2026-06-05,📉 GIẢM,36.6%,MEDIUM,2026-06-08,📉 GIẢM,37.3%,MEDIUM,2026-06-09,📉 GIẢM,38.0%,MEDIUM,2026-06-10,📉 GIẢM,38.7%,MEDIUM,2026-06-11,📉 GIẢM,39.4%,HIGH,2026-06-12,📉 GIẢM,39.8%,HIGH,2026-06-15,📉 GIẢM,40.5%,HIGH,2026-06-16,📉 GIẢM,41.2%,HIGH,2026-06-17,📉 GIẢM,42.0%,HIGH,2026-06-18,📉 GIẢM,42.5%,HIGH,2026-06-19,📉 GIẢM,43.2%,HIGH,2026-06-22,📉 GIẢM,44.0%,HIGH,2026-06-23,📉 GIẢM,44.7%,HIGH,2026-06-24,📉 GIẢM,45.5%,HIGH
VNM,2026-06-03,2026-06-04,📉 GIẢM,46.5%,LOW,2026-06-05,📉 GIẢM,46.7%,LOW,2026-06-08,📉 GIẢM,46.8%,LOW,2026-06-09,📉 GIẢM,47.0%,LOW,2026-06-10,📉 GIẢM,47.2%,LOW,2026-06-11,📉 GIẢM,47.4%,LOW,2026-06-12,📉 GIẢM,47.5%,LOW,2026-06-15,📉 GIẢM,47.7%,LOW,2026-06-16,📉 GIẢM,47.9%,LOW,2026-06-17,📉 GIẢM,48.1%,LOW,2026-06-18,📉 GIẢM,48.2%,HIGH,2026-06-19,📉 GIẢM,48.4%,HIGH,2026-06-22,📉 GIẢM,48.6%,HIGH,2026-06-23,📉 GIẢM,48.8%,HIGH,2026-06-24,📉 GIẢM,48.9%,HIGH
VNS,2026-06-03,2026-06-04,📉 GIẢM,22.3%,HIGH,2026-06-05,📉 GIẢM,23.7%,HIGH,2026-06-08,📉 GIẢM,25.1%,HIGH,2026-06-09,📉 GIẢM,26.5%,HIGH,2026-06-10,📉 GIẢM,27.9%,HIGH,2026-06-11,📉 GIẢM,29.2%,HIGH,2026-06-12,📉 GIẢM,30.6%,HIGH,2026-06-15,📉 GIẢM,32.0%,HIGH,2026-06-16,📉 GIẢM,33.4%,HIGH,2026-06-17,📉 GIẢM,34.9%,HIGH,2026-06-18,📉 GIẢM,36.6%,HIGH,2026-06-19,📉 GIẢM,37.9%,HIGH,2026-06-22,📉 GIẢM,39.3%,HIGH,2026-06-23,📉 GIẢM,40.6%,HIGH,2026-06-24,📉 GIẢM,42.0%,HIGH
TVC,2026-06-03,2026-06-04,📉 GIẢM,36.0%,MEDIUM,2026-06-05,📉 GIẢM,36.7%,MEDIUM,2026-06-08,📉 GIẢM,37.4%,MEDIUM,2026-06-09,📉 GIẢM,38.1%,MEDIUM,2026-06-10,📉 GIẢM,38.8%,MEDIUM,2026-06-11,📉 GIẢM,39.5%,HIGH,2026-06-12,📉 GIẢM,40.2%,HIGH,2026-06-15,📉 GIẢM,40.9%,HIGH,2026-06-16,📉 GIẢM,41.6%,HIGH,2026-06-17,📉 GIẢM,42.3%,HIGH,2026-06-18,📉 GIẢM,43.0%,HIGH,2026-06-19,📉 GIẢM,43.8%,HIGH,2026-06-22,📉 GIẢM,44.5%,HIGH,2026-06-23,📉 GIẢM,45.2%,HIGH,2026-06-24,📉 GIẢM,45.9%,HIGH
VSF,2026-06-03,2026-06-04,📉 GIẢM,26.9%,HIGH,2026-06-05,📉 GIẢM,28.0%,HIGH,2026-06-08,📉 GIẢM,29.2%,HIGH,2026-06-09,📉 GIẢM,30.3%,HIGH,2026-06-10,📉 GIẢM,31.5%,HIGH,2026-06-11,📉 GIẢM,32.7%,HIGH,2026-06-12,📉 GIẢM,33.9%,HIGH,2026-06-15,📉 GIẢM,35.1%,HIGH,2026-06-16,📉 GIẢM,36.2%,HIGH,2026-06-17,📉 GIẢM,37.4%,HIGH,2026-06-18,📉 GIẢM,38.5%,HIGH,2026-06-19,📉 GIẢM,39.7%,HIGH,2026-06-22,📉 GIẢM,40.8%,HIGH,2026-06-23,📉 GIẢM,42.0%,HIGH,2026-06-24,📉 GIẢM,43.1%,HIGH
VSH,2026-06-03,2026-06-04,📉 GIẢM,44.3%,LOW,2026-06-05,📉 GIẢM,44.0%,LOW,2026-06-08,📉 GIẢM,44.3%,LOW,2026-06-09,📉 GIẢM,44.6%,LOW,2026-06-10,📉 GIẢM,44.9%,LOW,2026-06-11,📉 GIẢM,45.3%,LOW,2026-06-12,📉 GIẢM,45.6%,LOW,2026-06-15,📉 GIẢM,45.9%,LOW,2026-06-16,📉 GIẢM,46.2%,LOW,2026-06-17,📉 GIẢM,46.5%,HIGH,2026-06-18,📉 GIẢM,46.8%,HIGH,2026-06-19,📉 GIẢM,47.2%,HIGH,2026-06-22,📉 GIẢM,47.3%,HIGH,2026-06-23,📉 GIẢM,47.6%,HIGH,2026-06-24,📉 GIẢM,48.0%,HIGH
VTK,2026-06-03,2026-06-04,📉 GIẢM,39.1%,MEDIUM,2026-06-05,📉 GIẢM,39.6%,MEDIUM,2026-06-08,📉 GIẢM,40.2%,LOW,2026-06-09,📉 GIẢM,40.7%,LOW,2026-06-10,📉 GIẢM,41.2%,LOW,2026-06-11,📉 GIẢM,41.8%,LOW,2026-06-12,📉 GIẢM,42.3%,LOW,2026-06-15,📉 GIẢM,42.9%,HIGH,2026-06-16,📉 GIẢM,43.4%,HIGH,2026-06-17,📉 GIẢM,44.0%,HIGH,2026-06-18,📉 GIẢM,44.5%,HIGH,2026-06-19,📉 GIẢM,45.1%,HIGH,2026-06-22,📉 GIẢM,45.6%,HIGH,2026-06-23,📉 GIẢM,46.2%,HIGH,2026-06-24,📉 GIẢM,46.7%,HIGH
VW3,2026-06-03,2026-06-04,📈 TĂNG,66.0%,MEDIUM,2026-06-05,📈 TĂNG,65.2%,MEDIUM,2026-06-08,📈 TĂNG,64.4%,MEDIUM,2026-06-09,📈 TĂNG,63.6%,MEDIUM,2026-06-10,📈 TĂNG,63.0%,HIGH,2026-06-11,📈 TĂNG,62.2%,HIGH,2026-06-12,📈 TĂNG,61.4%,HIGH,2026-06-15,📈 TĂNG,60.6%,HIGH,2026-06-16,📈 TĂNG,59.7%,HIGH,2026-06-17,📈 TĂNG,58.9%,HIGH,2026-06-18,📈 TĂNG,58.1%,HIGH,2026-06-19,📈 TĂNG,57.3%,HIGH,2026-06-22,📈 TĂNG,56.5%,HIGH,2026-06-23,📈 TĂNG,55.7%,HIGH,2026-06-24,📈 TĂNG,54.9%,HIGH
XPH,2026-06-03,2026-06-04,📉 GIẢM,46.5%,LOW,2026-06-05,📉 GIẢM,46.7%,LOW,2026-06-08,📉 GIẢM,46.8%,LOW,2026-06-09,📉 GIẢM,47.0%,LOW,2026-06-10,📉 GIẢM,47.2%,LOW,2026-06-11,📉 GIẢM,47.4%,LOW,2026-06-12,📉 GIẢM,47.5%,LOW,2026-06-15,📉 GIẢM,47.7%,LOW,2026-06-16,📉 GIẢM,47.9%,LOW,2026-06-17,📉 GIẢM,48.1%,LOW,2026-06-18,📉 GIẢM,48.2%,HIGH,2026-06-19,📉 GIẢM,48.4%,HIGH,2026-06-22,📉 GIẢM,48.6%,HIGH,2026-06-23,📉 GIẢM,48.8%,HIGH,2026-06-24,📉 GIẢM,48.9%,HIGH
A32,2026-06-03,2026-06-04,📉 GIẢM,20.8%,HIGH,2026-06-05,📉 GIẢM,22.2%,HIGH,2026-06-08,📉 GIẢM,23.7%,HIGH,2026-06-09,📉 GIẢM,25.1%,HIGH,2026-06-10,📉 GIẢM,26.6%,HIGH,2026-06-11,📉 GIẢM,28.5%,HIGH,2026-06-12,📉 GIẢM,30.0%,HIGH,2026-06-15,📉 GIẢM,31.4%,HIGH,2026-06-16,📉 GIẢM,32.8%,HIGH,2026-06-17,📉 GIẢM,34.3%,HIGH,2026-06-18,📉 GIẢM,35.7%,HIGH,2026-06-19,📉 GIẢM,37.2%,HIGH,2026-06-22,📉 GIẢM,38.6%,HIGH,2026-06-23,📉 GIẢM,40.0%,HIGH,2026-06-24,📉 GIẢM,41.4%,HIGH
ACE,2026-06-03,2026-06-04,📉 GIẢM,28.3%,HIGH,2026-06-05,📉 GIẢM,30.8%,HIGH,2026-06-08,📉 GIẢM,31.8%,HIGH,2026-06-09,📉 GIẢM,32.8%,HIGH,2026-06-10,📉 GIẢM,33.8%,HIGH,2026-06-11,📉 GIẢM,34.8%,HIGH,2026-06-12,📉 GIẢM,35.9%,HIGH,2026-06-15,📉 GIẢM,36.9%,HIGH,2026-06-16,📉 GIẢM,37.9%,HIGH,2026-06-17,📉 GIẢM,38.9%,HIGH,2026-06-18,📉 GIẢM,39.9%,HIGH,2026-06-19,📉 GIẢM,40.9%,HIGH,2026-06-22,📉 GIẢM,41.9%,HIGH,2026-06-23,📉 GIẢM,42.9%,HIGH,2026-06-24,📉 GIẢM,43.9%,HIGH
VRE,2026-06-03,2026-06-04,📈 TĂNG,56.1%,LOW,2026-06-05,📈 TĂNG,55.8%,LOW,2026-06-08,📈 TĂNG,55.5%,LOW,2026-06-09,📈 TĂNG,55.2%,LOW,2026-06-10,📈 TĂNG,54.9%,LOW,2026-06-11,📈 TĂNG,54.5%,LOW,2026-06-12,📈 TĂNG,54.2%,LOW,2026-06-15,📈 TĂNG,53.9%,LOW,2026-06-16,📈 TĂNG,53.6%,LOW,2026-06-17,📈 TĂNG,53.3%,HIGH,2026-06-18,📈 TĂNG,53.0%,HIGH,2026-06-19,📈 TĂNG,52.7%,HIGH,2026-06-22,📈 TĂNG,52.4%,HIGH,2026-06-23,📈 TĂNG,52.1%,HIGH,2026-06-24,📈 TĂNG,51.8%,HIGH
BAB,2026-06-03,2026-06-04,📉 GIẢM,22.5%,HIGH,2026-06-05,📉 GIẢM,23.9%,HIGH,2026-06-08,📉 GIẢM,25.3%,HIGH,2026-06-09,📉 GIẢM,26.7%,HIGH,2026-06-10,📉 GIẢM,28.0%,HIGH,2026-06-11,📉 GIẢM,29.4%,HIGH,2026-06-12,📉 GIẢM,30.8%,HIGH,2026-06-15,📉 GIẢM,32.2%,HIGH,2026-06-16,📉 GIẢM,33.6%,HIGH,2026-06-17,📉 GIẢM,35.0%,HIGH,2026-06-18,📉 GIẢM,36.4%,HIGH,2026-06-19,📉 GIẢM,37.7%,HIGH,2026-06-22,📉 GIẢM,39.1%,HIGH,2026-06-23,📉 GIẢM,40.5%,HIGH,2026-06-24,📉 GIẢM,41.8%,HIGH
TT6,2026-06-03,2026-06-04,📉 GIẢM,26.8%,HIGH,2026-06-05,📉 GIẢM,28.6%,HIGH,2026-06-08,📉 GIẢM,29.7%,HIGH,2026-06-09,📉 GIẢM,30.9%,HIGH,2026-06-10,📉 GIẢM,32.0%,HIGH,2026-06-11,📉 GIẢM,33.1%,HIGH,2026-06-12,📉 GIẢM,34.2%,HIGH,2026-06-15,📉 GIẢM,35.8%,HIGH,2026-06-16,📉 GIẢM,36.9%,HIGH,2026-06-17,📉 GIẢM,38.0%,HIGH,2026-06-18,📉 GIẢM,39.3%,HIGH,2026-06-19,📉 GIẢM,40.4%,HIGH,2026-06-22,📉 GIẢM,41.4%,HIGH,2026-06-23,📉 GIẢM,42.5%,HIGH,2026-06-24,📉 GIẢM,43.6%,HIGH
TIS,2026-06-03,2026-06-04,📈 TĂNG,53.9%,LOW,2026-06-05,📈 TĂNG,53.7%,LOW,2026-06-08,📈 TĂNG,53.9%,LOW,2026-06-09,📈 TĂNG,53.7%,LOW,2026-06-10,📈 TĂNG,53.1%,LOW,2026-06-11,📈 TĂNG,52.9%,LOW,2026-06-12,📈 TĂNG,52.7%,LOW,2026-06-15,📈 TĂNG,52.5%,LOW,2026-06-16,📈 TĂNG,52.3%,LOW,2026-06-17,📈 TĂNG,52.1%,HIGH,2026-06-18,📈 TĂNG,51.9%,HIGH,2026-06-19,📈 TĂNG,51.8%,HIGH,2026-06-22,📈 TĂNG,51.6%,HIGH,2026-06-23,📈 TĂNG,51.4%,HIGH,2026-06-24,📈 TĂNG,51.2%,HIGH
PLA,2026-06-03,2026-06-04,📈 TĂNG,53.2%,LOW,2026-06-05,📉 GIẢM,45.5%,LOW,2026-06-08,📈 TĂNG,52.9%,LOW,2026-06-09,📉 GIẢM,45.9%,LOW,2026-06-10,📈 TĂNG,52.5%,LOW,2026-06-11,📉 GIẢM,46.4%,LOW,2026-06-12,📈 TĂNG,52.2%,LOW,2026-06-15,📉 GIẢM,46.9%,LOW,2026-06-16,📈 TĂNG,51.9%,LOW,2026-06-17,📉 GIẢM,47.4%,HIGH,2026-06-18,📈 TĂNG,51.6%,HIGH,2026-06-19,📉 GIẢM,47.8%,HIGH,2026-06-22,📈 TĂNG,51.3%,HIGH,2026-06-23,📉 GIẢM,48.3%,HIGH,2026-06-24,📈 TĂNG,51.0%,HIGH
PLX,2026-06-03,2026-06-04,📉 GIẢM,49.2%,LOW,2026-06-05,📉 GIẢM,49.3%,LOW,2026-06-08,📉 GIẢM,49.3%,LOW,2026-06-09,📉 GIẢM,49.3%,LOW,2026-06-10,📉 GIẢM,49.4%,LOW,2026-06-11,📉 GIẢM,49.4%,LOW,2026-06-12,📉 GIẢM,49.5%,LOW,2026-06-15,📉 GIẢM,49.5%,LOW,2026-06-16,📉 GIẢM,49.5%,LOW,2026-06-17,📉 GIẢM,49.6%,LOW,2026-06-18,📉 GIẢM,49.6%,HIGH,2026-06-19,📉 GIẢM,49.6%,HIGH,2026-06-22,📉 GIẢM,49.7%,HIGH,2026-06-23,📉 GIẢM,49.7%,HIGH,2026-06-24,📉 GIẢM,49.8%,HIGH
PPC,2026-06-03,2026-06-04,📉 GIẢM,47.5%,LOW,2026-06-05,📉 GIẢM,47.6%,LOW,2026-06-08,📉 GIẢM,47.7%,LOW,2026-06-09,📉 GIẢM,47.8%,LOW,2026-06-10,📉 GIẢM,48.0%,LOW,2026-06-11,📉 GIẢM,48.1%,LOW,2026-06-12,📉 GIẢM,48.2%,LOW,2026-06-15,📉 GIẢM,48.3%,LOW,2026-06-16,📉 GIẢM,48.5%,LOW,2026-06-17,📉 GIẢM,48.6%,LOW,2026-06-18,📉 GIẢM,48.6%,HIGH,2026-06-19,📉 GIẢM,48.8%,HIGH,2026-06-22,📉 GIẢM,48.9%,HIGH,2026-06-23,📉 GIẢM,49.0%,HIGH,2026-06-24,📉 GIẢM,49.3%,HIGH
PV2,2026-06-03,2026-06-04,📉 GIẢM,22.9%,HIGH,2026-06-05,📉 GIẢM,23.9%,HIGH,2026-06-08,📉 GIẢM,25.3%,HIGH,2026-06-09,📉 GIẢM,26.7%,HIGH,2026-06-10,📉 GIẢM,28.0%,HIGH,2026-06-11,📉 GIẢM,29.4%,HIGH,2026-06-12,📉 GIẢM,30.8%,HIGH,2026-06-15,📉 GIẢM,32.1%,HIGH,2026-06-16,📉 GIẢM,33.7%,HIGH,2026-06-17,📉 GIẢM,35.1%,HIGH,2026-06-18,📉 GIẢM,36.4%,HIGH,2026-06-19,📉 GIẢM,37.8%,HIGH,2026-06-22,📉 GIẢM,39.1%,HIGH,2026-06-23,📉 GIẢM,40.5%,HIGH,2026-06-24,📉 GIẢM,41.9%,HIGH
PVD,2026-06-03,2026-06-04,📉 GIẢM,29.4%,HIGH,2026-06-05,📉 GIẢM,31.4%,HIGH,2026-06-08,📉 GIẢM,32.3%,HIGH,2026-06-09,📉 GIẢM,33.3%,HIGH,2026-06-10,📉 GIẢM,34.3%,HIGH,2026-06-11,📉 GIẢM,35.2%,HIGH,2026-06-12,📉 GIẢM,36.2%,HIGH,2026-06-15,📉 GIẢM,37.2%,HIGH,2026-06-16,📉 GIẢM,38.2%,HIGH,2026-06-17,📉 GIẢM,39.2%,HIGH,2026-06-18,📉 GIẢM,40.2%,HIGH,2026-06-19,📉 GIẢM,41.1%,HIGH,2026-06-22,📉 GIẢM,42.1%,HIGH,2026-06-23,📉 GIẢM,43.1%,HIGH,2026-06-24,📉 GIẢM,44.1%,HIGH
PVO,2026-06-03,2026-06-04,📉 GIẢM,39.3%,MEDIUM,2026-06-05,📉 GIẢM,39.8%,MEDIUM,2026-06-08,📉 GIẢM,40.4%,LOW,2026-06-09,📉 GIẢM,40.9%,LOW,2026-06-10,📉 GIẢM,41.4%,LOW,2026-06-11,📉 GIẢM,42.0%,LOW,2026-06-12,📉 GIẢM,42.5%,LOW,2026-06-15,📉 GIẢM,43.0%,HIGH,2026-06-16,📉 GIẢM,43.6%,HIGH,2026-06-17,📉 GIẢM,44.1%,HIGH,2026-06-18,📉 GIẢM,44.6%,HIGH,2026-06-19,📉 GIẢM,45.2%,HIGH,2026-06-22,📉 GIẢM,45.7%,HIGH,2026-06-23,📉 GIẢM,46.3%,HIGH,2026-06-24,📉 GIẢM,46.8%,HIGH
SAV,2026-06-03,2026-06-04,📉 GIẢM,36.7%,MEDIUM,2026-06-05,📉 GIẢM,40.0%,MEDIUM,2026-06-08,📉 GIẢM,40.5%,LOW,2026-06-09,📉 GIẢM,41.0%,LOW,2026-06-10,📉 GIẢM,41.5%,LOW,2026-06-11,📉 GIẢM,42.1%,LOW,2026-06-12,📉 GIẢM,42.6%,LOW,2026-06-15,📉 GIẢM,42.8%,HIGH,2026-06-16,📉 GIẢM,43.4%,HIGH,2026-06-17,📉 GIẢM,43.9%,HIGH,2026-06-18,📉 GIẢM,44.5%,HIGH,2026-06-19,📉 GIẢM,45.0%,HIGH,2026-06-22,📉 GIẢM,45.6%,HIGH,2026-06-23,📉 GIẢM,46.1%,HIGH,2026-06-24,📉 GIẢM,46.7%,HIGH
SED,2026-06-03,2026-06-04,📉 GIẢM,48.3%,LOW,2026-06-05,📉 GIẢM,48.2%,LOW,2026-06-08,📉 GIẢM,48.3%,LOW,2026-06-09,📉 GIẢM,48.4%,LOW,2026-06-10,📉 GIẢM,48.5%,LOW,2026-06-11,📉 GIẢM,48.6%,LOW,2026-06-12,📉 GIẢM,48.7%,LOW,2026-06-15,📉 GIẢM,48.8%,LOW,2026-06-16,📉 GIẢM,48.9%,LOW,2026-06-17,📉 GIẢM,49.0%,LOW,2026-06-18,📉 GIẢM,49.1%,HIGH,2026-06-19,📉 GIẢM,49.2%,HIGH,2026-06-22,📉 GIẢM,49.3%,HIGH,2026-06-23,📉 GIẢM,49.4%,HIGH,2026-06-24,📉 GIẢM,49.4%,HIGH
TRA,2026-06-03,2026-06-04,📉 GIẢM,33.4%,MEDIUM,2026-06-05,📉 GIẢM,33.6%,MEDIUM,2026-06-08,📉 GIẢM,34.5%,MEDIUM,2026-06-09,📉 GIẢM,35.4%,HIGH,2026-06-10,📉 GIẢM,36.3%,HIGH,2026-06-11,📉 GIẢM,37.1%,HIGH,2026-06-12,📉 GIẢM,38.0%,HIGH,2026-06-15,📉 GIẢM,38.9%,HIGH,2026-06-16,📉 GIẢM,39.7%,HIGH,2026-06-17,📉 GIẢM,40.6%,HIGH,2026-06-18,📉 GIẢM,41.4%,HIGH,2026-06-19,📉 GIẢM,42.3%,HIGH,2026-06-22,📉 GIẢM,43.1%,HIGH,2026-06-23,📉 GIẢM,44.0%,HIGH,2026-06-24,📉 GIẢM,44.9%,HIGH
SGC,2026-06-03,2026-06-04,📉 GIẢM,28.8%,HIGH,2026-06-05,📉 GIẢM,29.8%,HIGH,2026-06-08,📉 GIẢM,30.9%,HIGH,2026-06-09,📉 GIẢM,31.9%,HIGH,2026-06-10,📉 GIẢM,33.0%,HIGH,2026-06-11,📉 GIẢM,34.1%,HIGH,2026-06-12,📉 GIẢM,35.1%,HIGH,2026-06-15,📉 GIẢM,36.2%,HIGH,2026-06-16,📉 GIẢM,37.3%,HIGH,2026-06-17,📉 GIẢM,38.3%,HIGH,2026-06-18,📉 GIẢM,39.4%,HIGH,2026-06-19,📉 GIẢM,40.4%,HIGH,2026-06-22,📉 GIẢM,41.5%,HIGH,2026-06-23,📉 GIẢM,42.6%,HIGH,2026-06-24,📉 GIẢM,43.9%,HIGH
SHN,2026-06-03,2026-06-04,📉 GIẢM,37.4%,MEDIUM,2026-06-05,📉 GIẢM,38.0%,MEDIUM,2026-06-08,📉 GIẢM,38.6%,MEDIUM,2026-06-09,📉 GIẢM,39.3%,MEDIUM,2026-06-10,📉 GIẢM,39.9%,MEDIUM,2026-06-11,📉 GIẢM,40.5%,LOW,2026-06-12,📉 GIẢM,41.2%,HIGH,2026-06-15,📉 GIẢM,41.8%,HIGH,2026-06-16,📉 GIẢM,42.5%,HIGH,2026-06-17,📉 GIẢM,43.1%,HIGH,2026-06-18,📉 GIẢM,43.7%,HIGH,2026-06-19,📉 GIẢM,44.4%,HIGH,2026-06-22,📉 GIẢM,45.0%,HIGH,2026-06-23,📉 GIẢM,45.6%,HIGH,2026-06-24,📉 GIẢM,46.2%,HIGH
SHS,2026-06-03,2026-06-04,📉 GIẢM,36.9%,MEDIUM,2026-06-05,📉 GIẢM,37.6%,MEDIUM,2026-06-08,📉 GIẢM,38.2%,MEDIUM,2026-06-09,📉 GIẢM,38.9%,MEDIUM,2026-06-10,📉 GIẢM,39.5%,MEDIUM,2026-06-11,📉 GIẢM,40.2%,LOW,2026-06-12,📉 GIẢM,40.8%,HIGH,2026-06-15,📉 GIẢM,41.5%,HIGH,2026-06-16,📉 GIẢM,42.2%,HIGH,2026-06-17,📉 GIẢM,42.8%,HIGH,2026-06-18,📉 GIẢM,43.5%,HIGH,2026-06-19,📉 GIẢM,44.1%,HIGH,2026-06-22,📉 GIẢM,44.8%,HIGH,2026-06-23,📉 GIẢM,45.4%,HIGH,2026-06-24,📉 GIẢM,46.1%,HIGH
SJE,2026-06-03,2026-06-04,📉 GIẢM,44.9%,LOW,2026-06-05,📉 GIẢM,45.1%,LOW,2026-06-08,📉 GIẢM,45.4%,LOW,2026-06-09,📉 GIẢM,45.7%,LOW,2026-06-10,📉 GIẢM,45.9%,LOW,2026-06-11,📉 GIẢM,45.9%,LOW,2026-06-12,📉 GIẢM,46.2%,LOW,2026-06-15,📉 GIẢM,46.4%,LOW,2026-06-16,📉 GIẢM,46.7%,LOW,2026-06-17,📉 GIẢM,47.0%,HIGH,2026-06-18,📉 GIẢM,47.3%,HIGH,2026-06-19,📉 GIẢM,47.5%,HIGH,2026-06-22,📉 GIẢM,47.8%,HIGH,2026-06-23,📉 GIẢM,48.1%,HIGH,2026-06-24,📉 GIẢM,48.4%,HIGH
SMA,2026-06-03,2026-06-04,📈 TĂNG,58.4%,LOW,2026-06-05,📈 TĂNG,58.0%,LOW,2026-06-08,📈 TĂNG,57.6%,LOW,2026-06-09,📈 TĂNG,57.1%,LOW,2026-06-10,📈 TĂNG,56.7%,LOW,2026-06-11,📈 TĂNG,56.3%,LOW,2026-06-12,📈 TĂNG,55.9%,LOW,2026-06-15,📈 TĂNG,55.5%,LOW,2026-06-16,📈 TĂNG,55.0%,HIGH,2026-06-17,📈 TĂNG,54.6%,HIGH,2026-06-18,📈 TĂNG,54.2%,HIGH,2026-06-19,📈 TĂNG,53.8%,HIGH,2026-06-22,📈 TĂNG,53.4%,HIGH,2026-06-23,📈 TĂNG,52.9%,HIGH,2026-06-24,📈 TĂNG,52.5%,HIGH
SMC,2026-06-03,2026-06-04,📉 GIẢM,36.5%,MEDIUM,2026-06-05,📉 GIẢM,38.3%,MEDIUM,2026-06-08,📉 GIẢM,38.9%,MEDIUM,2026-06-09,📉 GIẢM,39.6%,MEDIUM,2026-06-10,📉 GIẢM,40.5%,LOW,2026-06-11,📉 GIẢM,41.6%,LOW,2026-06-12,📉 GIẢM,42.1%,LOW,2026-06-15,📉 GIẢM,42.7%,HIGH,2026-06-16,📉 GIẢM,43.3%,HIGH,2026-06-17,📉 GIẢM,44.2%,HIGH,2026-06-18,📉 GIẢM,44.8%,HIGH,2026-06-19,📉 GIẢM,45.3%,HIGH,2026-06-22,📉 GIẢM,45.8%,HIGH,2026-06-23,📉 GIẢM,46.3%,HIGH,2026-06-24,📉 GIẢM,46.9%,HIGH
STH,2026-06-03,2026-06-04,📉 GIẢM,40.1%,LOW,2026-06-05,📉 GIẢM,40.6%,LOW,2026-06-08,📉 GIẢM,41.1%,LOW,2026-06-09,📉 GIẢM,41.5%,LOW,2026-06-10,📉 GIẢM,42.0%,LOW,2026-06-11,📉 GIẢM,42.5%,LOW,2026-06-12,📉 GIẢM,43.0%,LOW,2026-06-15,📉 GIẢM,43.5%,HIGH,2026-06-16,📉 GIẢM,44.0%,HIGH,2026-06-17,📉 GIẢM,44.5%,HIGH,2026-06-18,📉 GIẢM,45.0%,HIGH,2026-06-19,📉 GIẢM,45.5%,HIGH,2026-06-22,📉 GIẢM,46.0%,HIGH,2026-06-23,📉 GIẢM,46.5%,HIGH,2026-06-24,📉 GIẢM,47.0%,HIGH
SVD,2026-06-03,2026-06-04,📉 GIẢM,47.3%,LOW,2026-06-05,📉 GIẢM,47.5%,LOW,2026-06-08,📉 GIẢM,47.6%,LOW,2026-06-09,📉 GIẢM,47.7%,LOW,2026-06-10,📉 GIẢM,47.9%,LOW,2026-06-11,📉 GIẢM,48.0%,LOW,2026-06-12,📉 GIẢM,48.1%,LOW,2026-06-15,📉 GIẢM,48.3%,LOW,2026-06-16,📉 GIẢM,48.4%,LOW,2026-06-17,📉 GIẢM,48.5%,LOW,2026-06-18,📉 GIẢM,48.7%,HIGH,2026-06-19,📉 GIẢM,48.8%,HIGH,2026-06-22,📉 GIẢM,48.9%,HIGH,2026-06-23,📉 GIẢM,48.4%,HIGH,2026-06-24,📉 GIẢM,48.6%,HIGH
SWC,2026-06-03,2026-06-04,📉 GIẢM,23.3%,HIGH,2026-06-05,📉 GIẢM,24.6%,HIGH,2026-06-08,📉 GIẢM,26.0%,HIGH,2026-06-09,📉 GIẢM,27.3%,HIGH,2026-06-10,📉 GIẢM,28.6%,HIGH,2026-06-11,📉 GIẢM,30.0%,HIGH,2026-06-12,📉 GIẢM,31.3%,HIGH,2026-06-15,📉 GIẢM,32.6%,HIGH,2026-06-16,📉 GIẢM,34.0%,HIGH,2026-06-17,📉 GIẢM,35.3%,HIGH,2026-06-18,📉 GIẢM,36.6%,HIGH,2026-06-19,📉 GIẢM,38.0%,HIGH,2026-06-22,📉 GIẢM,39.3%,HIGH,2026-06-23,📉 GIẢM,40.6%,HIGH,2026-06-24,📉 GIẢM,42.0%,HIGH
DMN,2026-06-03,2026-06-04,📉 GIẢM,27.4%,HIGH,2026-06-05,📉 GIẢM,28.5%,HIGH,2026-06-08,📉 GIẢM,29.6%,HIGH,2026-06-09,📉 GIẢM,30.8%,HIGH,2026-06-10,📉 GIẢM,31.9%,HIGH,2026-06-11,📉 GIẢM,33.0%,HIGH,2026-06-12,📉 GIẢM,34.2%,HIGH,2026-06-15,📉 GIẢM,35.3%,HIGH,2026-06-16,📉 GIẢM,36.4%,HIGH,2026-06-17,📉 GIẢM,37.6%,HIGH,2026-06-18,📉 GIẢM,38.7%,HIGH,2026-06-19,📉 GIẢM,39.8%,HIGH,2026-06-22,📉 GIẢM,41.0%,HIGH,2026-06-23,📉 GIẢM,42.1%,HIGH,2026-06-24,📉 GIẢM,43.2%,HIGH
TCM,2026-06-03,2026-06-04,📉 GIẢM,39.8%,MEDIUM,2026-06-05,📉 GIẢM,41.6%,LOW,2026-06-08,📉 GIẢM,42.0%,LOW,2026-06-09,📉 GIẢM,42.4%,LOW,2026-06-10,📉 GIẢM,42.9%,LOW,2026-06-11,📉 GIẢM,43.3%,LOW,2026-06-12,📉 GIẢM,43.8%,LOW,2026-06-15,📉 GIẢM,44.2%,LOW,2026-06-16,📉 GIẢM,44.7%,HIGH,2026-06-17,📉 GIẢM,45.1%,HIGH,2026-06-18,📉 GIẢM,45.6%,HIGH,2026-06-19,📉 GIẢM,46.0%,HIGH,2026-06-22,📉 GIẢM,46.4%,HIGH,2026-06-23,📉 GIẢM,46.9%,HIGH,2026-06-24,📉 GIẢM,47.3%,HIGH
TDT,2026-06-03,2026-06-04,📉 GIẢM,31.2%,MEDIUM,2026-06-05,📉 GIẢM,32.2%,MEDIUM,2026-06-08,📉 GIẢM,33.2%,HIGH,2026-06-09,📉 GIẢM,34.3%,HIGH,2026-06-10,📉 GIẢM,35.7%,HIGH,2026-06-11,📉 GIẢM,36.6%,HIGH,2026-06-12,📉 GIẢM,37.5%,HIGH,2026-06-15,📉 GIẢM,38.4%,HIGH,2026-06-16,📉 GIẢM,39.3%,HIGH,2026-06-17,📉 GIẢM,40.2%,HIGH,2026-06-18,📉 GIẢM,41.1%,HIGH,2026-06-19,📉 GIẢM,42.0%,HIGH,2026-06-22,📉 GIẢM,42.9%,HIGH,2026-06-23,📉 GIẢM,43.8%,HIGH,2026-06-24,📉 GIẢM,44.7%,HIGH
DRC,2026-06-03,2026-06-04,📈 TĂNG,54.4%,LOW,2026-06-05,📈 TĂNG,51.9%,LOW,2026-06-08,📈 TĂNG,51.8%,LOW,2026-06-09,📈 TĂNG,51.7%,LOW,2026-06-10,📈 TĂNG,51.6%,LOW,2026-06-11,📈 TĂNG,51.7%,LOW,2026-06-12,📈 TĂNG,51.6%,LOW,2026-06-15,📈 TĂNG,51.5%,LOW,2026-06-16,📈 TĂNG,51.4%,LOW,2026-06-17,📈 TĂNG,51.3%,LOW,2026-06-18,📈 TĂNG,51.1%,HIGH,2026-06-19,📈 TĂNG,51.0%,HIGH,2026-06-22,📈 TĂNG,50.9%,HIGH,2026-06-23,📈 TĂNG,50.8%,HIGH,2026-06-24,📈 TĂNG,50.7%,HIGH
PIT,2026-06-03,2026-06-04,📉 GIẢM,36.7%,MEDIUM,2026-06-05,📉 GIẢM,37.4%,MEDIUM,2026-06-08,📉 GIẢM,38.0%,MEDIUM,2026-06-09,📉 GIẢM,38.7%,MEDIUM,2026-06-10,📉 GIẢM,39.3%,MEDIUM,2026-06-11,📉 GIẢM,40.0%,HIGH,2026-06-12,📉 GIẢM,40.7%,HIGH,2026-06-15,📉 GIẢM,41.3%,HIGH,2026-06-16,📉 GIẢM,42.0%,HIGH,2026-06-17,📉 GIẢM,42.7%,HIGH,2026-06-18,📉 GIẢM,43.3%,HIGH,2026-06-19,📉 GIẢM,44.0%,HIGH,2026-06-22,📉 GIẢM,44.7%,HIGH,2026-06-23,📉 GIẢM,45.3%,HIGH,2026-06-24,📉 GIẢM,46.0%,HIGH
PGB,2026-06-03,2026-06-04,📉 GIẢM,30.4%,MEDIUM,2026-06-05,📉 GIẢM,31.4%,HIGH,2026-06-08,📉 GIẢM,32.4%,HIGH,2026-06-09,📉 GIẢM,33.4%,HIGH,2026-06-10,📉 GIẢM,34.3%,HIGH,2026-06-11,📉 GIẢM,35.3%,HIGH,2026-06-12,📉 GIẢM,36.3%,HIGH,2026-06-15,📉 GIẢM,37.3%,HIGH,2026-06-16,📉 GIẢM,38.3%,HIGH,2026-06-17,📉 GIẢM,39.2%,HIGH,2026-06-18,📉 GIẢM,40.2%,HIGH,2026-06-19,📉 GIẢM,41.2%,HIGH,2026-06-22,📉 GIẢM,42.2%,HIGH,2026-06-23,📉 GIẢM,43.2%,HIGH,2026-06-24,📉 GIẢM,44.1%,HIGH
BSI,2026-06-03,2026-06-04,📉 GIẢM,34.1%,MEDIUM,2026-06-05,📉 GIẢM,33.8%,MEDIUM,2026-06-08,📉 GIẢM,34.6%,MEDIUM,2026-06-09,📉 GIẢM,35.5%,HIGH,2026-06-10,📉 GIẢM,36.3%,HIGH,2026-06-11,📉 GIẢM,37.2%,HIGH,2026-06-12,📉 GIẢM,38.0%,HIGH,2026-06-15,📉 GIẢM,38.9%,HIGH,2026-06-16,📉 GIẢM,39.7%,HIGH,2026-06-17,📉 GIẢM,40.6%,HIGH,2026-06-18,📉 GIẢM,41.5%,HIGH,2026-06-19,📉 GIẢM,42.3%,HIGH,2026-06-22,📉 GIẢM,43.2%,HIGH,2026-06-23,📉 GIẢM,44.0%,HIGH,2026-06-24,📉 GIẢM,44.9%,HIGH
PGC,2026-06-03,2026-06-04,📉 GIẢM,43.2%,LOW,2026-06-05,📉 GIẢM,43.5%,LOW,2026-06-08,📉 GIẢM,43.9%,LOW,2026-06-09,📉 GIẢM,44.2%,LOW,2026-06-10,📉 GIẢM,44.6%,LOW,2026-06-11,📉 GIẢM,44.9%,LOW,2026-06-12,📉 GIẢM,45.2%,LOW,2026-06-15,📉 GIẢM,45.6%,LOW,2026-06-16,📉 GIẢM,45.9%,HIGH,2026-06-17,📉 GIẢM,46.3%,HIGH,2026-06-18,📉 GIẢM,46.6%,HIGH,2026-06-19,📉 GIẢM,46.9%,HIGH,2026-06-22,📉 GIẢM,47.2%,HIGH,2026-06-23,📉 GIẢM,47.6%,HIGH,2026-06-24,📉 GIẢM,48.0%,HIGH
PIC,2026-06-03,2026-06-04,📉 GIẢM,25.3%,HIGH,2026-06-05,📉 GIẢM,26.6%,HIGH,2026-06-08,📉 GIẢM,27.8%,HIGH,2026-06-09,📉 GIẢM,29.0%,HIGH,2026-06-10,📉 GIẢM,30.3%,HIGH,2026-06-11,📉 GIẢM,31.5%,HIGH,2026-06-12,📉 GIẢM,32.7%,HIGH,2026-06-15,📉 GIẢM,34.0%,HIGH,2026-06-16,📉 GIẢM,35.2%,HIGH,2026-06-17,📉 GIẢM,36.4%,HIGH,2026-06-18,📉 GIẢM,37.7%,HIGH,2026-06-19,📉 GIẢM,38.9%,HIGH,2026-06-22,📉 GIẢM,40.1%,HIGH,2026-06-23,📉 GIẢM,41.4%,HIGH,2026-06-24,📉 GIẢM,42.6%,HIGH
PIV,2026-06-03,2026-06-04,📉 GIẢM,40.1%,LOW,2026-06-05,📉 GIẢM,40.6%,LOW,2026-06-08,📉 GIẢM,41.1%,LOW,2026-06-09,📉 GIẢM,41.6%,LOW,2026-06-10,📉 GIẢM,42.1%,LOW,2026-06-11,📉 GIẢM,42.6%,LOW,2026-06-12,📉 GIẢM,43.1%,LOW,2026-06-15,📉 GIẢM,43.6%,HIGH,2026-06-16,📉 GIẢM,44.1%,HIGH,2026-06-17,📉 GIẢM,44.6%,HIGH,2026-06-18,📉 GIẢM,45.1%,HIGH,2026-06-19,📉 GIẢM,45.6%,HIGH,2026-06-22,📉 GIẢM,46.0%,HIGH,2026-06-23,📉 GIẢM,46.5%,HIGH,2026-06-24,📉 GIẢM,47.0%,HIGH
PNP,2026-06-03,2026-06-04,📉 GIẢM,20.3%,HIGH,2026-06-05,📉 GIẢM,21.8%,HIGH,2026-06-08,📉 GIẢM,23.3%,HIGH,2026-06-09,📉 GIẢM,24.8%,HIGH,2026-06-10,📉 GIẢM,26.2%,HIGH,2026-06-11,📉 GIẢM,27.7%,HIGH,2026-06-12,📉 GIẢM,29.2%,HIGH,2026-06-15,📉 GIẢM,30.7%,HIGH,2026-06-16,📉 GIẢM,32.2%,HIGH,2026-06-17,📉 GIẢM,33.8%,HIGH,2026-06-18,📉 GIẢM,35.2%,HIGH,2026-06-19,📉 GIẢM,36.7%,HIGH,2026-06-22,📉 GIẢM,38.2%,HIGH,2026-06-23,📉 GIẢM,39.7%,HIGH,2026-06-24,📉 GIẢM,41.1%,HIGH
PTC,2026-06-03,2026-06-04,📉 GIẢM,49.5%,LOW,2026-06-05,📉 GIẢM,49.5%,LOW,2026-06-08,📉 GIẢM,49.5%,LOW,2026-06-09,📉 GIẢM,49.5%,LOW,2026-06-10,📉 GIẢM,49.6%,LOW,2026-06-11,📉 GIẢM,49.6%,LOW,2026-06-12,📉 GIẢM,49.6%,LOW,2026-06-15,📉 GIẢM,49.6%,LOW,2026-06-16,📉 GIẢM,49.7%,LOW,2026-06-17,📉 GIẢM,49.7%,LOW,2026-06-18,📉 GIẢM,49.7%,HIGH,2026-06-19,📉 GIẢM,49.8%,HIGH,2026-06-22,📉 GIẢM,49.8%,HIGH,2026-06-23,📉 GIẢM,49.8%,HIGH,2026-06-24,📉 GIẢM,49.8%,HIGH
PTS,2026-06-03,2026-06-04,📉 GIẢM,21.2%,HIGH,2026-06-05,📉 GIẢM,23.4%,HIGH,2026-06-08,📉 GIẢM,25.0%,HIGH,2026-06-09,📉 GIẢM,26.4%,HIGH,2026-06-10,📉 GIẢM,27.8%,HIGH,2026-06-11,📉 GIẢM,29.2%,HIGH,2026-06-12,📉 GIẢM,30.6%,HIGH,2026-06-15,📉 GIẢM,31.9%,HIGH,2026-06-16,📉 GIẢM,33.3%,HIGH,2026-06-17,📉 GIẢM,34.7%,HIGH,2026-06-18,📉 GIẢM,36.1%,HIGH,2026-06-19,📉 GIẢM,37.5%,HIGH,2026-06-22,📉 GIẢM,38.9%,HIGH,2026-06-23,📉 GIẢM,40.3%,HIGH,2026-06-24,📉 GIẢM,41.8%,HIGH
SBB,2026-06-03,2026-06-04,📉 GIẢM,21.1%,HIGH,2026-06-05,📉 GIẢM,22.5%,HIGH,2026-06-08,📉 GIẢM,24.0%,HIGH,2026-06-09,📉 GIẢM,25.4%,HIGH,2026-06-10,📉 GIẢM,26.9%,HIGH,2026-06-11,📉 GIẢM,28.3%,HIGH,2026-06-12,📉 GIẢM,29.8%,HIGH,2026-06-15,📉 GIẢM,31.2%,HIGH,2026-06-16,📉 GIẢM,32.6%,HIGH,2026-06-17,📉 GIẢM,34.1%,HIGH,2026-06-18,📉 GIẢM,35.5%,HIGH,2026-06-19,📉 GIẢM,37.0%,HIGH,2026-06-22,📉 GIẢM,38.4%,HIGH,2026-06-23,📉 GIẢM,39.9%,HIGH,2026-06-24,📉 GIẢM,41.3%,HIGH
SBH,2026-06-03,2026-06-04,📉 GIẢM,41.0%,LOW,2026-06-05,📉 GIẢM,41.5%,LOW,2026-06-08,📉 GIẢM,41.9%,LOW,2026-06-09,📉 GIẢM,42.4%,LOW,2026-06-10,📉 GIẢM,42.8%,LOW,2026-06-11,📉 GIẢM,43.3%,LOW,2026-06-12,📉 GIẢM,43.7%,LOW,2026-06-15,📉 GIẢM,44.2%,LOW,2026-06-16,📉 GIẢM,44.7%,HIGH,2026-06-17,📉 GIẢM,45.2%,HIGH,2026-06-18,📉 GIẢM,45.6%,HIGH,2026-06-19,📉 GIẢM,46.1%,HIGH,2026-06-22,📉 GIẢM,46.5%,HIGH,2026-06-23,📉 GIẢM,46.9%,HIGH,2026-06-24,📉 GIẢM,47.4%,HIGH
SCG,2026-06-03,2026-06-04,📉 GIẢM,39.2%,MEDIUM,2026-06-05,📉 GIẢM,39.6%,MEDIUM,2026-06-08,📉 GIẢM,40.1%,LOW,2026-06-09,📉 GIẢM,40.7%,LOW,2026-06-10,📉 GIẢM,40.9%,LOW,2026-06-11,📉 GIẢM,41.5%,LOW,2026-06-12,📉 GIẢM,42.1%,LOW,2026-06-15,📉 GIẢM,42.9%,HIGH,2026-06-16,📉 GIẢM,43.5%,HIGH,2026-06-17,📉 GIẢM,44.0%,HIGH,2026-06-18,📉 GIẢM,44.5%,HIGH,2026-06-19,📉 GIẢM,45.1%,HIGH,2026-06-22,📉 GIẢM,45.8%,HIGH,2026-06-23,📉 GIẢM,46.3%,HIGH,2026-06-24,📉 GIẢM,46.3%,HIGH
MTA,2026-06-03,2026-06-04,📈 TĂNG,54.6%,LOW,2026-06-05,📈 TĂNG,54.5%,LOW,2026-06-08,📈 TĂNG,54.3%,LOW,2026-06-09,📈 TĂNG,53.6%,LOW,2026-06-10,📈 TĂNG,53.4%,LOW,2026-06-11,📈 TĂNG,53.2%,LOW,2026-06-12,📈 TĂNG,53.0%,LOW,2026-06-15,📈 TĂNG,52.8%,LOW,2026-06-16,📈 TĂNG,52.6%,LOW,2026-06-17,📈 TĂNG,52.4%,HIGH,2026-06-18,📈 TĂNG,52.1%,HIGH,2026-06-19,📈 TĂNG,51.9%,HIGH,2026-06-22,📈 TĂNG,51.7%,HIGH,2026-06-23,📈 TĂNG,51.5%,HIGH,2026-06-24,📈 TĂNG,51.3%,HIGH
SD9,2026-06-03,2026-06-04,📉 GIẢM,27.1%,HIGH,2026-06-05,📉 GIẢM,28.0%,HIGH,2026-06-08,📉 GIẢM,29.2%,HIGH,2026-06-09,📉 GIẢM,30.4%,HIGH,2026-06-10,📉 GIẢM,31.5%,HIGH,2026-06-11,📉 GIẢM,32.7%,HIGH,2026-06-12,📉 GIẢM,33.8%,HIGH,2026-06-15,📉 GIẢM,35.0%,HIGH,2026-06-16,📉 GIẢM,36.1%,HIGH,2026-06-17,📉 GIẢM,37.4%,HIGH,2026-06-18,📉 GIẢM,38.6%,HIGH,2026-06-19,📉 GIẢM,39.7%,HIGH,2026-06-22,📉 GIẢM,40.9%,HIGH,2026-06-23,📉 GIẢM,42.0%,HIGH,2026-06-24,📉 GIẢM,43.2%,HIGH
TD6,2026-06-03,2026-06-04,📉 GIẢM,21.3%,HIGH,2026-06-05,📉 GIẢM,23.7%,HIGH,2026-06-08,📉 GIẢM,25.1%,HIGH,2026-06-09,📉 GIẢM,26.4%,HIGH,2026-06-10,📉 GIẢM,27.8%,HIGH,2026-06-11,📉 GIẢM,29.2%,HIGH,2026-06-12,📉 GIẢM,30.6%,HIGH,2026-06-15,📉 GIẢM,32.0%,HIGH,2026-06-16,📉 GIẢM,33.4%,HIGH,2026-06-17,📉 GIẢM,34.8%,HIGH,2026-06-18,📉 GIẢM,36.1%,HIGH,2026-06-19,📉 GIẢM,37.5%,HIGH,2026-06-22,📉 GIẢM,38.9%,HIGH,2026-06-23,📉 GIẢM,40.3%,HIGH,2026-06-24,📉 GIẢM,41.7%,HIGH
BHI,2026-06-03,2026-06-04,📈 TĂNG,52.5%,LOW,2026-06-05,📈 TĂNG,52.8%,LOW,2026-06-08,📈 TĂNG,52.7%,LOW,2026-06-09,📈 TĂNG,52.5%,LOW,2026-06-10,📈 TĂNG,52.4%,LOW,2026-06-11,📈 TĂNG,52.2%,LOW,2026-06-12,📈 TĂNG,51.8%,LOW,2026-06-15,📈 TĂNG,51.8%,LOW,2026-06-16,📈 TĂNG,51.6%,LOW,2026-06-17,📈 TĂNG,51.5%,LOW,2026-06-18,📈 TĂNG,51.4%,HIGH,2026-06-19,📈 TĂNG,51.2%,HIGH,2026-06-22,📈 TĂNG,51.1%,HIGH,2026-06-23,📈 TĂNG,51.0%,HIGH,2026-06-24,📈 TĂNG,50.8%,HIGH
TLD,2026-06-03,2026-06-04,📉 GIẢM,32.8%,MEDIUM,2026-06-05,📉 GIẢM,34.7%,MEDIUM,2026-06-08,📉 GIẢM,35.5%,MEDIUM,2026-06-09,📉 GIẢM,36.3%,MEDIUM,2026-06-10,📉 GIẢM,37.1%,HIGH,2026-06-11,📉 GIẢM,37.9%,HIGH,2026-06-12,📉 GIẢM,38.7%,HIGH,2026-06-15,📉 GIẢM,39.5%,HIGH,2026-06-16,📉 GIẢM,40.3%,HIGH,2026-06-17,📉 GIẢM,41.1%,HIGH,2026-06-18,📉 GIẢM,42.1%,HIGH,2026-06-19,📉 GIẢM,42.9%,HIGH,2026-06-22,📉 GIẢM,43.7%,HIGH,2026-06-23,📉 GIẢM,44.4%,HIGH,2026-06-24,📉 GIẢM,45.2%,HIGH
BCC,2026-06-03,2026-06-04,📈 TĂNG,52.3%,LOW,2026-06-05,📈 TĂNG,52.1%,LOW,2026-06-08,📈 TĂNG,51.8%,LOW,2026-06-09,📈 TĂNG,51.7%,LOW,2026-06-10,📈 TĂNG,51.0%,LOW,2026-06-11,📈 TĂNG,50.9%,LOW,2026-06-12,📉 GIẢM,49.3%,LOW,2026-06-15,📈 TĂNG,50.8%,LOW,2026-06-16,📉 GIẢM,49.4%,LOW,2026-06-17,📈 TĂNG,50.7%,LOW,2026-06-18,📉 GIẢM,49.5%,HIGH,2026-06-19,📈 TĂNG,50.5%,HIGH,2026-06-22,📉 GIẢM,49.6%,HIGH,2026-06-23,📈 TĂNG,50.4%,HIGH,2026-06-24,📉 GIẢM,49.7%,HIGH
VC7,2026-06-03,2026-06-04,📉 GIẢM,31.0%,MEDIUM,2026-06-05,📉 GIẢM,33.4%,MEDIUM,2026-06-08,📉 GIẢM,34.3%,MEDIUM,2026-06-09,📉 GIẢM,35.2%,HIGH,2026-06-10,📉 GIẢM,36.0%,HIGH,2026-06-11,📉 GIẢM,36.9%,HIGH,2026-06-12,📉 GIẢM,37.8%,HIGH,2026-06-15,📉 GIẢM,38.7%,HIGH,2026-06-16,📉 GIẢM,39.5%,HIGH,2026-06-17,📉 GIẢM,40.5%,HIGH,2026-06-18,📉 GIẢM,41.4%,HIGH,2026-06-19,📉 GIẢM,42.3%,HIGH,2026-06-22,📉 GIẢM,43.1%,HIGH,2026-06-23,📉 GIẢM,44.0%,HIGH,2026-06-24,📉 GIẢM,44.8%,HIGH
VCM,2026-06-03,2026-06-04,📉 GIẢM,38.1%,MEDIUM,2026-06-05,📉 GIẢM,38.5%,MEDIUM,2026-06-08,📉 GIẢM,39.1%,MEDIUM,2026-06-09,📉 GIẢM,39.7%,MEDIUM,2026-06-10,📉 GIẢM,40.3%,LOW,2026-06-11,📉 GIẢM,40.9%,LOW,2026-06-12,📉 GIẢM,41.5%,HIGH,2026-06-15,📉 GIẢM,42.1%,HIGH,2026-06-16,📉 GIẢM,42.7%,HIGH,2026-06-17,📉 GIẢM,43.6%,HIGH,2026-06-18,📉 GIẢM,44.2%,HIGH,2026-06-19,📉 GIẢM,44.8%,HIGH,2026-06-22,📉 GIẢM,45.4%,HIGH,2026-06-23,📉 GIẢM,45.9%,HIGH,2026-06-24,📉 GIẢM,46.5%,HIGH
VGC,2026-06-03,2026-06-04,📉 GIẢM,48.4%,LOW,2026-06-05,📉 GIẢM,48.5%,LOW,2026-06-08,📉 GIẢM,48.6%,LOW,2026-06-09,📉 GIẢM,48.6%,LOW,2026-06-10,📉 GIẢM,48.7%,LOW,2026-06-11,📉 GIẢM,48.8%,LOW,2026-06-12,📉 GIẢM,49.0%,LOW,2026-06-15,📉 GIẢM,49.1%,LOW,2026-06-16,📉 GIẢM,49.1%,LOW,2026-06-17,📉 GIẢM,49.2%,LOW,2026-06-18,📉 GIẢM,49.3%,HIGH,2026-06-19,📉 GIẢM,49.4%,HIGH,2026-06-22,📉 GIẢM,49.4%,HIGH,2026-06-23,📉 GIẢM,49.5%,HIGH,2026-06-24,📉 GIẢM,49.6%,HIGH
VLA,2026-06-03,2026-06-04,📉 GIẢM,43.8%,LOW,2026-06-05,📉 GIẢM,44.1%,LOW,2026-06-08,📉 GIẢM,44.4%,LOW,2026-06-09,📉 GIẢM,44.7%,LOW,2026-06-10,📉 GIẢM,45.0%,LOW,2026-06-11,📉 GIẢM,45.3%,LOW,2026-06-12,📉 GIẢM,45.6%,LOW,2026-06-15,📉 GIẢM,45.9%,LOW,2026-06-16,📉 GIẢM,46.2%,LOW,2026-06-17,📉 GIẢM,46.6%,HIGH,2026-06-18,📉 GIẢM,46.9%,HIGH,2026-06-19,📉 GIẢM,47.2%,HIGH,2026-06-22,📉 GIẢM,47.5%,HIGH,2026-06-23,📉 GIẢM,47.8%,HIGH,2026-06-24,📉 GIẢM,48.1%,HIGH
VNP,2026-06-03,2026-06-04,📉 GIẢM,44.0%,LOW,2026-06-05,📉 GIẢM,45.3%,LOW,2026-06-08,📉 GIẢM,45.6%,LOW,2026-06-09,📉 GIẢM,46.0%,LOW,2026-06-10,📉 GIẢM,46.2%,LOW,2026-06-11,📉 GIẢM,46.5%,LOW,2026-06-12,📉 GIẢM,46.6%,LOW,2026-06-15,📉 GIẢM,46.9%,LOW,2026-06-16,📉 GIẢM,47.2%,LOW,2026-06-17,📉 GIẢM,47.4%,HIGH,2026-06-18,📉 GIẢM,47.6%,HIGH,2026-06-19,📉 GIẢM,47.9%,HIGH,2026-06-22,📉 GIẢM,48.1%,HIGH,2026-06-23,📉 GIẢM,48.3%,HIGH,2026-06-24,📉 GIẢM,48.6%,HIGH
WTC,2026-06-03,2026-06-04,📉 GIẢM,32.6%,MEDIUM,2026-06-05,📉 GIẢM,33.5%,MEDIUM,2026-06-08,📉 GIẢM,34.4%,MEDIUM,2026-06-09,📉 GIẢM,35.2%,HIGH,2026-06-10,📉 GIẢM,36.1%,HIGH,2026-06-11,📉 GIẢM,37.0%,HIGH,2026-06-12,📉 GIẢM,37.9%,HIGH,2026-06-15,📉 GIẢM,38.7%,HIGH,2026-06-16,📉 GIẢM,39.6%,HIGH,2026-06-17,📉 GIẢM,40.5%,HIGH,2026-06-18,📉 GIẢM,41.3%,HIGH,2026-06-19,📉 GIẢM,42.3%,HIGH,2026-06-22,📉 GIẢM,43.1%,HIGH,2026-06-23,📉 GIẢM,44.0%,HIGH,2026-06-24,📉 GIẢM,44.8%,HIGH
YBM,2026-06-03,2026-06-04,📉 GIẢM,25.2%,HIGH,2026-06-05,📉 GIẢM,26.5%,HIGH,2026-06-08,📉 GIẢM,27.7%,HIGH,2026-06-09,📉 GIẢM,28.9%,HIGH,2026-06-10,📉 GIẢM,30.2%,HIGH,2026-06-11,📉 GIẢM,31.4%,HIGH,2026-06-12,📉 GIẢM,32.7%,HIGH,2026-06-15,📉 GIẢM,33.9%,HIGH,2026-06-16,📉 GIẢM,35.1%,HIGH,2026-06-17,📉 GIẢM,36.4%,HIGH,2026-06-18,📉 GIẢM,37.6%,HIGH,2026-06-19,📉 GIẢM,38.8%,HIGH,2026-06-22,📉 GIẢM,40.1%,HIGH,2026-06-23,📉 GIẢM,41.3%,HIGH,2026-06-24,📉 GIẢM,42.6%,HIGH
STP,2026-06-03,2026-06-04,📉 GIẢM,34.9%,MEDIUM,2026-06-05,📉 GIẢM,35.7%,MEDIUM,2026-06-08,📉 GIẢM,36.5%,MEDIUM,2026-06-09,📉 GIẢM,37.2%,MEDIUM,2026-06-10,📉 GIẢM,38.0%,HIGH,2026-06-11,📉 GIẢM,38.7%,HIGH,2026-06-12,📉 GIẢM,39.3%,HIGH,2026-06-15,📉 GIẢM,40.1%,HIGH,2026-06-16,📉 GIẢM,40.9%,HIGH,2026-06-17,📉 GIẢM,41.6%,HIGH,2026-06-18,📉 GIẢM,42.4%,HIGH,2026-06-19,📉 GIẢM,43.2%,HIGH,2026-06-22,📉 GIẢM,44.1%,HIGH,2026-06-23,📉 GIẢM,44.8%,HIGH,2026-06-24,📉 GIẢM,45.5%,HIGH
BAF,2026-06-03,2026-06-04,📉 GIẢM,34.5%,MEDIUM,2026-06-05,📉 GIẢM,36.5%,MEDIUM,2026-06-08,📉 GIẢM,37.2%,MEDIUM,2026-06-09,📉 GIẢM,37.9%,MEDIUM,2026-06-10,📉 GIẢM,38.7%,MEDIUM,2026-06-11,📉 GIẢM,39.4%,HIGH,2026-06-12,📉 GIẢM,39.7%,HIGH,2026-06-15,📉 GIẢM,40.5%,HIGH,2026-06-16,📉 GIẢM,41.2%,HIGH,2026-06-17,📉 GIẢM,41.9%,HIGH,2026-06-18,📉 GIẢM,42.7%,HIGH,2026-06-19,📉 GIẢM,43.4%,HIGH,2026-06-22,📉 GIẢM,44.1%,HIGH,2026-06-23,📉 GIẢM,44.9%,HIGH,2026-06-24,📉 GIẢM,45.6%,HIGH
MHC,2026-06-03,2026-06-04,📉 GIẢM,47.7%,LOW,2026-06-05,📉 GIẢM,47.0%,LOW,2026-06-08,📉 GIẢM,47.2%,LOW,2026-06-09,📉 GIẢM,47.3%,LOW,2026-06-10,📉 GIẢM,47.5%,LOW,2026-06-11,📉 GIẢM,47.0%,LOW,2026-06-12,📉 GIẢM,47.2%,LOW,2026-06-15,📉 GIẢM,47.4%,LOW,2026-06-16,📉 GIẢM,47.6%,LOW,2026-06-17,📉 GIẢM,47.8%,HIGH,2026-06-18,📉 GIẢM,48.0%,HIGH,2026-06-19,📉 GIẢM,48.2%,HIGH,2026-06-22,📉 GIẢM,48.4%,HIGH,2026-06-23,📉 GIẢM,48.6%,HIGH,2026-06-24,📉 GIẢM,48.8%,HIGH
BMS,2026-06-03,2026-06-04,📉 GIẢM,19.2%,HIGH,2026-06-05,📉 GIẢM,20.9%,HIGH,2026-06-08,📉 GIẢM,22.5%,HIGH,2026-06-09,📉 GIẢM,24.0%,HIGH,2026-06-10,📉 GIẢM,25.5%,HIGH,2026-06-11,📉 GIẢM,27.1%,HIGH,2026-06-12,📉 GIẢM,28.6%,HIGH,2026-06-15,📉 GIẢM,30.1%,HIGH,2026-06-16,📉 GIẢM,31.6%,HIGH,2026-06-17,📉 GIẢM,33.2%,HIGH,2026-06-18,📉 GIẢM,34.7%,HIGH,2026-06-19,📉 GIẢM,36.3%,HIGH,2026-06-22,📉 GIẢM,37.8%,HIGH,2026-06-23,📉 GIẢM,39.4%,HIGH,2026-06-24,📉 GIẢM,40.9%,HIGH
BTS,2026-06-03,2026-06-04,📈 TĂNG,50.7%,LOW,2026-06-05,📈 TĂNG,51.5%,LOW,2026-06-08,📈 TĂNG,51.4%,LOW,2026-06-09,📈 TĂNG,51.4%,LOW,2026-06-10,📈 TĂNG,51.3%,LOW,2026-06-11,📈 TĂNG,51.2%,LOW,2026-06-12,📈 TĂNG,51.1%,LOW,2026-06-15,📈 TĂNG,51.0%,LOW,2026-06-16,📈 TĂNG,51.0%,LOW,2026-06-17,📈 TĂNG,50.9%,LOW,2026-06-18,📈 TĂNG,50.8%,HIGH,2026-06-19,📈 TĂNG,50.7%,HIGH,2026-06-22,📈 TĂNG,50.6%,HIGH,2026-06-23,📈 TĂNG,50.6%,HIGH,2026-06-24,📈 TĂNG,50.5%,HIGH
CII,2026-06-03,2026-06-04,📉 GIẢM,49.3%,LOW,2026-06-05,📈 TĂNG,50.2%,LOW,2026-06-08,📉 GIẢM,49.4%,LOW,2026-06-09,📈 TĂNG,50.2%,LOW,2026-06-10,📉 GIẢM,49.4%,LOW,2026-06-11,📈 TĂNG,50.2%,LOW,2026-06-12,📉 GIẢM,49.5%,LOW,2026-06-15,📈 TĂNG,50.2%,LOW,2026-06-16,📉 GIẢM,49.6%,LOW,2026-06-17,📈 TĂNG,50.1%,LOW,2026-06-18,📉 GIẢM,49.6%,HIGH,2026-06-19,📈 TĂNG,50.1%,HIGH,2026-06-22,📉 GIẢM,49.7%,HIGH,2026-06-23,📈 TĂNG,50.1%,HIGH,2026-06-24,📉 GIẢM,49.8%,HIGH
CAT,2026-06-03,2026-06-04,📉 GIẢM,44.0%,LOW,2026-06-05,📉 GIẢM,44.3%,LOW,2026-06-08,📉 GIẢM,44.6%,LOW,2026-06-09,📉 GIẢM,44.9%,LOW,2026-06-10,📉 GIẢM,45.2%,LOW,2026-06-11,📉 GIẢM,45.5%,LOW,2026-06-12,📉 GIẢM,45.8%,LOW,2026-06-15,📉 GIẢM,46.1%,LOW,2026-06-16,📉 GIẢM,46.4%,LOW,2026-06-17,📉 GIẢM,46.7%,HIGH,2026-06-18,📉 GIẢM,47.0%,HIGH,2026-06-19,📉 GIẢM,47.3%,HIGH,2026-06-22,📉 GIẢM,47.6%,HIGH,2026-06-23,📉 GIẢM,47.9%,HIGH,2026-06-24,📉 GIẢM,48.2%,HIGH
CTI,2026-06-03,2026-06-04,📉 GIẢM,36.6%,MEDIUM,2026-06-05,📉 GIẢM,38.3%,MEDIUM,2026-06-08,📉 GIẢM,38.9%,MEDIUM,2026-06-09,📉 GIẢM,39.5%,MEDIUM,2026-06-10,📉 GIẢM,40.1%,LOW,2026-06-11,📉 GIẢM,40.7%,LOW,2026-06-12,📉 GIẢM,41.4%,HIGH,2026-06-15,📉 GIẢM,42.0%,HIGH,2026-06-16,📉 GIẢM,42.6%,HIGH,2026-06-17,📉 GIẢM,43.2%,HIGH,2026-06-18,📉 GIẢM,43.8%,HIGH,2026-06-19,📉 GIẢM,44.4%,HIGH,2026-06-22,📉 GIẢM,45.1%,HIGH,2026-06-23,📉 GIẢM,45.7%,HIGH,2026-06-24,📉 GIẢM,46.3%,HIGH
DNW,2026-06-03,2026-06-04,📉 GIẢM,25.7%,HIGH,2026-06-05,📉 GIẢM,26.9%,HIGH,2026-06-08,📉 GIẢM,28.2%,HIGH,2026-06-09,📉 GIẢM,29.4%,HIGH,2026-06-10,📉 GIẢM,30.6%,HIGH,2026-06-11,📉 GIẢM,31.7%,HIGH,2026-06-12,📉 GIẢM,33.0%,HIGH,2026-06-15,📉 GIẢM,34.2%,HIGH,2026-06-16,📉 GIẢM,35.4%,HIGH,2026-06-17,📉 GIẢM,36.6%,HIGH,2026-06-18,📉 GIẢM,37.8%,HIGH,2026-06-19,📉 GIẢM,39.0%,HIGH,2026-06-22,📉 GIẢM,40.3%,HIGH,2026-06-23,📉 GIẢM,41.5%,HIGH,2026-06-24,📉 GIẢM,42.7%,HIGH
DPM,2026-06-03,2026-06-04,📉 GIẢM,40.1%,LOW,2026-06-05,📉 GIẢM,41.5%,LOW,2026-06-08,📉 GIẢM,42.0%,LOW,2026-06-09,📉 GIẢM,42.4%,LOW,2026-06-10,📉 GIẢM,42.9%,LOW,2026-06-11,📉 GIẢM,43.6%,LOW,2026-06-12,📉 GIẢM,44.1%,LOW,2026-06-15,📉 GIẢM,44.8%,LOW,2026-06-16,📉 GIẢM,45.2%,HIGH,2026-06-17,📉 GIẢM,45.6%,HIGH,2026-06-18,📉 GIẢM,46.1%,HIGH,2026-06-19,📉 GIẢM,46.5%,HIGH,2026-06-22,📉 GIẢM,46.9%,HIGH,2026-06-23,📉 GIẢM,47.3%,HIGH,2026-06-24,📉 GIẢM,47.7%,HIGH
CID,2026-06-03,2026-06-04,📉 GIẢM,45.1%,LOW,2026-06-05,📉 GIẢM,44.9%,LOW,2026-06-08,📉 GIẢM,45.2%,LOW,2026-06-09,📉 GIẢM,45.5%,LOW,2026-06-10,📉 GIẢM,45.7%,LOW,2026-06-11,📉 GIẢM,46.0%,LOW,2026-06-12,📉 GIẢM,46.3%,LOW,2026-06-15,📉 GIẢM,46.5%,LOW,2026-06-16,📉 GIẢM,46.8%,LOW,2026-06-17,📉 GIẢM,47.1%,HIGH,2026-06-18,📉 GIẢM,47.3%,HIGH,2026-06-19,📉 GIẢM,47.6%,HIGH,2026-06-22,📉 GIẢM,47.9%,HIGH,2026-06-23,📉 GIẢM,48.1%,HIGH,2026-06-24,📉 GIẢM,48.4%,HIGH
DSH,2026-06-03,2026-06-04,📉 GIẢM,43.1%,LOW,2026-06-05,📉 GIẢM,43.7%,LOW,2026-06-08,📉 GIẢM,44.0%,LOW,2026-06-09,📉 GIẢM,44.4%,LOW,2026-06-10,📉 GIẢM,44.7%,LOW,2026-06-11,📉 GIẢM,45.0%,LOW,2026-06-12,📉 GIẢM,45.4%,LOW,2026-06-15,📉 GIẢM,45.7%,LOW,2026-06-16,📉 GIẢM,46.0%,LOW,2026-06-17,📉 GIẢM,46.3%,HIGH,2026-06-18,📉 GIẢM,46.7%,HIGH,2026-06-19,📉 GIẢM,47.0%,HIGH,2026-06-22,📉 GIẢM,47.3%,HIGH,2026-06-23,📉 GIẢM,47.7%,HIGH,2026-06-24,📉 GIẢM,48.0%,HIGH
MIG,2026-06-03,2026-06-04,📉 GIẢM,35.3%,MEDIUM,2026-06-05,📉 GIẢM,36.1%,MEDIUM,2026-06-08,📉 GIẢM,36.8%,MEDIUM,2026-06-09,📉 GIẢM,37.5%,MEDIUM,2026-06-10,📉 GIẢM,38.3%,MEDIUM,2026-06-11,📉 GIẢM,39.0%,HIGH,2026-06-12,📉 GIẢM,39.7%,HIGH,2026-06-15,📉 GIẢM,40.5%,HIGH,2026-06-16,📉 GIẢM,41.2%,HIGH,2026-06-17,📉 GIẢM,41.9%,HIGH,2026-06-18,📉 GIẢM,42.7%,HIGH,2026-06-19,📉 GIẢM,43.4%,HIGH,2026-06-22,📉 GIẢM,44.1%,HIGH,2026-06-23,📉 GIẢM,44.9%,HIGH,2026-06-24,📉 GIẢM,45.6%,HIGH
DXV,2026-06-03,2026-06-04,📉 GIẢM,21.1%,HIGH,2026-06-05,📉 GIẢM,22.5%,HIGH,2026-06-08,📉 GIẢM,24.0%,HIGH,2026-06-09,📉 GIẢM,25.4%,HIGH,2026-06-10,📉 GIẢM,27.3%,HIGH,2026-06-11,📉 GIẢM,29.3%,HIGH,2026-06-12,📉 GIẢM,30.8%,HIGH,2026-06-15,📉 GIẢM,32.2%,HIGH,2026-06-16,📉 GIẢM,33.5%,HIGH,2026-06-17,📉 GIẢM,34.9%,HIGH,2026-06-18,📉 GIẢM,36.3%,HIGH,2026-06-19,📉 GIẢM,37.7%,HIGH,2026-06-22,📉 GIẢM,39.2%,HIGH,2026-06-23,📉 GIẢM,40.7%,HIGH,2026-06-24,📉 GIẢM,42.0%,HIGH
FOX,2026-06-03,2026-06-04,📉 GIẢM,36.6%,MEDIUM,2026-06-05,📉 GIẢM,37.4%,MEDIUM,2026-06-08,📉 GIẢM,38.0%,MEDIUM,2026-06-09,📉 GIẢM,38.7%,MEDIUM,2026-06-10,📉 GIẢM,39.4%,MEDIUM,2026-06-11,📉 GIẢM,40.0%,LOW,2026-06-12,📉 GIẢM,40.7%,HIGH,2026-06-15,📉 GIẢM,41.4%,HIGH,2026-06-16,📉 GIẢM,42.0%,HIGH,2026-06-17,📉 GIẢM,42.7%,HIGH,2026-06-18,📉 GIẢM,43.4%,HIGH,2026-06-19,📉 GIẢM,44.0%,HIGH,2026-06-22,📉 GIẢM,44.7%,HIGH,2026-06-23,📉 GIẢM,45.4%,HIGH,2026-06-24,📉 GIẢM,46.0%,HIGH
GMH,2026-06-03,2026-06-04,📉 GIẢM,25.1%,HIGH,2026-06-05,📉 GIẢM,26.3%,HIGH,2026-06-08,📉 GIẢM,27.5%,HIGH,2026-06-09,📉 GIẢM,28.8%,HIGH,2026-06-10,📉 GIẢM,30.0%,HIGH,2026-06-11,📉 GIẢM,31.3%,HIGH,2026-06-12,📉 GIẢM,32.5%,HIGH,2026-06-15,📉 GIẢM,33.8%,HIGH,2026-06-16,📉 GIẢM,35.0%,HIGH,2026-06-17,📉 GIẢM,36.3%,HIGH,2026-06-18,📉 GIẢM,37.5%,HIGH,2026-06-19,📉 GIẢM,38.8%,HIGH,2026-06-22,📉 GIẢM,40.0%,HIGH,2026-06-23,📉 GIẢM,41.3%,HIGH,2026-06-24,📉 GIẢM,42.5%,HIGH
HNG,2026-06-03,2026-06-04,📉 GIẢM,33.7%,MEDIUM,2026-06-05,📉 GIẢM,33.8%,MEDIUM,2026-06-08,📉 GIẢM,34.7%,MEDIUM,2026-06-09,📉 GIẢM,35.5%,HIGH,2026-06-10,📉 GIẢM,36.4%,HIGH,2026-06-11,📉 GIẢM,37.2%,HIGH,2026-06-12,📉 GIẢM,38.1%,HIGH,2026-06-15,📉 GIẢM,38.9%,HIGH,2026-06-16,📉 GIẢM,39.8%,HIGH,2026-06-17,📉 GIẢM,40.6%,HIGH,2026-06-18,📉 GIẢM,41.5%,HIGH,2026-06-19,📉 GIẢM,42.3%,HIGH,2026-06-22,📉 GIẢM,43.2%,HIGH,2026-06-23,📉 GIẢM,44.0%,HIGH,2026-06-24,📉 GIẢM,44.9%,HIGH
HPT,2026-06-03,2026-06-04,📉 GIẢM,34.2%,MEDIUM,2026-06-05,📉 GIẢM,35.0%,MEDIUM,2026-06-08,📉 GIẢM,35.7%,MEDIUM,2026-06-09,📉 GIẢM,36.5%,MEDIUM,2026-06-10,📉 GIẢM,37.3%,HIGH,2026-06-11,📉 GIẢM,38.1%,HIGH,2026-06-12,📉 GIẢM,38.9%,HIGH,2026-06-15,📉 GIẢM,39.7%,HIGH,2026-06-16,📉 GIẢM,40.5%,HIGH,2026-06-17,📉 GIẢM,41.3%,HIGH,2026-06-18,📉 GIẢM,42.1%,HIGH,2026-06-19,📉 GIẢM,42.9%,HIGH,2026-06-22,📉 GIẢM,43.7%,HIGH,2026-06-23,📉 GIẢM,44.5%,HIGH,2026-06-24,📉 GIẢM,45.2%,HIGH
HRC,2026-06-03,2026-06-04,📉 GIẢM,42.0%,LOW,2026-06-05,📉 GIẢM,43.6%,LOW,2026-06-08,📉 GIẢM,44.0%,LOW,2026-06-09,📉 GIẢM,44.3%,LOW,2026-06-10,📉 GIẢM,44.6%,LOW,2026-06-11,📉 GIẢM,45.0%,LOW,2026-06-12,📉 GIẢM,45.3%,LOW,2026-06-15,📉 GIẢM,45.6%,LOW,2026-06-16,📉 GIẢM,46.0%,HIGH,2026-06-17,📉 GIẢM,46.4%,HIGH,2026-06-18,📉 GIẢM,46.7%,HIGH,2026-06-19,📉 GIẢM,47.0%,HIGH,2026-06-22,📉 GIẢM,47.4%,HIGH,2026-06-23,📉 GIẢM,47.7%,HIGH,2026-06-24,📉 GIẢM,48.0%,HIGH
IDI,2026-06-03,2026-06-04,📉 GIẢM,30.6%,MEDIUM,2026-06-05,📉 GIẢM,32.7%,MEDIUM,2026-06-08,📉 GIẢM,33.6%,HIGH,2026-06-09,📉 GIẢM,34.5%,HIGH,2026-06-10,📉 GIẢM,35.4%,HIGH,2026-06-11,📉 GIẢM,36.3%,HIGH,2026-06-12,📉 GIẢM,37.2%,HIGH,2026-06-15,📉 GIẢM,38.2%,HIGH,2026-06-16,📉 GIẢM,39.1%,HIGH,2026-06-17,📉 GIẢM,40.0%,HIGH,2026-06-18,📉 GIẢM,40.9%,HIGH,2026-06-19,📉 GIẢM,41.8%,HIGH,2026-06-22,📉 GIẢM,42.7%,HIGH,2026-06-23,📉 GIẢM,43.6%,HIGH,2026-06-24,📉 GIẢM,44.5%,HIGH
KDM,2026-06-03,2026-06-04,📉 GIẢM,36.7%,MEDIUM,2026-06-05,📉 GIẢM,37.3%,MEDIUM,2026-06-08,📉 GIẢM,38.0%,MEDIUM,2026-06-09,📉 GIẢM,38.7%,MEDIUM,2026-06-10,📉 GIẢM,39.3%,MEDIUM,2026-06-11,📉 GIẢM,40.0%,HIGH,2026-06-12,📉 GIẢM,40.7%,HIGH,2026-06-15,📉 GIẢM,41.3%,HIGH,2026-06-16,📉 GIẢM,42.0%,HIGH,2026-06-17,📉 GIẢM,42.7%,HIGH,2026-06-18,📉 GIẢM,43.3%,HIGH,2026-06-19,📉 GIẢM,44.0%,HIGH,2026-06-22,📉 GIẢM,44.7%,HIGH,2026-06-23,📉 GIẢM,45.3%,HIGH,2026-06-24,📉 GIẢM,46.0%,HIGH
LAS,2026-06-03,2026-06-04,📉 GIẢM,35.4%,MEDIUM,2026-06-05,📉 GIẢM,36.3%,MEDIUM,2026-06-08,📉 GIẢM,37.0%,MEDIUM,2026-06-09,📉 GIẢM,37.8%,MEDIUM,2026-06-10,📉 GIẢM,38.5%,MEDIUM,2026-06-11,📉 GIẢM,39.2%,HIGH,2026-06-12,📉 GIẢM,39.9%,HIGH,2026-06-15,📉 GIẢM,40.6%,HIGH,2026-06-16,📉 GIẢM,41.4%,HIGH,2026-06-17,📉 GIẢM,42.1%,HIGH,2026-06-18,📉 GIẢM,42.8%,HIGH,2026-06-19,📉 GIẢM,43.5%,HIGH,2026-06-22,📉 GIẢM,44.2%,HIGH,2026-06-23,📉 GIẢM,45.0%,HIGH,2026-06-24,📉 GIẢM,45.7%,HIGH
LIC,2026-06-03,2026-06-04,📉 GIẢM,22.7%,HIGH,2026-06-05,📉 GIẢM,24.1%,HIGH,2026-06-08,📉 GIẢM,25.5%,HIGH,2026-06-09,📉 GIẢM,26.8%,HIGH,2026-06-10,📉 GIẢM,28.2%,HIGH,2026-06-11,📉 GIẢM,30.1%,HIGH,2026-06-12,📉 GIẢM,31.4%,HIGH,2026-06-15,📉 GIẢM,33.2%,HIGH,2026-06-16,📉 GIẢM,34.5%,HIGH,2026-06-17,📉 GIẢM,35.7%,HIGH,2026-06-18,📉 GIẢM,37.1%,HIGH,2026-06-19,📉 GIẢM,38.4%,HIGH,2026-06-22,📉 GIẢM,39.7%,HIGH,2026-06-23,📉 GIẢM,41.0%,HIGH,2026-06-24,📉 GIẢM,42.3%,HIGH
MBT,2026-06-03,2026-06-04,📉 GIẢM,23.1%,HIGH,2026-06-05,📉 GIẢM,24.6%,HIGH,2026-06-08,📉 GIẢM,25.9%,HIGH,2026-06-09,📉 GIẢM,27.3%,HIGH,2026-06-10,📉 GIẢM,28.6%,HIGH,2026-06-11,📉 GIẢM,29.9%,HIGH,2026-06-12,📉 GIẢM,31.3%,HIGH,2026-06-15,📉 GIẢM,32.6%,HIGH,2026-06-16,📉 GIẢM,33.9%,HIGH,2026-06-17,📉 GIẢM,35.3%,HIGH,2026-06-18,📉 GIẢM,36.6%,HIGH,2026-06-19,📉 GIẢM,38.0%,HIGH,2026-06-22,📉 GIẢM,39.3%,HIGH,2026-06-23,📉 GIẢM,40.6%,HIGH,2026-06-24,📉 GIẢM,42.0%,HIGH
EVF,2026-06-03,2026-06-04,📈 TĂNG,50.1%,LOW,2026-06-05,📈 TĂNG,51.4%,LOW,2026-06-08,📈 TĂNG,51.3%,LOW,2026-06-09,📈 TĂNG,51.3%,LOW,2026-06-10,📈 TĂNG,51.2%,LOW,2026-06-11,📈 TĂNG,51.1%,LOW,2026-06-12,📈 TĂNG,51.0%,LOW,2026-06-15,📈 TĂNG,51.0%,LOW,2026-06-16,📈 TĂNG,50.9%,LOW,2026-06-17,📈 TĂNG,50.8%,LOW,2026-06-18,📈 TĂNG,50.7%,HIGH,2026-06-19,📈 TĂNG,50.7%,HIGH,2026-06-22,📈 TĂNG,50.6%,HIGH,2026-06-23,📈 TĂNG,50.5%,HIGH,2026-06-24,📈 TĂNG,50.4%,HIGH
EIN,2026-06-03,2026-06-04,📉 GIẢM,31.8%,MEDIUM,2026-06-05,📉 GIẢM,32.7%,MEDIUM,2026-06-08,📉 GIẢM,33.6%,HIGH,2026-06-09,📉 GIẢM,34.5%,HIGH,2026-06-10,📉 GIẢM,35.4%,HIGH,2026-06-11,📉 GIẢM,36.3%,HIGH,2026-06-12,📉 GIẢM,37.2%,HIGH,2026-06-15,📉 GIẢM,38.2%,HIGH,2026-06-16,📉 GIẢM,39.1%,HIGH,2026-06-17,📉 GIẢM,40.0%,HIGH,2026-06-18,📉 GIẢM,40.9%,HIGH,2026-06-19,📉 GIẢM,41.8%,HIGH,2026-06-22,📉 GIẢM,42.7%,HIGH,2026-06-23,📉 GIẢM,43.6%,HIGH,2026-06-24,📉 GIẢM,44.5%,HIGH
PET,2026-06-03,2026-06-04,📉 GIẢM,32.4%,MEDIUM,2026-06-05,📉 GIẢM,33.3%,MEDIUM,2026-06-08,📉 GIẢM,34.2%,MEDIUM,2026-06-09,📉 GIẢM,35.1%,HIGH,2026-06-10,📉 GIẢM,35.9%,HIGH,2026-06-11,📉 GIẢM,36.8%,HIGH,2026-06-12,📉 GIẢM,37.7%,HIGH,2026-06-15,📉 GIẢM,38.6%,HIGH,2026-06-16,📉 GIẢM,39.8%,HIGH,2026-06-17,📉 GIẢM,40.6%,HIGH,2026-06-18,📉 GIẢM,41.5%,HIGH,2026-06-19,📉 GIẢM,42.3%,HIGH,2026-06-22,📉 GIẢM,43.2%,HIGH,2026-06-23,📉 GIẢM,44.0%,HIGH,2026-06-24,📉 GIẢM,44.9%,HIGH
ABW,2026-06-03,2026-06-04,📉 GIẢM,45.6%,LOW,2026-06-05,📉 GIẢM,45.8%,LOW,2026-06-08,📉 GIẢM,46.0%,LOW,2026-06-09,📉 GIẢM,46.2%,LOW,2026-06-10,📉 GIẢM,46.4%,LOW,2026-06-11,📉 GIẢM,46.7%,LOW,2026-06-12,📉 GIẢM,46.9%,LOW,2026-06-15,📉 GIẢM,47.1%,LOW,2026-06-16,📉 GIẢM,47.3%,LOW,2026-06-17,📉 GIẢM,47.6%,HIGH,2026-06-18,📉 GIẢM,47.8%,HIGH,2026-06-19,📉 GIẢM,48.0%,HIGH,2026-06-22,📉 GIẢM,48.2%,HIGH,2026-06-23,📉 GIẢM,48.4%,HIGH,2026-06-24,📉 GIẢM,48.7%,HIGH
ADG,2026-06-03,2026-06-04,📉 GIẢM,45.1%,LOW,2026-06-05,📉 GIẢM,45.3%,LOW,2026-06-08,📉 GIẢM,44.6%,LOW,2026-06-09,📉 GIẢM,44.9%,LOW,2026-06-10,📉 GIẢM,45.2%,LOW,2026-06-11,📉 GIẢM,45.6%,LOW,2026-06-12,📉 GIẢM,45.7%,LOW,2026-06-15,📉 GIẢM,46.0%,LOW,2026-06-16,📉 GIẢM,46.3%,LOW,2026-06-17,📉 GIẢM,46.6%,HIGH,2026-06-18,📉 GIẢM,46.9%,HIGH,2026-06-19,📉 GIẢM,47.2%,HIGH,2026-06-22,📉 GIẢM,47.5%,HIGH,2026-06-23,📉 GIẢM,47.9%,HIGH,2026-06-24,📉 GIẢM,48.2%,HIGH
APG,2026-06-03,2026-06-04,📉 GIẢM,42.1%,LOW,2026-06-05,📉 GIẢM,42.5%,LOW,2026-06-08,📉 GIẢM,42.9%,LOW,2026-06-09,📉 GIẢM,43.3%,LOW,2026-06-10,📉 GIẢM,43.7%,LOW,2026-06-11,📉 GIẢM,44.1%,LOW,2026-06-12,📉 GIẢM,44.5%,LOW,2026-06-15,📉 GIẢM,44.9%,LOW,2026-06-16,📉 GIẢM,45.3%,HIGH,2026-06-17,📉 GIẢM,45.7%,HIGH,2026-06-18,📉 GIẢM,46.1%,HIGH,2026-06-19,📉 GIẢM,46.5%,HIGH,2026-06-22,📉 GIẢM,46.8%,HIGH,2026-06-23,📉 GIẢM,47.2%,HIGH,2026-06-24,📉 GIẢM,47.6%,HIGH
API,2026-06-03,2026-06-04,📈 TĂNG,54.7%,LOW,2026-06-05,📈 TĂNG,54.6%,LOW,2026-06-08,📈 TĂNG,54.4%,LOW,2026-06-09,📈 TĂNG,54.1%,LOW,2026-06-10,📈 TĂNG,54.2%,LOW,2026-06-11,📈 TĂNG,53.9%,LOW,2026-06-12,📈 TĂNG,53.7%,LOW,2026-06-15,📈 TĂNG,53.4%,LOW,2026-06-16,📈 TĂNG,53.1%,LOW,2026-06-17,📈 TĂNG,52.9%,HIGH,2026-06-18,📈 TĂNG,52.6%,HIGH,2026-06-19,📈 TĂNG,52.4%,HIGH,2026-06-22,📈 TĂNG,52.1%,HIGH,2026-06-23,📈 TĂNG,51.8%,HIGH,2026-06-24,📈 TĂNG,51.6%,HIGH
APS,2026-06-03,2026-06-04,📉 GIẢM,45.3%,LOW,2026-06-05,📉 GIẢM,45.6%,LOW,2026-06-08,📉 GIẢM,45.8%,LOW,2026-06-09,📉 GIẢM,46.0%,LOW,2026-06-10,📉 GIẢM,46.3%,LOW,2026-06-11,📉 GIẢM,46.5%,LOW,2026-06-12,📉 GIẢM,46.5%,LOW,2026-06-15,📉 GIẢM,46.8%,LOW,2026-06-16,📉 GIẢM,47.0%,LOW,2026-06-17,📉 GIẢM,47.3%,HIGH,2026-06-18,📉 GIẢM,47.5%,HIGH,2026-06-19,📉 GIẢM,47.8%,HIGH,2026-06-22,📉 GIẢM,48.0%,HIGH,2026-06-23,📉 GIẢM,48.3%,HIGH,2026-06-24,📉 GIẢM,48.5%,HIGH
HTC,2026-06-03,2026-06-04,📉 GIẢM,23.6%,HIGH,2026-06-05,📉 GIẢM,24.9%,HIGH,2026-06-08,📉 GIẢM,26.2%,HIGH,2026-06-09,📉 GIẢM,27.5%,HIGH,2026-06-10,📉 GIẢM,28.8%,HIGH,2026-06-11,📉 GIẢM,30.2%,HIGH,2026-06-12,📉 GIẢM,31.5%,HIGH,2026-06-15,📉 GIẢM,32.8%,HIGH,2026-06-16,📉 GIẢM,34.1%,HIGH,2026-06-17,📉 GIẢM,35.5%,HIGH,2026-06-18,📉 GIẢM,36.8%,HIGH,2026-06-19,📉 GIẢM,38.1%,HIGH,2026-06-22,📉 GIẢM,39.5%,HIGH,2026-06-23,📉 GIẢM,40.9%,HIGH,2026-06-24,📉 GIẢM,42.2%,HIGH
ABB,2026-06-03,2026-06-04,📉 GIẢM,35.0%,MEDIUM,2026-06-05,📉 GIẢM,35.7%,MEDIUM,2026-06-08,📉 GIẢM,36.5%,MEDIUM,2026-06-09,📉 GIẢM,37.2%,MEDIUM,2026-06-10,📉 GIẢM,38.0%,HIGH,2026-06-11,📉 GIẢM,38.7%,HIGH,2026-06-12,📉 GIẢM,39.5%,HIGH,2026-06-15,📉 GIẢM,40.4%,HIGH,2026-06-16,📉 GIẢM,41.1%,HIGH,2026-06-17,📉 GIẢM,42.1%,HIGH,2026-06-18,📉 GIẢM,42.8%,HIGH,2026-06-19,📉 GIẢM,43.5%,HIGH,2026-06-22,📉 GIẢM,44.2%,HIGH,2026-06-23,📉 GIẢM,45.0%,HIGH,2026-06-24,📉 GIẢM,45.7%,HIGH
AVG,2026-06-03,2026-06-04,📉 GIẢM,42.3%,LOW,2026-06-05,📉 GIẢM,42.7%,LOW,2026-06-08,📉 GIẢM,43.1%,LOW,2026-06-09,📉 GIẢM,43.5%,LOW,2026-06-10,📉 GIẢM,43.9%,LOW,2026-06-11,📉 GIẢM,44.3%,LOW,2026-06-12,📉 GIẢM,44.7%,LOW,2026-06-15,📉 GIẢM,45.0%,LOW,2026-06-16,📉 GIẢM,45.4%,HIGH,2026-06-17,📉 GIẢM,45.8%,HIGH,2026-06-18,📉 GIẢM,46.2%,HIGH,2026-06-19,📉 GIẢM,46.6%,HIGH,2026-06-22,📉 GIẢM,46.9%,HIGH,2026-06-23,📉 GIẢM,47.3%,HIGH,2026-06-24,📉 GIẢM,47.7%,HIGH
BLF,2026-06-03,2026-06-04,📉 GIẢM,27.2%,HIGH,2026-06-05,📉 GIẢM,28.4%,HIGH,2026-06-08,📉 GIẢM,29.5%,HIGH,2026-06-09,📉 GIẢM,30.7%,HIGH,2026-06-10,📉 GIẢM,31.8%,HIGH,2026-06-11,📉 GIẢM,32.9%,HIGH,2026-06-12,📉 GIẢM,34.1%,HIGH,2026-06-15,📉 GIẢM,35.2%,HIGH,2026-06-16,📉 GIẢM,36.3%,HIGH,2026-06-17,📉 GIẢM,37.5%,HIGH,2026-06-18,📉 GIẢM,38.6%,HIGH,2026-06-19,📉 GIẢM,39.8%,HIGH,2026-06-22,📉 GIẢM,40.9%,HIGH,2026-06-23,📉 GIẢM,42.0%,HIGH,2026-06-24,📉 GIẢM,43.2%,HIGH
BMI,2026-06-03,2026-06-04,📉 GIẢM,49.2%,LOW,2026-06-05,📉 GIẢM,49.0%,LOW,2026-06-08,📉 GIẢM,49.1%,LOW,2026-06-09,📉 GIẢM,49.1%,LOW,2026-06-10,📉 GIẢM,49.2%,LOW,2026-06-11,📉 GIẢM,49.2%,LOW,2026-06-12,📉 GIẢM,49.3%,LOW,2026-06-15,📉 GIẢM,49.3%,LOW,2026-06-16,📉 GIẢM,49.4%,LOW,2026-06-17,📉 GIẢM,49.4%,LOW,2026-06-18,📉 GIẢM,49.4%,HIGH,2026-06-19,📉 GIẢM,49.5%,HIGH,2026-06-22,📉 GIẢM,49.6%,HIGH,2026-06-23,📉 GIẢM,49.6%,HIGH,2026-06-24,📉 GIẢM,49.7%,HIGH
HHC,2026-06-03,2026-06-04,📉 GIẢM,28.2%,HIGH,2026-06-05,📉 GIẢM,29.6%,HIGH,2026-06-08,📉 GIẢM,30.7%,HIGH,2026-06-09,📉 GIẢM,31.8%,HIGH,2026-06-10,📉 GIẢM,32.9%,HIGH,2026-06-11,📉 GIẢM,33.9%,HIGH,2026-06-12,📉 GIẢM,35.0%,HIGH,2026-06-15,📉 GIẢM,36.1%,HIGH,2026-06-16,📉 GIẢM,37.1%,HIGH,2026-06-17,📉 GIẢM,38.2%,HIGH,2026-06-18,📉 GIẢM,39.3%,HIGH,2026-06-19,📉 GIẢM,40.4%,HIGH,2026-06-22,📉 GIẢM,41.4%,HIGH,2026-06-23,📉 GIẢM,42.5%,HIGH,2026-06-24,📉 GIẢM,43.6%,HIGH
BMP,2026-06-03,2026-06-04,📉 GIẢM,45.3%,LOW,2026-06-05,📉 GIẢM,45.6%,LOW,2026-06-08,📉 GIẢM,45.8%,LOW,2026-06-09,📉 GIẢM,46.1%,LOW,2026-06-10,📉 GIẢM,46.3%,LOW,2026-06-11,📉 GIẢM,46.6%,LOW,2026-06-12,📉 GIẢM,46.8%,LOW,2026-06-15,📉 GIẢM,47.0%,LOW,2026-06-16,📉 GIẢM,47.2%,LOW,2026-06-17,📉 GIẢM,47.5%,HIGH,2026-06-18,📉 GIẢM,47.7%,HIGH,2026-06-19,📉 GIẢM,47.9%,HIGH,2026-06-22,📉 GIẢM,48.2%,HIGH,2026-06-23,📉 GIẢM,48.4%,HIGH,2026-06-24,📉 GIẢM,48.6%,HIGH
BQP,2026-06-03,2026-06-04,📉 GIẢM,29.6%,HIGH,2026-06-05,📉 GIẢM,29.7%,HIGH,2026-06-08,📉 GIẢM,30.8%,HIGH,2026-06-09,📉 GIẢM,31.8%,HIGH,2026-06-10,📉 GIẢM,32.9%,HIGH,2026-06-11,📉 GIẢM,34.0%,HIGH,2026-06-12,📉 GIẢM,35.0%,HIGH,2026-06-15,📉 GIẢM,36.1%,HIGH,2026-06-16,📉 GIẢM,37.2%,HIGH,2026-06-17,📉 GIẢM,38.3%,HIGH,2026-06-18,📉 GIẢM,39.3%,HIGH,2026-06-19,📉 GIẢM,40.4%,HIGH,2026-06-22,📉 GIẢM,41.5%,HIGH,2026-06-23,📉 GIẢM,42.5%,HIGH,2026-06-24,📉 GIẢM,43.6%,HIGH
BVH,2026-06-03,2026-06-04,📉 GIẢM,27.2%,HIGH,2026-06-05,📉 GIẢM,29.9%,HIGH,2026-06-08,📉 GIẢM,31.0%,HIGH,2026-06-09,📉 GIẢM,32.1%,HIGH,2026-06-10,📉 GIẢM,33.1%,HIGH,2026-06-11,📉 GIẢM,34.2%,HIGH,2026-06-12,📉 GIẢM,35.2%,HIGH,2026-06-15,📉 GIẢM,36.2%,HIGH,2026-06-16,📉 GIẢM,37.2%,HIGH,2026-06-17,📉 GIẢM,38.3%,HIGH,2026-06-18,📉 GIẢM,39.5%,HIGH,2026-06-19,📉 GIẢM,40.6%,HIGH,2026-06-22,📉 GIẢM,41.6%,HIGH,2026-06-23,📉 GIẢM,42.7%,HIGH,2026-06-24,📉 GIẢM,43.7%,HIGH
C4G,2026-06-03,2026-06-04,📉 GIẢM,39.0%,MEDIUM,2026-06-05,📉 GIẢM,39.9%,MEDIUM,2026-06-08,📉 GIẢM,40.5%,LOW,2026-06-09,📉 GIẢM,41.0%,LOW,2026-06-10,📉 GIẢM,41.5%,LOW,2026-06-11,📉 GIẢM,42.0%,LOW,2026-06-12,📉 GIẢM,42.6%,LOW,2026-06-15,📉 GIẢM,43.1%,HIGH,2026-06-16,📉 GIẢM,43.6%,HIGH,2026-06-17,📉 GIẢM,44.2%,HIGH,2026-06-18,📉 GIẢM,44.7%,HIGH,2026-06-19,📉 GIẢM,45.2%,HIGH,2026-06-22,📉 GIẢM,45.8%,HIGH,2026-06-23,📉 GIẢM,46.3%,HIGH,2026-06-24,📉 GIẢM,46.8%,HIGH
BID,2026-06-03,2026-06-04,📉 GIẢM,39.2%,MEDIUM,2026-06-05,📉 GIẢM,40.9%,LOW,2026-06-08,📉 GIẢM,41.4%,LOW,2026-06-09,📉 GIẢM,41.9%,LOW,2026-06-10,📉 GIẢM,42.3%,LOW,2026-06-11,📉 GIẢM,42.8%,LOW,2026-06-12,📉 GIẢM,43.3%,LOW,2026-06-15,📉 GIẢM,43.8%,HIGH,2026-06-16,📉 GIẢM,44.3%,HIGH,2026-06-17,📉 GIẢM,44.7%,HIGH,2026-06-18,📉 GIẢM,45.2%,HIGH,2026-06-19,📉 GIẢM,45.7%,HIGH,2026-06-22,📉 GIẢM,46.2%,HIGH,2026-06-23,📉 GIẢM,46.6%,HIGH,2026-06-24,📉 GIẢM,47.1%,HIGH
CEO,2026-06-03,2026-06-04,📉 GIẢM,49.8%,LOW,2026-06-05,📉 GIẢM,49.8%,LOW,2026-06-08,📉 GIẢM,49.8%,LOW,2026-06-09,📉 GIẢM,49.8%,LOW,2026-06-10,📉 GIẢM,49.9%,LOW,2026-06-11,📉 GIẢM,49.9%,LOW,2026-06-12,📉 GIẢM,49.9%,LOW,2026-06-15,📉 GIẢM,49.9%,LOW,2026-06-16,📉 GIẢM,49.9%,LOW,2026-06-17,📉 GIẢM,49.9%,LOW,2026-06-18,📉 GIẢM,49.9%,HIGH,2026-06-19,📉 GIẢM,50.0%,HIGH,2026-06-22,📈 TĂNG,50.1%,HIGH,2026-06-23,📉 GIẢM,50.0%,HIGH,2026-06-24,📈 TĂNG,50.1%,HIGH
AAM,2026-06-03,2026-06-04,📉 GIẢM,36.3%,MEDIUM,2026-06-05,📉 GIẢM,37.2%,MEDIUM,2026-06-08,📉 GIẢM,37.9%,MEDIUM,2026-06-09,📉 GIẢM,38.5%,MEDIUM,2026-06-10,📉 GIẢM,39.2%,MEDIUM,2026-06-11,📉 GIẢM,39.9%,HIGH,2026-06-12,📉 GIẢM,40.6%,HIGH,2026-06-15,📉 GIẢM,41.2%,HIGH,2026-06-16,📉 GIẢM,41.9%,HIGH,2026-06-17,📉 GIẢM,42.6%,HIGH,2026-06-18,📉 GIẢM,43.3%,HIGH,2026-06-19,📉 GIẢM,43.9%,HIGH,2026-06-22,📉 GIẢM,44.7%,HIGH,2026-06-23,📉 GIẢM,45.4%,HIGH,2026-06-24,📉 GIẢM,46.0%,HIGH
SGR,2026-06-03,2026-06-04,📉 GIẢM,45.5%,LOW,2026-06-05,📉 GIẢM,45.8%,LOW,2026-06-08,📉 GIẢM,46.0%,LOW,2026-06-09,📉 GIẢM,46.3%,LOW,2026-06-10,📉 GIẢM,46.5%,LOW,2026-06-11,📉 GIẢM,46.7%,LOW,2026-06-12,📉 GIẢM,46.9%,LOW,2026-06-15,📉 GIẢM,47.1%,LOW,2026-06-16,📉 GIẢM,47.4%,LOW,2026-06-17,📉 GIẢM,47.6%,HIGH,2026-06-18,📉 GIẢM,47.8%,HIGH,2026-06-19,📉 GIẢM,48.0%,HIGH,2026-06-22,📉 GIẢM,48.2%,HIGH,2026-06-23,📉 GIẢM,48.5%,HIGH,2026-06-24,📉 GIẢM,48.7%,HIGH
SSB,2026-06-03,2026-06-04,📉 GIẢM,35.8%,MEDIUM,2026-06-05,📉 GIẢM,36.5%,MEDIUM,2026-06-08,📉 GIẢM,37.2%,MEDIUM,2026-06-09,📉 GIẢM,37.9%,MEDIUM,2026-06-10,📉 GIẢM,38.6%,MEDIUM,2026-06-11,📉 GIẢM,39.4%,HIGH,2026-06-12,📉 GIẢM,40.1%,HIGH,2026-06-15,📉 GIẢM,40.8%,HIGH,2026-06-16,📉 GIẢM,41.5%,HIGH,2026-06-17,📉 GIẢM,42.2%,HIGH,2026-06-18,📉 GIẢM,42.9%,HIGH,2026-06-19,📉 GIẢM,43.6%,HIGH,2026-06-22,📉 GIẢM,44.3%,HIGH,2026-06-23,📉 GIẢM,45.0%,HIGH,2026-06-24,📉 GIẢM,45.7%,HIGH
TA6,2026-06-03,2026-06-04,📉 GIẢM,43.7%,LOW,2026-06-05,📉 GIẢM,44.0%,LOW,2026-06-08,📉 GIẢM,44.3%,LOW,2026-06-09,📉 GIẢM,44.6%,LOW,2026-06-10,📉 GIẢM,44.9%,LOW,2026-06-11,📉 GIẢM,45.3%,LOW,2026-06-12,📉 GIẢM,45.6%,LOW,2026-06-15,📉 GIẢM,45.9%,LOW,2026-06-16,📉 GIẢM,46.2%,LOW,2026-06-17,📉 GIẢM,46.5%,HIGH,2026-06-18,📉 GIẢM,46.8%,HIGH,2026-06-19,📉 GIẢM,47.2%,HIGH,2026-06-22,📉 GIẢM,47.5%,HIGH,2026-06-23,📉 GIẢM,47.8%,HIGH,2026-06-24,📉 GIẢM,48.1%,HIGH
TCH,2026-06-03,2026-06-04,📉 GIẢM,47.9%,LOW,2026-06-05,📉 GIẢM,48.0%,LOW,2026-06-08,📉 GIẢM,48.1%,LOW,2026-06-09,📉 GIẢM,48.2%,LOW,2026-06-10,📉 GIẢM,48.3%,LOW,2026-06-11,📉 GIẢM,48.5%,LOW,2026-06-12,📉 GIẢM,48.6%,LOW,2026-06-15,📉 GIẢM,48.7%,LOW,2026-06-16,📉 GIẢM,48.8%,LOW,2026-06-17,📉 GIẢM,48.9%,LOW,2026-06-18,📉 GIẢM,49.0%,HIGH,2026-06-19,📉 GIẢM,49.1%,HIGH,2026-06-22,📉 GIẢM,49.2%,HIGH,2026-06-23,📉 GIẢM,49.3%,HIGH,2026-06-24,📉 GIẢM,49.4%,HIGH
TCW,2026-06-03,2026-06-04,📉 GIẢM,43.1%,LOW,2026-06-05,📉 GIẢM,43.6%,LOW,2026-06-08,📉 GIẢM,43.9%,LOW,2026-06-09,📉 GIẢM,44.3%,LOW,2026-06-10,📉 GIẢM,44.6%,LOW,2026-06-11,📉 GIẢM,44.9%,LOW,2026-06-12,📉 GIẢM,45.3%,LOW,2026-06-15,📉 GIẢM,45.6%,LOW,2026-06-16,📉 GIẢM,46.0%,HIGH,2026-06-17,📉 GIẢM,46.3%,HIGH,2026-06-18,📉 GIẢM,46.6%,HIGH,2026-06-19,📉 GIẢM,47.0%,HIGH,2026-06-22,📉 GIẢM,47.3%,HIGH,2026-06-23,📉 GIẢM,47.6%,HIGH,2026-06-24,📉 GIẢM,48.0%,HIGH
TDC,2026-06-03,2026-06-04,📉 GIẢM,31.4%,MEDIUM,2026-06-05,📉 GIẢM,32.3%,MEDIUM,2026-06-08,📉 GIẢM,33.2%,HIGH,2026-06-09,📉 GIẢM,34.3%,HIGH,2026-06-10,📉 GIẢM,35.3%,HIGH,2026-06-11,📉 GIẢM,36.2%,HIGH,2026-06-12,📉 GIẢM,37.1%,HIGH,2026-06-15,📉 GIẢM,38.0%,HIGH,2026-06-16,📉 GIẢM,38.9%,HIGH,2026-06-17,📉 GIẢM,39.9%,HIGH,2026-06-18,📉 GIẢM,40.8%,HIGH,2026-06-19,📉 GIẢM,41.7%,HIGH,2026-06-22,📉 GIẢM,42.6%,HIGH,2026-06-23,📉 GIẢM,43.6%,HIGH,2026-06-24,📉 GIẢM,44.5%,HIGH
THG,2026-06-03,2026-06-04,📉 GIẢM,38.1%,MEDIUM,2026-06-05,📉 GIẢM,39.9%,MEDIUM,2026-06-08,📉 GIẢM,40.5%,LOW,2026-06-09,📉 GIẢM,41.0%,LOW,2026-06-10,📉 GIẢM,41.5%,LOW,2026-06-11,📉 GIẢM,42.1%,LOW,2026-06-12,📉 GIẢM,42.6%,LOW,2026-06-15,📉 GIẢM,43.1%,HIGH,2026-06-16,📉 GIẢM,43.6%,HIGH,2026-06-17,📉 GIẢM,44.2%,HIGH,2026-06-18,📉 GIẢM,44.7%,HIGH,2026-06-19,📉 GIẢM,45.2%,HIGH,2026-06-22,📉 GIẢM,45.8%,HIGH,2026-06-23,📉 GIẢM,46.3%,HIGH,2026-06-24,📉 GIẢM,46.8%,HIGH
THT,2026-06-03,2026-06-04,📉 GIẢM,32.2%,MEDIUM,2026-06-05,📉 GIẢM,32.4%,MEDIUM,2026-06-08,📉 GIẢM,33.3%,HIGH,2026-06-09,📉 GIẢM,34.2%,HIGH,2026-06-10,📉 GIẢM,35.2%,HIGH,2026-06-11,📉 GIẢM,36.1%,HIGH,2026-06-12,📉 GIẢM,37.0%,HIGH,2026-06-15,📉 GIẢM,38.0%,HIGH,2026-06-16,📉 GIẢM,38.9%,HIGH,2026-06-17,📉 GIẢM,39.8%,HIGH,2026-06-18,📉 GIẢM,40.7%,HIGH,2026-06-19,📉 GIẢM,41.7%,HIGH,2026-06-22,📉 GIẢM,42.6%,HIGH,2026-06-23,📉 GIẢM,43.5%,HIGH,2026-06-24,📉 GIẢM,44.4%,HIGH
TIN,2026-06-03,2026-06-04,📉 GIẢM,23.5%,HIGH,2026-06-05,📉 GIẢM,24.8%,HIGH,2026-06-08,📉 GIẢM,26.2%,HIGH,2026-06-09,📉 GIẢM,27.5%,HIGH,2026-06-10,📉 GIẢM,28.8%,HIGH,2026-06-11,📉 GIẢM,30.1%,HIGH,2026-06-12,📉 GIẢM,31.5%,HIGH,2026-06-15,📉 GIẢM,32.8%,HIGH,2026-06-16,📉 GIẢM,34.1%,HIGH,2026-06-17,📉 GIẢM,35.4%,HIGH,2026-06-18,📉 GIẢM,37.1%,HIGH,2026-06-19,📉 GIẢM,38.4%,HIGH,2026-06-22,📉 GIẢM,39.9%,HIGH,2026-06-23,📉 GIẢM,41.2%,HIGH,2026-06-24,📉 GIẢM,42.4%,HIGH
TLG,2026-06-03,2026-06-04,📉 GIẢM,46.9%,LOW,2026-06-05,📉 GIẢM,47.0%,LOW,2026-06-08,📉 GIẢM,47.2%,LOW,2026-06-09,📉 GIẢM,47.3%,LOW,2026-06-10,📉 GIẢM,47.5%,LOW,2026-06-11,📉 GIẢM,47.7%,LOW,2026-06-12,📉 GIẢM,47.8%,LOW,2026-06-15,📉 GIẢM,48.0%,LOW,2026-06-16,📉 GIẢM,48.1%,LOW,2026-06-17,📉 GIẢM,48.3%,LOW,2026-06-18,📉 GIẢM,48.4%,HIGH,2026-06-19,📉 GIẢM,48.5%,HIGH,2026-06-22,📉 GIẢM,48.7%,HIGH,2026-06-23,📉 GIẢM,48.9%,HIGH,2026-06-24,📉 GIẢM,49.0%,HIGH
AAV,2026-06-03,2026-06-04,📈 TĂNG,50.6%,LOW,2026-06-05,📈 TĂNG,52.1%,LOW,2026-06-08,📈 TĂNG,52.0%,LOW,2026-06-09,📈 TĂNG,51.9%,LOW,2026-06-10,📈 TĂNG,51.7%,LOW,2026-06-11,📈 TĂNG,51.6%,LOW,2026-06-12,📈 TĂNG,51.5%,LOW,2026-06-15,📈 TĂNG,51.4%,LOW,2026-06-16,📈 TĂNG,51.3%,LOW,2026-06-17,📈 TĂNG,51.2%,LOW,2026-06-18,📈 TĂNG,51.1%,HIGH,2026-06-19,📈 TĂNG,51.0%,HIGH,2026-06-22,📈 TĂNG,50.9%,HIGH,2026-06-23,📈 TĂNG,51.0%,HIGH,2026-06-24,📈 TĂNG,50.9%,HIGH
TTN,2026-06-03,2026-06-04,📉 GIẢM,30.5%,MEDIUM,2026-06-05,📉 GIẢM,32.4%,MEDIUM,2026-06-08,📉 GIẢM,33.4%,HIGH,2026-06-09,📉 GIẢM,33.9%,HIGH,2026-06-10,📉 GIẢM,34.9%,HIGH,2026-06-11,📉 GIẢM,35.8%,HIGH,2026-06-12,📉 GIẢM,36.8%,HIGH,2026-06-15,📉 GIẢM,37.7%,HIGH,2026-06-16,📉 GIẢM,38.7%,HIGH,2026-06-17,📉 GIẢM,39.6%,HIGH,2026-06-18,📉 GIẢM,40.6%,HIGH,2026-06-19,📉 GIẢM,41.5%,HIGH,2026-06-22,📉 GIẢM,42.4%,HIGH,2026-06-23,📉 GIẢM,43.4%,HIGH,2026-06-24,📉 GIẢM,44.3%,HIGH
HUT,2026-06-03,2026-06-04,📉 GIẢM,25.7%,HIGH,2026-06-05,📉 GIẢM,28.4%,HIGH,2026-06-08,📉 GIẢM,29.6%,HIGH,2026-06-09,📉 GIẢM,30.7%,HIGH,2026-06-10,📉 GIẢM,31.8%,HIGH,2026-06-11,📉 GIẢM,33.0%,HIGH,2026-06-12,📉 GIẢM,34.1%,HIGH,2026-06-15,📉 GIẢM,35.2%,HIGH,2026-06-16,📉 GIẢM,36.4%,HIGH,2026-06-17,📉 GIẢM,37.5%,HIGH,2026-06-18,📉 GIẢM,38.6%,HIGH,2026-06-19,📉 GIẢM,39.8%,HIGH,2026-06-22,📉 GIẢM,41.0%,HIGH,2026-06-23,📉 GIẢM,42.1%,HIGH,2026-06-24,📉 GIẢM,43.2%,HIGH
TXM,2026-06-03,2026-06-04,📈 TĂNG,55.5%,LOW,2026-06-05,📈 TĂNG,55.3%,LOW,2026-06-08,📈 TĂNG,55.0%,LOW,2026-06-09,📈 TĂNG,54.7%,LOW,2026-06-10,📈 TĂNG,54.5%,LOW,2026-06-11,📈 TĂNG,54.2%,LOW,2026-06-12,📈 TĂNG,53.9%,LOW,2026-06-15,📈 TĂNG,53.7%,LOW,2026-06-16,📈 TĂNG,53.4%,LOW,2026-06-17,📈 TĂNG,53.1%,HIGH,2026-06-18,📈 TĂNG,52.8%,HIGH,2026-06-19,📈 TĂNG,52.5%,HIGH,2026-06-22,📈 TĂNG,52.3%,HIGH,2026-06-23,📈 TĂNG,52.0%,HIGH,2026-06-24,📈 TĂNG,51.7%,HIGH
VC3,2026-06-03,2026-06-04,📉 GIẢM,29.7%,HIGH,2026-06-05,📉 GIẢM,30.7%,HIGH,2026-06-08,📉 GIẢM,31.7%,HIGH,2026-06-09,📉 GIẢM,32.7%,HIGH,2026-06-10,📉 GIẢM,33.8%,HIGH,2026-06-11,📉 GIẢM,34.8%,HIGH,2026-06-12,📉 GIẢM,35.8%,HIGH,2026-06-15,📉 GIẢM,36.8%,HIGH,2026-06-16,📉 GIẢM,37.8%,HIGH,2026-06-17,📉 GIẢM,38.8%,HIGH,2026-06-18,📉 GIẢM,39.8%,HIGH,2026-06-19,📉 GIẢM,40.9%,HIGH,2026-06-22,📉 GIẢM,41.9%,HIGH,2026-06-23,📉 GIẢM,42.9%,HIGH,2026-06-24,📉 GIẢM,43.9%,HIGH
VIG,2026-06-03,2026-06-04,📉 GIẢM,24.0%,HIGH,2026-06-05,📉 GIẢM,25.3%,HIGH,2026-06-08,📉 GIẢM,26.6%,HIGH,2026-06-09,📉 GIẢM,27.9%,HIGH,2026-06-10,📉 GIẢM,29.2%,HIGH,2026-06-11,📉 GIẢM,30.5%,HIGH,2026-06-12,📉 GIẢM,31.8%,HIGH,2026-06-15,📉 GIẢM,33.1%,HIGH,2026-06-16,📉 GIẢM,34.4%,HIGH,2026-06-17,📉 GIẢM,35.7%,HIGH,2026-06-18,📉 GIẢM,37.0%,HIGH,2026-06-19,📉 GIẢM,38.3%,HIGH,2026-06-22,📉 GIẢM,39.6%,HIGH,2026-06-23,📉 GIẢM,40.9%,HIGH,2026-06-24,📉 GIẢM,42.2%,HIGH
VPD,2026-06-03,2026-06-04,📉 GIẢM,39.7%,MEDIUM,2026-06-05,📉 GIẢM,40.2%,LOW,2026-06-08,📉 GIẢM,40.7%,LOW,2026-06-09,📉 GIẢM,41.2%,LOW,2026-06-10,📉 GIẢM,41.7%,LOW,2026-06-11,📉 GIẢM,42.3%,LOW,2026-06-12,📉 GIẢM,42.8%,LOW,2026-06-15,📉 GIẢM,43.3%,HIGH,2026-06-16,📉 GIẢM,43.8%,HIGH,2026-06-17,📉 GIẢM,44.3%,HIGH,2026-06-18,📉 GIẢM,44.8%,HIGH,2026-06-19,📉 GIẢM,45.4%,HIGH,2026-06-22,📉 GIẢM,45.9%,HIGH,2026-06-23,📉 GIẢM,46.4%,HIGH,2026-06-24,📉 GIẢM,46.9%,HIGH
VPI,2026-06-03,2026-06-04,📉 GIẢM,46.8%,LOW,2026-06-05,📉 GIẢM,47.3%,LOW,2026-06-08,📉 GIẢM,47.6%,LOW,2026-06-09,📉 GIẢM,47.9%,LOW,2026-06-10,📉 GIẢM,48.1%,LOW,2026-06-11,📉 GIẢM,48.3%,LOW,2026-06-12,📉 GIẢM,48.4%,LOW,2026-06-15,📉 GIẢM,48.6%,LOW,2026-06-16,📉 GIẢM,48.2%,LOW,2026-06-17,📉 GIẢM,48.4%,LOW,2026-06-18,📉 GIẢM,48.5%,HIGH,2026-06-19,📉 GIẢM,48.7%,HIGH,2026-06-22,📉 GIẢM,48.8%,HIGH,2026-06-23,📉 GIẢM,49.0%,HIGH,2026-06-24,📉 GIẢM,49.1%,HIGH
HUB,2026-06-03,2026-06-04,📉 GIẢM,30.6%,MEDIUM,2026-06-05,📉 GIẢM,31.5%,HIGH,2026-06-08,📉 GIẢM,32.5%,HIGH,2026-06-09,📉 GIẢM,33.5%,HIGH,2026-06-10,📉 GIẢM,34.4%,HIGH,2026-06-11,📉 GIẢM,35.4%,HIGH,2026-06-12,📉 GIẢM,36.4%,HIGH,2026-06-15,📉 GIẢM,37.4%,HIGH,2026-06-16,📉 GIẢM,38.3%,HIGH,2026-06-17,📉 GIẢM,39.3%,HIGH,2026-06-18,📉 GIẢM,40.3%,HIGH,2026-06-19,📉 GIẢM,41.3%,HIGH,2026-06-22,📉 GIẢM,42.2%,HIGH,2026-06-23,📉 GIẢM,43.3%,HIGH,2026-06-24,📉 GIẢM,44.3%,HIGH
VRG,2026-06-03,2026-06-04,📉 GIẢM,28.3%,HIGH,2026-06-05,📉 GIẢM,29.4%,HIGH,2026-06-08,📉 GIẢM,30.5%,HIGH,2026-06-09,📉 GIẢM,31.6%,HIGH,2026-06-10,📉 GIẢM,32.7%,HIGH,2026-06-11,📉 GIẢM,33.7%,HIGH,2026-06-12,📉 GIẢM,34.8%,HIGH,2026-06-15,📉 GIẢM,35.9%,HIGH,2026-06-16,📉 GIẢM,37.0%,HIGH,2026-06-17,📉 GIẢM,38.1%,HIGH,2026-06-18,📉 GIẢM,39.2%,HIGH,2026-06-19,📉 GIẢM,40.2%,HIGH,2026-06-22,📉 GIẢM,41.3%,HIGH,2026-06-23,📉 GIẢM,42.4%,HIGH,2026-06-24,📉 GIẢM,43.5%,HIGH
TNH,2026-06-03,2026-06-04,📉 GIẢM,32.8%,MEDIUM,2026-06-05,📉 GIẢM,34.6%,MEDIUM,2026-06-08,📉 GIẢM,35.4%,MEDIUM,2026-06-09,📉 GIẢM,36.3%,MEDIUM,2026-06-10,📉 GIẢM,37.1%,HIGH,2026-06-11,📉 GIẢM,37.9%,HIGH,2026-06-12,📉 GIẢM,38.7%,HIGH,2026-06-15,📉 GIẢM,39.5%,HIGH,2026-06-16,📉 GIẢM,40.3%,HIGH,2026-06-17,📉 GIẢM,41.1%,HIGH,2026-06-18,📉 GIẢM,41.9%,HIGH,2026-06-19,📉 GIẢM,42.7%,HIGH,2026-06-22,📉 GIẢM,43.5%,HIGH,2026-06-23,📉 GIẢM,44.3%,HIGH,2026-06-24,📉 GIẢM,45.1%,HIGH
CLL,2026-06-03,2026-06-04,📉 GIẢM,37.9%,MEDIUM,2026-06-05,📉 GIẢM,38.5%,MEDIUM,2026-06-08,📉 GIẢM,39.1%,MEDIUM,2026-06-09,📉 GIẢM,39.7%,MEDIUM,2026-06-10,📉 GIẢM,40.3%,LOW,2026-06-11,📉 GIẢM,40.9%,LOW,2026-06-12,📉 GIẢM,41.5%,HIGH,2026-06-15,📉 GIẢM,42.1%,HIGH,2026-06-16,📉 GIẢM,43.2%,HIGH,2026-06-17,📉 GIẢM,43.7%,HIGH,2026-06-18,📉 GIẢM,44.3%,HIGH,2026-06-19,📉 GIẢM,44.9%,HIGH,2026-06-22,📉 GIẢM,45.4%,HIGH,2026-06-23,📉 GIẢM,46.0%,HIGH,2026-06-24,📉 GIẢM,46.6%,HIGH
HEC,2026-06-03,2026-06-04,📉 GIẢM,34.4%,MEDIUM,2026-06-05,📉 GIẢM,35.3%,MEDIUM,2026-06-08,📉 GIẢM,36.1%,MEDIUM,2026-06-09,📉 GIẢM,36.9%,MEDIUM,2026-06-10,📉 GIẢM,37.6%,HIGH,2026-06-11,📉 GIẢM,38.4%,HIGH,2026-06-12,📉 GIẢM,39.2%,HIGH,2026-06-15,📉 GIẢM,40.0%,HIGH,2026-06-16,📉 GIẢM,40.7%,HIGH,2026-06-17,📉 GIẢM,41.5%,HIGH,2026-06-18,📉 GIẢM,42.3%,HIGH,2026-06-19,📉 GIẢM,43.0%,HIGH,2026-06-22,📉 GIẢM,43.8%,HIGH,2026-06-23,📉 GIẢM,44.6%,HIGH,2026-06-24,📉 GIẢM,45.4%,HIGH
CMN,2026-06-03,2026-06-04,📉 GIẢM,40.4%,LOW,2026-06-05,📉 GIẢM,41.6%,LOW,2026-06-08,📉 GIẢM,42.1%,LOW,2026-06-09,📉 GIẢM,42.5%,LOW,2026-06-10,📉 GIẢM,44.1%,LOW,2026-06-11,📉 GIẢM,44.5%,LOW,2026-06-12,📉 GIẢM,44.9%,LOW,2026-06-15,📉 GIẢM,45.2%,LOW,2026-06-16,📉 GIẢM,45.6%,HIGH,2026-06-17,📉 GIẢM,46.0%,HIGH,2026-06-18,📉 GIẢM,46.3%,HIGH,2026-06-19,📉 GIẢM,46.7%,HIGH,2026-06-22,📉 GIẢM,47.0%,HIGH,2026-06-23,📉 GIẢM,47.4%,HIGH,2026-06-24,📉 GIẢM,47.8%,HIGH
HTN,2026-06-03,2026-06-04,📉 GIẢM,44.9%,LOW,2026-06-05,📉 GIẢM,45.8%,LOW,2026-06-08,📉 GIẢM,46.1%,LOW,2026-06-09,📉 GIẢM,46.3%,LOW,2026-06-10,📉 GIẢM,46.5%,LOW,2026-06-11,📉 GIẢM,46.8%,LOW,2026-06-12,📉 GIẢM,47.1%,LOW,2026-06-15,📉 GIẢM,47.4%,LOW,2026-06-16,📉 GIẢM,47.5%,LOW,2026-06-17,📉 GIẢM,47.7%,HIGH,2026-06-18,📉 GIẢM,47.9%,HIGH,2026-06-19,📉 GIẢM,48.1%,HIGH,2026-06-22,📉 GIẢM,48.3%,HIGH,2026-06-23,📉 GIẢM,48.5%,HIGH,2026-06-24,📉 GIẢM,48.8%,HIGH
HVN,2026-06-03,2026-06-04,📉 GIẢM,33.4%,MEDIUM,2026-06-05,📉 GIẢM,34.3%,MEDIUM,2026-06-08,📉 GIẢM,35.8%,MEDIUM,2026-06-09,📉 GIẢM,36.6%,MEDIUM,2026-06-10,📉 GIẢM,37.4%,HIGH,2026-06-11,📉 GIẢM,38.2%,HIGH,2026-06-12,📉 GIẢM,38.9%,HIGH,2026-06-15,📉 GIẢM,39.7%,HIGH,2026-06-16,📉 GIẢM,40.5%,HIGH,2026-06-17,📉 GIẢM,41.3%,HIGH,2026-06-18,📉 GIẢM,42.1%,HIGH,2026-06-19,📉 GIẢM,42.9%,HIGH,2026-06-22,📉 GIẢM,43.7%,HIGH,2026-06-23,📉 GIẢM,44.5%,HIGH,2026-06-24,📉 GIẢM,45.3%,HIGH
IJC,2026-06-03,2026-06-04,📉 GIẢM,46.2%,LOW,2026-06-05,📉 GIẢM,46.3%,LOW,2026-06-08,📉 GIẢM,46.5%,LOW,2026-06-09,📉 GIẢM,46.7%,LOW,2026-06-10,📉 GIẢM,46.9%,LOW,2026-06-11,📉 GIẢM,47.1%,LOW,2026-06-12,📉 GIẢM,47.7%,LOW,2026-06-15,📉 GIẢM,47.8%,LOW,2026-06-16,📉 GIẢM,48.0%,LOW,2026-06-17,📉 GIẢM,48.2%,LOW,2026-06-18,📉 GIẢM,48.3%,HIGH,2026-06-19,📉 GIẢM,48.5%,HIGH,2026-06-22,📉 GIẢM,48.7%,HIGH,2026-06-23,📉 GIẢM,48.8%,HIGH,2026-06-24,📉 GIẢM,49.0%,HIGH
KDC,2026-06-03,2026-06-04,📉 GIẢM,35.4%,MEDIUM,2026-06-05,📉 GIẢM,37.7%,MEDIUM,2026-06-08,📉 GIẢM,38.4%,MEDIUM,2026-06-09,📉 GIẢM,39.0%,MEDIUM,2026-06-10,📉 GIẢM,39.7%,MEDIUM,2026-06-11,📉 GIẢM,40.3%,LOW,2026-06-12,📉 GIẢM,41.0%,HIGH,2026-06-15,📉 GIẢM,41.6%,HIGH,2026-06-16,📉 GIẢM,42.3%,HIGH,2026-06-17,📉 GIẢM,42.9%,HIGH,2026-06-18,📉 GIẢM,43.5%,HIGH,2026-06-19,📉 GIẢM,44.2%,HIGH,2026-06-22,📉 GIẢM,44.8%,HIGH,2026-06-23,📉 GIẢM,45.5%,HIGH,2026-06-24,📉 GIẢM,46.1%,HIGH
FOC,2026-06-03,2026-06-04,📉 GIẢM,43.5%,LOW,2026-06-05,📉 GIẢM,43.8%,LOW,2026-06-08,📉 GIẢM,44.1%,LOW,2026-06-09,📉 GIẢM,44.5%,LOW,2026-06-10,📉 GIẢM,44.8%,LOW,2026-06-11,📉 GIẢM,45.1%,LOW,2026-06-12,📉 GIẢM,45.4%,LOW,2026-06-15,📉 GIẢM,45.8%,LOW,2026-06-16,📉 GIẢM,46.1%,LOW,2026-06-17,📉 GIẢM,46.4%,HIGH,2026-06-18,📉 GIẢM,46.7%,HIGH,2026-06-19,📉 GIẢM,47.1%,HIGH,2026-06-22,📉 GIẢM,47.4%,HIGH,2026-06-23,📉 GIẢM,47.7%,HIGH,2026-06-24,📉 GIẢM,48.0%,HIGH
KHP,2026-06-03,2026-06-04,📉 GIẢM,23.8%,HIGH,2026-06-05,📉 GIẢM,25.0%,HIGH,2026-06-08,📉 GIẢM,26.3%,HIGH,2026-06-09,📉 GIẢM,27.7%,HIGH,2026-06-10,📉 GIẢM,29.0%,HIGH,2026-06-11,📉 GIẢM,30.3%,HIGH,2026-06-12,📉 GIẢM,31.6%,HIGH,2026-06-15,📉 GIẢM,32.9%,HIGH,2026-06-16,📉 GIẢM,34.2%,HIGH,2026-06-17,📉 GIẢM,35.5%,HIGH,2026-06-18,📉 GIẢM,36.9%,HIGH,2026-06-19,📉 GIẢM,38.2%,HIGH,2026-06-22,📉 GIẢM,39.5%,HIGH,2026-06-23,📉 GIẢM,40.8%,HIGH,2026-06-24,📉 GIẢM,42.1%,HIGH
KOS,2026-06-03,2026-06-04,📉 GIẢM,30.7%,MEDIUM,2026-06-05,📉 GIẢM,32.7%,MEDIUM,2026-06-08,📉 GIẢM,33.6%,HIGH,2026-06-09,📉 GIẢM,34.5%,HIGH,2026-06-10,📉 GIẢM,35.4%,HIGH,2026-06-11,📉 GIẢM,36.3%,HIGH,2026-06-12,📉 GIẢM,37.2%,HIGH,2026-06-15,📉 GIẢM,38.1%,HIGH,2026-06-16,📉 GIẢM,39.0%,HIGH,2026-06-17,📉 GIẢM,40.1%,HIGH,2026-06-18,📉 GIẢM,41.0%,HIGH,2026-06-19,📉 GIẢM,41.9%,HIGH,2026-06-22,📉 GIẢM,43.0%,HIGH,2026-06-23,📉 GIẢM,43.9%,HIGH,2026-06-24,📉 GIẢM,44.8%,HIGH
HSP,2026-06-03,2026-06-04,📉 GIẢM,32.7%,MEDIUM,2026-06-05,📉 GIẢM,33.6%,MEDIUM,2026-06-08,📉 GIẢM,34.4%,MEDIUM,2026-06-09,📉 GIẢM,35.3%,HIGH,2026-06-10,📉 GIẢM,36.2%,HIGH,2026-06-11,📉 GIẢM,37.0%,HIGH,2026-06-12,📉 GIẢM,37.9%,HIGH,2026-06-15,📉 GIẢM,38.7%,HIGH,2026-06-16,📉 GIẢM,39.6%,HIGH,2026-06-17,📉 GIẢM,40.5%,HIGH,2026-06-18,📉 GIẢM,41.3%,HIGH,2026-06-19,📉 GIẢM,42.2%,HIGH,2026-06-22,📉 GIẢM,43.1%,HIGH,2026-06-23,📉 GIẢM,43.9%,HIGH,2026-06-24,📉 GIẢM,44.8%,HIGH
KVC,2026-06-03,2026-06-04,📈 TĂNG,52.1%,LOW,2026-06-05,📈 TĂNG,55.2%,LOW,2026-06-08,📈 TĂNG,54.9%,LOW,2026-06-09,📈 TĂNG,54.7%,LOW,2026-06-10,📈 TĂNG,54.4%,LOW,2026-06-11,📈 TĂNG,54.1%,LOW,2026-06-12,📈 TĂNG,53.8%,LOW,2026-06-15,📈 TĂNG,53.6%,LOW,2026-06-16,📈 TĂNG,53.3%,LOW,2026-06-17,📈 TĂNG,53.0%,HIGH,2026-06-18,📈 TĂNG,52.7%,HIGH,2026-06-19,📈 TĂNG,52.5%,HIGH,2026-06-22,📈 TĂNG,52.2%,HIGH,2026-06-23,📈 TĂNG,51.9%,HIGH,2026-06-24,📈 TĂNG,51.6%,HIGH
FMC,2026-06-03,2026-06-04,📉 GIẢM,31.7%,MEDIUM,2026-06-05,📉 GIẢM,33.1%,MEDIUM,2026-06-08,📉 GIẢM,34.0%,MEDIUM,2026-06-09,📉 GIẢM,34.9%,HIGH,2026-06-10,📉 GIẢM,35.8%,HIGH,2026-06-11,📉 GIẢM,36.7%,HIGH,2026-06-12,📉 GIẢM,37.6%,HIGH,2026-06-15,📉 GIẢM,38.4%,HIGH,2026-06-16,📉 GIẢM,39.3%,HIGH,2026-06-17,📉 GIẢM,40.2%,HIGH,2026-06-18,📉 GIẢM,41.1%,HIGH,2026-06-19,📉 GIẢM,42.1%,HIGH,2026-06-22,📉 GIẢM,43.0%,HIGH,2026-06-23,📉 GIẢM,43.9%,HIGH,2026-06-24,📉 GIẢM,44.7%,HIGH
LSG,2026-06-03,2026-06-04,📉 GIẢM,46.3%,LOW,2026-06-05,📉 GIẢM,46.5%,LOW,2026-06-08,📉 GIẢM,46.7%,LOW,2026-06-09,📉 GIẢM,46.8%,LOW,2026-06-10,📉 GIẢM,47.0%,LOW,2026-06-11,📉 GIẢM,47.2%,LOW,2026-06-12,📉 GIẢM,47.4%,LOW,2026-06-15,📉 GIẢM,47.6%,LOW,2026-06-16,📉 GIẢM,47.8%,LOW,2026-06-17,📉 GIẢM,48.0%,HIGH,2026-06-18,📉 GIẢM,48.1%,HIGH,2026-06-19,📉 GIẢM,48.3%,HIGH,2026-06-22,📉 GIẢM,48.5%,HIGH,2026-06-23,📉 GIẢM,48.7%,HIGH,2026-06-24,📉 GIẢM,48.9%,HIGH
LSS,2026-06-03,2026-06-04,📉 GIẢM,32.9%,MEDIUM,2026-06-05,📉 GIẢM,34.3%,MEDIUM,2026-06-08,📉 GIẢM,35.1%,MEDIUM,2026-06-09,📉 GIẢM,35.9%,HIGH,2026-06-10,📉 GIẢM,36.8%,HIGH,2026-06-11,📉 GIẢM,37.6%,HIGH,2026-06-12,📉 GIẢM,38.4%,HIGH,2026-06-15,📉 GIẢM,39.2%,HIGH,2026-06-16,📉 GIẢM,40.1%,HIGH,2026-06-17,📉 GIẢM,40.9%,HIGH,2026-06-18,📉 GIẢM,41.7%,HIGH,2026-06-19,📉 GIẢM,42.6%,HIGH,2026-06-22,📉 GIẢM,43.4%,HIGH,2026-06-23,📉 GIẢM,44.2%,HIGH,2026-06-24,📉 GIẢM,45.0%,HIGH
MLS,2026-06-03,2026-06-04,📉 GIẢM,37.4%,MEDIUM,2026-06-05,📉 GIẢM,38.2%,MEDIUM,2026-06-08,📉 GIẢM,38.8%,MEDIUM,2026-06-09,📉 GIẢM,39.6%,MEDIUM,2026-06-10,📉 GIẢM,40.2%,LOW,2026-06-11,📉 GIẢM,40.8%,LOW,2026-06-12,📉 GIẢM,41.5%,HIGH,2026-06-15,📉 GIẢM,42.1%,HIGH,2026-06-16,📉 GIẢM,42.7%,HIGH,2026-06-17,📉 GIẢM,43.4%,HIGH,2026-06-18,📉 GIẢM,44.0%,HIGH,2026-06-19,📉 GIẢM,44.6%,HIGH,2026-06-22,📉 GIẢM,45.2%,HIGH,2026-06-23,📉 GIẢM,45.8%,HIGH,2026-06-24,📉 GIẢM,46.4%,HIGH
MML,2026-06-03,2026-06-04,📉 GIẢM,30.9%,MEDIUM,2026-06-05,📉 GIẢM,32.0%,MEDIUM,2026-06-08,📉 GIẢM,32.9%,HIGH,2026-06-09,📉 GIẢM,33.9%,HIGH,2026-06-10,📉 GIẢM,34.8%,HIGH,2026-06-11,📉 GIẢM,35.8%,HIGH,2026-06-12,📉 GIẢM,37.0%,HIGH,2026-06-15,📉 GIẢM,38.0%,HIGH,2026-06-16,📉 GIẢM,38.9%,HIGH,2026-06-17,📉 GIẢM,39.8%,HIGH,2026-06-18,📉 GIẢM,40.7%,HIGH,2026-06-19,📉 GIẢM,41.7%,HIGH,2026-06-22,📉 GIẢM,42.6%,HIGH,2026-06-23,📉 GIẢM,43.5%,HIGH,2026-06-24,📉 GIẢM,44.4%,HIGH
MVB,2026-06-03,2026-06-04,📈 TĂNG,56.5%,LOW,2026-06-05,📈 TĂNG,56.1%,LOW,2026-06-08,📈 TĂNG,55.8%,LOW,2026-06-09,📈 TĂNG,55.5%,LOW,2026-06-10,📈 TĂNG,55.2%,LOW,2026-06-11,📈 TĂNG,54.8%,LOW,2026-06-12,📈 TĂNG,54.5%,LOW,2026-06-15,📈 TĂNG,54.2%,LOW,2026-06-16,📈 TĂNG,53.9%,LOW,2026-06-17,📈 TĂNG,53.6%,HIGH,2026-06-18,📈 TĂNG,53.2%,HIGH,2026-06-19,📈 TĂNG,52.9%,HIGH,2026-06-22,📈 TĂNG,52.6%,HIGH,2026-06-23,📈 TĂNG,52.2%,HIGH,2026-06-24,📈 TĂNG,51.9%,HIGH
FIR,2026-06-03,2026-06-04,📉 GIẢM,42.5%,LOW,2026-06-05,📉 GIẢM,42.9%,LOW,2026-06-08,📉 GIẢM,43.2%,LOW,2026-06-09,📉 GIẢM,43.6%,LOW,2026-06-10,📉 GIẢM,44.0%,LOW,2026-06-11,📉 GIẢM,44.4%,LOW,2026-06-12,📉 GIẢM,44.5%,LOW,2026-06-15,📉 GIẢM,44.9%,LOW,2026-06-16,📉 GIẢM,45.2%,HIGH,2026-06-17,📉 GIẢM,45.6%,HIGH,2026-06-18,📉 GIẢM,46.0%,HIGH,2026-06-19,📉 GIẢM,46.4%,HIGH,2026-06-22,📉 GIẢM,46.8%,HIGH,2026-06-23,📉 GIẢM,47.2%,HIGH,2026-06-24,📉 GIẢM,47.6%,HIGH
NHH,2026-06-03,2026-06-04,📉 GIẢM,37.6%,MEDIUM,2026-06-05,📉 GIẢM,38.2%,MEDIUM,2026-06-08,📉 GIẢM,38.8%,MEDIUM,2026-06-09,📉 GIẢM,39.4%,MEDIUM,2026-06-10,📉 GIẢM,40.1%,LOW,2026-06-11,📉 GIẢM,40.7%,LOW,2026-06-12,📉 GIẢM,41.4%,HIGH,2026-06-15,📉 GIẢM,42.0%,HIGH,2026-06-16,📉 GIẢM,42.6%,HIGH,2026-06-17,📉 GIẢM,43.2%,HIGH,2026-06-18,📉 GIẢM,43.8%,HIGH,2026-06-19,📉 GIẢM,44.7%,HIGH,2026-06-22,📉 GIẢM,45.3%,HIGH,2026-06-23,📉 GIẢM,45.9%,HIGH,2026-06-24,📉 GIẢM,46.4%,HIGH
NTF,2026-06-03,2026-06-04,📉 GIẢM,26.4%,HIGH,2026-06-05,📉 GIẢM,27.5%,HIGH,2026-06-08,📉 GIẢM,28.7%,HIGH,2026-06-09,📉 GIẢM,29.9%,HIGH,2026-06-10,📉 GIẢM,31.1%,HIGH,2026-06-11,📉 GIẢM,32.3%,HIGH,2026-06-12,📉 GIẢM,33.4%,HIGH,2026-06-15,📉 GIẢM,34.6%,HIGH,2026-06-16,📉 GIẢM,35.8%,HIGH,2026-06-17,📉 GIẢM,37.0%,HIGH,2026-06-18,📉 GIẢM,38.2%,HIGH,2026-06-19,📉 GIẢM,39.4%,HIGH,2026-06-22,📉 GIẢM,40.6%,HIGH,2026-06-23,📉 GIẢM,41.7%,HIGH,2026-06-24,📉 GIẢM,42.9%,HIGH
PAN,2026-06-03,2026-06-04,📉 GIẢM,43.3%,LOW,2026-06-05,📉 GIẢM,44.1%,LOW,2026-06-08,📉 GIẢM,44.4%,LOW,2026-06-09,📉 GIẢM,44.7%,LOW,2026-06-10,📉 GIẢM,45.0%,LOW,2026-06-11,📉 GIẢM,45.3%,LOW,2026-06-12,📉 GIẢM,45.6%,LOW,2026-06-15,📉 GIẢM,45.9%,LOW,2026-06-16,📉 GIẢM,46.3%,LOW,2026-06-17,📉 GIẢM,46.6%,HIGH,2026-06-18,📉 GIẢM,46.9%,HIGH,2026-06-19,📉 GIẢM,47.2%,HIGH,2026-06-22,📉 GIẢM,47.5%,HIGH,2026-06-23,📉 GIẢM,47.8%,HIGH,2026-06-24,📉 GIẢM,48.1%,HIGH
PDB,2026-06-03,2026-06-04,📉 GIẢM,44.9%,LOW,2026-06-05,📉 GIẢM,45.1%,LOW,2026-06-08,📉 GIẢM,45.4%,LOW,2026-06-09,📉 GIẢM,45.5%,LOW,2026-06-10,📉 GIẢM,45.8%,LOW,2026-06-11,📉 GIẢM,46.0%,LOW,2026-06-12,📉 GIẢM,46.3%,LOW,2026-06-15,📉 GIẢM,46.6%,LOW,2026-06-16,📉 GIẢM,46.8%,LOW,2026-06-17,📉 GIẢM,47.1%,HIGH,2026-06-18,📉 GIẢM,47.4%,HIGH,2026-06-19,📉 GIẢM,47.6%,HIGH,2026-06-22,📉 GIẢM,47.9%,HIGH,2026-06-23,📉 GIẢM,48.2%,HIGH,2026-06-24,📉 GIẢM,48.4%,HIGH
LIX,2026-06-03,2026-06-04,📉 GIẢM,38.3%,MEDIUM,2026-06-05,📉 GIẢM,39.8%,MEDIUM,2026-06-08,📉 GIẢM,40.4%,LOW,2026-06-09,📉 GIẢM,40.9%,LOW,2026-06-10,📉 GIẢM,41.4%,LOW,2026-06-11,📉 GIẢM,41.4%,LOW,2026-06-12,📉 GIẢM,42.0%,HIGH,2026-06-15,📉 GIẢM,42.5%,HIGH,2026-06-16,📉 GIẢM,43.1%,HIGH,2026-06-17,📉 GIẢM,43.7%,HIGH,2026-06-18,📉 GIẢM,44.2%,HIGH,2026-06-19,📉 GIẢM,44.8%,HIGH,2026-06-22,📉 GIẢM,45.4%,HIGH,2026-06-23,📉 GIẢM,46.0%,HIGH,2026-06-24,📉 GIẢM,46.5%,HIGH
HSG,2026-06-03,2026-06-04,📉 GIẢM,45.9%,LOW,2026-06-05,📉 GIẢM,45.7%,LOW,2026-06-08,📉 GIẢM,45.9%,LOW,2026-06-09,📉 GIẢM,46.1%,LOW,2026-06-10,📉 GIẢM,46.4%,LOW,2026-06-11,📉 GIẢM,46.6%,LOW,2026-06-12,📉 GIẢM,46.8%,LOW,2026-06-15,📉 GIẢM,47.0%,LOW,2026-06-16,📉 GIẢM,47.3%,LOW,2026-06-17,📉 GIẢM,47.5%,HIGH,2026-06-18,📉 GIẢM,47.7%,HIGH,2026-06-19,📉 GIẢM,48.0%,HIGH,2026-06-22,📉 GIẢM,48.2%,HIGH,2026-06-23,📉 GIẢM,48.4%,HIGH,2026-06-24,📉 GIẢM,48.6%,HIGH
CMX,2026-06-03,2026-06-04,📉 GIẢM,36.8%,MEDIUM,2026-06-05,📉 GIẢM,37.6%,MEDIUM,2026-06-08,📉 GIẢM,38.2%,MEDIUM,2026-06-09,📉 GIẢM,38.9%,MEDIUM,2026-06-10,📉 GIẢM,39.5%,MEDIUM,2026-06-11,📉 GIẢM,40.2%,LOW,2026-06-12,📉 GIẢM,40.8%,HIGH,2026-06-15,📉 GIẢM,41.5%,HIGH,2026-06-16,📉 GIẢM,42.1%,HIGH,2026-06-17,📉 GIẢM,42.7%,HIGH,2026-06-18,📉 GIẢM,43.4%,HIGH,2026-06-19,📉 GIẢM,44.0%,HIGH,2026-06-22,📉 GIẢM,44.7%,HIGH,2026-06-23,📉 GIẢM,45.4%,HIGH,2026-06-24,📉 GIẢM,46.0%,HIGH
HDG,2026-06-03,2026-06-04,📉 GIẢM,41.2%,LOW,2026-06-05,📉 GIẢM,41.6%,LOW,2026-06-08,📉 GIẢM,42.3%,LOW,2026-06-09,📉 GIẢM,42.7%,LOW,2026-06-10,📉 GIẢM,43.2%,LOW,2026-06-11,📉 GIẢM,43.6%,LOW,2026-06-12,📉 GIẢM,44.0%,LOW,2026-06-15,📉 GIẢM,44.5%,LOW,2026-06-16,📉 GIẢM,45.0%,HIGH,2026-06-17,📉 GIẢM,45.4%,HIGH,2026-06-18,📉 GIẢM,45.8%,HIGH,2026-06-19,📉 GIẢM,46.2%,HIGH,2026-06-22,📉 GIẢM,46.6%,HIGH,2026-06-23,📉 GIẢM,47.1%,HIGH,2026-06-24,📉 GIẢM,47.5%,HIGH
CNG,2026-06-03,2026-06-04,📉 GIẢM,39.5%,MEDIUM,2026-06-05,📉 GIẢM,40.3%,LOW,2026-06-08,📉 GIẢM,40.8%,LOW,2026-06-09,📉 GIẢM,41.3%,LOW,2026-06-10,📉 GIẢM,41.8%,LOW,2026-06-11,📉 GIẢM,42.4%,LOW,2026-06-12,📉 GIẢM,42.9%,LOW,2026-06-15,📉 GIẢM,43.4%,HIGH,2026-06-16,📉 GIẢM,43.9%,HIGH,2026-06-17,📉 GIẢM,44.4%,HIGH,2026-06-18,📉 GIẢM,44.9%,HIGH,2026-06-19,📉 GIẢM,45.4%,HIGH,2026-06-22,📉 GIẢM,45.9%,HIGH,2026-06-23,📉 GIẢM,46.4%,HIGH,2026-06-24,📉 GIẢM,46.9%,HIGH
CTB,2026-06-03,2026-06-04,📉 GIẢM,32.4%,MEDIUM,2026-06-05,📉 GIẢM,33.3%,MEDIUM,2026-06-08,📉 GIẢM,34.1%,MEDIUM,2026-06-09,📉 GIẢM,35.0%,HIGH,2026-06-10,📉 GIẢM,35.9%,HIGH,2026-06-11,📉 GIẢM,36.8%,HIGH,2026-06-12,📉 GIẢM,37.7%,HIGH,2026-06-15,📉 GIẢM,38.5%,HIGH,2026-06-16,📉 GIẢM,39.4%,HIGH,2026-06-17,📉 GIẢM,40.3%,HIGH,2026-06-18,📉 GIẢM,41.2%,HIGH,2026-06-19,📉 GIẢM,42.1%,HIGH,2026-06-22,📉 GIẢM,42.9%,HIGH,2026-06-23,📉 GIẢM,43.8%,HIGH,2026-06-24,📉 GIẢM,44.7%,HIGH
CTS,2026-06-03,2026-06-04,📉 GIẢM,49.3%,LOW,2026-06-05,📉 GIẢM,49.3%,LOW,2026-06-08,📉 GIẢM,49.4%,LOW,2026-06-09,📉 GIẢM,49.4%,LOW,2026-06-10,📉 GIẢM,49.5%,LOW,2026-06-11,📉 GIẢM,49.5%,LOW,2026-06-12,📉 GIẢM,49.6%,LOW,2026-06-15,📉 GIẢM,49.6%,LOW,2026-06-16,📉 GIẢM,49.6%,LOW,2026-06-17,📉 GIẢM,49.7%,LOW,2026-06-18,📉 GIẢM,49.7%,HIGH,2026-06-19,📉 GIẢM,49.7%,HIGH,2026-06-22,📉 GIẢM,49.8%,HIGH,2026-06-23,📉 GIẢM,49.8%,HIGH,2026-06-24,📉 GIẢM,49.8%,HIGH
DCV,2026-06-03,2026-06-04,📉 GIẢM,47.4%,LOW,2026-06-05,📉 GIẢM,47.5%,LOW,2026-06-08,📉 GIẢM,47.6%,LOW,2026-06-09,📉 GIẢM,47.7%,LOW,2026-06-10,📉 GIẢM,47.9%,LOW,2026-06-11,📉 GIẢM,48.0%,LOW,2026-06-12,📉 GIẢM,48.1%,LOW,2026-06-15,📉 GIẢM,48.3%,LOW,2026-06-16,📉 GIẢM,48.4%,LOW,2026-06-17,📉 GIẢM,48.5%,LOW,2026-06-18,📉 GIẢM,48.7%,HIGH,2026-06-19,📉 GIẢM,48.8%,HIGH,2026-06-22,📉 GIẢM,48.9%,HIGH,2026-06-23,📉 GIẢM,49.1%,HIGH,2026-06-24,📉 GIẢM,49.2%,HIGH
DDN,2026-06-03,2026-06-04,📉 GIẢM,42.1%,LOW,2026-06-05,📉 GIẢM,42.5%,LOW,2026-06-08,📉 GIẢM,42.9%,LOW,2026-06-09,📉 GIẢM,43.3%,LOW,2026-06-10,📉 GIẢM,43.6%,LOW,2026-06-11,📉 GIẢM,44.0%,LOW,2026-06-12,📉 GIẢM,44.4%,LOW,2026-06-15,📉 GIẢM,44.8%,LOW,2026-06-16,📉 GIẢM,45.2%,HIGH,2026-06-17,📉 GIẢM,45.6%,HIGH,2026-06-18,📉 GIẢM,46.0%,HIGH,2026-06-19,📉 GIẢM,46.4%,HIGH,2026-06-22,📉 GIẢM,46.8%,HIGH,2026-06-23,📉 GIẢM,47.2%,HIGH,2026-06-24,📉 GIẢM,47.6%,HIGH
HDB,2026-06-03,2026-06-04,📉 GIẢM,50.0%,LOW,2026-06-05,📉 GIẢM,49.6%,LOW,2026-06-08,📉 GIẢM,49.6%,LOW,2026-06-09,📉 GIẢM,49.6%,LOW,2026-06-10,📉 GIẢM,49.6%,LOW,2026-06-11,📉 GIẢM,49.6%,LOW,2026-06-12,📉 GIẢM,49.7%,LOW,2026-06-15,📉 GIẢM,49.7%,LOW,2026-06-16,📉 GIẢM,49.7%,LOW,2026-06-17,📉 GIẢM,49.7%,LOW,2026-06-18,📉 GIẢM,49.8%,HIGH,2026-06-19,📉 GIẢM,49.8%,HIGH,2026-06-22,📉 GIẢM,49.8%,HIGH,2026-06-23,📉 GIẢM,49.8%,HIGH,2026-06-24,📉 GIẢM,49.9%,HIGH
DHC,2026-06-03,2026-06-04,📉 GIẢM,30.8%,MEDIUM,2026-06-05,📉 GIẢM,31.5%,HIGH,2026-06-08,📉 GIẢM,32.5%,HIGH,2026-06-09,📉 GIẢM,33.4%,HIGH,2026-06-10,📉 GIẢM,34.4%,HIGH,2026-06-11,📉 GIẢM,35.4%,HIGH,2026-06-12,📉 GIẢM,36.4%,HIGH,2026-06-15,📉 GIẢM,37.3%,HIGH,2026-06-16,📉 GIẢM,38.3%,HIGH,2026-06-17,📉 GIẢM,39.3%,HIGH,2026-06-18,📉 GIẢM,40.3%,HIGH,2026-06-19,📉 GIẢM,41.2%,HIGH,2026-06-22,📉 GIẢM,42.2%,HIGH,2026-06-23,📉 GIẢM,43.2%,HIGH,2026-06-24,📉 GIẢM,44.2%,HIGH
DTA,2026-06-03,2026-06-04,📉 GIẢM,23.5%,HIGH,2026-06-05,📉 GIẢM,25.8%,HIGH,2026-06-08,📉 GIẢM,27.1%,HIGH,2026-06-09,📉 GIẢM,28.4%,HIGH,2026-06-10,📉 GIẢM,29.7%,HIGH,2026-06-11,📉 GIẢM,30.9%,HIGH,2026-06-12,📉 GIẢM,32.2%,HIGH,2026-06-15,📉 GIẢM,33.5%,HIGH,2026-06-16,📉 GIẢM,34.7%,HIGH,2026-06-17,📉 GIẢM,36.0%,HIGH,2026-06-18,📉 GIẢM,37.3%,HIGH,2026-06-19,📉 GIẢM,38.6%,HIGH,2026-06-22,📉 GIẢM,39.8%,HIGH,2026-06-23,📉 GIẢM,41.1%,HIGH,2026-06-24,📉 GIẢM,42.4%,HIGH
DTD,2026-06-03,2026-06-04,📉 GIẢM,32.2%,MEDIUM,2026-06-05,📉 GIẢM,34.3%,MEDIUM,2026-06-08,📉 GIẢM,35.8%,MEDIUM,2026-06-09,📉 GIẢM,36.6%,MEDIUM,2026-06-10,📉 GIẢM,37.4%,HIGH,2026-06-11,📉 GIẢM,38.2%,HIGH,2026-06-12,📉 GIẢM,39.0%,HIGH,2026-06-15,📉 GIẢM,39.7%,HIGH,2026-06-16,📉 GIẢM,40.5%,HIGH,2026-06-17,📉 GIẢM,41.3%,HIGH,2026-06-18,📉 GIẢM,42.0%,HIGH,2026-06-19,📉 GIẢM,42.8%,HIGH,2026-06-22,📉 GIẢM,43.6%,HIGH,2026-06-23,📉 GIẢM,44.4%,HIGH,2026-06-24,📉 GIẢM,45.2%,HIGH
FCN,2026-06-03,2026-06-04,📈 TĂNG,51.0%,LOW,2026-06-05,📈 TĂNG,51.8%,LOW,2026-06-08,📈 TĂNG,51.7%,LOW,2026-06-09,📈 TĂNG,51.6%,LOW,2026-06-10,📈 TĂNG,51.5%,LOW,2026-06-11,📈 TĂNG,51.4%,LOW,2026-06-12,📈 TĂNG,51.3%,LOW,2026-06-15,📈 TĂNG,51.4%,LOW,2026-06-16,📈 TĂNG,51.3%,LOW,2026-06-17,📈 TĂNG,51.2%,LOW,2026-06-18,📈 TĂNG,51.1%,HIGH,2026-06-19,📈 TĂNG,51.0%,HIGH,2026-06-22,📈 TĂNG,50.9%,HIGH,2026-06-23,📈 TĂNG,50.8%,HIGH,2026-06-24,📈 TĂNG,50.6%,HIGH
GEE,2026-06-03,2026-06-04,📈 TĂNG,53.5%,LOW,2026-06-05,📈 TĂNG,53.4%,LOW,2026-06-08,📈 TĂNG,53.2%,LOW,2026-06-09,📈 TĂNG,53.0%,LOW,2026-06-10,📈 TĂNG,52.9%,LOW,2026-06-11,📈 TĂNG,52.7%,LOW,2026-06-12,📈 TĂNG,52.5%,LOW,2026-06-15,📈 TĂNG,52.3%,LOW,2026-06-16,📈 TĂNG,52.1%,LOW,2026-06-17,📈 TĂNG,51.9%,LOW,2026-06-18,📈 TĂNG,51.7%,HIGH,2026-06-19,📈 TĂNG,51.5%,HIGH,2026-06-22,📈 TĂNG,51.4%,HIGH,2026-06-23,📈 TĂNG,51.2%,HIGH,2026-06-24,📈 TĂNG,51.0%,HIGH
GEG,2026-06-03,2026-06-04,📉 GIẢM,43.7%,LOW,2026-06-05,📉 GIẢM,44.0%,LOW,2026-06-08,📉 GIẢM,44.3%,LOW,2026-06-09,📉 GIẢM,44.6%,LOW,2026-06-10,📉 GIẢM,44.9%,LOW,2026-06-11,📉 GIẢM,45.3%,LOW,2026-06-12,📉 GIẢM,45.6%,LOW,2026-06-15,📉 GIẢM,45.9%,LOW,2026-06-16,📉 GIẢM,46.2%,LOW,2026-06-17,📉 GIẢM,46.5%,HIGH,2026-06-18,📉 GIẢM,46.8%,HIGH,2026-06-19,📉 GIẢM,47.2%,HIGH,2026-06-22,📉 GIẢM,47.5%,HIGH,2026-06-23,📉 GIẢM,47.8%,HIGH,2026-06-24,📉 GIẢM,48.1%,HIGH
GPC,2026-06-03,2026-06-04,📉 GIẢM,22.8%,HIGH,2026-06-05,📉 GIẢM,24.1%,HIGH,2026-06-08,📉 GIẢM,25.5%,HIGH,2026-06-09,📉 GIẢM,26.9%,HIGH,2026-06-10,📉 GIẢM,28.2%,HIGH,2026-06-11,📉 GIẢM,29.6%,HIGH,2026-06-12,📉 GIẢM,31.0%,HIGH,2026-06-15,📉 GIẢM,32.3%,HIGH,2026-06-16,📉 GIẢM,33.7%,HIGH,2026-06-17,📉 GIẢM,35.7%,HIGH,2026-06-18,📉 GIẢM,37.0%,HIGH,2026-06-19,📉 GIẢM,38.3%,HIGH,2026-06-22,📉 GIẢM,39.6%,HIGH,2026-06-23,📉 GIẢM,40.9%,HIGH,2026-06-24,📉 GIẢM,42.2%,HIGH
HAH,2026-06-03,2026-06-04,📉 GIẢM,47.2%,LOW,2026-06-05,📉 GIẢM,47.3%,LOW,2026-06-08,📉 GIẢM,47.5%,LOW,2026-06-09,📉 GIẢM,47.6%,LOW,2026-06-10,📉 GIẢM,47.8%,LOW,2026-06-11,📉 GIẢM,47.9%,LOW,2026-06-12,📉 GIẢM,48.0%,LOW,2026-06-15,📉 GIẢM,48.2%,LOW,2026-06-16,📉 GIẢM,48.3%,LOW,2026-06-17,📉 GIẢM,48.5%,LOW,2026-06-18,📉 GIẢM,48.6%,HIGH,2026-06-19,📉 GIẢM,48.7%,HIGH,2026-06-22,📉 GIẢM,48.9%,HIGH,2026-06-23,📉 GIẢM,49.0%,HIGH,2026-06-24,📉 GIẢM,49.2%,HIGH
HAR,2026-06-03,2026-06-04,📉 GIẢM,40.5%,LOW,2026-06-05,📉 GIẢM,41.0%,LOW,2026-06-08,📉 GIẢM,41.4%,LOW,2026-06-09,📉 GIẢM,41.9%,LOW,2026-06-10,📉 GIẢM,42.4%,LOW,2026-06-11,📉 GIẢM,42.9%,LOW,2026-06-12,📉 GIẢM,43.3%,LOW,2026-06-15,📉 GIẢM,43.8%,HIGH,2026-06-16,📉 GIẢM,44.2%,HIGH,2026-06-17,📉 GIẢM,44.7%,HIGH,2026-06-18,📉 GIẢM,45.2%,HIGH,2026-06-19,📉 GIẢM,45.7%,HIGH,2026-06-22,📉 GIẢM,46.2%,HIGH,2026-06-23,📉 GIẢM,46.7%,HIGH,2026-06-24,📉 GIẢM,47.1%,HIGH
HCM,2026-06-03,2026-06-04,📉 GIẢM,37.8%,MEDIUM,2026-06-05,📉 GIẢM,38.4%,MEDIUM,2026-06-08,📉 GIẢM,39.0%,MEDIUM,2026-06-09,📉 GIẢM,39.8%,MEDIUM,2026-06-10,📉 GIẢM,40.4%,LOW,2026-06-11,📉 GIẢM,41.0%,LOW,2026-06-12,📉 GIẢM,42.5%,LOW,2026-06-15,📉 GIẢM,43.1%,HIGH,2026-06-16,📉 GIẢM,43.6%,HIGH,2026-06-17,📉 GIẢM,44.1%,HIGH,2026-06-18,📉 GIẢM,44.7%,HIGH,2026-06-19,📉 GIẢM,45.2%,HIGH,2026-06-22,📉 GIẢM,45.7%,HIGH,2026-06-23,📉 GIẢM,46.3%,HIGH,2026-06-24,📉 GIẢM,46.8%,HIGH
HDC,2026-06-03,2026-06-04,📉 GIẢM,30.9%,MEDIUM,2026-06-05,📉 GIẢM,32.7%,MEDIUM,2026-06-08,📉 GIẢM,33.6%,HIGH,2026-06-09,📉 GIẢM,34.5%,HIGH,2026-06-10,📉 GIẢM,35.5%,HIGH,2026-06-11,📉 GIẢM,36.4%,HIGH,2026-06-12,📉 GIẢM,37.3%,HIGH,2026-06-15,📉 GIẢM,38.2%,HIGH,2026-06-16,📉 GIẢM,39.1%,HIGH,2026-06-17,📉 GIẢM,40.0%,HIGH,2026-06-18,📉 GIẢM,40.9%,HIGH,2026-06-19,📉 GIẢM,41.8%,HIGH,2026-06-22,📉 GIẢM,42.7%,HIGH,2026-06-23,📉 GIẢM,43.6%,HIGH,2026-06-24,📉 GIẢM,44.5%,HIGH
HNF,2026-06-03,2026-06-04,📉 GIẢM,22.2%,HIGH,2026-06-05,📉 GIẢM,23.7%,HIGH,2026-06-08,📉 GIẢM,25.1%,HIGH,2026-06-09,📉 GIẢM,26.5%,HIGH,2026-06-10,📉 GIẢM,27.9%,HIGH,2026-06-11,📉 GIẢM,29.4%,HIGH,2026-06-12,📉 GIẢM,30.8%,HIGH,2026-06-15,📉 GIẢM,32.2%,HIGH,2026-06-16,📉 GIẢM,33.6%,HIGH,2026-06-17,📉 GIẢM,34.9%,HIGH,2026-06-18,📉 GIẢM,36.3%,HIGH,2026-06-19,📉 GIẢM,37.7%,HIGH,2026-06-22,📉 GIẢM,39.0%,HIGH,2026-06-23,📉 GIẢM,40.4%,HIGH,2026-06-24,📉 GIẢM,41.8%,HIGH
FPT,2026-06-03,2026-06-04,📉 GIẢM,40.2%,LOW,2026-06-05,📉 GIẢM,40.7%,LOW,2026-06-08,📉 GIẢM,41.2%,LOW,2026-06-09,📉 GIẢM,42.8%,LOW,2026-06-10,📉 GIẢM,43.2%,LOW,2026-06-11,📉 GIẢM,43.6%,LOW,2026-06-12,📉 GIẢM,44.1%,LOW,2026-06-15,📉 GIẢM,44.5%,LOW,2026-06-16,📉 GIẢM,44.9%,HIGH,2026-06-17,📉 GIẢM,45.3%,HIGH,2026-06-18,📉 GIẢM,45.8%,HIGH,2026-06-19,📉 GIẢM,46.2%,HIGH,2026-06-22,📉 GIẢM,46.6%,HIGH,2026-06-23,📉 GIẢM,47.0%,HIGH,2026-06-24,📉 GIẢM,47.5%,HIGH
VJC,2026-06-03,2026-06-04,📉 GIẢM,34.3%,MEDIUM,2026-06-05,📉 GIẢM,35.1%,MEDIUM,2026-06-08,📉 GIẢM,35.9%,MEDIUM,2026-06-09,📉 GIẢM,36.6%,MEDIUM,2026-06-10,📉 GIẢM,37.4%,HIGH,2026-06-11,📉 GIẢM,38.2%,HIGH,2026-06-12,📉 GIẢM,39.0%,HIGH,2026-06-15,📉 GIẢM,39.8%,HIGH,2026-06-16,📉 GIẢM,40.6%,HIGH,2026-06-17,📉 GIẢM,41.4%,HIGH,2026-06-18,📉 GIẢM,42.1%,HIGH,2026-06-19,📉 GIẢM,42.9%,HIGH,2026-06-22,📉 GIẢM,43.7%,HIGH,2026-06-23,📉 GIẢM,44.5%,HIGH,2026-06-24,📉 GIẢM,45.3%,HIGH
TCL,2026-06-03,2026-06-04,📉 GIẢM,31.9%,MEDIUM,2026-06-05,📉 GIẢM,33.9%,MEDIUM,2026-06-08,📉 GIẢM,34.8%,MEDIUM,2026-06-09,📉 GIẢM,35.6%,HIGH,2026-06-10,📉 GIẢM,36.5%,HIGH,2026-06-11,📉 GIẢM,37.0%,HIGH,2026-06-12,📉 GIẢM,37.8%,HIGH,2026-06-15,📉 GIẢM,38.7%,HIGH,2026-06-16,📉 GIẢM,39.6%,HIGH,2026-06-17,📉 GIẢM,40.4%,HIGH,2026-06-18,📉 GIẢM,41.3%,HIGH,2026-06-19,📉 GIẢM,42.2%,HIGH,2026-06-22,📉 GIẢM,43.1%,HIGH,2026-06-23,📉 GIẢM,43.9%,HIGH,2026-06-24,📉 GIẢM,44.8%,HIGH
TCI,2026-06-03,2026-06-04,📈 TĂNG,54.4%,LOW,2026-06-05,📈 TĂNG,54.2%,LOW,2026-06-08,📈 TĂNG,54.0%,LOW,2026-06-09,📈 TĂNG,53.8%,LOW,2026-06-10,📈 TĂNG,55.1%,LOW,2026-06-11,📈 TĂNG,54.8%,LOW,2026-06-12,📈 TĂNG,54.5%,LOW,2026-06-15,📈 TĂNG,54.2%,LOW,2026-06-16,📈 TĂNG,53.8%,LOW,2026-06-17,📈 TĂNG,53.5%,HIGH,2026-06-18,📈 TĂNG,53.2%,HIGH,2026-06-19,📈 TĂNG,52.9%,HIGH,2026-06-22,📈 TĂNG,52.6%,HIGH,2026-06-23,📈 TĂNG,52.2%,HIGH,2026-06-24,📈 TĂNG,51.9%,HIGH
CSV,2026-06-03,2026-06-04,📉 GIẢM,40.7%,LOW,2026-06-05,📉 GIẢM,42.4%,LOW,2026-06-08,📉 GIẢM,42.8%,LOW,2026-06-09,📉 GIẢM,43.3%,LOW,2026-06-10,📉 GIẢM,43.7%,LOW,2026-06-11,📉 GIẢM,41.7%,LOW,2026-06-12,📉 GIẢM,42.3%,LOW,2026-06-15,📉 GIẢM,42.8%,HIGH,2026-06-16,📉 GIẢM,43.4%,HIGH,2026-06-17,📉 GIẢM,43.9%,HIGH,2026-06-18,📉 GIẢM,44.5%,HIGH,2026-06-19,📉 GIẢM,45.1%,HIGH,2026-06-22,📉 GIẢM,45.7%,HIGH,2026-06-23,📉 GIẢM,46.2%,HIGH,2026-06-24,📉 GIẢM,46.8%,HIGH
CTF,2026-06-03,2026-06-04,📉 GIẢM,31.9%,MEDIUM,2026-06-05,📉 GIẢM,33.5%,MEDIUM,2026-06-08,📉 GIẢM,34.3%,MEDIUM,2026-06-09,📉 GIẢM,35.2%,HIGH,2026-06-10,📉 GIẢM,36.1%,HIGH,2026-06-11,📉 GIẢM,36.9%,HIGH,2026-06-12,📉 GIẢM,37.8%,HIGH,2026-06-15,📉 GIẢM,38.7%,HIGH,2026-06-16,📉 GIẢM,39.5%,HIGH,2026-06-17,📉 GIẢM,40.4%,HIGH,2026-06-18,📉 GIẢM,41.3%,HIGH,2026-06-19,📉 GIẢM,42.2%,HIGH,2026-06-22,📉 GIẢM,43.0%,HIGH,2026-06-23,📉 GIẢM,43.9%,HIGH,2026-06-24,📉 GIẢM,44.8%,HIGH
CTR,2026-06-03,2026-06-04,📉 GIẢM,35.1%,MEDIUM,2026-06-05,📉 GIẢM,37.1%,MEDIUM,2026-06-08,📉 GIẢM,37.8%,MEDIUM,2026-06-09,📉 GIẢM,38.4%,MEDIUM,2026-06-10,📉 GIẢM,39.1%,MEDIUM,2026-06-11,📉 GIẢM,39.8%,HIGH,2026-06-12,📉 GIẢM,40.5%,HIGH,2026-06-15,📉 GIẢM,41.2%,HIGH,2026-06-16,📉 GIẢM,41.8%,HIGH,2026-06-17,📉 GIẢM,42.5%,HIGH,2026-06-18,📉 GIẢM,43.2%,HIGH,2026-06-19,📉 GIẢM,43.9%,HIGH,2026-06-22,📉 GIẢM,44.6%,HIGH,2026-06-23,📉 GIẢM,45.2%,HIGH,2026-06-24,📉 GIẢM,45.9%,HIGH
PPT,2026-06-03,2026-06-04,📉 GIẢM,43.0%,LOW,2026-06-05,📉 GIẢM,43.3%,LOW,2026-06-08,📉 GIẢM,43.7%,LOW,2026-06-09,📉 GIẢM,44.0%,LOW,2026-06-10,📉 GIẢM,44.4%,LOW,2026-06-11,📉 GIẢM,44.7%,LOW,2026-06-12,📉 GIẢM,45.1%,LOW,2026-06-15,📉 GIẢM,45.4%,LOW,2026-06-16,📉 GIẢM,45.8%,HIGH,2026-06-17,📉 GIẢM,46.1%,HIGH,2026-06-18,📉 GIẢM,46.5%,HIGH,2026-06-19,📉 GIẢM,46.8%,HIGH,2026-06-22,📉 GIẢM,47.2%,HIGH,2026-06-23,📉 GIẢM,47.5%,HIGH,2026-06-24,📉 GIẢM,47.9%,HIGH
DBC,2026-06-03,2026-06-04,📉 GIẢM,42.4%,LOW,2026-06-05,📉 GIẢM,42.8%,LOW,2026-06-08,📉 GIẢM,43.2%,LOW,2026-06-09,📉 GIẢM,43.6%,LOW,2026-06-10,📉 GIẢM,44.0%,LOW,2026-06-11,📉 GIẢM,44.4%,LOW,2026-06-12,📉 GIẢM,44.7%,LOW,2026-06-15,📉 GIẢM,45.1%,LOW,2026-06-16,📉 GIẢM,45.5%,HIGH,2026-06-17,📉 GIẢM,45.9%,HIGH,2026-06-18,📉 GIẢM,46.2%,HIGH,2026-06-19,📉 GIẢM,46.6%,HIGH,2026-06-22,📉 GIẢM,47.0%,HIGH,2026-06-23,📉 GIẢM,47.4%,HIGH,2026-06-24,📉 GIẢM,47.8%,HIGH
DGT,2026-06-03,2026-06-04,📉 GIẢM,17.0%,HIGH,2026-06-05,📉 GIẢM,19.1%,HIGH,2026-06-08,📉 GIẢM,20.9%,HIGH,2026-06-09,📉 GIẢM,22.5%,HIGH,2026-06-10,📉 GIẢM,24.2%,HIGH,2026-06-11,📉 GIẢM,25.8%,HIGH,2026-06-12,📉 GIẢM,27.4%,HIGH,2026-06-15,📉 GIẢM,29.0%,HIGH,2026-06-16,📉 GIẢM,30.6%,HIGH,2026-06-17,📉 GIẢM,32.2%,HIGH,2026-06-18,📉 GIẢM,33.8%,HIGH,2026-06-19,📉 GIẢM,35.4%,HIGH,2026-06-22,📉 GIẢM,37.1%,HIGH,2026-06-23,📉 GIẢM,38.7%,HIGH,2026-06-24,📉 GIẢM,40.3%,HIGH
DGW,2026-06-03,2026-06-04,📉 GIẢM,34.1%,MEDIUM,2026-06-05,📉 GIẢM,36.1%,MEDIUM,2026-06-08,📉 GIẢM,36.8%,MEDIUM,2026-06-09,📉 GIẢM,37.5%,MEDIUM,2026-06-10,📉 GIẢM,38.3%,MEDIUM,2026-06-11,📉 GIẢM,39.0%,HIGH,2026-06-12,📉 GIẢM,39.7%,HIGH,2026-06-15,📉 GIẢM,40.5%,HIGH,2026-06-16,📉 GIẢM,41.2%,HIGH,2026-06-17,📉 GIẢM,41.9%,HIGH,2026-06-18,📉 GIẢM,42.7%,HIGH,2026-06-19,📉 GIẢM,43.4%,HIGH,2026-06-22,📉 GIẢM,44.1%,HIGH,2026-06-23,📉 GIẢM,44.9%,HIGH,2026-06-24,📉 GIẢM,45.7%,HIGH
DP3,2026-06-03,2026-06-04,📉 GIẢM,44.5%,LOW,2026-06-05,📉 GIẢM,44.8%,LOW,2026-06-08,📉 GIẢM,45.1%,LOW,2026-06-09,📉 GIẢM,45.4%,LOW,2026-06-10,📉 GIẢM,45.6%,LOW,2026-06-11,📉 GIẢM,45.9%,LOW,2026-06-12,📉 GIẢM,46.2%,LOW,2026-06-15,📉 GIẢM,46.4%,LOW,2026-06-16,📉 GIẢM,46.7%,LOW,2026-06-17,📉 GIẢM,47.0%,HIGH,2026-06-18,📉 GIẢM,47.3%,HIGH,2026-06-19,📉 GIẢM,47.5%,HIGH,2026-06-22,📉 GIẢM,47.8%,HIGH,2026-06-23,📉 GIẢM,48.1%,HIGH,2026-06-24,📉 GIẢM,48.4%,HIGH
DRH,2026-06-03,2026-06-04,📉 GIẢM,30.6%,MEDIUM,2026-06-05,📉 GIẢM,32.2%,MEDIUM,2026-06-08,📉 GIẢM,33.1%,HIGH,2026-06-09,📉 GIẢM,34.1%,HIGH,2026-06-10,📉 GIẢM,35.0%,HIGH,2026-06-11,📉 GIẢM,35.9%,HIGH,2026-06-12,📉 GIẢM,36.9%,HIGH,2026-06-15,📉 GIẢM,37.8%,HIGH,2026-06-16,📉 GIẢM,38.7%,HIGH,2026-06-17,📉 GIẢM,39.7%,HIGH,2026-06-18,📉 GIẢM,40.6%,HIGH,2026-06-19,📉 GIẢM,41.6%,HIGH,2026-06-22,📉 GIẢM,42.5%,HIGH,2026-06-23,📉 GIẢM,43.7%,HIGH,2026-06-24,📉 GIẢM,44.6%,HIGH
E12,2026-06-03,2026-06-04,📉 GIẢM,34.0%,MEDIUM,2026-06-05,📉 GIẢM,34.8%,MEDIUM,2026-06-08,📉 GIẢM,35.6%,MEDIUM,2026-06-09,📉 GIẢM,36.4%,MEDIUM,2026-06-10,📉 GIẢM,37.2%,HIGH,2026-06-11,📉 GIẢM,38.0%,HIGH,2026-06-12,📉 GIẢM,38.8%,HIGH,2026-06-15,📉 GIẢM,39.6%,HIGH,2026-06-16,📉 GIẢM,40.4%,HIGH,2026-06-17,📉 GIẢM,41.2%,HIGH,2026-06-18,📉 GIẢM,42.0%,HIGH,2026-06-19,📉 GIẢM,42.8%,HIGH,2026-06-22,📉 GIẢM,43.5%,HIGH,2026-06-23,📉 GIẢM,44.4%,HIGH,2026-06-24,📉 GIẢM,45.2%,HIGH
CST,2026-06-03,2026-06-04,📈 TĂNG,54.7%,LOW,2026-06-05,📈 TĂNG,54.5%,LOW,2026-06-08,📈 TĂNG,54.3%,LOW,2026-06-09,📈 TĂNG,54.0%,LOW,2026-06-10,📈 TĂNG,53.8%,LOW,2026-06-11,📈 TĂNG,53.6%,LOW,2026-06-12,📈 TĂNG,53.3%,LOW,2026-06-15,📈 TĂNG,53.1%,LOW,2026-06-16,📈 TĂNG,52.9%,LOW,2026-06-17,📈 TĂNG,52.6%,HIGH,2026-06-18,📈 TĂNG,52.4%,HIGH,2026-06-19,📈 TĂNG,52.1%,HIGH,2026-06-22,📈 TĂNG,51.9%,HIGH,2026-06-23,📈 TĂNG,51.7%,HIGH,2026-06-24,📈 TĂNG,51.4%,HIGH
EIB,2026-06-03,2026-06-04,📉 GIẢM,49.2%,LOW,2026-06-05,📉 GIẢM,49.3%,LOW,2026-06-08,📉 GIẢM,49.3%,LOW,2026-06-09,📉 GIẢM,49.4%,LOW,2026-06-10,📉 GIẢM,49.4%,LOW,2026-06-11,📉 GIẢM,49.4%,LOW,2026-06-12,📉 GIẢM,49.5%,LOW,2026-06-15,📉 GIẢM,49.5%,LOW,2026-06-16,📉 GIẢM,49.5%,LOW,2026-06-17,📉 GIẢM,49.6%,LOW,2026-06-18,📉 GIẢM,49.6%,HIGH,2026-06-19,📉 GIẢM,49.7%,HIGH,2026-06-22,📉 GIẢM,49.7%,HIGH,2026-06-23,📉 GIẢM,49.7%,HIGH,2026-06-24,📉 GIẢM,49.8%,HIGH
GHC,2026-06-03,2026-06-04,📉 GIẢM,27.2%,HIGH,2026-06-05,📉 GIẢM,29.4%,HIGH,2026-06-08,📉 GIẢM,30.5%,HIGH,2026-06-09,📉 GIẢM,31.6%,HIGH,2026-06-10,📉 GIẢM,32.7%,HIGH,2026-06-11,📉 GIẢM,33.7%,HIGH,2026-06-12,📉 GIẢM,34.8%,HIGH,2026-06-15,📉 GIẢM,35.9%,HIGH,2026-06-16,📉 GIẢM,37.0%,HIGH,2026-06-17,📉 GIẢM,38.1%,HIGH,2026-06-18,📉 GIẢM,39.2%,HIGH,2026-06-19,📉 GIẢM,40.2%,HIGH,2026-06-22,📉 GIẢM,41.3%,HIGH,2026-06-23,📉 GIẢM,42.4%,HIGH,2026-06-24,📉 GIẢM,43.5%,HIGH
PDV,2026-06-03,2026-06-04,📉 GIẢM,37.5%,MEDIUM,2026-06-05,📉 GIẢM,38.1%,MEDIUM,2026-06-08,📉 GIẢM,38.7%,MEDIUM,2026-06-09,📉 GIẢM,39.4%,MEDIUM,2026-06-10,📉 GIẢM,40.0%,MEDIUM,2026-06-11,📉 GIẢM,40.6%,LOW,2026-06-12,📉 GIẢM,41.2%,HIGH,2026-06-15,📉 GIẢM,41.9%,HIGH,2026-06-16,📉 GIẢM,42.5%,HIGH,2026-06-17,📉 GIẢM,43.1%,HIGH,2026-06-18,📉 GIẢM,43.7%,HIGH,2026-06-19,📉 GIẢM,44.4%,HIGH,2026-06-22,📉 GIẢM,45.0%,HIGH,2026-06-23,📉 GIẢM,45.6%,HIGH,2026-06-24,📉 GIẢM,46.2%,HIGH
HID,2026-06-03,2026-06-04,📉 GIẢM,30.8%,MEDIUM,2026-06-05,📉 GIẢM,31.7%,HIGH,2026-06-08,📉 GIẢM,32.7%,HIGH,2026-06-09,📉 GIẢM,33.7%,HIGH,2026-06-10,📉 GIẢM,34.6%,HIGH,2026-06-11,📉 GIẢM,35.6%,HIGH,2026-06-12,📉 GIẢM,36.5%,HIGH,2026-06-15,📉 GIẢM,37.5%,HIGH,2026-06-16,📉 GIẢM,38.5%,HIGH,2026-06-17,📉 GIẢM,39.4%,HIGH,2026-06-18,📉 GIẢM,40.4%,HIGH,2026-06-19,📉 GIẢM,41.4%,HIGH,2026-06-22,📉 GIẢM,42.3%,HIGH,2026-06-23,📉 GIẢM,43.3%,HIGH,2026-06-24,📉 GIẢM,44.2%,HIGH
HKT,2026-06-03,2026-06-04,📈 TĂNG,50.1%,LOW,2026-06-05,📈 TĂNG,50.1%,LOW,2026-06-08,📈 TĂNG,50.1%,LOW,2026-06-09,📈 TĂNG,50.1%,LOW,2026-06-10,📈 TĂNG,50.1%,LOW,2026-06-11,📉 GIẢM,49.6%,LOW,2026-06-12,📈 TĂNG,50.1%,LOW,2026-06-15,📉 GIẢM,49.7%,LOW,2026-06-16,📈 TĂNG,50.1%,LOW,2026-06-17,📉 GIẢM,49.7%,LOW,2026-06-18,📈 TĂNG,50.1%,HIGH,2026-06-19,📉 GIẢM,49.8%,HIGH,2026-06-22,📈 TĂNG,50.0%,HIGH,2026-06-23,📉 GIẢM,49.8%,HIGH,2026-06-24,📈 TĂNG,50.0%,HIGH
HND,2026-06-03,2026-06-04,📉 GIẢM,22.1%,HIGH,2026-06-05,📉 GIẢM,24.0%,HIGH,2026-06-08,📉 GIẢM,25.4%,HIGH,2026-06-09,📉 GIẢM,26.7%,HIGH,2026-06-10,📉 GIẢM,28.1%,HIGH,2026-06-11,📉 GIẢM,29.5%,HIGH,2026-06-12,📉 GIẢM,30.8%,HIGH,2026-06-15,📉 GIẢM,32.2%,HIGH,2026-06-16,📉 GIẢM,33.6%,HIGH,2026-06-17,📉 GIẢM,34.9%,HIGH,2026-06-18,📉 GIẢM,36.3%,HIGH,2026-06-19,📉 GIẢM,37.7%,HIGH,2026-06-22,📉 GIẢM,39.1%,HIGH,2026-06-23,📉 GIẢM,40.4%,HIGH,2026-06-24,📉 GIẢM,41.8%,HIGH
HNM,2026-06-03,2026-06-04,📉 GIẢM,33.8%,MEDIUM,2026-06-05,📉 GIẢM,34.6%,MEDIUM,2026-06-08,📉 GIẢM,35.4%,MEDIUM,2026-06-09,📉 GIẢM,36.2%,MEDIUM,2026-06-10,📉 GIẢM,37.0%,HIGH,2026-06-11,📉 GIẢM,37.9%,HIGH,2026-06-12,📉 GIẢM,38.7%,HIGH,2026-06-15,📉 GIẢM,39.5%,HIGH,2026-06-16,📉 GIẢM,40.3%,HIGH,2026-06-17,📉 GIẢM,41.1%,HIGH,2026-06-18,📉 GIẢM,41.9%,HIGH,2026-06-19,📉 GIẢM,42.7%,HIGH,2026-06-22,📉 GIẢM,43.5%,HIGH,2026-06-23,📉 GIẢM,44.3%,HIGH,2026-06-24,📉 GIẢM,45.1%,HIGH
HSV,2026-06-03,2026-06-04,📉 GIẢM,24.6%,HIGH,2026-06-05,📉 GIẢM,25.8%,HIGH,2026-06-08,📉 GIẢM,27.1%,HIGH,2026-06-09,📉 GIẢM,28.4%,HIGH,2026-06-10,📉 GIẢM,29.6%,HIGH,2026-06-11,📉 GIẢM,30.9%,HIGH,2026-06-12,📉 GIẢM,32.2%,HIGH,2026-06-15,📉 GIẢM,33.5%,HIGH,2026-06-16,📉 GIẢM,34.7%,HIGH,2026-06-17,📉 GIẢM,36.0%,HIGH,2026-06-18,📉 GIẢM,37.3%,HIGH,2026-06-19,📉 GIẢM,38.5%,HIGH,2026-06-22,📉 GIẢM,39.8%,HIGH,2026-06-23,📉 GIẢM,41.2%,HIGH,2026-06-24,📉 GIẢM,42.4%,HIGH
PBC,2026-06-03,2026-06-04,📉 GIẢM,31.5%,MEDIUM,2026-06-05,📉 GIẢM,32.2%,MEDIUM,2026-06-08,📉 GIẢM,33.1%,HIGH,2026-06-09,📉 GIẢM,34.0%,HIGH,2026-06-10,📉 GIẢM,35.0%,HIGH,2026-06-11,📉 GIẢM,35.9%,HIGH,2026-06-12,📉 GIẢM,36.9%,HIGH,2026-06-15,📉 GIẢM,37.8%,HIGH,2026-06-16,📉 GIẢM,38.7%,HIGH,2026-06-17,📉 GIẢM,39.7%,HIGH,2026-06-18,📉 GIẢM,40.6%,HIGH,2026-06-19,📉 GIẢM,41.6%,HIGH,2026-06-22,📉 GIẢM,42.5%,HIGH,2026-06-23,📉 GIẢM,43.4%,HIGH,2026-06-24,📉 GIẢM,44.4%,HIGH
HVT,2026-06-03,2026-06-04,📉 GIẢM,32.6%,MEDIUM,2026-06-05,📉 GIẢM,33.4%,MEDIUM,2026-06-08,📉 GIẢM,34.3%,MEDIUM,2026-06-09,📉 GIẢM,35.2%,HIGH,2026-06-10,📉 GIẢM,36.0%,HIGH,2026-06-11,📉 GIẢM,36.9%,HIGH,2026-06-12,📉 GIẢM,37.8%,HIGH,2026-06-15,📉 GIẢM,38.7%,HIGH,2026-06-16,📉 GIẢM,39.5%,HIGH,2026-06-17,📉 GIẢM,40.4%,HIGH,2026-06-18,📉 GIẢM,41.3%,HIGH,2026-06-19,📉 GIẢM,42.2%,HIGH,2026-06-22,📉 GIẢM,43.1%,HIGH,2026-06-23,📉 GIẢM,43.9%,HIGH,2026-06-24,📉 GIẢM,44.8%,HIGH
ITC,2026-06-03,2026-06-04,📉 GIẢM,34.9%,MEDIUM,2026-06-05,📉 GIẢM,35.6%,MEDIUM,2026-06-08,📉 GIẢM,36.4%,MEDIUM,2026-06-09,📉 GIẢM,37.2%,MEDIUM,2026-06-10,📉 GIẢM,37.9%,HIGH,2026-06-11,📉 GIẢM,38.7%,HIGH,2026-06-12,📉 GIẢM,39.4%,HIGH,2026-06-15,📉 GIẢM,40.2%,HIGH,2026-06-16,📉 GIẢM,40.9%,HIGH,2026-06-17,📉 GIẢM,41.7%,HIGH,2026-06-18,📉 GIẢM,42.4%,HIGH,2026-06-19,📉 GIẢM,43.2%,HIGH,2026-06-22,📉 GIẢM,44.0%,HIGH,2026-06-23,📉 GIẢM,44.7%,HIGH,2026-06-24,📉 GIẢM,45.5%,HIGH
L18,2026-06-03,2026-06-04,📉 GIẢM,47.7%,LOW,2026-06-05,📉 GIẢM,47.8%,LOW,2026-06-08,📉 GIẢM,47.9%,LOW,2026-06-09,📉 GIẢM,48.1%,LOW,2026-06-10,📉 GIẢM,48.2%,LOW,2026-06-11,📉 GIẢM,48.3%,LOW,2026-06-12,📉 GIẢM,48.4%,LOW,2026-06-15,📉 GIẢM,48.5%,LOW,2026-06-16,📉 GIẢM,48.6%,LOW,2026-06-17,📉 GIẢM,48.7%,LOW,2026-06-18,📉 GIẢM,48.9%,HIGH,2026-06-19,📉 GIẢM,49.0%,HIGH,2026-06-22,📉 GIẢM,49.1%,HIGH,2026-06-23,📉 GIẢM,49.2%,HIGH,2026-06-24,📉 GIẢM,49.3%,HIGH
LAW,2026-06-03,2026-06-04,📉 GIẢM,38.0%,MEDIUM,2026-06-05,📉 GIẢM,38.6%,MEDIUM,2026-06-08,📉 GIẢM,39.2%,MEDIUM,2026-06-09,📉 GIẢM,39.8%,MEDIUM,2026-06-10,📉 GIẢM,40.4%,LOW,2026-06-11,📉 GIẢM,41.0%,LOW,2026-06-12,📉 GIẢM,41.6%,HIGH,2026-06-15,📉 GIẢM,42.2%,HIGH,2026-06-16,📉 GIẢM,42.8%,HIGH,2026-06-17,📉 GIẢM,43.4%,HIGH,2026-06-18,📉 GIẢM,44.0%,HIGH,2026-06-19,📉 GIẢM,44.6%,HIGH,2026-06-22,📉 GIẢM,45.2%,HIGH,2026-06-23,📉 GIẢM,45.8%,HIGH,2026-06-24,📉 GIẢM,46.4%,HIGH
FIC,2026-06-03,2026-06-04,📉 GIẢM,40.7%,LOW,2026-06-05,📉 GIẢM,44.2%,LOW,2026-06-08,📉 GIẢM,44.7%,LOW,2026-06-09,📉 GIẢM,45.0%,LOW,2026-06-10,📉 GIẢM,45.3%,LOW,2026-06-11,📉 GIẢM,45.6%,LOW,2026-06-12,📉 GIẢM,45.9%,LOW,2026-06-15,📉 GIẢM,46.2%,LOW,2026-06-16,📉 GIẢM,46.5%,LOW,2026-06-17,📉 GIẢM,46.8%,HIGH,2026-06-18,📉 GIẢM,47.1%,HIGH,2026-06-19,📉 GIẢM,47.4%,HIGH,2026-06-22,📉 GIẢM,47.7%,HIGH,2026-06-23,📉 GIẢM,48.0%,HIGH,2026-06-24,📉 GIẢM,48.3%,HIGH
NET,2026-06-03,2026-06-04,📉 GIẢM,28.0%,HIGH,2026-06-05,📉 GIẢM,29.1%,HIGH,2026-06-08,📉 GIẢM,30.2%,HIGH,2026-06-09,📉 GIẢM,31.3%,HIGH,2026-06-10,📉 GIẢM,32.4%,HIGH,2026-06-11,📉 GIẢM,33.5%,HIGH,2026-06-12,📉 GIẢM,34.6%,HIGH,2026-06-15,📉 GIẢM,35.7%,HIGH,2026-06-16,📉 GIẢM,37.2%,HIGH,2026-06-17,📉 GIẢM,38.2%,HIGH,2026-06-18,📉 GIẢM,39.3%,HIGH,2026-06-19,📉 GIẢM,40.4%,HIGH,2026-06-22,📉 GIẢM,41.5%,HIGH,2026-06-23,📉 GIẢM,42.5%,HIGH,2026-06-24,📉 GIẢM,43.6%,HIGH
CSC,2026-06-03,2026-06-04,📉 GIẢM,28.3%,HIGH,2026-06-05,📉 GIẢM,30.2%,HIGH,2026-06-08,📉 GIẢM,31.3%,HIGH,2026-06-09,📉 GIẢM,32.3%,HIGH,2026-06-10,📉 GIẢM,33.3%,HIGH,2026-06-11,📉 GIẢM,34.4%,HIGH,2026-06-12,📉 GIẢM,35.4%,HIGH,2026-06-15,📉 GIẢM,36.5%,HIGH,2026-06-16,📉 GIẢM,37.5%,HIGH,2026-06-17,📉 GIẢM,38.5%,HIGH,2026-06-18,📉 GIẢM,39.6%,HIGH,2026-06-19,📉 GIẢM,40.6%,HIGH,2026-06-22,📉 GIẢM,41.7%,HIGH,2026-06-23,📉 GIẢM,42.7%,HIGH,2026-06-24,📉 GIẢM,43.8%,HIGH
CRE,2026-06-03,2026-06-04,📉 GIẢM,30.8%,MEDIUM,2026-06-05,📉 GIẢM,33.4%,MEDIUM,2026-06-08,📉 GIẢM,34.3%,MEDIUM,2026-06-09,📉 GIẢM,35.2%,HIGH,2026-06-10,📉 GIẢM,36.1%,HIGH,2026-06-11,📉 GIẢM,36.9%,HIGH,2026-06-12,📉 GIẢM,37.8%,HIGH,2026-06-15,📉 GIẢM,38.7%,HIGH,2026-06-16,📉 GIẢM,39.5%,HIGH,2026-06-17,📉 GIẢM,40.4%,HIGH,2026-06-18,📉 GIẢM,41.3%,HIGH,2026-06-19,📉 GIẢM,42.2%,HIGH,2026-06-22,📉 GIẢM,43.0%,HIGH,2026-06-23,📉 GIẢM,43.9%,HIGH,2026-06-24,📉 GIẢM,44.8%,HIGH
VTO,2026-06-03,2026-06-04,📉 GIẢM,41.9%,LOW,2026-06-05,📉 GIẢM,42.4%,LOW,2026-06-08,📉 GIẢM,42.8%,LOW,2026-06-09,📉 GIẢM,43.2%,LOW,2026-06-10,📉 GIẢM,43.6%,LOW,2026-06-11,📉 GIẢM,44.0%,LOW,2026-06-12,📉 GIẢM,44.5%,LOW,2026-06-15,📉 GIẢM,44.9%,LOW,2026-06-16,📉 GIẢM,45.3%,HIGH,2026-06-17,📉 GIẢM,45.7%,HIGH,2026-06-18,📉 GIẢM,46.1%,HIGH,2026-06-19,📉 GIẢM,46.5%,HIGH,2026-06-22,📉 GIẢM,46.9%,HIGH,2026-06-23,📉 GIẢM,47.3%,HIGH,2026-06-24,📉 GIẢM,47.7%,HIGH
ABT,2026-06-03,2026-06-04,📉 GIẢM,25.1%,HIGH,2026-06-05,📉 GIẢM,26.2%,HIGH,2026-06-08,📉 GIẢM,27.4%,HIGH,2026-06-09,📉 GIẢM,28.7%,HIGH,2026-06-10,📉 GIẢM,29.9%,HIGH,2026-06-11,📉 GIẢM,31.2%,HIGH,2026-06-12,📉 GIẢM,32.4%,HIGH,2026-06-15,📉 GIẢM,33.7%,HIGH,2026-06-16,📉 GIẢM,35.0%,HIGH,2026-06-17,📉 GIẢM,36.2%,HIGH,2026-06-18,📉 GIẢM,37.5%,HIGH,2026-06-19,📉 GIẢM,38.7%,HIGH,2026-06-22,📉 GIẢM,40.0%,HIGH,2026-06-23,📉 GIẢM,41.2%,HIGH,2026-06-24,📉 GIẢM,42.4%,HIGH
ACB,2026-06-03,2026-06-04,📉 GIẢM,43.8%,LOW,2026-06-05,📉 GIẢM,44.2%,LOW,2026-06-08,📉 GIẢM,44.5%,LOW,2026-06-09,📉 GIẢM,44.8%,LOW,2026-06-10,📉 GIẢM,45.1%,LOW,2026-06-11,📉 GIẢM,45.4%,LOW,2026-06-12,📉 GIẢM,45.7%,LOW,2026-06-15,📉 GIẢM,46.0%,LOW,2026-06-16,📉 GIẢM,46.3%,LOW,2026-06-17,📉 GIẢM,46.6%,HIGH,2026-06-18,📉 GIẢM,46.9%,HIGH,2026-06-19,📉 GIẢM,47.2%,HIGH,2026-06-22,📉 GIẢM,47.5%,HIGH,2026-06-23,📉 GIẢM,47.8%,HIGH,2026-06-24,📉 GIẢM,48.2%,HIGH
ACS,2026-06-03,2026-06-04,📈 TĂNG,57.0%,LOW,2026-06-05,📈 TĂNG,55.1%,LOW,2026-06-08,📈 TĂNG,54.8%,LOW,2026-06-09,📈 TĂNG,54.5%,LOW,2026-06-10,📈 TĂNG,54.3%,LOW,2026-06-11,📈 TĂNG,54.0%,LOW,2026-06-12,📈 TĂNG,53.7%,LOW,2026-06-15,📈 TĂNG,53.5%,LOW,2026-06-16,📈 TĂNG,53.2%,LOW,2026-06-17,📈 TĂNG,52.9%,HIGH,2026-06-18,📈 TĂNG,52.7%,HIGH,2026-06-19,📈 TĂNG,52.4%,HIGH,2026-06-22,📈 TĂNG,52.1%,HIGH,2026-06-23,📈 TĂNG,51.9%,HIGH,2026-06-24,📈 TĂNG,51.6%,HIGH
ACV,2026-06-03,2026-06-04,📉 GIẢM,30.7%,MEDIUM,2026-06-05,📉 GIẢM,31.7%,HIGH,2026-06-08,📉 GIẢM,32.6%,HIGH,2026-06-09,📉 GIẢM,33.4%,HIGH,2026-06-10,📉 GIẢM,34.4%,HIGH,2026-06-11,📉 GIẢM,35.4%,HIGH,2026-06-12,📉 GIẢM,36.6%,HIGH,2026-06-15,📉 GIẢM,37.6%,HIGH,2026-06-16,📉 GIẢM,38.5%,HIGH,2026-06-17,📉 GIẢM,39.5%,HIGH,2026-06-18,📉 GIẢM,40.4%,HIGH,2026-06-19,📉 GIẢM,41.6%,HIGH,2026-06-22,📉 GIẢM,42.5%,HIGH,2026-06-23,📉 GIẢM,43.4%,HIGH,2026-06-24,📉 GIẢM,44.4%,HIGH
PVI,2026-06-03,2026-06-04,📉 GIẢM,46.6%,LOW,2026-06-05,📉 GIẢM,46.8%,LOW,2026-06-08,📉 GIẢM,47.0%,LOW,2026-06-09,📉 GIẢM,47.1%,LOW,2026-06-10,📉 GIẢM,47.3%,LOW,2026-06-11,📉 GIẢM,47.5%,LOW,2026-06-12,📉 GIẢM,47.6%,LOW,2026-06-15,📉 GIẢM,47.8%,LOW,2026-06-16,📉 GIẢM,48.0%,LOW,2026-06-17,📉 GIẢM,48.1%,LOW,2026-06-18,📉 GIẢM,48.3%,HIGH,2026-06-19,📉 GIẢM,48.5%,HIGH,2026-06-22,📉 GIẢM,48.6%,HIGH,2026-06-23,📉 GIẢM,48.8%,HIGH,2026-06-24,📉 GIẢM,49.0%,HIGH
BDT,2026-06-03,2026-06-04,📉 GIẢM,32.3%,MEDIUM,2026-06-05,📉 GIẢM,33.1%,MEDIUM,2026-06-08,📉 GIẢM,34.0%,MEDIUM,2026-06-09,📉 GIẢM,34.9%,HIGH,2026-06-10,📉 GIẢM,35.8%,HIGH,2026-06-11,📉 GIẢM,36.7%,HIGH,2026-06-12,📉 GIẢM,37.6%,HIGH,2026-06-15,📉 GIẢM,38.5%,HIGH,2026-06-16,📉 GIẢM,39.4%,HIGH,2026-06-17,📉 GIẢM,40.2%,HIGH,2026-06-18,📉 GIẢM,41.1%,HIGH,2026-06-19,📉 GIẢM,42.0%,HIGH,2026-06-22,📉 GIẢM,42.9%,HIGH,2026-06-23,📉 GIẢM,43.8%,HIGH,2026-06-24,📉 GIẢM,44.7%,HIGH
PSD,2026-06-03,2026-06-04,📉 GIẢM,45.1%,LOW,2026-06-05,📉 GIẢM,45.4%,LOW,2026-06-08,📉 GIẢM,45.6%,LOW,2026-06-09,📉 GIẢM,45.9%,LOW,2026-06-10,📉 GIẢM,46.1%,LOW,2026-06-11,📉 GIẢM,46.3%,LOW,2026-06-12,📉 GIẢM,46.6%,LOW,2026-06-15,📉 GIẢM,46.8%,LOW,2026-06-16,📉 GIẢM,47.1%,LOW,2026-06-17,📉 GIẢM,47.3%,HIGH,2026-06-18,📉 GIẢM,47.6%,HIGH,2026-06-19,📉 GIẢM,47.8%,HIGH,2026-06-22,📉 GIẢM,48.2%,HIGH,2026-06-23,📉 GIẢM,48.4%,HIGH,2026-06-24,📉 GIẢM,48.6%,HIGH
BIC,2026-06-03,2026-06-04,📉 GIẢM,37.0%,MEDIUM,2026-06-05,📉 GIẢM,37.6%,MEDIUM,2026-06-08,📉 GIẢM,38.2%,MEDIUM,2026-06-09,📉 GIẢM,38.9%,MEDIUM,2026-06-10,📉 GIẢM,39.5%,MEDIUM,2026-06-11,📉 GIẢM,40.2%,LOW,2026-06-12,📉 GIẢM,40.8%,HIGH,2026-06-15,📉 GIẢM,41.4%,HIGH,2026-06-16,📉 GIẢM,42.1%,HIGH,2026-06-17,📉 GIẢM,42.8%,HIGH,2026-06-18,📉 GIẢM,43.4%,HIGH,2026-06-19,📉 GIẢM,44.1%,HIGH,2026-06-22,📉 GIẢM,44.7%,HIGH,2026-06-23,📉 GIẢM,45.4%,HIGH,2026-06-24,📉 GIẢM,46.0%,HIGH
BIO,2026-06-03,2026-06-04,📈 TĂNG,70.9%,HIGH,2026-06-05,📈 TĂNG,69.9%,HIGH,2026-06-08,📈 TĂNG,68.8%,HIGH,2026-06-09,📈 TĂNG,67.8%,HIGH,2026-06-10,📈 TĂNG,66.7%,HIGH,2026-06-11,📈 TĂNG,65.7%,HIGH,2026-06-12,📈 TĂNG,64.6%,HIGH,2026-06-15,📈 TĂNG,63.6%,HIGH,2026-06-16,📈 TĂNG,62.5%,HIGH,2026-06-17,📈 TĂNG,61.5%,HIGH,2026-06-18,📈 TĂNG,60.4%,HIGH,2026-06-19,📈 TĂNG,59.4%,HIGH,2026-06-22,📈 TĂNG,58.4%,HIGH,2026-06-23,📈 TĂNG,57.3%,HIGH,2026-06-24,📈 TĂNG,56.3%,HIGH
BRR,2026-06-03,2026-06-04,📈 TĂNG,56.6%,LOW,2026-06-05,📈 TĂNG,56.3%,LOW,2026-06-08,📈 TĂNG,56.5%,LOW,2026-06-09,📈 TĂNG,56.1%,LOW,2026-06-10,📈 TĂNG,57.1%,LOW,2026-06-11,📈 TĂNG,56.7%,LOW,2026-06-12,📈 TĂNG,56.9%,LOW,2026-06-15,📈 TĂNG,56.4%,HIGH,2026-06-16,📈 TĂNG,55.9%,HIGH,2026-06-17,📈 TĂNG,55.4%,HIGH,2026-06-18,📈 TĂNG,54.9%,HIGH,2026-06-19,📈 TĂNG,54.4%,HIGH,2026-06-22,📈 TĂNG,53.9%,HIGH,2026-06-23,📈 TĂNG,53.4%,HIGH,2026-06-24,📈 TĂNG,53.0%,HIGH
BTH,2026-06-03,2026-06-04,📉 GIẢM,22.1%,HIGH,2026-06-05,📉 GIẢM,23.5%,HIGH,2026-06-08,📉 GIẢM,24.9%,HIGH,2026-06-09,📉 GIẢM,26.3%,HIGH,2026-06-10,📉 GIẢM,27.7%,HIGH,2026-06-11,📉 GIẢM,29.1%,HIGH,2026-06-12,📉 GIẢM,30.5%,HIGH,2026-06-15,📉 GIẢM,31.9%,HIGH,2026-06-16,📉 GIẢM,33.3%,HIGH,2026-06-17,📉 GIẢM,34.7%,HIGH,2026-06-18,📉 GIẢM,36.1%,HIGH,2026-06-19,📉 GIẢM,37.5%,HIGH,2026-06-22,📉 GIẢM,38.9%,HIGH,2026-06-23,📉 GIẢM,40.2%,HIGH,2026-06-24,📉 GIẢM,41.6%,HIGH
BTT,2026-06-03,2026-06-04,📉 GIẢM,26.9%,HIGH,2026-06-05,📉 GIẢM,28.0%,HIGH,2026-06-08,📉 GIẢM,29.2%,HIGH,2026-06-09,📉 GIẢM,30.3%,HIGH,2026-06-10,📉 GIẢM,31.5%,HIGH,2026-06-11,📉 GIẢM,32.6%,HIGH,2026-06-12,📉 GIẢM,33.8%,HIGH,2026-06-15,📉 GIẢM,34.0%,HIGH,2026-06-16,📉 GIẢM,35.3%,HIGH,2026-06-17,📉 GIẢM,36.5%,HIGH,2026-06-18,📉 GIẢM,37.7%,HIGH,2026-06-19,📉 GIẢM,38.9%,HIGH,2026-06-22,📉 GIẢM,40.2%,HIGH,2026-06-23,📉 GIẢM,41.4%,HIGH,2026-06-24,📉 GIẢM,42.6%,HIGH
BVB,2026-06-03,2026-06-04,📉 GIẢM,28.0%,HIGH,2026-06-05,📉 GIẢM,28.7%,HIGH,2026-06-08,📉 GIẢM,29.8%,HIGH,2026-06-09,📉 GIẢM,30.9%,HIGH,2026-06-10,📉 GIẢM,32.0%,HIGH,2026-06-11,📉 GIẢM,33.1%,HIGH,2026-06-12,📉 GIẢM,34.3%,HIGH,2026-06-15,📉 GIẢM,35.4%,HIGH,2026-06-16,📉 GIẢM,36.5%,HIGH,2026-06-17,📉 GIẢM,37.6%,HIGH,2026-06-18,📉 GIẢM,38.8%,HIGH,2026-06-19,📉 GIẢM,39.9%,HIGH,2026-06-22,📉 GIẢM,41.0%,HIGH,2026-06-23,📉 GIẢM,42.1%,HIGH,2026-06-24,📉 GIẢM,43.3%,HIGH
PVG,2026-06-03,2026-06-04,📉 GIẢM,27.7%,HIGH,2026-06-05,📉 GIẢM,29.9%,HIGH,2026-06-08,📉 GIẢM,30.9%,HIGH,2026-06-09,📉 GIẢM,32.0%,HIGH,2026-06-10,📉 GIẢM,33.0%,HIGH,2026-06-11,📉 GIẢM,34.1%,HIGH,2026-06-12,📉 GIẢM,35.2%,HIGH,2026-06-15,📉 GIẢM,36.2%,HIGH,2026-06-16,📉 GIẢM,37.3%,HIGH,2026-06-17,📉 GIẢM,38.3%,HIGH,2026-06-18,📉 GIẢM,39.4%,HIGH,2026-06-19,📉 GIẢM,40.5%,HIGH,2026-06-22,📉 GIẢM,41.5%,HIGH,2026-06-23,📉 GIẢM,42.6%,HIGH,2026-06-24,📉 GIẢM,43.6%,HIGH
CCL,2026-06-03,2026-06-04,📉 GIẢM,48.2%,LOW,2026-06-05,📉 GIẢM,48.3%,LOW,2026-06-08,📉 GIẢM,48.4%,LOW,2026-06-09,📉 GIẢM,48.5%,LOW,2026-06-10,📉 GIẢM,48.6%,LOW,2026-06-11,📉 GIẢM,48.7%,LOW,2026-06-12,📉 GIẢM,48.7%,LOW,2026-06-15,📉 GIẢM,48.8%,LOW,2026-06-16,📉 GIẢM,48.9%,LOW,2026-06-17,📉 GIẢM,49.0%,LOW,2026-06-18,📉 GIẢM,49.1%,HIGH,2026-06-19,📉 GIẢM,49.2%,HIGH,2026-06-22,📉 GIẢM,49.3%,HIGH,2026-06-23,📉 GIẢM,49.4%,HIGH,2026-06-24,📉 GIẢM,49.5%,HIGH
BIG,2026-06-03,2026-06-04,📉 GIẢM,33.0%,MEDIUM,2026-06-05,📉 GIẢM,33.9%,MEDIUM,2026-06-08,📉 GIẢM,34.7%,MEDIUM,2026-06-09,📉 GIẢM,35.6%,HIGH,2026-06-10,📉 GIẢM,36.4%,HIGH,2026-06-11,📉 GIẢM,37.3%,HIGH,2026-06-12,📉 GIẢM,38.1%,HIGH,2026-06-15,📉 GIẢM,39.0%,HIGH,2026-06-16,📉 GIẢM,40.0%,HIGH,2026-06-17,📉 GIẢM,40.8%,HIGH,2026-06-18,📉 GIẢM,41.7%,HIGH,2026-06-19,📉 GIẢM,42.5%,HIGH,2026-06-22,📉 GIẢM,43.3%,HIGH,2026-06-23,📉 GIẢM,44.2%,HIGH,2026-06-24,📉 GIẢM,45.0%,HIGH
LGL,2026-06-03,2026-06-04,📈 TĂNG,57.4%,LOW,2026-06-05,📈 TĂNG,57.0%,LOW,2026-06-08,📈 TĂNG,56.6%,LOW,2026-06-09,📈 TĂNG,56.3%,LOW,2026-06-10,📈 TĂNG,55.9%,LOW,2026-06-11,📈 TĂNG,55.5%,LOW,2026-06-12,📈 TĂNG,55.3%,LOW,2026-06-15,📈 TĂNG,55.1%,LOW,2026-06-16,📈 TĂNG,54.7%,HIGH,2026-06-17,📈 TĂNG,54.3%,HIGH,2026-06-18,📈 TĂNG,53.9%,HIGH,2026-06-19,📈 TĂNG,53.5%,HIGH,2026-06-22,📈 TĂNG,53.1%,HIGH,2026-06-23,📈 TĂNG,52.7%,HIGH,2026-06-24,📈 TĂNG,52.4%,HIGH
MST,2026-06-03,2026-06-04,📉 GIẢM,25.2%,HIGH,2026-06-05,📉 GIẢM,27.4%,HIGH,2026-06-08,📉 GIẢM,28.6%,HIGH,2026-06-09,📉 GIẢM,29.8%,HIGH,2026-06-10,📉 GIẢM,31.0%,HIGH,2026-06-11,📉 GIẢM,32.2%,HIGH,2026-06-12,📉 GIẢM,33.4%,HIGH,2026-06-15,📉 GIẢM,34.5%,HIGH,2026-06-16,📉 GIẢM,35.7%,HIGH,2026-06-17,📉 GIẢM,36.9%,HIGH,2026-06-18,📉 GIẢM,38.1%,HIGH,2026-06-19,📉 GIẢM,39.3%,HIGH,2026-06-22,📉 GIẢM,40.5%,HIGH,2026-06-23,📉 GIẢM,41.7%,HIGH,2026-06-24,📉 GIẢM,42.9%,HIGH
SGI,2026-06-03,2026-06-04,📉 GIẢM,39.6%,MEDIUM,2026-06-05,📉 GIẢM,40.1%,LOW,2026-06-08,📉 GIẢM,40.7%,LOW,2026-06-09,📉 GIẢM,41.2%,LOW,2026-06-10,📉 GIẢM,41.7%,LOW,2026-06-11,📉 GIẢM,42.2%,LOW,2026-06-12,📉 GIẢM,42.7%,LOW,2026-06-15,📉 GIẢM,43.2%,HIGH,2026-06-16,📉 GIẢM,43.8%,HIGH,2026-06-17,📉 GIẢM,44.3%,HIGH,2026-06-18,📉 GIẢM,44.6%,HIGH,2026-06-19,📉 GIẢM,45.2%,HIGH,2026-06-22,📉 GIẢM,45.7%,HIGH,2026-06-23,📉 GIẢM,46.2%,HIGH,2026-06-24,📉 GIẢM,46.8%,HIGH
LKW,2026-06-03,2026-06-04,📉 GIẢM,36.2%,MEDIUM,2026-06-05,📉 GIẢM,36.9%,MEDIUM,2026-06-08,📉 GIẢM,37.6%,MEDIUM,2026-06-09,📉 GIẢM,38.3%,MEDIUM,2026-06-10,📉 GIẢM,39.0%,MEDIUM,2026-06-11,📉 GIẢM,39.8%,HIGH,2026-06-12,📉 GIẢM,40.5%,HIGH,2026-06-15,📉 GIẢM,41.2%,HIGH,2026-06-16,📉 GIẢM,41.8%,HIGH,2026-06-17,📉 GIẢM,42.5%,HIGH,2026-06-18,📉 GIẢM,43.2%,HIGH,2026-06-19,📉 GIẢM,43.9%,HIGH,2026-06-22,📉 GIẢM,44.6%,HIGH,2026-06-23,📉 GIẢM,45.2%,HIGH,2026-06-24,📉 GIẢM,45.9%,HIGH
SKG,2026-06-03,2026-06-04,📉 GIẢM,38.3%,MEDIUM,2026-06-05,📉 GIẢM,38.9%,MEDIUM,2026-06-08,📉 GIẢM,39.4%,MEDIUM,2026-06-09,📉 GIẢM,40.0%,LOW,2026-06-10,📉 GIẢM,40.6%,LOW,2026-06-11,📉 GIẢM,41.2%,LOW,2026-06-12,📉 GIẢM,41.8%,HIGH,2026-06-15,📉 GIẢM,42.4%,HIGH,2026-06-16,📉 GIẢM,43.0%,HIGH,2026-06-17,📉 GIẢM,43.6%,HIGH,2026-06-18,📉 GIẢM,44.1%,HIGH,2026-06-19,📉 GIẢM,44.7%,HIGH,2026-06-22,📉 GIẢM,45.3%,HIGH,2026-06-23,📉 GIẢM,45.9%,HIGH,2026-06-24,📉 GIẢM,46.5%,HIGH
SLS,2026-06-03,2026-06-04,📈 TĂNG,51.5%,LOW,2026-06-05,📈 TĂNG,51.4%,LOW,2026-06-08,📈 TĂNG,51.3%,LOW,2026-06-09,📈 TĂNG,51.2%,LOW,2026-06-10,📈 TĂNG,50.7%,LOW,2026-06-11,📈 TĂNG,50.7%,LOW,2026-06-12,📈 TĂNG,51.0%,LOW,2026-06-15,📈 TĂNG,50.9%,LOW,2026-06-16,📈 TĂNG,50.9%,LOW,2026-06-17,📈 TĂNG,50.8%,LOW,2026-06-18,📈 TĂNG,50.7%,HIGH,2026-06-19,📈 TĂNG,50.7%,HIGH,2026-06-22,📈 TĂNG,50.6%,HIGH,2026-06-23,📈 TĂNG,50.5%,HIGH,2026-06-24,📈 TĂNG,50.4%,HIGH
LBE,2026-06-03,2026-06-04,📉 GIẢM,36.0%,MEDIUM,2026-06-05,📉 GIẢM,36.7%,MEDIUM,2026-06-08,📉 GIẢM,37.4%,MEDIUM,2026-06-09,📉 GIẢM,38.1%,MEDIUM,2026-06-10,📉 GIẢM,38.8%,MEDIUM,2026-06-11,📉 GIẢM,39.5%,HIGH,2026-06-12,📉 GIẢM,40.2%,HIGH,2026-06-15,📉 GIẢM,40.9%,HIGH,2026-06-16,📉 GIẢM,41.6%,HIGH,2026-06-17,📉 GIẢM,42.3%,HIGH,2026-06-18,📉 GIẢM,43.0%,HIGH,2026-06-19,📉 GIẢM,43.8%,HIGH,2026-06-22,📉 GIẢM,44.5%,HIGH,2026-06-23,📉 GIẢM,45.2%,HIGH,2026-06-24,📉 GIẢM,45.9%,HIGH
SMB,2026-06-03,2026-06-04,📉 GIẢM,39.5%,MEDIUM,2026-06-05,📉 GIẢM,40.0%,LOW,2026-06-08,📉 GIẢM,40.6%,LOW,2026-06-09,📉 GIẢM,41.3%,LOW,2026-06-10,📉 GIẢM,42.2%,LOW,2026-06-11,📉 GIẢM,43.0%,LOW,2026-06-12,📉 GIẢM,43.5%,LOW,2026-06-15,📉 GIẢM,44.8%,LOW,2026-06-16,📉 GIẢM,45.2%,HIGH,2026-06-17,📉 GIẢM,45.6%,HIGH,2026-06-18,📉 GIẢM,46.0%,HIGH,2026-06-19,📉 GIẢM,46.4%,HIGH,2026-06-22,📉 GIẢM,46.8%,HIGH,2026-06-23,📉 GIẢM,47.2%,HIGH,2026-06-24,📉 GIẢM,47.6%,HIGH
SMN,2026-06-03,2026-06-04,📉 GIẢM,31.9%,MEDIUM,2026-06-05,📉 GIẢM,34.3%,MEDIUM,2026-06-08,📉 GIẢM,35.2%,MEDIUM,2026-06-09,📉 GIẢM,36.0%,HIGH,2026-06-10,📉 GIẢM,36.8%,HIGH,2026-06-11,📉 GIẢM,37.6%,HIGH,2026-06-12,📉 GIẢM,38.5%,HIGH,2026-06-15,📉 GIẢM,39.3%,HIGH,2026-06-16,📉 GIẢM,40.1%,HIGH,2026-06-17,📉 GIẢM,40.9%,HIGH,2026-06-18,📉 GIẢM,41.8%,HIGH,2026-06-19,📉 GIẢM,42.6%,HIGH,2026-06-22,📉 GIẢM,43.4%,HIGH,2026-06-23,📉 GIẢM,44.2%,HIGH,2026-06-24,📉 GIẢM,45.1%,HIGH
SSI,2026-06-03,2026-06-04,📉 GIẢM,40.2%,LOW,2026-06-05,📉 GIẢM,40.7%,LOW,2026-06-08,📉 GIẢM,41.1%,LOW,2026-06-09,📉 GIẢM,41.6%,LOW,2026-06-10,📉 GIẢM,42.1%,LOW,2026-06-11,📉 GIẢM,42.6%,LOW,2026-06-12,📉 GIẢM,43.1%,LOW,2026-06-15,📉 GIẢM,43.5%,HIGH,2026-06-16,📉 GIẢM,44.0%,HIGH,2026-06-17,📉 GIẢM,44.5%,HIGH,2026-06-18,📉 GIẢM,45.0%,HIGH,2026-06-19,📉 GIẢM,45.5%,HIGH,2026-06-22,📉 GIẢM,46.0%,HIGH,2026-06-23,📉 GIẢM,46.5%,HIGH,2026-06-24,📉 GIẢM,47.0%,HIGH
ST8,2026-06-03,2026-06-04,📉 GIẢM,41.4%,LOW,2026-06-05,📉 GIẢM,41.8%,LOW,2026-06-08,📉 GIẢM,42.3%,LOW,2026-06-09,📉 GIẢM,42.7%,LOW,2026-06-10,📉 GIẢM,43.1%,LOW,2026-06-11,📉 GIẢM,43.5%,LOW,2026-06-12,📉 GIẢM,44.0%,LOW,2026-06-15,📉 GIẢM,44.4%,LOW,2026-06-16,📉 GIẢM,44.8%,HIGH,2026-06-17,📉 GIẢM,45.3%,HIGH,2026-06-18,📉 GIẢM,45.7%,HIGH,2026-06-19,📉 GIẢM,46.1%,HIGH,2026-06-22,📉 GIẢM,46.6%,HIGH,2026-06-23,📉 GIẢM,47.0%,HIGH,2026-06-24,📉 GIẢM,47.4%,HIGH
SVN,2026-06-03,2026-06-04,📉 GIẢM,29.6%,HIGH,2026-06-05,📉 GIẢM,30.4%,HIGH,2026-06-08,📉 GIẢM,31.4%,HIGH,2026-06-09,📉 GIẢM,32.4%,HIGH,2026-06-10,📉 GIẢM,33.5%,HIGH,2026-06-11,📉 GIẢM,34.5%,HIGH,2026-06-12,📉 GIẢM,36.2%,HIGH,2026-06-15,📉 GIẢM,37.2%,HIGH,2026-06-16,📉 GIẢM,38.2%,HIGH,2026-06-17,📉 GIẢM,39.1%,HIGH,2026-06-18,📉 GIẢM,40.1%,HIGH,2026-06-19,📉 GIẢM,41.1%,HIGH,2026-06-22,📉 GIẢM,42.1%,HIGH,2026-06-23,📉 GIẢM,43.1%,HIGH,2026-06-24,📉 GIẢM,44.1%,HIGH
TDB,2026-06-03,2026-06-04,📉 GIẢM,22.4%,HIGH,2026-06-05,📉 GIẢM,23.8%,HIGH,2026-06-08,📉 GIẢM,25.1%,HIGH,2026-06-09,📉 GIẢM,26.5%,HIGH,2026-06-10,📉 GIẢM,27.9%,HIGH,2026-06-11,📉 GIẢM,29.3%,HIGH,2026-06-12,📉 GIẢM,30.7%,HIGH,2026-06-15,📉 GIẢM,32.1%,HIGH,2026-06-16,📉 GIẢM,33.4%,HIGH,2026-06-17,📉 GIẢM,34.8%,HIGH,2026-06-18,📉 GIẢM,36.2%,HIGH,2026-06-19,📉 GIẢM,37.6%,HIGH,2026-06-22,📉 GIẢM,39.0%,HIGH,2026-06-23,📉 GIẢM,40.3%,HIGH,2026-06-24,📉 GIẢM,41.7%,HIGH
SEP,2026-06-03,2026-06-04,📉 GIẢM,23.5%,HIGH,2026-06-05,📉 GIẢM,24.9%,HIGH,2026-06-08,📉 GIẢM,26.2%,HIGH,2026-06-09,📉 GIẢM,27.5%,HIGH,2026-06-10,📉 GIẢM,28.8%,HIGH,2026-06-11,📉 GIẢM,30.2%,HIGH,2026-06-12,📉 GIẢM,31.5%,HIGH,2026-06-15,📉 GIẢM,32.8%,HIGH,2026-06-16,📉 GIẢM,34.1%,HIGH,2026-06-17,📉 GIẢM,35.4%,HIGH,2026-06-18,📉 GIẢM,36.8%,HIGH,2026-06-19,📉 GIẢM,38.1%,HIGH,2026-06-22,📉 GIẢM,39.4%,HIGH,2026-06-23,📉 GIẢM,40.7%,HIGH,2026-06-24,📉 GIẢM,42.1%,HIGH
TDG,2026-06-03,2026-06-04,📉 GIẢM,40.9%,LOW,2026-06-05,📉 GIẢM,41.7%,LOW,2026-06-08,📉 GIẢM,42.2%,LOW,2026-06-09,📉 GIẢM,42.6%,LOW,2026-06-10,📉 GIẢM,43.0%,LOW,2026-06-11,📉 GIẢM,43.5%,LOW,2026-06-12,📉 GIẢM,43.9%,LOW,2026-06-15,📉 GIẢM,44.3%,LOW,2026-06-16,📉 GIẢM,44.8%,HIGH,2026-06-17,📉 GIẢM,45.2%,HIGH,2026-06-18,📉 GIẢM,45.7%,HIGH,2026-06-19,📉 GIẢM,46.1%,HIGH,2026-06-22,📉 GIẢM,46.6%,HIGH,2026-06-23,📉 GIẢM,47.0%,HIGH,2026-06-24,📉 GIẢM,47.4%,HIGH
TDP,2026-06-03,2026-06-04,📉 GIẢM,40.8%,LOW,2026-06-05,📉 GIẢM,40.7%,LOW,2026-06-08,📉 GIẢM,41.2%,LOW,2026-06-09,📉 GIẢM,41.7%,LOW,2026-06-10,📉 GIẢM,42.2%,LOW,2026-06-11,📉 GIẢM,42.7%,LOW,2026-06-12,📉 GIẢM,43.1%,LOW,2026-06-15,📉 GIẢM,43.6%,HIGH,2026-06-16,📉 GIẢM,44.1%,HIGH,2026-06-17,📉 GIẢM,44.6%,HIGH,2026-06-18,📉 GIẢM,45.2%,HIGH,2026-06-19,📉 GIẢM,45.6%,HIGH,2026-06-22,📉 GIẢM,46.1%,HIGH,2026-06-23,📉 GIẢM,46.6%,HIGH,2026-06-24,📉 GIẢM,47.1%,HIGH
TFC,2026-06-03,2026-06-04,📉 GIẢM,37.3%,MEDIUM,2026-06-05,📉 GIẢM,39.1%,MEDIUM,2026-06-08,📉 GIẢM,39.7%,MEDIUM,2026-06-09,📉 GIẢM,40.3%,LOW,2026-06-10,📉 GIẢM,40.8%,LOW,2026-06-11,📉 GIẢM,41.4%,LOW,2026-06-12,📉 GIẢM,42.0%,HIGH,2026-06-15,📉 GIẢM,42.5%,HIGH,2026-06-16,📉 GIẢM,43.1%,HIGH,2026-06-17,📉 GIẢM,43.7%,HIGH,2026-06-18,📉 GIẢM,44.3%,HIGH,2026-06-19,📉 GIẢM,44.8%,HIGH,2026-06-22,📉 GIẢM,45.4%,HIGH,2026-06-23,📉 GIẢM,46.0%,HIGH,2026-06-24,📉 GIẢM,46.6%,HIGH
TH1,2026-06-03,2026-06-04,📉 GIẢM,22.9%,HIGH,2026-06-05,📉 GIẢM,23.4%,HIGH,2026-06-08,📉 GIẢM,24.8%,HIGH,2026-06-09,📉 GIẢM,26.2%,HIGH,2026-06-10,📉 GIẢM,27.6%,HIGH,2026-06-11,📉 GIẢM,29.0%,HIGH,2026-06-12,📉 GIẢM,30.4%,HIGH,2026-06-15,📉 GIẢM,31.9%,HIGH,2026-06-16,📉 GIẢM,33.3%,HIGH,2026-06-17,📉 GIẢM,34.8%,HIGH,2026-06-18,📉 GIẢM,36.1%,HIGH,2026-06-19,📉 GIẢM,37.5%,HIGH,2026-06-22,📉 GIẢM,38.9%,HIGH,2026-06-23,📉 GIẢM,40.3%,HIGH,2026-06-24,📉 GIẢM,42.0%,HIGH
TMB,2026-06-03,2026-06-04,📈 TĂNG,55.1%,LOW,2026-06-05,📈 TĂNG,54.8%,LOW,2026-06-08,📈 TĂNG,54.6%,LOW,2026-06-09,📈 TĂNG,54.3%,LOW,2026-06-10,📈 TĂNG,54.3%,LOW,2026-06-11,📈 TĂNG,54.1%,LOW,2026-06-12,📈 TĂNG,53.8%,LOW,2026-06-15,📈 TĂNG,53.5%,LOW,2026-06-16,📈 TĂNG,53.3%,LOW,2026-06-17,📈 TĂNG,52.9%,HIGH,2026-06-18,📈 TĂNG,52.7%,HIGH,2026-06-19,📈 TĂNG,52.4%,HIGH,2026-06-22,📈 TĂNG,52.1%,HIGH,2026-06-23,📈 TĂNG,51.9%,HIGH,2026-06-24,📈 TĂNG,51.7%,HIGH
KCB,2026-06-03,2026-06-04,📈 TĂNG,50.1%,LOW,2026-06-05,📈 TĂNG,50.0%,LOW,2026-06-08,📈 TĂNG,50.0%,LOW,2026-06-09,📈 TĂNG,50.0%,LOW,2026-06-10,📈 TĂNG,50.0%,LOW,2026-06-11,📈 TĂNG,50.0%,LOW,2026-06-12,📈 TĂNG,50.0%,LOW,2026-06-15,📈 TĂNG,50.0%,LOW,2026-06-16,📈 TĂNG,50.0%,LOW,2026-06-17,📈 TĂNG,50.0%,LOW,2026-06-18,📈 TĂNG,50.0%,HIGH,2026-06-19,📈 TĂNG,50.0%,HIGH,2026-06-22,📈 TĂNG,50.0%,HIGH,2026-06-23,📈 TĂNG,50.0%,HIGH,2026-06-24,📈 TĂNG,50.0%,HIGH
TTG,2026-06-03,2026-06-04,📉 GIẢM,26.5%,HIGH,2026-06-05,📉 GIẢM,27.9%,HIGH,2026-06-08,📉 GIẢM,29.0%,HIGH,2026-06-09,📉 GIẢM,30.0%,HIGH,2026-06-10,📉 GIẢM,31.2%,HIGH,2026-06-11,📉 GIẢM,32.5%,HIGH,2026-06-12,📉 GIẢM,33.7%,HIGH,2026-06-15,📉 GIẢM,34.8%,HIGH,2026-06-16,📉 GIẢM,36.0%,HIGH,2026-06-17,📉 GIẢM,37.2%,HIGH,2026-06-18,📉 GIẢM,38.3%,HIGH,2026-06-19,📉 GIẢM,39.8%,HIGH,2026-06-22,📉 GIẢM,40.9%,HIGH,2026-06-23,📉 GIẢM,41.9%,HIGH,2026-06-24,📉 GIẢM,43.0%,HIGH
UDJ,2026-06-03,2026-06-04,📉 GIẢM,39.4%,MEDIUM,2026-06-05,📉 GIẢM,40.3%,LOW,2026-06-08,📉 GIẢM,40.8%,LOW,2026-06-09,📉 GIẢM,41.3%,LOW,2026-06-10,📉 GIẢM,41.8%,LOW,2026-06-11,📉 GIẢM,42.3%,LOW,2026-06-12,📉 GIẢM,42.8%,LOW,2026-06-15,📉 GIẢM,43.3%,HIGH,2026-06-16,📉 GIẢM,43.8%,HIGH,2026-06-17,📉 GIẢM,44.4%,HIGH,2026-06-18,📉 GIẢM,44.9%,HIGH,2026-06-19,📉 GIẢM,45.4%,HIGH,2026-06-22,📉 GIẢM,45.9%,HIGH,2026-06-23,📉 GIẢM,46.3%,HIGH,2026-06-24,📉 GIẢM,46.9%,HIGH
VCK,2026-06-03,2026-06-04,📉 GIẢM,47.4%,LOW,2026-06-05,📉 GIẢM,47.5%,LOW,2026-06-08,📉 GIẢM,47.7%,LOW,2026-06-09,📉 GIẢM,47.8%,LOW,2026-06-10,📉 GIẢM,47.9%,LOW,2026-06-11,📉 GIẢM,48.1%,LOW,2026-06-12,📉 GIẢM,48.2%,LOW,2026-06-15,📉 GIẢM,48.3%,LOW,2026-06-16,📉 GIẢM,48.5%,LOW,2026-06-17,📉 GIẢM,48.6%,LOW,2026-06-18,📉 GIẢM,48.7%,HIGH,2026-06-19,📉 GIẢM,48.8%,HIGH,2026-06-22,📉 GIẢM,49.0%,HIGH,2026-06-23,📉 GIẢM,49.1%,HIGH,2026-06-24,📉 GIẢM,49.2%,HIGH
VEF,2026-06-03,2026-06-04,📉 GIẢM,47.8%,LOW,2026-06-05,📉 GIẢM,48.1%,LOW,2026-06-08,📉 GIẢM,48.2%,LOW,2026-06-09,📉 GIẢM,48.3%,LOW,2026-06-10,📉 GIẢM,48.4%,LOW,2026-06-11,📉 GIẢM,48.6%,LOW,2026-06-12,📉 GIẢM,48.6%,LOW,2026-06-15,📉 GIẢM,48.6%,LOW,2026-06-16,📉 GIẢM,48.7%,LOW,2026-06-17,📉 GIẢM,48.8%,LOW,2026-06-18,📉 GIẢM,48.9%,HIGH,2026-06-19,📉 GIẢM,49.0%,HIGH,2026-06-22,📉 GIẢM,49.1%,HIGH,2026-06-23,📉 GIẢM,49.3%,HIGH,2026-06-24,📉 GIẢM,49.4%,HIGH
VGG,2026-06-03,2026-06-04,📉 GIẢM,46.9%,LOW,2026-06-05,📉 GIẢM,47.6%,LOW,2026-06-08,📉 GIẢM,47.7%,LOW,2026-06-09,📉 GIẢM,47.8%,LOW,2026-06-10,📉 GIẢM,47.9%,LOW,2026-06-11,📉 GIẢM,48.1%,LOW,2026-06-12,📉 GIẢM,48.2%,LOW,2026-06-15,📉 GIẢM,48.3%,LOW,2026-06-16,📉 GIẢM,48.5%,LOW,2026-06-17,📉 GIẢM,48.6%,LOW,2026-06-18,📉 GIẢM,48.7%,HIGH,2026-06-19,📉 GIẢM,48.8%,HIGH,2026-06-22,📉 GIẢM,49.0%,HIGH,2026-06-23,📉 GIẢM,49.1%,HIGH,2026-06-24,📉 GIẢM,49.2%,HIGH
ICG,2026-06-03,2026-06-04,📉 GIẢM,28.3%,HIGH,2026-06-05,📉 GIẢM,29.4%,HIGH,2026-06-08,📉 GIẢM,30.5%,HIGH,2026-06-09,📉 GIẢM,31.6%,HIGH,2026-06-10,📉 GIẢM,32.6%,HIGH,2026-06-11,📉 GIẢM,33.7%,HIGH,2026-06-12,📉 GIẢM,34.8%,HIGH,2026-06-15,📉 GIẢM,35.9%,HIGH,2026-06-16,📉 GIẢM,37.0%,HIGH,2026-06-17,📉 GIẢM,38.2%,HIGH,2026-06-18,📉 GIẢM,39.3%,HIGH,2026-06-19,📉 GIẢM,40.3%,HIGH,2026-06-22,📉 GIẢM,41.4%,HIGH,2026-06-23,📉 GIẢM,42.5%,HIGH,2026-06-24,📉 GIẢM,43.6%,HIGH
KDH,2026-06-03,2026-06-04,📉 GIẢM,29.5%,HIGH,2026-06-05,📉 GIẢM,30.5%,HIGH,2026-06-08,📉 GIẢM,31.5%,HIGH,2026-06-09,📉 GIẢM,32.5%,HIGH,2026-06-10,📉 GIẢM,33.5%,HIGH,2026-06-11,📉 GIẢM,34.6%,HIGH,2026-06-12,📉 GIẢM,35.6%,HIGH,2026-06-15,📉 GIẢM,36.6%,HIGH,2026-06-16,📉 GIẢM,37.7%,HIGH,2026-06-17,📉 GIẢM,38.7%,HIGH,2026-06-18,📉 GIẢM,39.7%,HIGH,2026-06-19,📉 GIẢM,40.7%,HIGH,2026-06-22,📉 GIẢM,41.8%,HIGH,2026-06-23,📉 GIẢM,42.8%,HIGH,2026-06-24,📉 GIẢM,43.8%,HIGH
MCO,2026-06-03,2026-06-04,📈 TĂNG,57.4%,LOW,2026-06-05,📉 GIẢM,47.0%,LOW,2026-06-08,📈 TĂNG,56.6%,LOW,2026-06-09,📉 GIẢM,47.3%,LOW,2026-06-10,📈 TĂNG,55.9%,LOW,2026-06-11,📉 GIẢM,47.6%,LOW,2026-06-12,📈 TĂNG,55.2%,LOW,2026-06-15,📉 GIẢM,47.9%,LOW,2026-06-16,📈 TĂNG,54.4%,HIGH,2026-06-17,📉 GIẢM,48.2%,LOW,2026-06-18,📈 TĂNG,53.7%,HIGH,2026-06-19,📉 GIẢM,48.6%,HIGH,2026-06-22,📈 TĂNG,53.0%,HIGH,2026-06-23,📉 GIẢM,48.9%,HIGH,2026-06-24,📈 TĂNG,52.2%,HIGH
SDT,2026-06-03,2026-06-04,📉 GIẢM,30.0%,MEDIUM,2026-06-05,📉 GIẢM,30.5%,HIGH,2026-06-08,📉 GIẢM,31.6%,HIGH,2026-06-09,📉 GIẢM,32.6%,HIGH,2026-06-10,📉 GIẢM,33.6%,HIGH,2026-06-11,📉 GIẢM,34.6%,HIGH,2026-06-12,📉 GIẢM,35.7%,HIGH,2026-06-15,📉 GIẢM,36.7%,HIGH,2026-06-16,📉 GIẢM,37.7%,HIGH,2026-06-17,📉 GIẢM,38.7%,HIGH,2026-06-18,📉 GIẢM,39.8%,HIGH,2026-06-19,📉 GIẢM,40.8%,HIGH,2026-06-22,📉 GIẢM,41.8%,HIGH,2026-06-23,📉 GIẢM,42.8%,HIGH,2026-06-24,📉 GIẢM,43.9%,HIGH
NCT,2026-06-03,2026-06-04,📉 GIẢM,25.8%,HIGH,2026-06-05,📉 GIẢM,27.0%,HIGH,2026-06-08,📉 GIẢM,28.3%,HIGH,2026-06-09,📉 GIẢM,29.5%,HIGH,2026-06-10,📉 GIẢM,30.7%,HIGH,2026-06-11,📉 GIẢM,31.9%,HIGH,2026-06-12,📉 GIẢM,33.1%,HIGH,2026-06-15,📉 GIẢM,34.3%,HIGH,2026-06-16,📉 GIẢM,35.5%,HIGH,2026-06-17,📉 GIẢM,36.7%,HIGH,2026-06-18,📉 GIẢM,37.9%,HIGH,2026-06-19,📉 GIẢM,39.1%,HIGH,2026-06-22,📉 GIẢM,40.3%,HIGH,2026-06-23,📉 GIẢM,41.5%,HIGH,2026-06-24,📉 GIẢM,42.8%,HIGH
NKG,2026-06-03,2026-06-04,📉 GIẢM,40.0%,LOW,2026-06-05,📉 GIẢM,41.2%,LOW,2026-06-08,📉 GIẢM,41.7%,LOW,2026-06-09,📉 GIẢM,42.4%,LOW,2026-06-10,📉 GIẢM,43.2%,LOW,2026-06-11,📉 GIẢM,43.6%,LOW,2026-06-12,📉 GIẢM,44.0%,LOW,2026-06-15,📉 GIẢM,44.4%,LOW,2026-06-16,📉 GIẢM,44.9%,HIGH,2026-06-17,📉 GIẢM,45.3%,HIGH,2026-06-18,📉 GIẢM,45.7%,HIGH,2026-06-19,📉 GIẢM,46.1%,HIGH,2026-06-22,📉 GIẢM,46.6%,HIGH,2026-06-23,📉 GIẢM,47.0%,HIGH,2026-06-24,📉 GIẢM,47.4%,HIGH
NNC,2026-06-03,2026-06-04,📉 GIẢM,43.5%,LOW,2026-06-05,📉 GIẢM,43.8%,LOW,2026-06-08,📉 GIẢM,44.1%,LOW,2026-06-09,📉 GIẢM,44.4%,LOW,2026-06-10,📉 GIẢM,44.8%,LOW,2026-06-11,📉 GIẢM,45.1%,LOW,2026-06-12,📉 GIẢM,45.4%,LOW,2026-06-15,📉 GIẢM,45.8%,LOW,2026-06-16,📉 GIẢM,46.1%,LOW,2026-06-17,📉 GIẢM,46.4%,HIGH,2026-06-18,📉 GIẢM,46.7%,HIGH,2026-06-19,📉 GIẢM,47.1%,HIGH,2026-06-22,📉 GIẢM,47.4%,HIGH,2026-06-23,📉 GIẢM,47.7%,HIGH,2026-06-24,📉 GIẢM,48.0%,HIGH
NO1,2026-06-03,2026-06-04,📉 GIẢM,22.2%,HIGH,2026-06-05,📉 GIẢM,24.4%,HIGH,2026-06-08,📉 GIẢM,25.7%,HIGH,2026-06-09,📉 GIẢM,27.1%,HIGH,2026-06-10,📉 GIẢM,28.4%,HIGH,2026-06-11,📉 GIẢM,29.8%,HIGH,2026-06-12,📉 GIẢM,31.4%,HIGH,2026-06-15,📉 GIẢM,32.8%,HIGH,2026-06-16,📉 GIẢM,34.1%,HIGH,2026-06-17,📉 GIẢM,35.4%,HIGH,2026-06-18,📉 GIẢM,36.7%,HIGH,2026-06-19,📉 GIẢM,38.1%,HIGH,2026-06-22,📉 GIẢM,39.4%,HIGH,2026-06-23,📉 GIẢM,41.2%,HIGH,2026-06-24,📉 GIẢM,42.5%,HIGH
NT2,2026-06-03,2026-06-04,📉 GIẢM,45.4%,LOW,2026-06-05,📉 GIẢM,45.7%,LOW,2026-06-08,📉 GIẢM,45.9%,LOW,2026-06-09,📉 GIẢM,46.1%,LOW,2026-06-10,📉 GIẢM,46.3%,LOW,2026-06-11,📉 GIẢM,46.6%,LOW,2026-06-12,📉 GIẢM,46.8%,LOW,2026-06-15,📉 GIẢM,47.0%,LOW,2026-06-16,📉 GIẢM,47.3%,LOW,2026-06-17,📉 GIẢM,47.5%,HIGH,2026-06-18,📉 GIẢM,47.7%,HIGH,2026-06-19,📉 GIẢM,47.9%,HIGH,2026-06-22,📉 GIẢM,48.2%,HIGH,2026-06-23,📉 GIẢM,48.4%,HIGH,2026-06-24,📉 GIẢM,48.6%,HIGH
NTP,2026-06-03,2026-06-04,📉 GIẢM,30.9%,MEDIUM,2026-06-05,📉 GIẢM,31.6%,HIGH,2026-06-08,📉 GIẢM,32.6%,HIGH,2026-06-09,📉 GIẢM,34.3%,HIGH,2026-06-10,📉 GIẢM,35.2%,HIGH,2026-06-11,📉 GIẢM,36.1%,HIGH,2026-06-12,📉 GIẢM,37.0%,HIGH,2026-06-15,📉 GIẢM,37.8%,HIGH,2026-06-16,📉 GIẢM,38.9%,HIGH,2026-06-17,📉 GIẢM,39.8%,HIGH,2026-06-18,📉 GIẢM,40.7%,HIGH,2026-06-19,📉 GIẢM,41.6%,HIGH,2026-06-22,📉 GIẢM,42.6%,HIGH,2026-06-23,📉 GIẢM,43.5%,HIGH,2026-06-24,📉 GIẢM,44.4%,HIGH
OGC,2026-06-03,2026-06-04,📈 TĂNG,54.7%,LOW,2026-06-05,📈 TĂNG,54.6%,LOW,2026-06-08,📈 TĂNG,54.4%,LOW,2026-06-09,📈 TĂNG,54.1%,LOW,2026-06-10,📈 TĂNG,53.9%,LOW,2026-06-11,📈 TĂNG,53.6%,LOW,2026-06-12,📈 TĂNG,53.4%,LOW,2026-06-15,📈 TĂNG,53.1%,LOW,2026-06-16,📈 TĂNG,52.9%,LOW,2026-06-17,📈 TĂNG,52.7%,HIGH,2026-06-18,📈 TĂNG,52.4%,HIGH,2026-06-19,📈 TĂNG,52.2%,HIGH,2026-06-22,📈 TĂNG,51.9%,HIGH,2026-06-23,📈 TĂNG,51.7%,HIGH,2026-06-24,📈 TĂNG,51.5%,HIGH
PAC,2026-06-03,2026-06-04,📉 GIẢM,31.7%,MEDIUM,2026-06-05,📉 GIẢM,33.8%,MEDIUM,2026-06-08,📉 GIẢM,34.6%,MEDIUM,2026-06-09,📉 GIẢM,35.7%,HIGH,2026-06-10,📉 GIẢM,36.5%,HIGH,2026-06-11,📉 GIẢM,37.4%,HIGH,2026-06-12,📉 GIẢM,38.2%,HIGH,2026-06-15,📉 GIẢM,39.1%,HIGH,2026-06-16,📉 GIẢM,39.9%,HIGH,2026-06-17,📉 GIẢM,40.8%,HIGH,2026-06-18,📉 GIẢM,41.8%,HIGH,2026-06-19,📉 GIẢM,42.5%,HIGH,2026-06-22,📉 GIẢM,43.3%,HIGH,2026-06-23,📉 GIẢM,44.2%,HIGH,2026-06-24,📉 GIẢM,45.0%,HIGH
PGD,2026-06-03,2026-06-04,📉 GIẢM,19.8%,HIGH,2026-06-05,📉 GIẢM,21.3%,HIGH,2026-06-08,📉 GIẢM,22.8%,HIGH,2026-06-09,📉 GIẢM,24.4%,HIGH,2026-06-10,📉 GIẢM,25.9%,HIGH,2026-06-11,📉 GIẢM,27.4%,HIGH,2026-06-12,📉 GIẢM,28.9%,HIGH,2026-06-15,📉 GIẢM,30.4%,HIGH,2026-06-16,📉 GIẢM,31.9%,HIGH,2026-06-17,📉 GIẢM,33.4%,HIGH,2026-06-18,📉 GIẢM,34.9%,HIGH,2026-06-19,📉 GIẢM,36.7%,HIGH,2026-06-22,📉 GIẢM,38.1%,HIGH,2026-06-23,📉 GIẢM,39.6%,HIGH,2026-06-24,📉 GIẢM,41.1%,HIGH
PHP,2026-06-03,2026-06-04,📉 GIẢM,48.1%,LOW,2026-06-05,📉 GIẢM,48.2%,LOW,2026-06-08,📉 GIẢM,48.3%,LOW,2026-06-09,📉 GIẢM,48.4%,LOW,2026-06-10,📉 GIẢM,48.5%,LOW,2026-06-11,📉 GIẢM,48.6%,LOW,2026-06-12,📉 GIẢM,48.7%,LOW,2026-06-15,📉 GIẢM,48.8%,LOW,2026-06-16,📉 GIẢM,48.9%,LOW,2026-06-17,📉 GIẢM,49.0%,LOW,2026-06-18,📉 GIẢM,49.1%,HIGH,2026-06-19,📉 GIẢM,49.2%,HIGH,2026-06-22,📉 GIẢM,49.3%,HIGH,2026-06-23,📉 GIẢM,49.3%,HIGH,2026-06-24,📉 GIẢM,49.5%,HIGH
SBT,2026-06-03,2026-06-04,📉 GIẢM,35.4%,MEDIUM,2026-06-05,📉 GIẢM,37.1%,MEDIUM,2026-06-08,📉 GIẢM,37.8%,MEDIUM,2026-06-09,📉 GIẢM,38.5%,MEDIUM,2026-06-10,📉 GIẢM,39.1%,MEDIUM,2026-06-11,📉 GIẢM,39.8%,HIGH,2026-06-12,📉 GIẢM,40.4%,HIGH,2026-06-15,📉 GIẢM,41.1%,HIGH,2026-06-16,📉 GIẢM,41.7%,HIGH,2026-06-17,📉 GIẢM,42.4%,HIGH,2026-06-18,📉 GIẢM,43.1%,HIGH,2026-06-19,📉 GIẢM,43.8%,HIGH,2026-06-22,📉 GIẢM,44.5%,HIGH,2026-06-23,📉 GIẢM,45.2%,HIGH,2026-06-24,📉 GIẢM,45.9%,HIGH
PHR,2026-06-03,2026-06-04,📉 GIẢM,47.1%,LOW,2026-06-05,📉 GIẢM,47.3%,LOW,2026-06-08,📉 GIẢM,47.4%,LOW,2026-06-09,📉 GIẢM,47.6%,LOW,2026-06-10,📉 GIẢM,47.7%,LOW,2026-06-11,📉 GIẢM,47.9%,LOW,2026-06-12,📉 GIẢM,48.0%,LOW,2026-06-15,📉 GIẢM,48.1%,LOW,2026-06-16,📉 GIẢM,48.3%,LOW,2026-06-17,📉 GIẢM,48.4%,LOW,2026-06-18,📉 GIẢM,48.6%,HIGH,2026-06-19,📉 GIẢM,48.7%,HIGH,2026-06-22,📉 GIẢM,48.9%,HIGH,2026-06-23,📉 GIẢM,49.0%,HIGH,2026-06-24,📉 GIẢM,49.1%,HIGH
PNJ,2026-06-03,2026-06-04,📉 GIẢM,38.1%,MEDIUM,2026-06-05,📉 GIẢM,38.7%,MEDIUM,2026-06-08,📉 GIẢM,39.3%,MEDIUM,2026-06-09,📉 GIẢM,39.9%,MEDIUM,2026-06-10,📉 GIẢM,40.5%,LOW,2026-06-11,📉 GIẢM,41.1%,LOW,2026-06-12,📉 GIẢM,41.6%,HIGH,2026-06-15,📉 GIẢM,42.2%,HIGH,2026-06-16,📉 GIẢM,42.8%,HIGH,2026-06-17,📉 GIẢM,43.4%,HIGH,2026-06-18,📉 GIẢM,44.0%,HIGH,2026-06-19,📉 GIẢM,44.6%,HIGH,2026-06-22,📉 GIẢM,45.2%,HIGH,2026-06-23,📉 GIẢM,45.8%,HIGH,2026-06-24,📉 GIẢM,46.4%,HIGH
POW,2026-06-03,2026-06-04,📉 GIẢM,45.3%,LOW,2026-06-05,📉 GIẢM,45.6%,LOW,2026-06-08,📉 GIẢM,45.8%,LOW,2026-06-09,📉 GIẢM,46.0%,LOW,2026-06-10,📉 GIẢM,46.2%,LOW,2026-06-11,📉 GIẢM,46.5%,LOW,2026-06-12,📉 GIẢM,46.7%,LOW,2026-06-15,📉 GIẢM,46.9%,LOW,2026-06-16,📉 GIẢM,47.2%,LOW,2026-06-17,📉 GIẢM,47.4%,HIGH,2026-06-18,📉 GIẢM,47.7%,HIGH,2026-06-19,📉 GIẢM,47.9%,HIGH,2026-06-22,📉 GIẢM,48.1%,HIGH,2026-06-23,📉 GIẢM,48.4%,HIGH,2026-06-24,📉 GIẢM,48.6%,HIGH
PRC,2026-06-03,2026-06-04,📉 GIẢM,23.1%,HIGH,2026-06-05,📉 GIẢM,25.7%,HIGH,2026-06-08,📉 GIẢM,27.0%,HIGH,2026-06-09,📉 GIẢM,28.2%,HIGH,2026-06-10,📉 GIẢM,29.5%,HIGH,2026-06-11,📉 GIẢM,30.8%,HIGH,2026-06-12,📉 GIẢM,32.1%,HIGH,2026-06-15,📉 GIẢM,33.4%,HIGH,2026-06-16,📉 GIẢM,34.6%,HIGH,2026-06-17,📉 GIẢM,35.9%,HIGH,2026-06-18,📉 GIẢM,37.2%,HIGH,2026-06-19,📉 GIẢM,38.5%,HIGH,2026-06-22,📉 GIẢM,39.8%,HIGH,2026-06-23,📉 GIẢM,41.0%,HIGH,2026-06-24,📉 GIẢM,42.5%,HIGH
PTI,2026-06-03,2026-06-04,📉 GIẢM,45.9%,LOW,2026-06-05,📉 GIẢM,46.1%,LOW,2026-06-08,📉 GIẢM,46.3%,LOW,2026-06-09,📉 GIẢM,46.5%,LOW,2026-06-10,📉 GIẢM,46.8%,LOW,2026-06-11,📉 GIẢM,47.0%,LOW,2026-06-12,📉 GIẢM,47.2%,LOW,2026-06-15,📉 GIẢM,47.4%,LOW,2026-06-16,📉 GIẢM,47.6%,LOW,2026-06-17,📉 GIẢM,47.9%,HIGH,2026-06-18,📉 GIẢM,48.3%,HIGH,2026-06-19,📉 GIẢM,48.5%,HIGH,2026-06-22,📉 GIẢM,48.7%,HIGH,2026-06-23,📉 GIẢM,48.9%,HIGH,2026-06-24,📉 GIẢM,49.1%,HIGH
SAB,2026-06-03,2026-06-04,📉 GIẢM,36.2%,MEDIUM,2026-06-05,📉 GIẢM,37.2%,MEDIUM,2026-06-08,📉 GIẢM,38.1%,MEDIUM,2026-06-09,📉 GIẢM,39.1%,MEDIUM,2026-06-10,📉 GIẢM,39.7%,MEDIUM,2026-06-11,📉 GIẢM,40.3%,LOW,2026-06-12,📉 GIẢM,41.0%,HIGH,2026-06-15,📉 GIẢM,41.6%,HIGH,2026-06-16,📉 GIẢM,42.4%,HIGH,2026-06-17,📉 GIẢM,43.2%,HIGH,2026-06-18,📉 GIẢM,43.8%,HIGH,2026-06-19,📉 GIẢM,44.6%,HIGH,2026-06-22,📉 GIẢM,45.2%,HIGH,2026-06-23,📉 GIẢM,45.8%,HIGH,2026-06-24,📉 GIẢM,46.8%,HIGH
SAM,2026-06-03,2026-06-04,📉 GIẢM,44.7%,LOW,2026-06-05,📉 GIẢM,45.0%,LOW,2026-06-08,📉 GIẢM,45.3%,LOW,2026-06-09,📉 GIẢM,45.5%,LOW,2026-06-10,📉 GIẢM,45.8%,LOW,2026-06-11,📉 GIẢM,46.0%,LOW,2026-06-12,📉 GIẢM,46.3%,LOW,2026-06-15,📉 GIẢM,46.6%,LOW,2026-06-16,📉 GIẢM,46.8%,LOW,2026-06-17,📉 GIẢM,47.1%,HIGH,2026-06-18,📉 GIẢM,47.4%,HIGH,2026-06-19,📉 GIẢM,47.6%,HIGH,2026-06-22,📉 GIẢM,47.9%,HIGH,2026-06-23,📉 GIẢM,48.2%,HIGH,2026-06-24,📉 GIẢM,48.4%,HIGH
SAS,2026-06-03,2026-06-04,📉 GIẢM,38.4%,MEDIUM,2026-06-05,📉 GIẢM,39.0%,MEDIUM,2026-06-08,📉 GIẢM,39.5%,MEDIUM,2026-06-09,📉 GIẢM,40.1%,LOW,2026-06-10,📉 GIẢM,40.7%,LOW,2026-06-11,📉 GIẢM,41.3%,LOW,2026-06-12,📉 GIẢM,41.9%,HIGH,2026-06-15,📉 GIẢM,42.4%,HIGH,2026-06-16,📉 GIẢM,43.0%,HIGH,2026-06-17,📉 GIẢM,43.6%,HIGH,2026-06-18,📉 GIẢM,44.2%,HIGH,2026-06-19,📉 GIẢM,44.8%,HIGH,2026-06-22,📉 GIẢM,45.4%,HIGH,2026-06-23,📉 GIẢM,45.9%,HIGH,2026-06-24,📉 GIẢM,46.5%,HIGH
SBG,2026-06-03,2026-06-04,📉 GIẢM,41.2%,LOW,2026-06-05,📉 GIẢM,41.6%,LOW,2026-06-08,📉 GIẢM,42.1%,LOW,2026-06-09,📉 GIẢM,42.5%,LOW,2026-06-10,📉 GIẢM,42.9%,LOW,2026-06-11,📉 GIẢM,43.4%,LOW,2026-06-12,📉 GIẢM,43.8%,LOW,2026-06-15,📉 GIẢM,44.3%,LOW,2026-06-16,📉 GIẢM,44.7%,HIGH,2026-06-17,📉 GIẢM,45.2%,HIGH,2026-06-18,📉 GIẢM,45.6%,HIGH,2026-06-19,📉 GIẢM,46.0%,HIGH,2026-06-22,📉 GIẢM,46.5%,HIGH,2026-06-23,📉 GIẢM,46.9%,HIGH,2026-06-24,📉 GIẢM,47.4%,HIGH
MSB,2026-06-03,2026-06-04,📉 GIẢM,42.4%,LOW,2026-06-05,📉 GIẢM,42.8%,LOW,2026-06-08,📉 GIẢM,43.2%,LOW,2026-06-09,📉 GIẢM,43.6%,LOW,2026-06-10,📉 GIẢM,44.0%,LOW,2026-06-11,📉 GIẢM,44.3%,LOW,2026-06-12,📉 GIẢM,44.7%,LOW,2026-06-15,📉 GIẢM,45.1%,LOW,2026-06-16,📉 GIẢM,45.5%,HIGH,2026-06-17,📉 GIẢM,45.9%,HIGH,2026-06-18,📉 GIẢM,46.2%,HIGH,2026-06-19,📉 GIẢM,46.6%,HIGH,2026-06-22,📉 GIẢM,47.0%,HIGH,2026-06-23,📉 GIẢM,47.4%,HIGH,2026-06-24,📉 GIẢM,47.7%,HIGH
PVP,2026-06-03,2026-06-04,📉 GIẢM,33.8%,MEDIUM,2026-06-05,📉 GIẢM,34.6%,MEDIUM,2026-06-08,📉 GIẢM,35.4%,MEDIUM,2026-06-09,📉 GIẢM,36.2%,MEDIUM,2026-06-10,📉 GIẢM,37.0%,HIGH,2026-06-11,📉 GIẢM,37.8%,HIGH,2026-06-12,📉 GIẢM,38.6%,HIGH,2026-06-15,📉 GIẢM,39.5%,HIGH,2026-06-16,📉 GIẢM,40.3%,HIGH,2026-06-17,📉 GIẢM,41.1%,HIGH,2026-06-18,📉 GIẢM,41.9%,HIGH,2026-06-19,📉 GIẢM,42.7%,HIGH,2026-06-22,📉 GIẢM,43.5%,HIGH,2026-06-23,📉 GIẢM,44.3%,HIGH,2026-06-24,📉 GIẢM,45.1%,HIGH
VTD,2026-06-03,2026-06-04,📉 GIẢM,28.9%,HIGH,2026-06-05,📉 GIẢM,30.0%,HIGH,2026-06-08,📉 GIẢM,31.2%,HIGH,2026-06-09,📉 GIẢM,32.2%,HIGH,2026-06-10,📉 GIẢM,33.3%,HIGH,2026-06-11,📉 GIẢM,34.3%,HIGH,2026-06-12,📉 GIẢM,35.4%,HIGH,2026-06-15,📉 GIẢM,36.4%,HIGH,2026-06-16,📉 GIẢM,37.5%,HIGH,2026-06-17,📉 GIẢM,38.5%,HIGH,2026-06-18,📉 GIẢM,39.6%,HIGH,2026-06-19,📉 GIẢM,40.6%,HIGH,2026-06-22,📉 GIẢM,41.6%,HIGH,2026-06-23,📉 GIẢM,42.7%,HIGH,2026-06-24,📉 GIẢM,43.7%,HIGH
GDT,2026-06-03,2026-06-04,📉 GIẢM,23.7%,HIGH,2026-06-05,📉 GIẢM,24.9%,HIGH,2026-06-08,📉 GIẢM,26.5%,HIGH,2026-06-09,📉 GIẢM,27.8%,HIGH,2026-06-10,📉 GIẢM,29.1%,HIGH,2026-06-11,📉 GIẢM,30.4%,HIGH,2026-06-12,📉 GIẢM,31.7%,HIGH,2026-06-15,📉 GIẢM,33.2%,HIGH,2026-06-16,📉 GIẢM,34.5%,HIGH,2026-06-17,📉 GIẢM,35.8%,HIGH,2026-06-18,📉 GIẢM,37.1%,HIGH,2026-06-19,📉 GIẢM,38.4%,HIGH,2026-06-22,📉 GIẢM,39.7%,HIGH,2026-06-23,📉 GIẢM,41.0%,HIGH,2026-06-24,📉 GIẢM,42.3%,HIGH
GMD,2026-06-03,2026-06-04,📉 GIẢM,35.7%,MEDIUM,2026-06-05,📉 GIẢM,35.4%,MEDIUM,2026-06-08,📉 GIẢM,36.2%,MEDIUM,2026-06-09,📉 GIẢM,36.9%,MEDIUM,2026-06-10,📉 GIẢM,37.7%,HIGH,2026-06-11,📉 GIẢM,38.5%,HIGH,2026-06-12,📉 GIẢM,39.3%,HIGH,2026-06-15,📉 GIẢM,40.1%,HIGH,2026-06-16,📉 GIẢM,40.9%,HIGH,2026-06-17,📉 GIẢM,41.6%,HIGH,2026-06-18,📉 GIẢM,42.4%,HIGH,2026-06-19,📉 GIẢM,43.1%,HIGH,2026-06-22,📉 GIẢM,43.9%,HIGH,2026-06-23,📉 GIẢM,44.7%,HIGH,2026-06-24,📉 GIẢM,45.4%,HIGH
GVR,2026-06-03,2026-06-04,📉 GIẢM,41.5%,LOW,2026-06-05,📉 GIẢM,41.9%,LOW,2026-06-08,📉 GIẢM,42.3%,LOW,2026-06-09,📉 GIẢM,42.7%,LOW,2026-06-10,📉 GIẢM,43.2%,LOW,2026-06-11,📉 GIẢM,43.6%,LOW,2026-06-12,📉 GIẢM,44.0%,LOW,2026-06-15,📉 GIẢM,44.7%,LOW,2026-06-16,📉 GIẢM,45.1%,HIGH,2026-06-17,📉 GIẢM,45.5%,HIGH,2026-06-18,📉 GIẢM,45.9%,HIGH,2026-06-19,📉 GIẢM,46.2%,HIGH,2026-06-22,📉 GIẢM,46.7%,HIGH,2026-06-23,📉 GIẢM,47.1%,HIGH,2026-06-24,📉 GIẢM,47.5%,HIGH
TTF,2026-06-03,2026-06-04,📉 GIẢM,25.6%,HIGH,2026-06-05,📉 GIẢM,26.8%,HIGH,2026-06-08,📉 GIẢM,28.1%,HIGH,2026-06-09,📉 GIẢM,29.6%,HIGH,2026-06-10,📉 GIẢM,31.2%,HIGH,2026-06-11,📉 GIẢM,32.4%,HIGH,2026-06-12,📉 GIẢM,33.6%,HIGH,2026-06-15,📉 GIẢM,34.7%,HIGH,2026-06-16,📉 GIẢM,35.9%,HIGH,2026-06-17,📉 GIẢM,37.1%,HIGH,2026-06-18,📉 GIẢM,38.3%,HIGH,2026-06-19,📉 GIẢM,39.4%,HIGH,2026-06-22,📉 GIẢM,40.6%,HIGH,2026-06-23,📉 GIẢM,41.8%,HIGH,2026-06-24,📉 GIẢM,43.0%,HIGH
HIO,2026-06-03,2026-06-04,📉 GIẢM,21.6%,HIGH,2026-06-05,📉 GIẢM,23.3%,HIGH,2026-06-08,📉 GIẢM,24.7%,HIGH,2026-06-09,📉 GIẢM,26.1%,HIGH,2026-06-10,📉 GIẢM,27.5%,HIGH,2026-06-11,📉 GIẢM,28.9%,HIGH,2026-06-12,📉 GIẢM,30.3%,HIGH,2026-06-15,📉 GIẢM,31.7%,HIGH,2026-06-16,📉 GIẢM,33.1%,HIGH,2026-06-17,📉 GIẢM,34.5%,HIGH,2026-06-18,📉 GIẢM,36.0%,HIGH,2026-06-19,📉 GIẢM,37.4%,HIGH,2026-06-22,📉 GIẢM,38.8%,HIGH,2026-06-23,📉 GIẢM,40.2%,HIGH,2026-06-24,📉 GIẢM,41.6%,HIGH
HMS,2026-06-03,2026-06-04,📉 GIẢM,43.1%,LOW,2026-06-05,📉 GIẢM,43.5%,LOW,2026-06-08,📉 GIẢM,43.8%,LOW,2026-06-09,📉 GIẢM,44.2%,LOW,2026-06-10,📉 GIẢM,44.5%,LOW,2026-06-11,📉 GIẢM,44.8%,LOW,2026-06-12,📉 GIẢM,45.2%,LOW,2026-06-15,📉 GIẢM,45.5%,LOW,2026-06-16,📉 GIẢM,45.9%,HIGH,2026-06-17,📉 GIẢM,46.2%,HIGH,2026-06-18,📉 GIẢM,46.6%,HIGH,2026-06-19,📉 GIẢM,46.9%,HIGH,2026-06-22,📉 GIẢM,47.3%,HIGH,2026-06-23,📉 GIẢM,47.6%,HIGH,2026-06-24,📉 GIẢM,47.9%,HIGH
HTV,2026-06-03,2026-06-04,📉 GIẢM,34.3%,MEDIUM,2026-06-05,📉 GIẢM,34.9%,MEDIUM,2026-06-08,📉 GIẢM,35.7%,MEDIUM,2026-06-09,📉 GIẢM,36.5%,MEDIUM,2026-06-10,📉 GIẢM,37.4%,HIGH,2026-06-11,📉 GIẢM,38.2%,HIGH,2026-06-12,📉 GIẢM,39.9%,HIGH,2026-06-15,📉 GIẢM,40.6%,HIGH,2026-06-16,📉 GIẢM,41.3%,HIGH,2026-06-17,📉 GIẢM,42.0%,HIGH,2026-06-18,📉 GIẢM,42.8%,HIGH,2026-06-19,📉 GIẢM,43.5%,HIGH,2026-06-22,📉 GIẢM,44.2%,HIGH,2026-06-23,📉 GIẢM,44.9%,HIGH,2026-06-24,📉 GIẢM,45.7%,HIGH
ILS,2026-06-03,2026-06-04,📉 GIẢM,38.9%,MEDIUM,2026-06-05,📉 GIẢM,42.1%,LOW,2026-06-08,📉 GIẢM,42.5%,LOW,2026-06-09,📉 GIẢM,43.0%,LOW,2026-06-10,📉 GIẢM,43.4%,LOW,2026-06-11,📉 GIẢM,43.8%,LOW,2026-06-12,📉 GIẢM,44.2%,LOW,2026-06-15,📉 GIẢM,44.6%,LOW,2026-06-16,📉 GIẢM,45.0%,HIGH,2026-06-17,📉 GIẢM,45.4%,HIGH,2026-06-18,📉 GIẢM,45.9%,HIGH,2026-06-19,📉 GIẢM,46.3%,HIGH,2026-06-22,📉 GIẢM,46.7%,HIGH,2026-06-23,📉 GIẢM,47.1%,HIGH,2026-06-24,📉 GIẢM,47.5%,HIGH
VHG,2026-06-03,2026-06-04,📉 GIẢM,20.9%,HIGH,2026-06-05,📉 GIẢM,22.9%,HIGH,2026-06-08,📉 GIẢM,24.4%,HIGH,2026-06-09,📉 GIẢM,24.3%,HIGH,2026-06-10,📉 GIẢM,25.8%,HIGH,2026-06-11,📉 GIẢM,27.4%,HIGH,2026-06-12,📉 GIẢM,28.9%,HIGH,2026-06-15,📉 GIẢM,30.4%,HIGH,2026-06-16,📉 GIẢM,31.9%,HIGH,2026-06-17,📉 GIẢM,33.4%,HIGH,2026-06-18,📉 GIẢM,34.9%,HIGH,2026-06-19,📉 GIẢM,36.4%,HIGH,2026-06-22,📉 GIẢM,37.9%,HIGH,2026-06-23,📉 GIẢM,39.4%,HIGH,2026-06-24,📉 GIẢM,40.9%,HIGH
JVC,2026-06-03,2026-06-04,📉 GIẢM,25.1%,HIGH,2026-06-05,📉 GIẢM,27.7%,HIGH,2026-06-08,📉 GIẢM,28.9%,HIGH,2026-06-09,📉 GIẢM,30.1%,HIGH,2026-06-10,📉 GIẢM,31.2%,HIGH,2026-06-11,📉 GIẢM,32.4%,HIGH,2026-06-12,📉 GIẢM,33.6%,HIGH,2026-06-15,📉 GIẢM,34.8%,HIGH,2026-06-16,📉 GIẢM,35.9%,HIGH,2026-06-17,📉 GIẢM,37.1%,HIGH,2026-06-18,📉 GIẢM,38.3%,HIGH,2026-06-19,📉 GIẢM,39.4%,HIGH,2026-06-22,📉 GIẢM,40.6%,HIGH,2026-06-23,📉 GIẢM,41.8%,HIGH,2026-06-24,📉 GIẢM,43.0%,HIGH
KSV,2026-06-03,2026-06-04,📉 GIẢM,27.1%,HIGH,2026-06-05,📉 GIẢM,29.3%,HIGH,2026-06-08,📉 GIẢM,30.4%,HIGH,2026-06-09,📉 GIẢM,31.5%,HIGH,2026-06-10,📉 GIẢM,32.6%,HIGH,2026-06-11,📉 GIẢM,33.7%,HIGH,2026-06-12,📉 GIẢM,34.8%,HIGH,2026-06-15,📉 GIẢM,35.8%,HIGH,2026-06-16,📉 GIẢM,36.9%,HIGH,2026-06-17,📉 GIẢM,38.0%,HIGH,2026-06-18,📉 GIẢM,39.1%,HIGH,2026-06-19,📉 GIẢM,40.2%,HIGH,2026-06-22,📉 GIẢM,41.3%,HIGH,2026-06-23,📉 GIẢM,42.4%,HIGH,2026-06-24,📉 GIẢM,43.5%,HIGH
TCX,2026-06-03,2026-06-04,📈 TĂNG,51.1%,LOW,2026-06-05,📈 TĂNG,51.9%,LOW,2026-06-08,📈 TĂNG,51.6%,LOW,2026-06-09,📈 TĂNG,51.9%,LOW,2026-06-10,📈 TĂNG,51.8%,LOW,2026-06-11,📈 TĂNG,51.7%,LOW,2026-06-12,📈 TĂNG,51.5%,LOW,2026-06-15,📈 TĂNG,51.4%,LOW,2026-06-16,📈 TĂNG,51.3%,LOW,2026-06-17,📈 TĂNG,51.2%,LOW,2026-06-18,📈 TĂNG,51.1%,HIGH,2026-06-19,📈 TĂNG,51.0%,HIGH,2026-06-22,📈 TĂNG,50.9%,HIGH,2026-06-23,📈 TĂNG,50.8%,HIGH,2026-06-24,📈 TĂNG,50.7%,HIGH
LDG,2026-06-03,2026-06-04,📈 TĂNG,52.5%,LOW,2026-06-05,📈 TĂNG,52.4%,LOW,2026-06-08,📈 TĂNG,52.3%,LOW,2026-06-09,📈 TĂNG,52.2%,LOW,2026-06-10,📈 TĂNG,52.0%,LOW,2026-06-11,📈 TĂNG,51.9%,LOW,2026-06-12,📈 TĂNG,51.8%,LOW,2026-06-15,📈 TĂNG,51.6%,LOW,2026-06-16,📈 TĂNG,51.5%,LOW,2026-06-17,📈 TĂNG,51.4%,LOW,2026-06-18,📈 TĂNG,51.3%,HIGH,2026-06-19,📈 TĂNG,51.1%,HIGH,2026-06-22,📈 TĂNG,51.0%,HIGH,2026-06-23,📈 TĂNG,50.9%,HIGH,2026-06-24,📈 TĂNG,50.8%,HIGH
LDP,2026-06-03,2026-06-04,📉 GIẢM,30.3%,MEDIUM,2026-06-05,📉 GIẢM,31.3%,HIGH,2026-06-08,📉 GIẢM,32.3%,HIGH,2026-06-09,📉 GIẢM,33.1%,HIGH,2026-06-10,📉 GIẢM,34.1%,HIGH,2026-06-11,📉 GIẢM,35.1%,HIGH,2026-06-12,📉 GIẢM,36.1%,HIGH,2026-06-15,📉 GIẢM,37.1%,HIGH,2026-06-16,📉 GIẢM,38.0%,HIGH,2026-06-17,📉 GIẢM,39.0%,HIGH,2026-06-18,📉 GIẢM,40.0%,HIGH,2026-06-19,📉 GIẢM,41.0%,HIGH,2026-06-22,📉 GIẢM,42.0%,HIGH,2026-06-23,📉 GIẢM,43.0%,HIGH,2026-06-24,📉 GIẢM,44.0%,HIGH
MBB,2026-06-03,2026-06-04,📉 GIẢM,36.2%,MEDIUM,2026-06-05,📉 GIẢM,38.2%,MEDIUM,2026-06-08,📉 GIẢM,38.8%,MEDIUM,2026-06-09,📉 GIẢM,39.4%,MEDIUM,2026-06-10,📉 GIẢM,40.0%,LOW,2026-06-11,📉 GIẢM,40.5%,LOW,2026-06-12,📉 GIẢM,41.2%,HIGH,2026-06-15,📉 GIẢM,41.8%,HIGH,2026-06-16,📉 GIẢM,42.4%,HIGH,2026-06-17,📉 GIẢM,43.0%,HIGH,2026-06-18,📉 GIẢM,43.7%,HIGH,2026-06-19,📉 GIẢM,44.3%,HIGH,2026-06-22,📉 GIẢM,44.9%,HIGH,2026-06-23,📉 GIẢM,45.6%,HIGH,2026-06-24,📉 GIẢM,46.2%,HIGH
SVT,2026-06-03,2026-06-04,📉 GIẢM,17.4%,HIGH,2026-06-05,📉 GIẢM,19.0%,HIGH,2026-06-08,📉 GIẢM,20.6%,HIGH,2026-06-09,📉 GIẢM,22.3%,HIGH,2026-06-10,📉 GIẢM,23.9%,HIGH,2026-06-11,📉 GIẢM,25.5%,HIGH,2026-06-12,📉 GIẢM,27.2%,HIGH,2026-06-15,📉 GIẢM,28.8%,HIGH,2026-06-16,📉 GIẢM,30.4%,HIGH,2026-06-17,📉 GIẢM,32.1%,HIGH,2026-06-18,📉 GIẢM,33.7%,HIGH,2026-06-19,📉 GIẢM,35.3%,HIGH,2026-06-22,📉 GIẢM,36.9%,HIGH,2026-06-23,📉 GIẢM,38.6%,HIGH,2026-06-24,📉 GIẢM,40.4%,HIGH
MBS,2026-06-03,2026-06-04,📉 GIẢM,40.4%,LOW,2026-06-05,📉 GIẢM,40.9%,LOW,2026-06-08,📉 GIẢM,41.3%,LOW,2026-06-09,📉 GIẢM,41.8%,LOW,2026-06-10,📉 GIẢM,42.3%,LOW,2026-06-11,📉 GIẢM,42.8%,LOW,2026-06-12,📉 GIẢM,43.3%,LOW,2026-06-15,📉 GIẢM,43.7%,HIGH,2026-06-16,📉 GIẢM,44.2%,HIGH,2026-06-17,📉 GIẢM,44.7%,HIGH,2026-06-18,📉 GIẢM,45.2%,HIGH,2026-06-19,📉 GIẢM,45.7%,HIGH,2026-06-22,📉 GIẢM,46.2%,HIGH,2026-06-23,📉 GIẢM,46.6%,HIGH,2026-06-24,📉 GIẢM,47.1%,HIGH
MGC,2026-06-03,2026-06-04,📉 GIẢM,39.5%,MEDIUM,2026-06-05,📉 GIẢM,40.1%,LOW,2026-06-08,📉 GIẢM,40.3%,LOW,2026-06-09,📉 GIẢM,40.9%,LOW,2026-06-10,📉 GIẢM,41.4%,LOW,2026-06-11,📉 GIẢM,42.0%,LOW,2026-06-12,📉 GIẢM,42.5%,LOW,2026-06-15,📉 GIẢM,43.0%,HIGH,2026-06-16,📉 GIẢM,43.6%,HIGH,2026-06-17,📉 GIẢM,44.1%,HIGH,2026-06-18,📉 GIẢM,44.6%,HIGH,2026-06-19,📉 GIẢM,45.2%,HIGH,2026-06-22,📉 GIẢM,45.7%,HIGH,2026-06-23,📉 GIẢM,46.2%,HIGH,2026-06-24,📉 GIẢM,46.8%,HIGH
MVC,2026-06-03,2026-06-04,📉 GIẢM,41.5%,LOW,2026-06-05,📉 GIẢM,41.9%,LOW,2026-06-08,📉 GIẢM,42.4%,LOW,2026-06-09,📉 GIẢM,42.8%,LOW,2026-06-10,📉 GIẢM,43.2%,LOW,2026-06-11,📉 GIẢM,43.6%,LOW,2026-06-12,📉 GIẢM,44.1%,LOW,2026-06-15,📉 GIẢM,44.5%,LOW,2026-06-16,📉 GIẢM,44.9%,HIGH,2026-06-17,📉 GIẢM,45.3%,HIGH,2026-06-18,📉 GIẢM,45.8%,HIGH,2026-06-19,📉 GIẢM,46.2%,HIGH,2026-06-22,📉 GIẢM,46.6%,HIGH,2026-06-23,📉 GIẢM,47.0%,HIGH,2026-06-24,📉 GIẢM,47.5%,HIGH
MVN,2026-06-03,2026-06-04,📉 GIẢM,27.2%,HIGH,2026-06-05,📉 GIẢM,29.4%,HIGH,2026-06-08,📉 GIẢM,30.5%,HIGH,2026-06-09,📉 GIẢM,31.5%,HIGH,2026-06-10,📉 GIẢM,33.3%,HIGH,2026-06-11,📉 GIẢM,34.3%,HIGH,2026-06-12,📉 GIẢM,35.4%,HIGH,2026-06-15,📉 GIẢM,36.5%,HIGH,2026-06-16,📉 GIẢM,37.5%,HIGH,2026-06-17,📉 GIẢM,38.6%,HIGH,2026-06-18,📉 GIẢM,39.7%,HIGH,2026-06-19,📉 GIẢM,40.8%,HIGH,2026-06-22,📉 GIẢM,42.1%,HIGH,2026-06-23,📉 GIẢM,43.1%,HIGH,2026-06-24,📉 GIẢM,44.2%,HIGH
IMP,2026-06-03,2026-06-04,📉 GIẢM,48.1%,LOW,2026-06-05,📉 GIẢM,48.1%,LOW,2026-06-08,📉 GIẢM,48.2%,LOW,2026-06-09,📉 GIẢM,48.3%,LOW,2026-06-10,📉 GIẢM,48.4%,LOW,2026-06-11,📉 GIẢM,48.5%,LOW,2026-06-12,📉 GIẢM,48.6%,LOW,2026-06-15,📉 GIẢM,48.7%,LOW,2026-06-16,📉 GIẢM,48.8%,LOW,2026-06-17,📉 GIẢM,48.9%,LOW,2026-06-18,📉 GIẢM,49.0%,HIGH,2026-06-19,📉 GIẢM,49.1%,HIGH,2026-06-22,📉 GIẢM,49.2%,HIGH,2026-06-23,📉 GIẢM,49.3%,HIGH,2026-06-24,📉 GIẢM,49.4%,HIGH
NBB,2026-06-03,2026-06-04,📉 GIẢM,33.4%,MEDIUM,2026-06-05,📉 GIẢM,35.2%,MEDIUM,2026-06-08,📉 GIẢM,36.0%,MEDIUM,2026-06-09,📉 GIẢM,36.8%,MEDIUM,2026-06-10,📉 GIẢM,37.6%,HIGH,2026-06-11,📉 GIẢM,38.3%,HIGH,2026-06-12,📉 GIẢM,39.1%,HIGH,2026-06-15,📉 GIẢM,39.9%,HIGH,2026-06-16,📉 GIẢM,40.7%,HIGH,2026-06-17,📉 GIẢM,41.5%,HIGH,2026-06-18,📉 GIẢM,42.2%,HIGH,2026-06-19,📉 GIẢM,43.0%,HIGH,2026-06-22,📉 GIẢM,43.8%,HIGH,2026-06-23,📉 GIẢM,44.6%,HIGH,2026-06-24,📉 GIẢM,45.3%,HIGH
FCM,2026-06-03,2026-06-04,📉 GIẢM,40.5%,LOW,2026-06-05,📉 GIẢM,41.0%,LOW,2026-06-08,📉 GIẢM,41.5%,LOW,2026-06-09,📉 GIẢM,42.0%,LOW,2026-06-10,📉 GIẢM,42.4%,LOW,2026-06-11,📉 GIẢM,42.9%,LOW,2026-06-12,📉 GIẢM,43.4%,LOW,2026-06-15,📉 GIẢM,43.8%,HIGH,2026-06-16,📉 GIẢM,44.3%,HIGH,2026-06-17,📉 GIẢM,44.8%,HIGH,2026-06-18,📉 GIẢM,45.3%,HIGH,2026-06-19,📉 GIẢM,45.7%,HIGH,2026-06-22,📉 GIẢM,46.2%,HIGH,2026-06-23,📉 GIẢM,46.7%,HIGH,2026-06-24,📉 GIẢM,47.2%,HIGH
ALC,2026-06-03,2026-06-04,📉 GIẢM,41.1%,LOW,2026-06-05,📉 GIẢM,41.5%,LOW,2026-06-08,📉 GIẢM,42.0%,LOW,2026-06-09,📉 GIẢM,42.4%,LOW,2026-06-10,📉 GIẢM,42.9%,LOW,2026-06-11,📉 GIẢM,43.3%,LOW,2026-06-12,📉 GIẢM,43.8%,LOW,2026-06-15,📉 GIẢM,44.2%,LOW,2026-06-16,📉 GIẢM,44.6%,HIGH,2026-06-17,📉 GIẢM,45.1%,HIGH,2026-06-18,📉 GIẢM,45.5%,HIGH,2026-06-19,📉 GIẢM,46.0%,HIGH,2026-06-22,📉 GIẢM,46.4%,HIGH,2026-06-23,📉 GIẢM,46.9%,HIGH,2026-06-24,📉 GIẢM,47.3%,HIGH
VSC,2026-06-03,2026-06-04,📈 TĂNG,51.0%,LOW,2026-06-05,📈 TĂNG,50.9%,LOW,2026-06-08,📈 TĂNG,50.9%,LOW,2026-06-09,📈 TĂNG,50.8%,LOW,2026-06-10,📈 TĂNG,50.8%,LOW,2026-06-11,📈 TĂNG,50.7%,LOW,2026-06-12,📈 TĂNG,50.7%,LOW,2026-06-15,📈 TĂNG,50.6%,LOW,2026-06-16,📈 TĂNG,50.6%,LOW,2026-06-17,📈 TĂNG,50.5%,LOW,2026-06-18,📈 TĂNG,50.5%,HIGH,2026-06-19,📈 TĂNG,50.4%,HIGH,2026-06-22,📈 TĂNG,50.4%,HIGH,2026-06-23,📈 TĂNG,50.3%,HIGH,2026-06-24,📈 TĂNG,50.3%,HIGH
ASM,2026-06-03,2026-06-04,📉 GIẢM,32.9%,MEDIUM,2026-06-05,📉 GIẢM,34.2%,MEDIUM,2026-06-08,📉 GIẢM,35.0%,MEDIUM,2026-06-09,📉 GIẢM,35.9%,HIGH,2026-06-10,📉 GIẢM,37.1%,HIGH,2026-06-11,📉 GIẢM,38.5%,HIGH,2026-06-12,📉 GIẢM,39.3%,HIGH,2026-06-15,📉 GIẢM,40.1%,HIGH,2026-06-16,📉 GIẢM,40.9%,HIGH,2026-06-17,📉 GIẢM,41.6%,HIGH,2026-06-18,📉 GIẢM,42.4%,HIGH,2026-06-19,📉 GIẢM,43.2%,HIGH,2026-06-22,📉 GIẢM,43.9%,HIGH,2026-06-23,📉 GIẢM,44.7%,HIGH,2026-06-24,📉 GIẢM,45.4%,HIGH
ASP,2026-06-03,2026-06-04,📉 GIẢM,28.5%,HIGH,2026-06-05,📉 GIẢM,30.5%,HIGH,2026-06-08,📉 GIẢM,31.5%,HIGH,2026-06-09,📉 GIẢM,32.5%,HIGH,2026-06-10,📉 GIẢM,33.5%,HIGH,2026-06-11,📉 GIẢM,34.6%,HIGH,2026-06-12,📉 GIẢM,35.6%,HIGH,2026-06-15,📉 GIẢM,36.6%,HIGH,2026-06-16,📉 GIẢM,37.7%,HIGH,2026-06-17,📉 GIẢM,38.7%,HIGH,2026-06-18,📉 GIẢM,39.7%,HIGH,2026-06-19,📉 GIẢM,40.7%,HIGH,2026-06-22,📉 GIẢM,41.8%,HIGH,2026-06-23,📉 GIẢM,42.8%,HIGH,2026-06-24,📉 GIẢM,43.8%,HIGH
BTV,2026-06-03,2026-06-04,📉 GIẢM,22.3%,HIGH,2026-06-05,📉 GIẢM,23.6%,HIGH,2026-06-08,📉 GIẢM,25.4%,HIGH,2026-06-09,📉 GIẢM,26.8%,HIGH,2026-06-10,📉 GIẢM,28.1%,HIGH,2026-06-11,📉 GIẢM,29.5%,HIGH,2026-06-12,📉 GIẢM,30.9%,HIGH,2026-06-15,📉 GIẢM,32.2%,HIGH,2026-06-16,📉 GIẢM,33.6%,HIGH,2026-06-17,📉 GIẢM,35.0%,HIGH,2026-06-18,📉 GIẢM,36.3%,HIGH,2026-06-19,📉 GIẢM,37.7%,HIGH,2026-06-22,📉 GIẢM,39.3%,HIGH,2026-06-23,📉 GIẢM,40.6%,HIGH,2026-06-24,📉 GIẢM,42.0%,HIGH
VPL,2026-06-03,2026-06-04,📈 TĂNG,54.2%,LOW,2026-06-05,📈 TĂNG,54.0%,LOW,2026-06-08,📈 TĂNG,53.8%,LOW,2026-06-09,📈 TĂNG,53.6%,LOW,2026-06-10,📈 TĂNG,53.4%,LOW,2026-06-11,📈 TĂNG,53.2%,LOW,2026-06-12,📈 TĂNG,52.9%,LOW,2026-06-15,📈 TĂNG,52.7%,LOW,2026-06-16,📈 TĂNG,52.5%,LOW,2026-06-17,📈 TĂNG,52.2%,HIGH,2026-06-18,📈 TĂNG,52.0%,HIGH,2026-06-19,📈 TĂNG,52.0%,HIGH,2026-06-22,📈 TĂNG,51.7%,HIGH,2026-06-23,📈 TĂNG,51.5%,HIGH,2026-06-24,📈 TĂNG,51.3%,HIGH
VNR,2026-06-03,2026-06-04,📉 GIẢM,40.8%,LOW,2026-06-05,📉 GIẢM,41.1%,LOW,2026-06-08,📉 GIẢM,41.6%,LOW,2026-06-09,📉 GIẢM,42.1%,LOW,2026-06-10,📉 GIẢM,42.5%,LOW,2026-06-11,📉 GIẢM,43.0%,LOW,2026-06-12,📉 GIẢM,43.5%,LOW,2026-06-15,📉 GIẢM,43.9%,HIGH,2026-06-16,📉 GIẢM,44.4%,HIGH,2026-06-17,📉 GIẢM,44.9%,HIGH,2026-06-18,📉 GIẢM,45.3%,HIGH,2026-06-19,📉 GIẢM,45.8%,HIGH,2026-06-22,📉 GIẢM,46.3%,HIGH,2026-06-23,📉 GIẢM,46.7%,HIGH,2026-06-24,📉 GIẢM,47.2%,HIGH
FIT,2026-06-03,2026-06-04,📉 GIẢM,38.9%,MEDIUM,2026-06-05,📉 GIẢM,39.4%,MEDIUM,2026-06-08,📉 GIẢM,40.0%,MEDIUM,2026-06-09,📉 GIẢM,40.5%,LOW,2026-06-10,📉 GIẢM,41.1%,LOW,2026-06-11,📉 GIẢM,41.6%,LOW,2026-06-12,📉 GIẢM,42.2%,LOW,2026-06-15,📉 GIẢM,42.8%,HIGH,2026-06-16,📉 GIẢM,43.3%,HIGH,2026-06-17,📉 GIẢM,43.9%,HIGH,2026-06-18,📉 GIẢM,44.4%,HIGH,2026-06-19,📉 GIẢM,45.0%,HIGH,2026-06-22,📉 GIẢM,45.5%,HIGH,2026-06-23,📉 GIẢM,46.1%,HIGH,2026-06-24,📉 GIẢM,46.7%,HIGH
CCR,2026-06-03,2026-06-04,📉 GIẢM,24.5%,HIGH,2026-06-05,📉 GIẢM,25.8%,HIGH,2026-06-08,📉 GIẢM,27.0%,HIGH,2026-06-09,📉 GIẢM,28.3%,HIGH,2026-06-10,📉 GIẢM,29.6%,HIGH,2026-06-11,📉 GIẢM,30.9%,HIGH,2026-06-12,📉 GIẢM,32.1%,HIGH,2026-06-15,📉 GIẢM,33.4%,HIGH,2026-06-16,📉 GIẢM,35.1%,HIGH,2026-06-17,📉 GIẢM,36.3%,HIGH,2026-06-18,📉 GIẢM,37.6%,HIGH,2026-06-19,📉 GIẢM,38.8%,HIGH,2026-06-22,📉 GIẢM,40.0%,HIGH,2026-06-23,📉 GIẢM,41.3%,HIGH,2026-06-24,📉 GIẢM,42.5%,HIGH
CKG,2026-06-03,2026-06-04,📉 GIẢM,49.0%,LOW,2026-06-05,📉 GIẢM,49.1%,LOW,2026-06-08,📉 GIẢM,49.1%,LOW,2026-06-09,📉 GIẢM,49.2%,LOW,2026-06-10,📉 GIẢM,49.2%,LOW,2026-06-11,📉 GIẢM,49.3%,LOW,2026-06-12,📉 GIẢM,49.3%,LOW,2026-06-15,📉 GIẢM,49.4%,LOW,2026-06-16,📉 GIẢM,49.4%,LOW,2026-06-17,📉 GIẢM,49.5%,LOW,2026-06-18,📉 GIẢM,49.5%,HIGH,2026-06-19,📉 GIẢM,49.6%,HIGH,2026-06-22,📉 GIẢM,49.6%,HIGH,2026-06-23,📉 GIẢM,49.7%,HIGH,2026-06-24,📉 GIẢM,49.7%,HIGH
DBT,2026-06-03,2026-06-04,📈 TĂNG,60.3%,MEDIUM,2026-06-05,📈 TĂNG,59.8%,LOW,2026-06-08,📈 TĂNG,59.6%,LOW,2026-06-09,📈 TĂNG,59.8%,LOW,2026-06-10,📈 TĂNG,59.1%,LOW,2026-06-11,📈 TĂNG,58.5%,LOW,2026-06-12,📈 TĂNG,57.9%,LOW,2026-06-15,📈 TĂNG,57.4%,HIGH,2026-06-16,📈 TĂNG,56.8%,HIGH,2026-06-17,📈 TĂNG,56.2%,HIGH,2026-06-18,📈 TĂNG,55.7%,HIGH,2026-06-19,📈 TĂNG,55.1%,HIGH,2026-06-22,📈 TĂNG,54.5%,HIGH,2026-06-23,📈 TĂNG,54.0%,HIGH,2026-06-24,📈 TĂNG,53.4%,HIGH
DLG,2026-06-03,2026-06-04,📉 GIẢM,43.6%,LOW,2026-06-05,📉 GIẢM,43.9%,LOW,2026-06-08,📉 GIẢM,44.2%,LOW,2026-06-09,📉 GIẢM,44.5%,LOW,2026-06-10,📉 GIẢM,44.9%,LOW,2026-06-11,📉 GIẢM,45.2%,LOW,2026-06-12,📉 GIẢM,45.5%,LOW,2026-06-15,📉 GIẢM,45.8%,LOW,2026-06-16,📉 GIẢM,46.2%,LOW,2026-06-17,📉 GIẢM,46.5%,HIGH,2026-06-18,📉 GIẢM,46.8%,HIGH,2026-06-19,📉 GIẢM,47.1%,HIGH,2026-06-22,📉 GIẢM,47.4%,HIGH,2026-06-23,📉 GIẢM,47.8%,HIGH,2026-06-24,📉 GIẢM,48.1%,HIGH
VNC,2026-06-03,2026-06-04,📉 GIẢM,30.7%,MEDIUM,2026-06-05,📉 GIẢM,31.6%,HIGH,2026-06-08,📉 GIẢM,32.6%,HIGH,2026-06-09,📉 GIẢM,33.6%,HIGH,2026-06-10,📉 GIẢM,34.5%,HIGH,2026-06-11,📉 GIẢM,35.5%,HIGH,2026-06-12,📉 GIẢM,36.5%,HIGH,2026-06-15,📉 GIẢM,37.4%,HIGH,2026-06-16,📉 GIẢM,38.5%,HIGH,2026-06-17,📉 GIẢM,39.5%,HIGH,2026-06-18,📉 GIẢM,40.5%,HIGH,2026-06-19,📉 GIẢM,41.4%,HIGH,2026-06-22,📉 GIẢM,42.4%,HIGH,2026-06-23,📉 GIẢM,43.3%,HIGH,2026-06-24,📉 GIẢM,44.3%,HIGH
DNP,2026-06-03,2026-06-04,📈 TĂNG,54.5%,LOW,2026-06-05,📈 TĂNG,54.3%,LOW,2026-06-08,📈 TĂNG,53.9%,LOW,2026-06-09,📈 TĂNG,54.0%,LOW,2026-06-10,📈 TĂNG,54.6%,LOW,2026-06-11,📈 TĂNG,54.3%,LOW,2026-06-12,📈 TĂNG,54.0%,LOW,2026-06-15,📈 TĂNG,53.8%,LOW,2026-06-16,📈 TĂNG,53.5%,LOW,2026-06-17,📈 TĂNG,53.2%,HIGH,2026-06-18,📈 TĂNG,52.9%,HIGH,2026-06-19,📈 TĂNG,52.6%,HIGH,2026-06-22,📈 TĂNG,52.3%,HIGH,2026-06-23,📈 TĂNG,52.0%,HIGH,2026-06-24,📈 TĂNG,51.7%,HIGH
DVP,2026-06-03,2026-06-04,📉 GIẢM,48.7%,LOW,2026-06-05,📉 GIẢM,48.7%,LOW,2026-06-08,📉 GIẢM,48.8%,LOW,2026-06-09,📉 GIẢM,48.9%,LOW,2026-06-10,📉 GIẢM,48.9%,LOW,2026-06-11,📉 GIẢM,49.0%,LOW,2026-06-12,📉 GIẢM,49.1%,LOW,2026-06-15,📉 GIẢM,49.1%,LOW,2026-06-16,📉 GIẢM,49.2%,LOW,2026-06-17,📉 GIẢM,49.3%,LOW,2026-06-18,📉 GIẢM,49.3%,HIGH,2026-06-19,📉 GIẢM,49.4%,HIGH,2026-06-22,📉 GIẢM,49.5%,HIGH,2026-06-23,📉 GIẢM,49.5%,HIGH,2026-06-24,📉 GIẢM,49.6%,HIGH
DXG,2026-06-03,2026-06-04,📉 GIẢM,44.7%,LOW,2026-06-05,📉 GIẢM,45.5%,LOW,2026-06-08,📉 GIẢM,45.7%,LOW,2026-06-09,📉 GIẢM,46.0%,LOW,2026-06-10,📉 GIẢM,46.2%,LOW,2026-06-11,📉 GIẢM,46.6%,LOW,2026-06-12,📉 GIẢM,46.8%,LOW,2026-06-15,📉 GIẢM,46.8%,LOW,2026-06-16,📉 GIẢM,47.0%,LOW,2026-06-17,📉 GIẢM,47.3%,HIGH,2026-06-18,📉 GIẢM,47.5%,HIGH,2026-06-19,📉 GIẢM,47.8%,HIGH,2026-06-22,📉 GIẢM,48.0%,HIGH,2026-06-23,📉 GIẢM,48.3%,HIGH,2026-06-24,📉 GIẢM,48.5%,HIGH
DXS,2026-06-03,2026-06-04,📉 GIẢM,34.5%,MEDIUM,2026-06-05,📉 GIẢM,36.4%,MEDIUM,2026-06-08,📉 GIẢM,37.1%,MEDIUM,2026-06-09,📉 GIẢM,37.9%,MEDIUM,2026-06-10,📉 GIẢM,38.6%,MEDIUM,2026-06-11,📉 GIẢM,39.3%,HIGH,2026-06-12,📉 GIẢM,40.0%,HIGH,2026-06-15,📉 GIẢM,40.7%,HIGH,2026-06-16,📉 GIẢM,41.4%,HIGH,2026-06-17,📉 GIẢM,42.1%,HIGH,2026-06-18,📉 GIẢM,42.9%,HIGH,2026-06-19,📉 GIẢM,43.6%,HIGH,2026-06-22,📉 GIẢM,44.3%,HIGH,2026-06-23,📉 GIẢM,45.0%,HIGH,2026-06-24,📉 GIẢM,45.7%,HIGH
BWE,2026-06-03,2026-06-04,📉 GIẢM,37.5%,MEDIUM,2026-06-05,📉 GIẢM,37.8%,MEDIUM,2026-06-08,📉 GIẢM,38.4%,MEDIUM,2026-06-09,📉 GIẢM,39.1%,MEDIUM,2026-06-10,📉 GIẢM,39.7%,MEDIUM,2026-06-11,📉 GIẢM,40.4%,LOW,2026-06-12,📉 GIẢM,41.0%,HIGH,2026-06-15,📉 GIẢM,41.6%,HIGH,2026-06-16,📉 GIẢM,42.3%,HIGH,2026-06-17,📉 GIẢM,42.9%,HIGH,2026-06-18,📉 GIẢM,43.6%,HIGH,2026-06-19,📉 GIẢM,44.2%,HIGH,2026-06-22,📉 GIẢM,44.9%,HIGH,2026-06-23,📉 GIẢM,45.5%,HIGH,2026-06-24,📉 GIẢM,46.1%,HIGH
STK,2026-06-03,2026-06-04,📈 TĂNG,51.5%,LOW,2026-06-05,📈 TĂNG,52.2%,LOW,2026-06-08,📈 TĂNG,52.1%,LOW,2026-06-09,📈 TĂNG,51.9%,LOW,2026-06-10,📈 TĂNG,52.5%,LOW,2026-06-11,📈 TĂNG,52.4%,LOW,2026-06-12,📈 TĂNG,52.2%,LOW,2026-06-15,📈 TĂNG,52.1%,LOW,2026-06-16,📈 TĂNG,51.9%,LOW,2026-06-17,📈 TĂNG,51.7%,LOW,2026-06-18,📈 TĂNG,51.6%,HIGH,2026-06-19,📈 TĂNG,51.4%,HIGH,2026-06-22,📈 TĂNG,51.3%,HIGH,2026-06-23,📈 TĂNG,51.1%,HIGH,2026-06-24,📈 TĂNG,51.0%,HIGH
NHA,2026-06-03,2026-06-04,📈 TĂNG,51.1%,LOW,2026-06-05,📈 TĂNG,51.8%,LOW,2026-06-08,📈 TĂNG,51.6%,LOW,2026-06-09,📈 TĂNG,51.6%,LOW,2026-06-10,📈 TĂNG,51.5%,LOW,2026-06-11,📈 TĂNG,51.4%,LOW,2026-06-12,📈 TĂNG,51.3%,LOW,2026-06-15,📈 TĂNG,51.2%,LOW,2026-06-16,📈 TĂNG,51.1%,LOW,2026-06-17,📈 TĂNG,51.0%,LOW,2026-06-18,📈 TĂNG,51.0%,HIGH,2026-06-19,📈 TĂNG,50.9%,HIGH,2026-06-22,📈 TĂNG,50.8%,HIGH,2026-06-23,📈 TĂNG,50.7%,HIGH,2026-06-24,📈 TĂNG,50.6%,HIGH
NHT,2026-06-03,2026-06-04,📈 TĂNG,53.7%,LOW,2026-06-05,📈 TĂNG,53.5%,LOW,2026-06-08,📈 TĂNG,53.3%,LOW,2026-06-09,📈 TĂNG,53.1%,LOW,2026-06-10,📈 TĂNG,52.9%,LOW,2026-06-11,📈 TĂNG,52.7%,LOW,2026-06-12,📈 TĂNG,52.5%,LOW,2026-06-15,📈 TĂNG,52.4%,LOW,2026-06-16,📈 TĂNG,52.2%,LOW,2026-06-17,📈 TĂNG,52.0%,HIGH,2026-06-18,📈 TĂNG,51.8%,HIGH,2026-06-19,📈 TĂNG,51.7%,HIGH,2026-06-22,📈 TĂNG,51.5%,HIGH,2026-06-23,📈 TĂNG,51.3%,HIGH,2026-06-24,📈 TĂNG,51.1%,HIGH
TGP,2026-06-03,2026-06-04,📈 TĂNG,58.7%,LOW,2026-06-05,📈 TĂNG,58.7%,LOW,2026-06-08,📈 TĂNG,58.2%,LOW,2026-06-09,📈 TĂNG,57.8%,LOW,2026-06-10,📈 TĂNG,57.3%,LOW,2026-06-11,📈 TĂNG,56.8%,LOW,2026-06-12,📈 TĂNG,56.4%,LOW,2026-06-15,📈 TĂNG,55.9%,LOW,2026-06-16,📈 TĂNG,55.5%,HIGH,2026-06-17,📈 TĂNG,55.0%,HIGH,2026-06-18,📈 TĂNG,54.6%,HIGH,2026-06-19,📈 TĂNG,54.1%,HIGH,2026-06-22,📈 TĂNG,53.6%,HIGH,2026-06-23,📈 TĂNG,53.2%,HIGH,2026-06-24,📈 TĂNG,52.7%,HIGH
TIG,2026-06-03,2026-06-04,📉 GIẢM,30.2%,MEDIUM,2026-06-05,📉 GIẢM,32.5%,MEDIUM,2026-06-08,📉 GIẢM,33.4%,HIGH,2026-06-09,📉 GIẢM,34.4%,HIGH,2026-06-10,📉 GIẢM,35.3%,HIGH,2026-06-11,📉 GIẢM,36.2%,HIGH,2026-06-12,📉 GIẢM,37.1%,HIGH,2026-06-15,📉 GIẢM,38.0%,HIGH,2026-06-16,📉 GIẢM,38.6%,HIGH,2026-06-17,📉 GIẢM,39.6%,HIGH,2026-06-18,📉 GIẢM,40.6%,HIGH,2026-06-19,📉 GIẢM,41.5%,HIGH,2026-06-22,📉 GIẢM,42.5%,HIGH,2026-06-23,📉 GIẢM,43.4%,HIGH,2026-06-24,📉 GIẢM,44.5%,HIGH
TN1,2026-06-03,2026-06-04,📈 TĂNG,61.1%,MEDIUM,2026-06-05,📈 TĂNG,60.1%,MEDIUM,2026-06-08,📈 TĂNG,59.5%,LOW,2026-06-09,📈 TĂNG,59.0%,LOW,2026-06-10,📈 TĂNG,58.5%,LOW,2026-06-11,📈 TĂNG,57.9%,LOW,2026-06-12,📈 TĂNG,57.4%,LOW,2026-06-15,📈 TĂNG,56.9%,HIGH,2026-06-16,📈 TĂNG,56.0%,HIGH,2026-06-17,📈 TĂNG,55.5%,HIGH,2026-06-18,📈 TĂNG,55.0%,HIGH,2026-06-19,📈 TĂNG,54.5%,HIGH,2026-06-22,📈 TĂNG,54.0%,HIGH,2026-06-23,📈 TĂNG,53.5%,HIGH,2026-06-24,📈 TĂNG,53.0%,HIGH
SCS,2026-06-03,2026-06-04,📉 GIẢM,43.8%,LOW,2026-06-05,📉 GIẢM,44.1%,LOW,2026-06-08,📉 GIẢM,44.4%,LOW,2026-06-09,📉 GIẢM,44.7%,LOW,2026-06-10,📉 GIẢM,45.0%,LOW,2026-06-11,📉 GIẢM,45.4%,LOW,2026-06-12,📉 GIẢM,45.7%,LOW,2026-06-15,📉 GIẢM,46.0%,LOW,2026-06-16,📉 GIẢM,46.3%,LOW,2026-06-17,📉 GIẢM,46.6%,HIGH,2026-06-18,📉 GIẢM,46.9%,HIGH,2026-06-19,📉 GIẢM,47.2%,HIGH,2026-06-22,📉 GIẢM,47.5%,HIGH,2026-06-23,📉 GIẢM,47.8%,HIGH,2026-06-24,📉 GIẢM,48.1%,HIGH
TV1,2026-06-03,2026-06-04,📉 GIẢM,45.4%,LOW,2026-06-05,📉 GIẢM,45.6%,LOW,2026-06-08,📉 GIẢM,45.8%,LOW,2026-06-09,📉 GIẢM,46.1%,LOW,2026-06-10,📉 GIẢM,46.3%,LOW,2026-06-11,📉 GIẢM,46.5%,LOW,2026-06-12,📉 GIẢM,46.8%,LOW,2026-06-15,📉 GIẢM,47.0%,LOW,2026-06-16,📉 GIẢM,47.2%,LOW,2026-06-17,📉 GIẢM,47.5%,HIGH,2026-06-18,📉 GIẢM,47.7%,HIGH,2026-06-19,📉 GIẢM,47.9%,HIGH,2026-06-22,📉 GIẢM,48.2%,HIGH,2026-06-23,📉 GIẢM,48.5%,HIGH,2026-06-24,📉 GIẢM,48.7%,HIGH
VBB,2026-06-03,2026-06-04,📉 GIẢM,44.2%,LOW,2026-06-05,📉 GIẢM,44.5%,LOW,2026-06-08,📉 GIẢM,44.8%,LOW,2026-06-09,📉 GIẢM,45.1%,LOW,2026-06-10,📉 GIẢM,45.4%,LOW,2026-06-11,📉 GIẢM,45.7%,LOW,2026-06-12,📉 GIẢM,46.0%,LOW,2026-06-15,📉 GIẢM,46.3%,LOW,2026-06-16,📉 GIẢM,46.5%,LOW,2026-06-17,📉 GIẢM,46.8%,HIGH,2026-06-18,📉 GIẢM,47.2%,HIGH,2026-06-19,📉 GIẢM,47.5%,HIGH,2026-06-22,📉 GIẢM,47.8%,HIGH,2026-06-23,📉 GIẢM,48.0%,HIGH,2026-06-24,📉 GIẢM,48.3%,HIGH
VGP,2026-06-03,2026-06-04,📉 GIẢM,35.6%,MEDIUM,2026-06-05,📉 GIẢM,37.1%,MEDIUM,2026-06-08,📉 GIẢM,37.8%,MEDIUM,2026-06-09,📉 GIẢM,38.7%,MEDIUM,2026-06-10,📉 GIẢM,39.4%,MEDIUM,2026-06-11,📉 GIẢM,40.0%,LOW,2026-06-12,📉 GIẢM,40.7%,HIGH,2026-06-15,📉 GIẢM,41.4%,HIGH,2026-06-16,📉 GIẢM,42.9%,HIGH,2026-06-17,📉 GIẢM,43.5%,HIGH,2026-06-18,📉 GIẢM,44.1%,HIGH,2026-06-19,📉 GIẢM,44.8%,HIGH,2026-06-22,📉 GIẢM,45.4%,HIGH,2026-06-23,📉 GIẢM,46.0%,HIGH,2026-06-24,📉 GIẢM,46.6%,HIGH
VGR,2026-06-03,2026-06-04,📉 GIẢM,37.5%,MEDIUM,2026-06-05,📉 GIẢM,38.1%,MEDIUM,2026-06-08,📉 GIẢM,38.8%,MEDIUM,2026-06-09,📉 GIẢM,39.4%,MEDIUM,2026-06-10,📉 GIẢM,40.0%,LOW,2026-06-11,📉 GIẢM,40.6%,LOW,2026-06-12,📉 GIẢM,41.3%,HIGH,2026-06-15,📉 GIẢM,41.9%,HIGH,2026-06-16,📉 GIẢM,42.2%,HIGH,2026-06-17,📉 GIẢM,42.9%,HIGH,2026-06-18,📉 GIẢM,43.5%,HIGH,2026-06-19,📉 GIẢM,44.2%,HIGH,2026-06-22,📉 GIẢM,44.8%,HIGH,2026-06-23,📉 GIẢM,45.5%,HIGH,2026-06-24,📉 GIẢM,46.1%,HIGH
SCR,2026-06-03,2026-06-04,📉 GIẢM,44.9%,LOW,2026-06-05,📉 GIẢM,45.1%,LOW,2026-06-08,📉 GIẢM,45.3%,LOW,2026-06-09,📉 GIẢM,45.7%,LOW,2026-06-10,📉 GIẢM,46.2%,LOW,2026-06-11,📉 GIẢM,46.4%,LOW,2026-06-12,📉 GIẢM,46.6%,LOW,2026-06-15,📉 GIẢM,46.9%,LOW,2026-06-16,📉 GIẢM,47.1%,LOW,2026-06-17,📉 GIẢM,47.2%,HIGH,2026-06-18,📉 GIẢM,47.5%,HIGH,2026-06-19,📉 GIẢM,47.7%,HIGH,2026-06-22,📉 GIẢM,48.0%,HIGH,2026-06-23,📉 GIẢM,48.2%,HIGH,2026-06-24,📉 GIẢM,48.5%,HIGH
TCR,2026-06-03,2026-06-04,📉 GIẢM,49.1%,LOW,2026-06-05,📉 GIẢM,49.1%,LOW,2026-06-08,📉 GIẢM,49.2%,LOW,2026-06-09,📉 GIẢM,49.2%,LOW,2026-06-10,📉 GIẢM,49.3%,LOW,2026-06-11,📉 GIẢM,49.3%,LOW,2026-06-12,📉 GIẢM,49.3%,LOW,2026-06-15,📉 GIẢM,49.4%,LOW,2026-06-16,📉 GIẢM,49.4%,LOW,2026-06-17,📉 GIẢM,49.5%,LOW,2026-06-18,📉 GIẢM,49.5%,HIGH,2026-06-19,📉 GIẢM,49.6%,HIGH,2026-06-22,📉 GIẢM,49.6%,HIGH,2026-06-23,📉 GIẢM,49.7%,HIGH,2026-06-24,📉 GIẢM,49.7%,HIGH
VIC,2026-06-03,2026-06-04,📈 TĂNG,56.2%,LOW,2026-06-05,📈 TĂNG,55.9%,LOW,2026-06-08,📈 TĂNG,55.6%,LOW,2026-06-09,📈 TĂNG,55.3%,LOW,2026-06-10,📈 TĂNG,55.0%,LOW,2026-06-11,📈 TĂNG,54.7%,LOW,2026-06-12,📈 TĂNG,54.4%,LOW,2026-06-15,📈 TĂNG,54.1%,LOW,2026-06-16,📈 TĂNG,53.8%,LOW,2026-06-17,📈 TĂNG,53.4%,HIGH,2026-06-18,📈 TĂNG,53.1%,HIGH,2026-06-19,📈 TĂNG,52.8%,HIGH,2026-06-22,📈 TĂNG,52.5%,HIGH,2026-06-23,📈 TĂNG,52.1%,HIGH,2026-06-24,📈 TĂNG,51.8%,HIGH
VIX,2026-06-03,2026-06-04,📉 GIẢM,31.6%,MEDIUM,2026-06-05,📉 GIẢM,33.5%,MEDIUM,2026-06-08,📉 GIẢM,34.4%,MEDIUM,2026-06-09,📉 GIẢM,35.2%,HIGH,2026-06-10,📉 GIẢM,36.1%,HIGH,2026-06-11,📉 GIẢM,36.8%,HIGH,2026-06-12,📉 GIẢM,37.7%,HIGH,2026-06-15,📉 GIẢM,38.6%,HIGH,2026-06-16,📉 GIẢM,39.5%,HIGH,2026-06-17,📉 GIẢM,40.3%,HIGH,2026-06-18,📉 GIẢM,41.2%,HIGH,2026-06-19,📉 GIẢM,42.1%,HIGH,2026-06-22,📉 GIẢM,43.0%,HIGH,2026-06-23,📉 GIẢM,43.9%,HIGH,2026-06-24,📉 GIẢM,44.7%,HIGH
VLC,2026-06-03,2026-06-04,📉 GIẢM,35.6%,MEDIUM,2026-06-05,📉 GIẢM,36.2%,MEDIUM,2026-06-08,📉 GIẢM,36.9%,MEDIUM,2026-06-09,📉 GIẢM,37.6%,MEDIUM,2026-06-10,📉 GIẢM,38.3%,MEDIUM,2026-06-11,📉 GIẢM,39.1%,HIGH,2026-06-12,📉 GIẢM,39.8%,HIGH,2026-06-15,📉 GIẢM,40.5%,HIGH,2026-06-16,📉 GIẢM,41.3%,HIGH,2026-06-17,📉 GIẢM,42.0%,HIGH,2026-06-18,📉 GIẢM,42.7%,HIGH,2026-06-19,📉 GIẢM,43.4%,HIGH,2026-06-22,📉 GIẢM,44.2%,HIGH,2026-06-23,📉 GIẢM,44.9%,HIGH,2026-06-24,📉 GIẢM,45.6%,HIGH
VLS,2026-06-03,2026-06-04,📉 GIẢM,46.3%,LOW,2026-06-05,📉 GIẢM,46.5%,LOW,2026-06-08,📉 GIẢM,46.7%,LOW,2026-06-09,📉 GIẢM,46.9%,LOW,2026-06-10,📉 GIẢM,47.0%,LOW,2026-06-11,📉 GIẢM,47.2%,LOW,2026-06-12,📉 GIẢM,47.4%,LOW,2026-06-15,📉 GIẢM,48.0%,LOW,2026-06-16,📉 GIẢM,48.1%,LOW,2026-06-17,📉 GIẢM,48.3%,LOW,2026-06-18,📉 GIẢM,48.2%,HIGH,2026-06-19,📉 GIẢM,48.4%,HIGH,2026-06-22,📉 GIẢM,48.6%,HIGH,2026-06-23,📉 GIẢM,48.7%,HIGH,2026-06-24,📉 GIẢM,48.9%,HIGH
VND,2026-06-03,2026-06-04,📉 GIẢM,41.7%,LOW,2026-06-05,📉 GIẢM,42.1%,LOW,2026-06-08,📉 GIẢM,42.6%,LOW,2026-06-09,📉 GIẢM,43.0%,LOW,2026-06-10,📉 GIẢM,43.4%,LOW,2026-06-11,📉 GIẢM,43.8%,LOW,2026-06-12,📉 GIẢM,44.2%,LOW,2026-06-15,📉 GIẢM,44.6%,LOW,2026-06-16,📉 GIẢM,45.0%,HIGH,2026-06-17,📉 GIẢM,45.4%,HIGH,2026-06-18,📉 GIẢM,45.9%,HIGH,2026-06-19,📉 GIẢM,46.3%,HIGH,2026-06-22,📉 GIẢM,46.7%,HIGH,2026-06-23,📉 GIẢM,47.1%,HIGH,2026-06-24,📉 GIẢM,47.5%,HIGH
VOS,2026-06-03,2026-06-04,📉 GIẢM,36.0%,MEDIUM,2026-06-05,📉 GIẢM,37.8%,MEDIUM,2026-06-08,📉 GIẢM,38.5%,MEDIUM,2026-06-09,📉 GIẢM,39.2%,MEDIUM,2026-06-10,📉 GIẢM,39.9%,MEDIUM,2026-06-11,📉 GIẢM,40.5%,LOW,2026-06-12,📉 GIẢM,41.2%,HIGH,2026-06-15,📉 GIẢM,41.9%,HIGH,2026-06-16,📉 GIẢM,42.5%,HIGH,2026-06-17,📉 GIẢM,43.1%,HIGH,2026-06-18,📉 GIẢM,43.7%,HIGH,2026-06-19,📉 GIẢM,44.4%,HIGH,2026-06-22,📉 GIẢM,45.0%,HIGH,2026-06-23,📉 GIẢM,45.6%,HIGH,2026-06-24,📉 GIẢM,46.2%,HIGH
VRC,2026-06-03,2026-06-04,📉 GIẢM,26.2%,HIGH,2026-06-05,📉 GIẢM,28.6%,HIGH,2026-06-08,📉 GIẢM,29.7%,HIGH,2026-06-09,📉 GIẢM,30.9%,HIGH,2026-06-10,📉 GIẢM,32.0%,HIGH,2026-06-11,📉 GIẢM,33.1%,HIGH,2026-06-12,📉 GIẢM,34.2%,HIGH,2026-06-15,📉 GIẢM,35.4%,HIGH,2026-06-16,📉 GIẢM,36.5%,HIGH,2026-06-17,📉 GIẢM,37.6%,HIGH,2026-06-18,📉 GIẢM,38.7%,HIGH,2026-06-19,📉 GIẢM,39.9%,HIGH,2026-06-22,📉 GIẢM,41.0%,HIGH,2026-06-23,📉 GIẢM,42.1%,HIGH,2026-06-24,📉 GIẢM,43.2%,HIGH
VSN,2026-06-03,2026-06-04,📉 GIẢM,32.0%,MEDIUM,2026-06-05,📉 GIẢM,33.0%,MEDIUM,2026-06-08,📉 GIẢM,33.9%,HIGH,2026-06-09,📉 GIẢM,34.8%,HIGH,2026-06-10,📉 GIẢM,35.9%,HIGH,2026-06-11,📉 GIẢM,36.8%,HIGH,2026-06-12,📉 GIẢM,37.7%,HIGH,2026-06-15,📉 GIẢM,38.5%,HIGH,2026-06-16,📉 GIẢM,39.4%,HIGH,2026-06-17,📉 GIẢM,40.3%,HIGH,2026-06-18,📉 GIẢM,41.2%,HIGH,2026-06-19,📉 GIẢM,42.1%,HIGH,2026-06-22,📉 GIẢM,43.0%,HIGH,2026-06-23,📉 GIẢM,43.8%,HIGH,2026-06-24,📉 GIẢM,44.7%,HIGH
VHM,2026-06-03,2026-06-04,📈 TĂNG,52.5%,LOW,2026-06-05,📈 TĂNG,52.4%,LOW,2026-06-08,📈 TĂNG,52.1%,LOW,2026-06-09,📈 TĂNG,52.0%,LOW,2026-06-10,📈 TĂNG,51.6%,LOW,2026-06-11,📈 TĂNG,51.4%,LOW,2026-06-12,📈 TĂNG,51.2%,LOW,2026-06-15,📈 TĂNG,51.2%,LOW,2026-06-16,📈 TĂNG,51.1%,LOW,2026-06-17,📈 TĂNG,51.0%,LOW,2026-06-18,📈 TĂNG,50.9%,HIGH,2026-06-19,📈 TĂNG,50.8%,HIGH,2026-06-22,📈 TĂNG,50.6%,HIGH,2026-06-23,📈 TĂNG,50.4%,HIGH,2026-06-24,📈 TĂNG,50.4%,HIGH
TCB,2026-06-03,2026-06-04,📉 GIẢM,39.1%,MEDIUM,2026-06-05,📉 GIẢM,39.6%,MEDIUM,2026-06-08,📉 GIẢM,40.2%,LOW,2026-06-09,📉 GIẢM,40.7%,LOW,2026-06-10,📉 GIẢM,41.3%,LOW,2026-06-11,📉 GIẢM,41.8%,LOW,2026-06-12,📉 GIẢM,42.4%,LOW,2026-06-15,📉 GIẢM,42.9%,HIGH,2026-06-16,📉 GIẢM,43.5%,HIGH,2026-06-17,📉 GIẢM,44.0%,HIGH,2026-06-18,📉 GIẢM,44.5%,HIGH,2026-06-19,📉 GIẢM,45.1%,HIGH,2026-06-22,📉 GIẢM,45.6%,HIGH,2026-06-23,📉 GIẢM,46.2%,HIGH,2026-06-24,📉 GIẢM,46.7%,HIGH
TBC,2026-06-03,2026-06-04,📈 TĂNG,57.5%,LOW,2026-06-05,📈 TĂNG,57.3%,LOW,2026-06-08,📈 TĂNG,56.9%,LOW,2026-06-09,📈 TĂNG,56.5%,LOW,2026-06-10,📈 TĂNG,56.1%,LOW,2026-06-11,📈 TĂNG,55.8%,LOW,2026-06-12,📈 TĂNG,55.4%,LOW,2026-06-15,📈 TĂNG,55.0%,LOW,2026-06-16,📈 TĂNG,54.6%,HIGH,2026-06-17,📈 TĂNG,54.2%,HIGH,2026-06-18,📈 TĂNG,53.8%,HIGH,2026-06-19,📈 TĂNG,53.5%,HIGH,2026-06-22,📈 TĂNG,53.1%,HIGH,2026-06-23,📈 TĂNG,52.7%,HIGH,2026-06-24,📈 TĂNG,52.3%,HIGH
NNT,2026-06-03,2026-06-04,📉 GIẢM,40.5%,LOW,2026-06-05,📉 GIẢM,40.9%,LOW,2026-06-08,📉 GIẢM,41.4%,LOW,2026-06-09,📉 GIẢM,41.9%,LOW,2026-06-10,📉 GIẢM,42.4%,LOW,2026-06-11,📉 GIẢM,42.8%,LOW,2026-06-12,📉 GIẢM,43.3%,LOW,2026-06-15,📉 GIẢM,43.8%,HIGH,2026-06-16,📉 GIẢM,44.3%,HIGH,2026-06-17,📉 GIẢM,44.8%,HIGH,2026-06-18,📉 GIẢM,45.2%,HIGH,2026-06-19,📉 GIẢM,45.7%,HIGH,2026-06-22,📉 GIẢM,46.2%,HIGH,2026-06-23,📉 GIẢM,46.7%,HIGH,2026-06-24,📉 GIẢM,47.1%,HIGH
NSH,2026-06-03,2026-06-04,📉 GIẢM,22.7%,HIGH,2026-06-05,📉 GIẢM,24.2%,HIGH,2026-06-08,📉 GIẢM,25.5%,HIGH,2026-06-09,📉 GIẢM,26.9%,HIGH,2026-06-10,📉 GIẢM,28.2%,HIGH,2026-06-11,📉 GIẢM,29.6%,HIGH,2026-06-12,📉 GIẢM,31.0%,HIGH,2026-06-15,📉 GIẢM,32.2%,HIGH,2026-06-16,📉 GIẢM,33.6%,HIGH,2026-06-17,📉 GIẢM,34.9%,HIGH,2026-06-18,📉 GIẢM,36.3%,HIGH,2026-06-19,📉 GIẢM,37.7%,HIGH,2026-06-22,📉 GIẢM,39.0%,HIGH,2026-06-23,📉 GIẢM,40.4%,HIGH,2026-06-24,📉 GIẢM,41.8%,HIGH
NTL,2026-06-03,2026-06-04,📈 TĂNG,50.6%,LOW,2026-06-05,📈 TĂNG,50.9%,LOW,2026-06-08,📈 TĂNG,50.8%,LOW,2026-06-09,📈 TĂNG,50.8%,LOW,2026-06-10,📈 TĂNG,50.7%,LOW,2026-06-11,📈 TĂNG,50.7%,LOW,2026-06-12,📈 TĂNG,50.6%,LOW,2026-06-15,📈 TĂNG,50.6%,LOW,2026-06-16,📈 TĂNG,50.1%,LOW,2026-06-17,📈 TĂNG,50.0%,LOW,2026-06-18,📈 TĂNG,50.0%,HIGH,2026-06-19,📈 TĂNG,50.0%,HIGH,2026-06-22,📈 TĂNG,50.0%,HIGH,2026-06-23,📈 TĂNG,50.0%,HIGH,2026-06-24,📈 TĂNG,50.0%,HIGH
OCB,2026-06-03,2026-06-04,📉 GIẢM,42.4%,LOW,2026-06-05,📉 GIẢM,42.8%,LOW,2026-06-08,📉 GIẢM,43.2%,LOW,2026-06-09,📉 GIẢM,43.5%,LOW,2026-06-10,📉 GIẢM,43.9%,LOW,2026-06-11,📉 GIẢM,44.3%,LOW,2026-06-12,📉 GIẢM,44.7%,LOW,2026-06-15,📉 GIẢM,45.1%,LOW,2026-06-16,📉 GIẢM,45.4%,HIGH,2026-06-17,📉 GIẢM,45.8%,HIGH,2026-06-18,📉 GIẢM,46.2%,HIGH,2026-06-19,📉 GIẢM,46.6%,HIGH,2026-06-22,📉 GIẢM,47.0%,HIGH,2026-06-23,📉 GIẢM,47.3%,HIGH,2026-06-24,📉 GIẢM,47.7%,HIGH
ODE,2026-06-03,2026-06-04,📉 GIẢM,32.2%,MEDIUM,2026-06-05,📉 GIẢM,33.1%,MEDIUM,2026-06-08,📉 GIẢM,34.0%,HIGH,2026-06-09,📉 GIẢM,34.9%,HIGH,2026-06-10,📉 GIẢM,35.8%,HIGH,2026-06-11,📉 GIẢM,36.6%,HIGH,2026-06-12,📉 GIẢM,37.5%,HIGH,2026-06-15,📉 GIẢM,38.4%,HIGH,2026-06-16,📉 GIẢM,39.3%,HIGH,2026-06-17,📉 GIẢM,40.2%,HIGH,2026-06-18,📉 GIẢM,41.1%,HIGH,2026-06-19,📉 GIẢM,42.0%,HIGH,2026-06-22,📉 GIẢM,42.9%,HIGH,2026-06-23,📉 GIẢM,43.8%,HIGH,2026-06-24,📉 GIẢM,44.7%,HIGH
PDR,2026-06-03,2026-06-04,📉 GIẢM,47.5%,LOW,2026-06-05,📉 GIẢM,47.6%,LOW,2026-06-08,📉 GIẢM,47.8%,LOW,2026-06-09,📉 GIẢM,47.9%,LOW,2026-06-10,📉 GIẢM,48.1%,LOW,2026-06-11,📉 GIẢM,48.3%,LOW,2026-06-12,📉 GIẢM,48.4%,LOW,2026-06-15,📉 GIẢM,48.5%,LOW,2026-06-16,📉 GIẢM,48.6%,LOW,2026-06-17,📉 GIẢM,48.7%,LOW,2026-06-18,📉 GIẢM,48.8%,HIGH,2026-06-19,📉 GIẢM,49.0%,HIGH,2026-06-22,📉 GIẢM,49.3%,HIGH,2026-06-23,📉 GIẢM,49.4%,HIGH,2026-06-24,📉 GIẢM,49.5%,HIGH
PEG,2026-06-03,2026-06-04,📉 GIẢM,27.1%,HIGH,2026-06-05,📉 GIẢM,29.5%,HIGH,2026-06-08,📉 GIẢM,30.6%,HIGH,2026-06-09,📉 GIẢM,31.7%,HIGH,2026-06-10,📉 GIẢM,32.8%,HIGH,2026-06-11,📉 GIẢM,33.8%,HIGH,2026-06-12,📉 GIẢM,34.8%,HIGH,2026-06-15,📉 GIẢM,35.8%,HIGH,2026-06-16,📉 GIẢM,36.9%,HIGH,2026-06-17,📉 GIẢM,38.0%,HIGH,2026-06-18,📉 GIẢM,39.1%,HIGH,2026-06-19,📉 GIẢM,40.2%,HIGH,2026-06-22,📉 GIẢM,41.3%,HIGH,2026-06-23,📉 GIẢM,42.4%,HIGH,2026-06-24,📉 GIẢM,43.5%,HIGH
PGT,2026-06-03,2026-06-04,📉 GIẢM,22.4%,HIGH,2026-06-05,📉 GIẢM,23.8%,HIGH,2026-06-08,📉 GIẢM,25.4%,HIGH,2026-06-09,📉 GIẢM,26.7%,HIGH,2026-06-10,📉 GIẢM,28.1%,HIGH,2026-06-11,📉 GIẢM,29.5%,HIGH,2026-06-12,📉 GIẢM,30.8%,HIGH,2026-06-15,📉 GIẢM,32.2%,HIGH,2026-06-16,📉 GIẢM,33.6%,HIGH,2026-06-17,📉 GIẢM,34.9%,HIGH,2026-06-18,📉 GIẢM,36.7%,HIGH,2026-06-19,📉 GIẢM,38.0%,HIGH,2026-06-22,📉 GIẢM,39.3%,HIGH,2026-06-23,📉 GIẢM,40.7%,HIGH,2026-06-24,📉 GIẢM,42.0%,HIGH
PHC,2026-06-03,2026-06-04,📉 GIẢM,36.6%,MEDIUM,2026-06-05,📉 GIẢM,35.7%,MEDIUM,2026-06-08,📉 GIẢM,36.4%,MEDIUM,2026-06-09,📉 GIẢM,37.2%,MEDIUM,2026-06-10,📉 GIẢM,37.9%,HIGH,2026-06-11,📉 GIẢM,38.7%,HIGH,2026-06-12,📉 GIẢM,39.4%,HIGH,2026-06-15,📉 GIẢM,40.2%,HIGH,2026-06-16,📉 GIẢM,41.0%,HIGH,2026-06-17,📉 GIẢM,41.7%,HIGH,2026-06-18,📉 GIẢM,42.5%,HIGH,2026-06-19,📉 GIẢM,43.2%,HIGH,2026-06-22,📉 GIẢM,44.0%,HIGH,2026-06-23,📉 GIẢM,44.7%,HIGH,2026-06-24,📉 GIẢM,45.5%,HIGH
SIP,2026-06-03,2026-06-04,📉 GIẢM,38.8%,MEDIUM,2026-06-05,📉 GIẢM,40.5%,LOW,2026-06-08,📉 GIẢM,41.0%,LOW,2026-06-09,📉 GIẢM,41.5%,LOW,2026-06-10,📉 GIẢM,42.0%,LOW,2026-06-11,📉 GIẢM,42.5%,LOW,2026-06-12,📉 GIẢM,43.0%,LOW,2026-06-15,📉 GIẢM,43.5%,HIGH,2026-06-16,📉 GIẢM,44.0%,HIGH,2026-06-17,📉 GIẢM,44.5%,HIGH,2026-06-18,📉 GIẢM,45.0%,HIGH,2026-06-19,📉 GIẢM,45.5%,HIGH,2026-06-22,📉 GIẢM,46.0%,HIGH,2026-06-23,📉 GIẢM,46.5%,HIGH,2026-06-24,📉 GIẢM,47.0%,HIGH
PJT,2026-06-03,2026-06-04,📉 GIẢM,28.8%,HIGH,2026-06-05,📉 GIẢM,29.8%,HIGH,2026-06-08,📉 GIẢM,30.9%,HIGH,2026-06-09,📉 GIẢM,32.0%,HIGH,2026-06-10,📉 GIẢM,33.0%,HIGH,2026-06-11,📉 GIẢM,34.1%,HIGH,2026-06-12,📉 GIẢM,35.1%,HIGH,2026-06-15,📉 GIẢM,36.2%,HIGH,2026-06-16,📉 GIẢM,37.3%,HIGH,2026-06-17,📉 GIẢM,38.3%,HIGH,2026-06-18,📉 GIẢM,39.3%,HIGH,2026-06-19,📉 GIẢM,40.4%,HIGH,2026-06-22,📉 GIẢM,41.4%,HIGH,2026-06-23,📉 GIẢM,42.5%,HIGH,2026-06-24,📉 GIẢM,43.6%,HIGH
POS,2026-06-03,2026-06-04,📉 GIẢM,32.4%,MEDIUM,2026-06-05,📉 GIẢM,33.3%,MEDIUM,2026-06-08,📉 GIẢM,34.2%,MEDIUM,2026-06-09,📉 GIẢM,35.1%,HIGH,2026-06-10,📉 GIẢM,36.0%,HIGH,2026-06-11,📉 GIẢM,36.8%,HIGH,2026-06-12,📉 GIẢM,37.7%,HIGH,2026-06-15,📉 GIẢM,38.6%,HIGH,2026-06-16,📉 GIẢM,39.5%,HIGH,2026-06-17,📉 GIẢM,40.3%,HIGH,2026-06-18,📉 GIẢM,41.2%,HIGH,2026-06-19,📉 GIẢM,42.1%,HIGH,2026-06-22,📉 GIẢM,43.0%,HIGH,2026-06-23,📉 GIẢM,43.9%,HIGH,2026-06-24,📉 GIẢM,44.7%,HIGH
PPH,2026-06-03,2026-06-04,📉 GIẢM,34.0%,MEDIUM,2026-06-05,📉 GIẢM,34.8%,MEDIUM,2026-06-08,📉 GIẢM,35.6%,MEDIUM,2026-06-09,📉 GIẢM,36.4%,MEDIUM,2026-06-10,📉 GIẢM,37.2%,HIGH,2026-06-11,📉 GIẢM,38.0%,HIGH,2026-06-12,📉 GIẢM,38.8%,HIGH,2026-06-15,📉 GIẢM,39.6%,HIGH,2026-06-16,📉 GIẢM,40.4%,HIGH,2026-06-17,📉 GIẢM,41.2%,HIGH,2026-06-18,📉 GIẢM,42.0%,HIGH,2026-06-19,📉 GIẢM,43.1%,HIGH,2026-06-22,📉 GIẢM,43.7%,HIGH,2026-06-23,📉 GIẢM,44.4%,HIGH,2026-06-24,📉 GIẢM,45.2%,HIGH
PTL,2026-06-03,2026-06-04,📉 GIẢM,33.6%,MEDIUM,2026-06-05,📉 GIẢM,36.0%,MEDIUM,2026-06-08,📉 GIẢM,36.8%,MEDIUM,2026-06-09,📉 GIẢM,37.5%,MEDIUM,2026-06-10,📉 GIẢM,38.2%,MEDIUM,2026-06-11,📉 GIẢM,39.0%,HIGH,2026-06-12,📉 GIẢM,39.7%,HIGH,2026-06-15,📉 GIẢM,40.4%,HIGH,2026-06-16,📉 GIẢM,41.2%,HIGH,2026-06-17,📉 GIẢM,41.9%,HIGH,2026-06-18,📉 GIẢM,42.6%,HIGH,2026-06-19,📉 GIẢM,43.4%,HIGH,2026-06-22,📉 GIẢM,44.1%,HIGH,2026-06-23,📉 GIẢM,44.9%,HIGH,2026-06-24,📉 GIẢM,45.6%,HIGH
SHB,2026-06-03,2026-06-04,📉 GIẢM,38.7%,MEDIUM,2026-06-05,📉 GIẢM,40.0%,LOW,2026-06-08,📉 GIẢM,40.5%,LOW,2026-06-09,📉 GIẢM,41.1%,LOW,2026-06-10,📉 GIẢM,41.6%,LOW,2026-06-11,📉 GIẢM,42.1%,LOW,2026-06-12,📉 GIẢM,42.6%,LOW,2026-06-15,📉 GIẢM,43.2%,HIGH,2026-06-16,📉 GIẢM,43.7%,HIGH,2026-06-17,📉 GIẢM,44.2%,HIGH,2026-06-18,📉 GIẢM,44.7%,HIGH,2026-06-19,📉 GIẢM,45.3%,HIGH,2026-06-22,📉 GIẢM,45.8%,HIGH,2026-06-23,📉 GIẢM,46.3%,HIGH,2026-06-24,📉 GIẢM,46.8%,HIGH
PVC,2026-06-03,2026-06-04,📉 GIẢM,43.5%,LOW,2026-06-05,📉 GIẢM,43.8%,LOW,2026-06-08,📉 GIẢM,44.4%,LOW,2026-06-09,📉 GIẢM,44.7%,LOW,2026-06-10,📉 GIẢM,45.0%,LOW,2026-06-11,📉 GIẢM,46.3%,LOW,2026-06-12,📉 GIẢM,46.6%,LOW,2026-06-15,📉 GIẢM,46.8%,LOW,2026-06-16,📉 GIẢM,47.1%,LOW,2026-06-17,📉 GIẢM,47.4%,HIGH,2026-06-18,📉 GIẢM,47.6%,HIGH,2026-06-19,📉 GIẢM,47.8%,HIGH,2026-06-22,📉 GIẢM,48.1%,HIGH,2026-06-23,📉 GIẢM,48.3%,HIGH,2026-06-24,📉 GIẢM,48.6%,HIGH
PWA,2026-06-03,2026-06-04,📉 GIẢM,20.9%,HIGH,2026-06-05,📉 GIẢM,23.5%,HIGH,2026-06-08,📉 GIẢM,24.9%,HIGH,2026-06-09,📉 GIẢM,26.3%,HIGH,2026-06-10,📉 GIẢM,27.7%,HIGH,2026-06-11,📉 GIẢM,29.1%,HIGH,2026-06-12,📉 GIẢM,30.5%,HIGH,2026-06-15,📉 GIẢM,31.9%,HIGH,2026-06-16,📉 GIẢM,33.3%,HIGH,2026-06-17,📉 GIẢM,34.7%,HIGH,2026-06-18,📉 GIẢM,36.0%,HIGH,2026-06-19,📉 GIẢM,37.4%,HIGH,2026-06-22,📉 GIẢM,38.8%,HIGH,2026-06-23,📉 GIẢM,40.2%,HIGH,2026-06-24,📉 GIẢM,41.6%,HIGH
QHW,2026-06-03,2026-06-04,📉 GIẢM,17.7%,HIGH,2026-06-05,📉 GIẢM,19.3%,HIGH,2026-06-08,📉 GIẢM,20.9%,HIGH,2026-06-09,📉 GIẢM,22.5%,HIGH,2026-06-10,📉 GIẢM,24.1%,HIGH,2026-06-11,📉 GIẢM,25.8%,HIGH,2026-06-12,📉 GIẢM,27.4%,HIGH,2026-06-15,📉 GIẢM,29.0%,HIGH,2026-06-16,📉 GIẢM,30.6%,HIGH,2026-06-17,📉 GIẢM,32.5%,HIGH,2026-06-18,📉 GIẢM,34.1%,HIGH,2026-06-19,📉 GIẢM,35.7%,HIGH,2026-06-22,📉 GIẢM,37.3%,HIGH,2026-06-23,📉 GIẢM,38.9%,HIGH,2026-06-24,📉 GIẢM,40.5%,HIGH
SHA,2026-06-03,2026-06-04,📉 GIẢM,39.0%,MEDIUM,2026-06-05,📉 GIẢM,39.6%,MEDIUM,2026-06-08,📉 GIẢM,40.1%,LOW,2026-06-09,📉 GIẢM,40.7%,LOW,2026-06-10,📉 GIẢM,41.2%,LOW,2026-06-11,📉 GIẢM,41.8%,LOW,2026-06-12,📉 GIẢM,42.3%,LOW,2026-06-15,📉 GIẢM,42.9%,HIGH,2026-06-16,📉 GIẢM,43.4%,HIGH,2026-06-17,📉 GIẢM,44.0%,HIGH,2026-06-18,📉 GIẢM,44.5%,HIGH,2026-06-19,📉 GIẢM,45.1%,HIGH,2026-06-22,📉 GIẢM,45.6%,HIGH,2026-06-23,📉 GIẢM,46.2%,HIGH,2026-06-24,📉 GIẢM,46.7%,HIGH
SHI,2026-06-03,2026-06-04,📉 GIẢM,36.5%,MEDIUM,2026-06-05,📉 GIẢM,37.2%,MEDIUM,2026-06-08,📉 GIẢM,37.9%,MEDIUM,2026-06-09,📉 GIẢM,38.6%,MEDIUM,2026-06-10,📉 GIẢM,39.2%,MEDIUM,2026-06-11,📉 GIẢM,39.9%,HIGH,2026-06-12,📉 GIẢM,40.6%,HIGH,2026-06-15,📉 GIẢM,41.0%,HIGH,2026-06-16,📉 GIẢM,41.7%,HIGH,2026-06-17,📉 GIẢM,42.4%,HIGH,2026-06-18,📉 GIẢM,43.1%,HIGH,2026-06-19,📉 GIẢM,43.8%,HIGH,2026-06-22,📉 GIẢM,44.5%,HIGH,2026-06-23,📉 GIẢM,45.2%,HIGH,2026-06-24,📉 GIẢM,45.9%,HIGH
SJG,2026-06-03,2026-06-04,📉 GIẢM,27.9%,HIGH,2026-06-05,📉 GIẢM,29.0%,HIGH,2026-06-08,📉 GIẢM,30.1%,HIGH,2026-06-09,📉 GIẢM,31.2%,HIGH,2026-06-10,📉 GIẢM,32.3%,HIGH,2026-06-11,📉 GIẢM,33.4%,HIGH,2026-06-12,📉 GIẢM,34.5%,HIGH,2026-06-15,📉 GIẢM,35.6%,HIGH,2026-06-16,📉 GIẢM,36.7%,HIGH,2026-06-17,📉 GIẢM,37.8%,HIGH,2026-06-18,📉 GIẢM,38.9%,HIGH,2026-06-19,📉 GIẢM,40.0%,HIGH,2026-06-22,📉 GIẢM,41.1%,HIGH,2026-06-23,📉 GIẢM,42.3%,HIGH,2026-06-24,📉 GIẢM,43.4%,HIGH
TAL,2026-06-03,2026-06-04,📉 GIẢM,42.8%,LOW,2026-06-05,📉 GIẢM,44.4%,LOW,2026-06-08,📉 GIẢM,44.7%,LOW,2026-06-09,📉 GIẢM,45.0%,LOW,2026-06-10,📉 GIẢM,45.3%,LOW,2026-06-11,📉 GIẢM,45.6%,LOW,2026-06-12,📉 GIẢM,45.9%,LOW,2026-06-15,📉 GIẢM,46.2%,LOW,2026-06-16,📉 GIẢM,46.5%,LOW,2026-06-17,📉 GIẢM,46.8%,HIGH,2026-06-18,📉 GIẢM,47.1%,HIGH,2026-06-19,📉 GIẢM,47.3%,HIGH,2026-06-22,📉 GIẢM,47.6%,HIGH,2026-06-23,📉 GIẢM,47.9%,HIGH,2026-06-24,📉 GIẢM,48.2%,HIGH
SGP,2026-06-03,2026-06-04,📉 GIẢM,46.3%,LOW,2026-06-05,📉 GIẢM,46.4%,LOW,2026-06-08,📉 GIẢM,46.6%,LOW,2026-06-09,📉 GIẢM,46.8%,LOW,2026-06-10,📉 GIẢM,47.0%,LOW,2026-06-11,📉 GIẢM,47.2%,LOW,2026-06-12,📉 GIẢM,47.4%,LOW,2026-06-15,📉 GIẢM,47.6%,LOW,2026-06-16,📉 GIẢM,47.8%,LOW,2026-06-17,📉 GIẢM,47.9%,HIGH,2026-06-18,📉 GIẢM,48.1%,HIGH,2026-06-19,📉 GIẢM,48.3%,HIGH,2026-06-22,📉 GIẢM,48.5%,HIGH,2026-06-23,📉 GIẢM,48.7%,HIGH,2026-06-24,📉 GIẢM,48.9%,HIGH
ADP,2026-06-03,2026-06-04,📈 TĂNG,53.0%,LOW,2026-06-05,📈 TĂNG,52.8%,LOW,2026-06-08,📈 TĂNG,52.7%,LOW,2026-06-09,📈 TĂNG,52.5%,LOW,2026-06-10,📈 TĂNG,52.4%,LOW,2026-06-11,📈 TĂNG,52.2%,LOW,2026-06-12,📈 TĂNG,52.1%,LOW,2026-06-15,📈 TĂNG,51.9%,LOW,2026-06-16,📈 TĂNG,51.8%,LOW,2026-06-17,📈 TĂNG,51.6%,LOW,2026-06-18,📈 TĂNG,51.5%,HIGH,2026-06-19,📈 TĂNG,51.3%,HIGH,2026-06-22,📈 TĂNG,51.2%,HIGH,2026-06-23,📈 TĂNG,51.0%,HIGH,2026-06-24,📈 TĂNG,50.9%,HIGH
VTB,2026-06-03,2026-06-04,📈 TĂNG,50.6%,LOW,2026-06-05,📈 TĂNG,50.6%,LOW,2026-06-08,📈 TĂNG,50.2%,LOW,2026-06-09,📈 TĂNG,50.3%,LOW,2026-06-10,📈 TĂNG,50.3%,LOW,2026-06-11,📈 TĂNG,50.3%,LOW,2026-06-12,📈 TĂNG,50.3%,LOW,2026-06-15,📈 TĂNG,50.3%,LOW,2026-06-16,📈 TĂNG,50.2%,LOW,2026-06-17,📈 TĂNG,50.2%,LOW,2026-06-18,📈 TĂNG,50.2%,HIGH,2026-06-19,📈 TĂNG,50.2%,HIGH,2026-06-22,📈 TĂNG,50.2%,HIGH,2026-06-23,📈 TĂNG,50.1%,HIGH,2026-06-24,📈 TĂNG,50.1%,HIGH
BCE,2026-06-03,2026-06-04,📈 TĂNG,54.7%,LOW,2026-06-05,📈 TĂNG,54.5%,LOW,2026-06-08,📈 TĂNG,54.3%,LOW,2026-06-09,📈 TĂNG,54.0%,LOW,2026-06-10,📈 TĂNG,53.8%,LOW,2026-06-11,📈 TĂNG,53.6%,LOW,2026-06-12,📈 TĂNG,53.3%,LOW,2026-06-15,📈 TĂNG,53.1%,LOW,2026-06-16,📈 TĂNG,52.8%,LOW,2026-06-17,📈 TĂNG,52.6%,HIGH,2026-06-18,📈 TĂNG,52.4%,HIGH,2026-06-19,📈 TĂNG,52.1%,HIGH,2026-06-22,📈 TĂNG,51.9%,HIGH,2026-06-23,📈 TĂNG,51.7%,HIGH,2026-06-24,📈 TĂNG,51.4%,HIGH
BKC,2026-06-03,2026-06-04,📉 GIẢM,25.7%,HIGH,2026-06-05,📉 GIẢM,27.9%,HIGH,2026-06-08,📉 GIẢM,29.0%,HIGH,2026-06-09,📉 GIẢM,30.2%,HIGH,2026-06-10,📉 GIẢM,31.4%,HIGH,2026-06-11,📉 GIẢM,32.5%,HIGH,2026-06-12,📉 GIẢM,33.8%,HIGH,2026-06-15,📉 GIẢM,34.9%,HIGH,2026-06-16,📉 GIẢM,36.1%,HIGH,2026-06-17,📉 GIẢM,37.2%,HIGH,2026-06-18,📉 GIẢM,38.4%,HIGH,2026-06-19,📉 GIẢM,39.5%,HIGH,2026-06-22,📉 GIẢM,40.7%,HIGH,2026-06-23,📉 GIẢM,41.9%,HIGH,2026-06-24,📉 GIẢM,43.0%,HIGH
BMC,2026-06-03,2026-06-04,📉 GIẢM,23.9%,HIGH,2026-06-05,📉 GIẢM,26.2%,HIGH,2026-06-08,📉 GIẢM,27.4%,HIGH,2026-06-09,📉 GIẢM,28.7%,HIGH,2026-06-10,📉 GIẢM,29.9%,HIGH,2026-06-11,📉 GIẢM,31.2%,HIGH,2026-06-12,📉 GIẢM,32.4%,HIGH,2026-06-15,📉 GIẢM,33.7%,HIGH,2026-06-16,📉 GIẢM,34.9%,HIGH,2026-06-17,📉 GIẢM,36.2%,HIGH,2026-06-18,📉 GIẢM,37.5%,HIGH,2026-06-19,📉 GIẢM,38.7%,HIGH,2026-06-22,📉 GIẢM,40.0%,HIGH,2026-06-23,📉 GIẢM,41.2%,HIGH,2026-06-24,📉 GIẢM,42.5%,HIGH
BLT,2026-06-03,2026-06-04,📉 GIẢM,40.2%,LOW,2026-06-05,📉 GIẢM,40.6%,LOW,2026-06-08,📉 GIẢM,41.1%,LOW,2026-06-09,📉 GIẢM,41.6%,LOW,2026-06-10,📉 GIẢM,42.1%,LOW,2026-06-11,📉 GIẢM,42.6%,LOW,2026-06-12,📉 GIẢM,43.1%,LOW,2026-06-15,📉 GIẢM,43.6%,HIGH,2026-06-16,📉 GIẢM,44.1%,HIGH,2026-06-17,📉 GIẢM,44.6%,HIGH,2026-06-18,📉 GIẢM,45.1%,HIGH,2026-06-19,📉 GIẢM,45.6%,HIGH,2026-06-22,📉 GIẢM,46.1%,HIGH,2026-06-23,📉 GIẢM,46.5%,HIGH,2026-06-24,📉 GIẢM,47.0%,HIGH
BTD,2026-06-03,2026-06-04,📉 GIẢM,24.4%,HIGH,2026-06-05,📉 GIẢM,25.7%,HIGH,2026-06-08,📉 GIẢM,26.9%,HIGH,2026-06-09,📉 GIẢM,28.2%,HIGH,2026-06-10,📉 GIẢM,29.5%,HIGH,2026-06-11,📉 GIẢM,30.8%,HIGH,2026-06-12,📉 GIẢM,32.1%,HIGH,2026-06-15,📉 GIẢM,33.3%,HIGH,2026-06-16,📉 GIẢM,34.6%,HIGH,2026-06-17,📉 GIẢM,35.9%,HIGH,2026-06-18,📉 GIẢM,37.2%,HIGH,2026-06-19,📉 GIẢM,38.5%,HIGH,2026-06-22,📉 GIẢM,39.8%,HIGH,2026-06-23,📉 GIẢM,41.0%,HIGH,2026-06-24,📉 GIẢM,42.3%,HIGH
BWS,2026-06-03,2026-06-04,📉 GIẢM,27.9%,HIGH,2026-06-05,📉 GIẢM,28.2%,HIGH,2026-06-08,📉 GIẢM,29.4%,HIGH,2026-06-09,📉 GIẢM,30.9%,HIGH,2026-06-10,📉 GIẢM,32.0%,HIGH,2026-06-11,📉 GIẢM,33.1%,HIGH,2026-06-12,📉 GIẢM,34.2%,HIGH,2026-06-15,📉 GIẢM,35.4%,HIGH,2026-06-16,📉 GIẢM,36.5%,HIGH,2026-06-17,📉 GIẢM,37.6%,HIGH,2026-06-18,📉 GIẢM,38.7%,HIGH,2026-06-19,📉 GIẢM,39.9%,HIGH,2026-06-22,📉 GIẢM,41.0%,HIGH,2026-06-23,📉 GIẢM,42.1%,HIGH,2026-06-24,📉 GIẢM,43.2%,HIGH
CAG,2026-06-03,2026-06-04,📉 GIẢM,28.0%,HIGH,2026-06-05,📉 GIẢM,30.8%,HIGH,2026-06-08,📉 GIẢM,31.8%,HIGH,2026-06-09,📉 GIẢM,32.8%,HIGH,2026-06-10,📉 GIẢM,33.8%,HIGH,2026-06-11,📉 GIẢM,34.8%,HIGH,2026-06-12,📉 GIẢM,35.8%,HIGH,2026-06-15,📉 GIẢM,36.9%,HIGH,2026-06-16,📉 GIẢM,37.9%,HIGH,2026-06-17,📉 GIẢM,38.9%,HIGH,2026-06-18,📉 GIẢM,39.9%,HIGH,2026-06-19,📉 GIẢM,40.9%,HIGH,2026-06-22,📉 GIẢM,41.9%,HIGH,2026-06-23,📉 GIẢM,43.1%,HIGH,2026-06-24,📉 GIẢM,44.2%,HIGH
CAR,2026-06-03,2026-06-04,📈 TĂNG,51.1%,LOW,2026-06-05,📉 GIẢM,49.4%,LOW,2026-06-08,📈 TĂNG,51.0%,LOW,2026-06-09,📉 GIẢM,49.5%,LOW,2026-06-10,📈 TĂNG,50.9%,LOW,2026-06-11,📉 GIẢM,49.6%,LOW,2026-06-12,📈 TĂNG,50.8%,LOW,2026-06-15,📉 GIẢM,49.6%,LOW,2026-06-16,📈 TĂNG,50.7%,LOW,2026-06-17,📉 GIẢM,49.7%,LOW,2026-06-18,📈 TĂNG,50.6%,HIGH,2026-06-19,📉 GIẢM,49.7%,HIGH,2026-06-22,📈 TĂNG,50.5%,HIGH,2026-06-23,📉 GIẢM,49.8%,HIGH,2026-06-24,📈 TĂNG,50.3%,HIGH
BMJ,2026-06-03,2026-06-04,📉 GIẢM,32.3%,MEDIUM,2026-06-05,📉 GIẢM,33.9%,MEDIUM,2026-06-08,📉 GIẢM,34.7%,MEDIUM,2026-06-09,📉 GIẢM,35.6%,HIGH,2026-06-10,📉 GIẢM,36.4%,HIGH,2026-06-11,📉 GIẢM,37.3%,HIGH,2026-06-12,📉 GIẢM,38.1%,HIGH,2026-06-15,📉 GIẢM,39.0%,HIGH,2026-06-16,📉 GIẢM,39.8%,HIGH,2026-06-17,📉 GIẢM,40.7%,HIGH,2026-06-18,📉 GIẢM,41.5%,HIGH,2026-06-19,📉 GIẢM,42.6%,HIGH,2026-06-22,📉 GIẢM,43.5%,HIGH,2026-06-23,📉 GIẢM,44.3%,HIGH,2026-06-24,📉 GIẢM,45.1%,HIGH
CCS,2026-06-03,2026-06-04,📉 GIẢM,48.6%,LOW,2026-06-05,📈 TĂNG,50.4%,LOW,2026-06-08,📉 GIẢM,48.7%,LOW,2026-06-09,📈 TĂNG,50.4%,LOW,2026-06-10,📉 GIẢM,48.9%,LOW,2026-06-11,📈 TĂNG,50.3%,LOW,2026-06-12,📉 GIẢM,49.0%,LOW,2026-06-15,📈 TĂNG,50.3%,LOW,2026-06-16,📉 GIẢM,49.2%,LOW,2026-06-17,📈 TĂNG,50.3%,LOW,2026-06-18,📉 GIẢM,49.3%,HIGH,2026-06-19,📈 TĂNG,50.2%,HIGH,2026-06-22,📉 GIẢM,49.4%,HIGH,2026-06-23,📈 TĂNG,50.2%,HIGH,2026-06-24,📉 GIẢM,49.6%,HIGH
CHP,2026-06-03,2026-06-04,📉 GIẢM,33.7%,MEDIUM,2026-06-05,📉 GIẢM,35.7%,MEDIUM,2026-06-08,📉 GIẢM,36.4%,MEDIUM,2026-06-09,📉 GIẢM,37.2%,MEDIUM,2026-06-10,📉 GIẢM,37.9%,HIGH,2026-06-11,📉 GIẢM,38.7%,HIGH,2026-06-12,📉 GIẢM,39.5%,HIGH,2026-06-15,📉 GIẢM,40.2%,HIGH,2026-06-16,📉 GIẢM,41.0%,HIGH,2026-06-17,📉 GIẢM,41.7%,HIGH,2026-06-18,📉 GIẢM,42.5%,HIGH,2026-06-19,📉 GIẢM,43.2%,HIGH,2026-06-22,📉 GIẢM,44.0%,HIGH,2026-06-23,📉 GIẢM,44.7%,HIGH,2026-06-24,📉 GIẢM,45.5%,HIGH
APF,2026-06-03,2026-06-04,📉 GIẢM,43.1%,LOW,2026-06-05,📉 GIẢM,45.4%,LOW,2026-06-08,📉 GIẢM,45.6%,LOW,2026-06-09,📉 GIẢM,45.8%,LOW,2026-06-10,📉 GIẢM,46.1%,LOW,2026-06-11,📉 GIẢM,46.3%,LOW,2026-06-12,📉 GIẢM,46.6%,LOW,2026-06-15,📉 GIẢM,46.8%,LOW,2026-06-16,📉 GIẢM,47.2%,LOW,2026-06-17,📉 GIẢM,47.4%,HIGH,2026-06-18,📉 GIẢM,47.6%,HIGH,2026-06-19,📉 GIẢM,47.9%,HIGH,2026-06-22,📉 GIẢM,48.1%,HIGH,2026-06-23,📉 GIẢM,48.3%,HIGH,2026-06-24,📉 GIẢM,48.6%,HIGH
CKD,2026-06-03,2026-06-04,📉 GIẢM,49.9%,LOW,2026-06-05,📉 GIẢM,49.9%,LOW,2026-06-08,📉 GIẢM,49.9%,LOW,2026-06-09,📉 GIẢM,49.9%,LOW,2026-06-10,📉 GIẢM,49.9%,LOW,2026-06-11,📉 GIẢM,49.9%,LOW,2026-06-12,📉 GIẢM,49.9%,LOW,2026-06-15,📉 GIẢM,49.9%,LOW,2026-06-16,📉 GIẢM,50.0%,LOW,2026-06-17,📉 GIẢM,50.0%,LOW,2026-06-18,📉 GIẢM,50.0%,HIGH,2026-06-19,📉 GIẢM,50.0%,HIGH,2026-06-22,📉 GIẢM,50.0%,HIGH,2026-06-23,📉 GIẢM,50.0%,HIGH,2026-06-24,📉 GIẢM,50.0%,HIGH
CMS,2026-06-03,2026-06-04,📉 GIẢM,37.2%,MEDIUM,2026-06-05,📉 GIẢM,37.8%,MEDIUM,2026-06-08,📉 GIẢM,38.4%,MEDIUM,2026-06-09,📉 GIẢM,40.2%,LOW,2026-06-10,📉 GIẢM,40.9%,LOW,2026-06-11,📉 GIẢM,41.5%,LOW,2026-06-12,📉 GIẢM,42.3%,LOW,2026-06-15,📉 GIẢM,42.9%,HIGH,2026-06-16,📉 GIẢM,43.5%,HIGH,2026-06-17,📉 GIẢM,44.3%,HIGH,2026-06-18,📉 GIẢM,44.8%,HIGH,2026-06-19,📉 GIẢM,45.3%,HIGH,2026-06-22,📉 GIẢM,45.9%,HIGH,2026-06-23,📉 GIẢM,46.4%,HIGH,2026-06-24,📉 GIẢM,46.9%,HIGH
CSM,2026-06-03,2026-06-04,📉 GIẢM,35.9%,MEDIUM,2026-06-05,📉 GIẢM,38.3%,MEDIUM,2026-06-08,📉 GIẢM,38.9%,MEDIUM,2026-06-09,📉 GIẢM,39.5%,MEDIUM,2026-06-10,📉 GIẢM,40.1%,LOW,2026-06-11,📉 GIẢM,40.7%,LOW,2026-06-12,📉 GIẢM,41.4%,HIGH,2026-06-15,📉 GIẢM,42.0%,HIGH,2026-06-16,📉 GIẢM,42.7%,HIGH,2026-06-17,📉 GIẢM,43.3%,HIGH,2026-06-18,📉 GIẢM,43.9%,HIGH,2026-06-19,📉 GIẢM,44.5%,HIGH,2026-06-22,📉 GIẢM,45.1%,HIGH,2026-06-23,📉 GIẢM,45.7%,HIGH,2026-06-24,📉 GIẢM,46.3%,HIGH
AMS,2026-06-03,2026-06-04,📉 GIẢM,31.2%,MEDIUM,2026-06-05,📉 GIẢM,32.1%,MEDIUM,2026-06-08,📉 GIẢM,33.1%,HIGH,2026-06-09,📉 GIẢM,34.0%,HIGH,2026-06-10,📉 GIẢM,35.0%,HIGH,2026-06-11,📉 GIẢM,36.1%,HIGH,2026-06-12,📉 GIẢM,37.0%,HIGH,2026-06-15,📉 GIẢM,38.0%,HIGH,2026-06-16,📉 GIẢM,39.0%,HIGH,2026-06-17,📉 GIẢM,40.1%,HIGH,2026-06-18,📉 GIẢM,41.2%,HIGH,2026-06-19,📉 GIẢM,42.1%,HIGH,2026-06-22,📉 GIẢM,43.0%,HIGH,2026-06-23,📉 GIẢM,43.9%,HIGH,2026-06-24,📉 GIẢM,44.8%,HIGH
CTD,2026-06-03,2026-06-04,📉 GIẢM,32.7%,MEDIUM,2026-06-05,📉 GIẢM,34.5%,MEDIUM,2026-06-08,📉 GIẢM,35.4%,MEDIUM,2026-06-09,📉 GIẢM,36.2%,MEDIUM,2026-06-10,📉 GIẢM,37.0%,HIGH,2026-06-11,📉 GIẢM,37.8%,HIGH,2026-06-12,📉 GIẢM,38.6%,HIGH,2026-06-15,📉 GIẢM,39.4%,HIGH,2026-06-16,📉 GIẢM,40.2%,HIGH,2026-06-17,📉 GIẢM,41.1%,HIGH,2026-06-18,📉 GIẢM,41.9%,HIGH,2026-06-19,📉 GIẢM,42.7%,HIGH,2026-06-22,📉 GIẢM,43.5%,HIGH,2026-06-23,📉 GIẢM,44.3%,HIGH,2026-06-24,📉 GIẢM,45.1%,HIGH
CDC,2026-06-03,2026-06-04,📉 GIẢM,40.0%,LOW,2026-06-05,📉 GIẢM,40.0%,LOW,2026-06-08,📉 GIẢM,40.5%,LOW,2026-06-09,📉 GIẢM,41.1%,LOW,2026-06-10,📉 GIẢM,41.6%,LOW,2026-06-11,📉 GIẢM,42.1%,LOW,2026-06-12,📉 GIẢM,42.6%,LOW,2026-06-15,📉 GIẢM,43.2%,HIGH,2026-06-16,📉 GIẢM,43.7%,HIGH,2026-06-17,📉 GIẢM,44.2%,HIGH,2026-06-18,📉 GIẢM,44.7%,HIGH,2026-06-19,📉 GIẢM,45.3%,HIGH,2026-06-22,📉 GIẢM,45.8%,HIGH,2026-06-23,📉 GIẢM,46.3%,HIGH,2026-06-24,📉 GIẢM,46.8%,HIGH
DHG,2026-06-03,2026-06-04,📉 GIẢM,29.7%,HIGH,2026-06-05,📉 GIẢM,30.7%,HIGH,2026-06-08,📉 GIẢM,31.7%,HIGH,2026-06-09,📉 GIẢM,32.7%,HIGH,2026-06-10,📉 GIẢM,33.7%,HIGH,2026-06-11,📉 GIẢM,34.5%,HIGH,2026-06-12,📉 GIẢM,35.6%,HIGH,2026-06-15,📉 GIẢM,36.6%,HIGH,2026-06-16,📉 GIẢM,37.6%,HIGH,2026-06-17,📉 GIẢM,38.6%,HIGH,2026-06-18,📉 GIẢM,39.7%,HIGH,2026-06-19,📉 GIẢM,40.7%,HIGH,2026-06-22,📉 GIẢM,41.7%,HIGH,2026-06-23,📉 GIẢM,42.8%,HIGH,2026-06-24,📉 GIẢM,43.8%,HIGH
VGI,2026-06-03,2026-06-04,📉 GIẢM,43.9%,LOW,2026-06-05,📉 GIẢM,44.2%,LOW,2026-06-08,📉 GIẢM,44.5%,LOW,2026-06-09,📉 GIẢM,44.8%,LOW,2026-06-10,📉 GIẢM,45.1%,LOW,2026-06-11,📉 GIẢM,45.4%,LOW,2026-06-12,📉 GIẢM,45.7%,LOW,2026-06-15,📉 GIẢM,46.0%,LOW,2026-06-16,📉 GIẢM,46.3%,LOW,2026-06-17,📉 GIẢM,46.6%,HIGH,2026-06-18,📉 GIẢM,46.9%,HIGH,2026-06-19,📉 GIẢM,47.2%,HIGH,2026-06-22,📉 GIẢM,47.5%,HIGH,2026-06-23,📉 GIẢM,47.8%,HIGH,2026-06-24,📉 GIẢM,48.1%,HIGH
VHC,2026-06-03,2026-06-04,📉 GIẢM,44.9%,LOW,2026-06-05,📉 GIẢM,45.2%,LOW,2026-06-08,📉 GIẢM,45.5%,LOW,2026-06-09,📉 GIẢM,45.7%,LOW,2026-06-10,📉 GIẢM,46.0%,LOW,2026-06-11,📉 GIẢM,46.2%,LOW,2026-06-12,📉 GIẢM,46.5%,LOW,2026-06-15,📉 GIẢM,46.7%,LOW,2026-06-16,📉 GIẢM,47.0%,LOW,2026-06-17,📉 GIẢM,47.2%,HIGH,2026-06-18,📉 GIẢM,47.5%,HIGH,2026-06-19,📉 GIẢM,47.7%,HIGH,2026-06-22,📉 GIẢM,48.0%,HIGH,2026-06-23,📉 GIẢM,48.2%,HIGH,2026-06-24,📉 GIẢM,48.5%,HIGH
VHE,2026-06-03,2026-06-04,📉 GIẢM,23.5%,HIGH,2026-06-05,📉 GIẢM,26.5%,HIGH,2026-06-08,📉 GIẢM,27.7%,HIGH,2026-06-09,📉 GIẢM,29.0%,HIGH,2026-06-10,📉 GIẢM,30.2%,HIGH,2026-06-11,📉 GIẢM,31.4%,HIGH,2026-06-12,📉 GIẢM,32.7%,HIGH,2026-06-15,📉 GIẢM,33.9%,HIGH,2026-06-16,📉 GIẢM,35.1%,HIGH,2026-06-17,📉 GIẢM,36.3%,HIGH,2026-06-18,📉 GIẢM,37.6%,HIGH,2026-06-19,📉 GIẢM,38.8%,HIGH,2026-06-22,📉 GIẢM,40.1%,HIGH,2026-06-23,📉 GIẢM,41.3%,HIGH,2026-06-24,📉 GIẢM,42.6%,HIGH
VIP,2026-06-03,2026-06-04,📉 GIẢM,30.2%,MEDIUM,2026-06-05,📉 GIẢM,31.5%,HIGH,2026-06-08,📉 GIẢM,32.5%,HIGH,2026-06-09,📉 GIẢM,33.5%,HIGH,2026-06-10,📉 GIẢM,34.4%,HIGH,2026-06-11,📉 GIẢM,35.3%,HIGH,2026-06-12,📉 GIẢM,36.3%,HIGH,2026-06-15,📉 GIẢM,37.3%,HIGH,2026-06-16,📉 GIẢM,38.3%,HIGH,2026-06-17,📉 GIẢM,39.2%,HIGH,2026-06-18,📉 GIẢM,40.2%,HIGH,2026-06-19,📉 GIẢM,41.2%,HIGH,2026-06-22,📉 GIẢM,42.2%,HIGH,2026-06-23,📉 GIẢM,43.1%,HIGH,2026-06-24,📉 GIẢM,44.2%,HIGH
VNA,2026-06-03,2026-06-04,📈 TĂNG,57.3%,LOW,2026-06-05,📈 TĂNG,54.0%,LOW,2026-06-08,📈 TĂNG,53.8%,LOW,2026-06-09,📈 TĂNG,53.5%,LOW,2026-06-10,📈 TĂNG,53.3%,LOW,2026-06-11,📈 TĂNG,53.1%,LOW,2026-06-12,📈 TĂNG,52.9%,LOW,2026-06-15,📈 TĂNG,52.8%,LOW,2026-06-16,📈 TĂNG,52.5%,LOW,2026-06-17,📈 TĂNG,52.3%,HIGH,2026-06-18,📈 TĂNG,52.1%,HIGH,2026-06-19,📈 TĂNG,51.9%,HIGH,2026-06-22,📈 TĂNG,51.7%,HIGH,2026-06-23,📈 TĂNG,51.5%,HIGH,2026-06-24,📈 TĂNG,51.3%,HIGH
VNG,2026-06-03,2026-06-04,📉 GIẢM,29.0%,HIGH,2026-06-05,📉 GIẢM,30.5%,HIGH,2026-06-08,📉 GIẢM,31.5%,HIGH,2026-06-09,📉 GIẢM,32.6%,HIGH,2026-06-10,📉 GIẢM,33.6%,HIGH,2026-06-11,📉 GIẢM,34.6%,HIGH,2026-06-12,📉 GIẢM,35.6%,HIGH,2026-06-15,📉 GIẢM,36.7%,HIGH,2026-06-16,📉 GIẢM,37.7%,HIGH,2026-06-17,📉 GIẢM,38.8%,HIGH,2026-06-18,📉 GIẢM,39.8%,HIGH,2026-06-19,📉 GIẢM,40.9%,HIGH,2026-06-22,📉 GIẢM,41.9%,HIGH,2026-06-23,📉 GIẢM,42.9%,HIGH,2026-06-24,📉 GIẢM,43.9%,HIGH
VPR,2026-06-03,2026-06-04,📉 GIẢM,19.2%,HIGH,2026-06-05,📉 GIẢM,20.7%,HIGH,2026-06-08,📉 GIẢM,22.2%,HIGH,2026-06-09,📉 GIẢM,24.6%,HIGH,2026-06-10,📉 GIẢM,26.1%,HIGH,2026-06-11,📉 GIẢM,27.6%,HIGH,2026-06-12,📉 GIẢM,29.1%,HIGH,2026-06-15,📉 GIẢM,30.5%,HIGH,2026-06-16,📉 GIẢM,32.1%,HIGH,2026-06-17,📉 GIẢM,33.6%,HIGH,2026-06-18,📉 GIẢM,35.2%,HIGH,2026-06-19,📉 GIẢM,36.6%,HIGH,2026-06-22,📉 GIẢM,38.1%,HIGH,2026-06-23,📉 GIẢM,39.6%,HIGH,2026-06-24,📉 GIẢM,41.1%,HIGH
VPX,2026-06-03,2026-06-04,📉 GIẢM,48.1%,LOW,2026-06-05,📉 GIẢM,48.1%,LOW,2026-06-08,📉 GIẢM,48.2%,LOW,2026-06-09,📉 GIẢM,48.3%,LOW,2026-06-10,📉 GIẢM,48.4%,LOW,2026-06-11,📉 GIẢM,48.5%,LOW,2026-06-12,📉 GIẢM,48.6%,LOW,2026-06-15,📉 GIẢM,48.7%,LOW,2026-06-16,📉 GIẢM,48.8%,LOW,2026-06-17,📉 GIẢM,48.9%,LOW,2026-06-18,📉 GIẢM,49.0%,HIGH,2026-06-19,📉 GIẢM,49.1%,HIGH,2026-06-22,📉 GIẢM,49.2%,HIGH,2026-06-23,📉 GIẢM,49.3%,HIGH,2026-06-24,📉 GIẢM,49.4%,HIGH
APP,2026-06-03,2026-06-04,📉 GIẢM,38.4%,MEDIUM,2026-06-05,📉 GIẢM,40.2%,LOW,2026-06-08,📉 GIẢM,40.7%,LOW,2026-06-09,📉 GIẢM,41.3%,LOW,2026-06-10,📉 GIẢM,41.8%,LOW,2026-06-11,📉 GIẢM,42.3%,LOW,2026-06-12,📉 GIẢM,42.8%,LOW,2026-06-15,📉 GIẢM,43.3%,HIGH,2026-06-16,📉 GIẢM,43.8%,HIGH,2026-06-17,📉 GIẢM,44.4%,HIGH,2026-06-18,📉 GIẢM,44.9%,HIGH,2026-06-19,📉 GIẢM,45.4%,HIGH,2026-06-22,📉 GIẢM,45.9%,HIGH,2026-06-23,📉 GIẢM,46.4%,HIGH,2026-06-24,📉 GIẢM,46.9%,HIGH
VWS,2026-06-03,2026-06-04,📉 GIẢM,37.8%,MEDIUM,2026-06-05,📉 GIẢM,38.4%,MEDIUM,2026-06-08,📉 GIẢM,39.0%,MEDIUM,2026-06-09,📉 GIẢM,39.0%,MEDIUM,2026-06-10,📉 GIẢM,39.7%,MEDIUM,2026-06-11,📉 GIẢM,40.1%,LOW,2026-06-12,📉 GIẢM,40.3%,HIGH,2026-06-15,📉 GIẢM,41.0%,HIGH,2026-06-16,📉 GIẢM,41.7%,HIGH,2026-06-17,📉 GIẢM,42.4%,HIGH,2026-06-18,📉 GIẢM,43.1%,HIGH,2026-06-19,📉 GIẢM,43.8%,HIGH,2026-06-22,📉 GIẢM,44.5%,HIGH,2026-06-23,📉 GIẢM,45.2%,HIGH,2026-06-24,📉 GIẢM,45.8%,HIGH
AAH,2026-06-03,2026-06-04,📉 GIẢM,44.9%,LOW,2026-06-05,📉 GIẢM,45.2%,LOW,2026-06-08,📉 GIẢM,45.4%,LOW,2026-06-09,📉 GIẢM,45.7%,LOW,2026-06-10,📉 GIẢM,46.0%,LOW,2026-06-11,📉 GIẢM,46.2%,LOW,2026-06-12,📉 GIẢM,46.5%,LOW,2026-06-15,📉 GIẢM,46.7%,LOW,2026-06-16,📉 GIẢM,47.0%,LOW,2026-06-17,📉 GIẢM,47.2%,HIGH,2026-06-18,📉 GIẢM,47.5%,HIGH,2026-06-19,📉 GIẢM,47.7%,HIGH,2026-06-22,📉 GIẢM,48.0%,HIGH,2026-06-23,📉 GIẢM,48.3%,HIGH,2026-06-24,📉 GIẢM,48.5%,HIGH
ABI,2026-06-03,2026-06-04,📉 GIẢM,31.5%,MEDIUM,2026-06-05,📉 GIẢM,32.4%,MEDIUM,2026-06-08,📉 GIẢM,33.3%,HIGH,2026-06-09,📉 GIẢM,34.2%,HIGH,2026-06-10,📉 GIẢM,35.2%,HIGH,2026-06-11,📉 GIẢM,36.1%,HIGH,2026-06-12,📉 GIẢM,37.0%,HIGH,2026-06-15,📉 GIẢM,38.0%,HIGH,2026-06-16,📉 GIẢM,38.9%,HIGH,2026-06-17,📉 GIẢM,39.8%,HIGH,2026-06-18,📉 GIẢM,40.7%,HIGH,2026-06-19,📉 GIẢM,41.7%,HIGH,2026-06-22,📉 GIẢM,42.6%,HIGH,2026-06-23,📉 GIẢM,43.5%,HIGH,2026-06-24,📉 GIẢM,44.4%,HIGH
AGR,2026-06-03,2026-06-04,📉 GIẢM,48.2%,LOW,2026-06-05,📉 GIẢM,48.2%,LOW,2026-06-08,📉 GIẢM,48.3%,LOW,2026-06-09,📉 GIẢM,48.4%,LOW,2026-06-10,📉 GIẢM,48.5%,LOW,2026-06-11,📉 GIẢM,48.6%,LOW,2026-06-12,📉 GIẢM,48.7%,LOW,2026-06-15,📉 GIẢM,48.8%,LOW,2026-06-16,📉 GIẢM,48.9%,LOW,2026-06-17,📉 GIẢM,49.0%,LOW,2026-06-18,📉 GIẢM,49.1%,HIGH,2026-06-19,📉 GIẢM,49.2%,HIGH,2026-06-22,📉 GIẢM,49.3%,HIGH,2026-06-23,📉 GIẢM,49.4%,HIGH,2026-06-24,📉 GIẢM,49.4%,HIGH
AMV,2026-06-03,2026-06-04,📉 GIẢM,22.0%,HIGH,2026-06-05,📉 GIẢM,23.4%,HIGH,2026-06-08,📉 GIẢM,24.8%,HIGH,2026-06-09,📉 GIẢM,24.4%,HIGH,2026-06-10,📉 GIẢM,25.9%,HIGH,2026-06-11,📉 GIẢM,27.4%,HIGH,2026-06-12,📉 GIẢM,28.9%,HIGH,2026-06-15,📉 GIẢM,30.4%,HIGH,2026-06-16,📉 GIẢM,31.9%,HIGH,2026-06-17,📉 GIẢM,33.4%,HIGH,2026-06-18,📉 GIẢM,34.9%,HIGH,2026-06-19,📉 GIẢM,36.4%,HIGH,2026-06-22,📉 GIẢM,37.9%,HIGH,2026-06-23,📉 GIẢM,39.4%,HIGH,2026-06-24,📉 GIẢM,41.1%,HIGH
ANT,2026-06-03,2026-06-04,📉 GIẢM,36.6%,MEDIUM,2026-06-05,📉 GIẢM,38.3%,MEDIUM,2026-06-08,📉 GIẢM,39.0%,MEDIUM,2026-06-09,📉 GIẢM,39.6%,MEDIUM,2026-06-10,📉 GIẢM,40.2%,LOW,2026-06-11,📉 GIẢM,40.8%,LOW,2026-06-12,📉 GIẢM,41.4%,HIGH,2026-06-15,📉 GIẢM,42.0%,HIGH,2026-06-16,📉 GIẢM,42.6%,HIGH,2026-06-17,📉 GIẢM,43.2%,HIGH,2026-06-18,📉 GIẢM,43.8%,HIGH,2026-06-19,📉 GIẢM,44.6%,HIGH,2026-06-22,📉 GIẢM,45.2%,HIGH,2026-06-23,📉 GIẢM,45.8%,HIGH,2026-06-24,📉 GIẢM,46.4%,HIGH
ANV,2026-06-03,2026-06-04,📉 GIẢM,44.8%,LOW,2026-06-05,📉 GIẢM,45.2%,LOW,2026-06-08,📉 GIẢM,45.4%,LOW,2026-06-09,📉 GIẢM,45.7%,LOW,2026-06-10,📉 GIẢM,45.9%,LOW,2026-06-11,📉 GIẢM,46.2%,LOW,2026-06-12,📉 GIẢM,46.4%,LOW,2026-06-15,📉 GIẢM,46.7%,LOW,2026-06-16,📉 GIẢM,47.0%,LOW,2026-06-17,📉 GIẢM,47.2%,HIGH,2026-06-18,📉 GIẢM,47.5%,HIGH,2026-06-19,📉 GIẢM,47.7%,HIGH,2026-06-22,📉 GIẢM,48.0%,HIGH,2026-06-23,📉 GIẢM,48.2%,HIGH,2026-06-24,📉 GIẢM,48.5%,HIGH
APH,2026-06-03,2026-06-04,📉 GIẢM,40.1%,LOW,2026-06-05,📉 GIẢM,40.6%,LOW,2026-06-08,📉 GIẢM,41.1%,LOW,2026-06-09,📉 GIẢM,41.6%,LOW,2026-06-10,📉 GIẢM,42.1%,LOW,2026-06-11,📉 GIẢM,42.5%,LOW,2026-06-12,📉 GIẢM,43.0%,LOW,2026-06-15,📉 GIẢM,43.5%,HIGH,2026-06-16,📉 GIẢM,44.0%,HIGH,2026-06-17,📉 GIẢM,44.5%,HIGH,2026-06-18,📉 GIẢM,45.0%,HIGH,2026-06-19,📉 GIẢM,45.5%,HIGH,2026-06-22,📉 GIẢM,46.0%,HIGH,2026-06-23,📉 GIẢM,46.5%,HIGH,2026-06-24,📉 GIẢM,47.0%,HIGH
AAA,2026-06-03,2026-06-04,📉 GIẢM,38.6%,MEDIUM,2026-06-05,📉 GIẢM,39.8%,MEDIUM,2026-06-08,📉 GIẢM,40.4%,LOW,2026-06-09,📉 GIẢM,41.0%,LOW,2026-06-10,📉 GIẢM,41.5%,LOW,2026-06-11,📉 GIẢM,42.0%,LOW,2026-06-12,📉 GIẢM,42.6%,LOW,2026-06-15,📉 GIẢM,43.1%,HIGH,2026-06-16,📉 GIẢM,43.6%,HIGH,2026-06-17,📉 GIẢM,44.1%,HIGH,2026-06-18,📉 GIẢM,44.7%,HIGH,2026-06-19,📉 GIẢM,45.2%,HIGH,2026-06-22,📉 GIẢM,45.8%,HIGH,2026-06-23,📉 GIẢM,46.3%,HIGH,2026-06-24,📉 GIẢM,46.9%,HIGH
VCS,2026-06-03,2026-06-04,📉 GIẢM,31.1%,MEDIUM,2026-06-05,📉 GIẢM,32.1%,MEDIUM,2026-06-08,📉 GIẢM,33.2%,HIGH,2026-06-09,📉 GIẢM,34.1%,HIGH,2026-06-10,📉 GIẢM,35.0%,HIGH,2026-06-11,📉 GIẢM,36.0%,HIGH,2026-06-12,📉 GIẢM,36.9%,HIGH,2026-06-15,📉 GIẢM,37.9%,HIGH,2026-06-16,📉 GIẢM,38.8%,HIGH,2026-06-17,📉 GIẢM,39.7%,HIGH,2026-06-18,📉 GIẢM,40.7%,HIGH,2026-06-19,📉 GIẢM,41.5%,HIGH,2026-06-22,📉 GIẢM,42.5%,HIGH,2026-06-23,📉 GIẢM,43.4%,HIGH,2026-06-24,📉 GIẢM,44.3%,HIGH
DL1,2026-06-03,2026-06-04,📉 GIẢM,44.2%,LOW,2026-06-05,📉 GIẢM,44.5%,LOW,2026-06-08,📉 GIẢM,44.8%,LOW,2026-06-09,📉 GIẢM,45.0%,LOW,2026-06-10,📉 GIẢM,45.3%,LOW,2026-06-11,📉 GIẢM,45.6%,LOW,2026-06-12,📉 GIẢM,45.9%,LOW,2026-06-15,📉 GIẢM,46.2%,LOW,2026-06-16,📉 GIẢM,46.5%,LOW,2026-06-17,📉 GIẢM,46.8%,HIGH,2026-06-18,📉 GIẢM,47.1%,HIGH,2026-06-19,📉 GIẢM,47.4%,HIGH,2026-06-22,📉 GIẢM,47.7%,HIGH,2026-06-23,📉 GIẢM,48.0%,HIGH,2026-06-24,📉 GIẢM,48.3%,HIGH
LIG,2026-06-03,2026-06-04,📉 GIẢM,26.6%,HIGH,2026-06-05,📉 GIẢM,27.8%,HIGH,2026-06-08,📉 GIẢM,28.9%,HIGH,2026-06-09,📉 GIẢM,30.1%,HIGH,2026-06-10,📉 GIẢM,31.3%,HIGH,2026-06-11,📉 GIẢM,32.5%,HIGH,2026-06-12,📉 GIẢM,33.6%,HIGH,2026-06-15,📉 GIẢM,34.8%,HIGH,2026-06-16,📉 GIẢM,36.0%,HIGH,2026-06-17,📉 GIẢM,37.1%,HIGH,2026-06-18,📉 GIẢM,38.3%,HIGH,2026-06-19,📉 GIẢM,39.5%,HIGH,2026-06-22,📉 GIẢM,40.6%,HIGH,2026-06-23,📉 GIẢM,41.8%,HIGH,2026-06-24,📉 GIẢM,43.0%,HIGH
MCG,2026-06-03,2026-06-04,📉 GIẢM,35.6%,MEDIUM,2026-06-05,📉 GIẢM,36.5%,MEDIUM,2026-06-08,📉 GIẢM,37.2%,MEDIUM,2026-06-09,📉 GIẢM,37.9%,MEDIUM,2026-06-10,📉 GIẢM,38.6%,MEDIUM,2026-06-11,📉 GIẢM,39.3%,HIGH,2026-06-12,📉 GIẢM,40.0%,HIGH,2026-06-15,📉 GIẢM,40.7%,HIGH,2026-06-16,📉 GIẢM,41.5%,HIGH,2026-06-17,📉 GIẢM,42.2%,HIGH,2026-06-18,📉 GIẢM,42.9%,HIGH,2026-06-19,📉 GIẢM,43.6%,HIGH,2026-06-22,📉 GIẢM,44.3%,HIGH,2026-06-23,📉 GIẢM,45.0%,HIGH,2026-06-24,📉 GIẢM,45.7%,HIGH
VTC,2026-06-03,2026-06-04,📉 GIẢM,42.4%,LOW,2026-06-05,📉 GIẢM,43.5%,LOW,2026-06-08,📉 GIẢM,43.8%,LOW,2026-06-09,📉 GIẢM,44.2%,LOW,2026-06-10,📉 GIẢM,44.5%,LOW,2026-06-11,📉 GIẢM,44.8%,LOW,2026-06-12,📉 GIẢM,45.2%,LOW,2026-06-15,📉 GIẢM,45.5%,LOW,2026-06-16,📉 GIẢM,45.3%,HIGH,2026-06-17,📉 GIẢM,45.7%,HIGH,2026-06-18,📉 GIẢM,46.1%,HIGH,2026-06-19,📉 GIẢM,46.5%,HIGH,2026-06-22,📉 GIẢM,46.8%,HIGH,2026-06-23,📉 GIẢM,47.2%,HIGH,2026-06-24,📉 GIẢM,47.6%,HIGH
MSN,2026-06-03,2026-06-04,📉 GIẢM,34.2%,MEDIUM,2026-06-05,📉 GIẢM,36.2%,MEDIUM,2026-06-08,📉 GIẢM,36.9%,MEDIUM,2026-06-09,📉 GIẢM,37.6%,MEDIUM,2026-06-10,📉 GIẢM,38.3%,MEDIUM,2026-06-11,📉 GIẢM,39.1%,HIGH,2026-06-12,📉 GIẢM,39.8%,HIGH,2026-06-15,📉 GIẢM,40.5%,HIGH,2026-06-16,📉 GIẢM,41.3%,HIGH,2026-06-17,📉 GIẢM,42.0%,HIGH,2026-06-18,📉 GIẢM,42.7%,HIGH,2026-06-19,📉 GIẢM,43.4%,HIGH,2026-06-22,📉 GIẢM,44.2%,HIGH,2026-06-23,📉 GIẢM,44.9%,HIGH,2026-06-24,📉 GIẢM,45.6%,HIGH
NDN,2026-06-03,2026-06-04,📉 GIẢM,26.4%,HIGH,2026-06-05,📉 GIẢM,28.6%,HIGH,2026-06-08,📉 GIẢM,29.7%,HIGH,2026-06-09,📉 GIẢM,30.9%,HIGH,2026-06-10,📉 GIẢM,32.3%,HIGH,2026-06-11,📉 GIẢM,33.4%,HIGH,2026-06-12,📉 GIẢM,34.5%,HIGH,2026-06-15,📉 GIẢM,35.8%,HIGH,2026-06-16,📉 GIẢM,36.9%,HIGH,2026-06-17,📉 GIẢM,38.1%,HIGH,2026-06-18,📉 GIẢM,39.3%,HIGH,2026-06-19,📉 GIẢM,40.3%,HIGH,2026-06-22,📉 GIẢM,41.4%,HIGH,2026-06-23,📉 GIẢM,42.5%,HIGH,2026-06-24,📉 GIẢM,43.6%,HIGH
NVT,2026-06-03,2026-06-04,📉 GIẢM,22.6%,HIGH,2026-06-05,📉 GIẢM,23.4%,HIGH,2026-06-08,📉 GIẢM,24.8%,HIGH,2026-06-09,📉 GIẢM,26.3%,HIGH,2026-06-10,📉 GIẢM,27.9%,HIGH,2026-06-11,📉 GIẢM,29.3%,HIGH,2026-06-12,📉 GIẢM,30.6%,HIGH,2026-06-15,📉 GIẢM,32.1%,HIGH,2026-06-16,📉 GIẢM,33.5%,HIGH,2026-06-17,📉 GIẢM,34.9%,HIGH,2026-06-18,📉 GIẢM,36.4%,HIGH,2026-06-19,📉 GIẢM,37.7%,HIGH,2026-06-22,📉 GIẢM,39.1%,HIGH,2026-06-23,📉 GIẢM,40.5%,HIGH,2026-06-24,📉 GIẢM,41.9%,HIGH
OIL,2026-06-03,2026-06-04,📉 GIẢM,40.5%,LOW,2026-06-05,📉 GIẢM,41.0%,LOW,2026-06-08,📉 GIẢM,41.5%,LOW,2026-06-09,📉 GIẢM,42.0%,LOW,2026-06-10,📉 GIẢM,42.4%,LOW,2026-06-11,📉 GIẢM,42.9%,LOW,2026-06-12,📉 GIẢM,43.4%,LOW,2026-06-15,📉 GIẢM,43.9%,HIGH,2026-06-16,📉 GIẢM,44.3%,HIGH,2026-06-17,📉 GIẢM,44.8%,HIGH,2026-06-18,📉 GIẢM,45.3%,HIGH,2026-06-19,📉 GIẢM,45.7%,HIGH,2026-06-22,📉 GIẢM,46.2%,HIGH,2026-06-23,📉 GIẢM,46.7%,HIGH,2026-06-24,📉 GIẢM,47.2%,HIGH
PAP,2026-06-03,2026-06-04,📉 GIẢM,35.8%,MEDIUM,2026-06-05,📉 GIẢM,36.5%,MEDIUM,2026-06-08,📉 GIẢM,37.2%,MEDIUM,2026-06-09,📉 GIẢM,37.9%,MEDIUM,2026-06-10,📉 GIẢM,38.7%,MEDIUM,2026-06-11,📉 GIẢM,39.4%,HIGH,2026-06-12,📉 GIẢM,40.1%,HIGH,2026-06-15,📉 GIẢM,41.6%,HIGH,2026-06-16,📉 GIẢM,42.2%,HIGH,2026-06-17,📉 GIẢM,42.9%,HIGH,2026-06-18,📉 GIẢM,43.5%,HIGH,2026-06-19,📉 GIẢM,44.0%,HIGH,2026-06-22,📉 GIẢM,44.7%,HIGH,2026-06-23,📉 GIẢM,45.4%,HIGH,2026-06-24,📉 GIẢM,46.0%,HIGH
PGI,2026-06-03,2026-06-04,📉 GIẢM,44.2%,LOW,2026-06-05,📉 GIẢM,44.6%,LOW,2026-06-08,📉 GIẢM,44.9%,LOW,2026-06-09,📉 GIẢM,45.2%,LOW,2026-06-10,📉 GIẢM,45.4%,LOW,2026-06-11,📉 GIẢM,45.7%,LOW,2026-06-12,📉 GIẢM,46.0%,LOW,2026-06-15,📉 GIẢM,46.3%,LOW,2026-06-16,📉 GIẢM,46.6%,LOW,2026-06-17,📉 GIẢM,46.9%,HIGH,2026-06-18,📉 GIẢM,47.1%,HIGH,2026-06-19,📉 GIẢM,47.4%,HIGH,2026-06-22,📉 GIẢM,47.7%,HIGH,2026-06-23,📉 GIẢM,48.0%,HIGH,2026-06-24,📉 GIẢM,48.3%,HIGH
PGN,2026-06-03,2026-06-04,📈 TĂNG,63.2%,MEDIUM,2026-06-05,📈 TĂNG,63.5%,MEDIUM,2026-06-08,📈 TĂNG,63.0%,MEDIUM,2026-06-09,📈 TĂNG,62.3%,MEDIUM,2026-06-10,📈 TĂNG,61.5%,MEDIUM,2026-06-11,📈 TĂNG,60.8%,HIGH,2026-06-12,📈 TĂNG,60.1%,HIGH,2026-06-15,📈 TĂNG,59.4%,HIGH,2026-06-16,📈 TĂNG,58.7%,HIGH,2026-06-17,📈 TĂNG,57.9%,HIGH,2026-06-18,📈 TĂNG,57.2%,HIGH,2026-06-19,📈 TĂNG,56.5%,HIGH,2026-06-22,📈 TĂNG,55.8%,HIGH,2026-06-23,📈 TĂNG,55.0%,HIGH,2026-06-24,📈 TĂNG,54.7%,HIGH
PGV,2026-06-03,2026-06-04,📉 GIẢM,45.5%,LOW,2026-06-05,📉 GIẢM,46.4%,LOW,2026-06-08,📉 GIẢM,46.6%,LOW,2026-06-09,📉 GIẢM,46.8%,LOW,2026-06-10,📉 GIẢM,47.0%,LOW,2026-06-11,📉 GIẢM,47.2%,LOW,2026-06-12,📉 GIẢM,47.4%,LOW,2026-06-15,📉 GIẢM,47.6%,LOW,2026-06-16,📉 GIẢM,47.8%,LOW,2026-06-17,📉 GIẢM,48.0%,HIGH,2026-06-18,📉 GIẢM,48.1%,HIGH,2026-06-19,📉 GIẢM,48.1%,HIGH,2026-06-22,📉 GIẢM,48.3%,HIGH,2026-06-23,📉 GIẢM,48.5%,HIGH,2026-06-24,📉 GIẢM,48.7%,HIGH
PVS,2026-06-03,2026-06-04,📉 GIẢM,28.3%,HIGH,2026-06-05,📉 GIẢM,30.3%,HIGH,2026-06-08,📉 GIẢM,31.3%,HIGH,2026-06-09,📉 GIẢM,32.4%,HIGH,2026-06-10,📉 GIẢM,33.4%,HIGH,2026-06-11,📉 GIẢM,34.4%,HIGH,2026-06-12,📉 GIẢM,35.5%,HIGH,2026-06-15,📉 GIẢM,36.5%,HIGH,2026-06-16,📉 GIẢM,37.6%,HIGH,2026-06-17,📉 GIẢM,38.6%,HIGH,2026-06-18,📉 GIẢM,39.6%,HIGH,2026-06-19,📉 GIẢM,40.7%,HIGH,2026-06-22,📉 GIẢM,41.7%,HIGH,2026-06-23,📉 GIẢM,42.7%,HIGH,2026-06-24,📉 GIẢM,43.8%,HIGH
PXL,2026-06-03,2026-06-04,📈 TĂNG,50.4%,LOW,2026-06-05,📈 TĂNG,50.4%,LOW,2026-06-08,📈 TĂNG,50.4%,LOW,2026-06-09,📈 TĂNG,50.3%,LOW,2026-06-10,📈 TĂNG,50.3%,LOW,2026-06-11,📈 TĂNG,50.3%,LOW,2026-06-12,📈 TĂNG,50.3%,LOW,2026-06-15,📈 TĂNG,50.3%,LOW,2026-06-16,📈 TĂNG,50.2%,LOW,2026-06-17,📈 TĂNG,50.2%,LOW,2026-06-18,📈 TĂNG,50.2%,HIGH,2026-06-19,📈 TĂNG,50.2%,HIGH,2026-06-22,📈 TĂNG,50.2%,HIGH,2026-06-23,📈 TĂNG,50.2%,HIGH,2026-06-24,📈 TĂNG,50.1%,HIGH
QNS,2026-06-03,2026-06-04,📉 GIẢM,43.7%,LOW,2026-06-05,📉 GIẢM,44.0%,LOW,2026-06-08,📉 GIẢM,44.3%,LOW,2026-06-09,📉 GIẢM,44.6%,LOW,2026-06-10,📉 GIẢM,44.9%,LOW,2026-06-11,📉 GIẢM,45.2%,LOW,2026-06-12,📉 GIẢM,45.6%,LOW,2026-06-15,📉 GIẢM,45.9%,LOW,2026-06-16,📉 GIẢM,46.2%,LOW,2026-06-17,📉 GIẢM,46.5%,HIGH,2026-06-18,📉 GIẢM,46.8%,HIGH,2026-06-19,📉 GIẢM,47.1%,HIGH,2026-06-22,📉 GIẢM,47.5%,HIGH,2026-06-23,📉 GIẢM,47.8%,HIGH,2026-06-24,📉 GIẢM,48.1%,HIGH
YEG,2026-06-03,2026-06-04,📉 GIẢM,33.7%,MEDIUM,2026-06-05,📉 GIẢM,34.8%,MEDIUM,2026-06-08,📉 GIẢM,35.6%,MEDIUM,2026-06-09,📉 GIẢM,36.4%,MEDIUM,2026-06-10,📉 GIẢM,37.2%,HIGH,2026-06-11,📉 GIẢM,38.6%,HIGH,2026-06-12,📉 GIẢM,39.4%,HIGH,2026-06-15,📉 GIẢM,40.1%,HIGH,2026-06-16,📉 GIẢM,40.9%,HIGH,2026-06-17,📉 GIẢM,41.6%,HIGH,2026-06-18,📉 GIẢM,42.4%,HIGH,2026-06-19,📉 GIẢM,43.2%,HIGH,2026-06-22,📉 GIẢM,43.9%,HIGH,2026-06-23,📉 GIẢM,44.7%,HIGH,2026-06-24,📉 GIẢM,45.4%,HIGH
VNI,2026-06-03,2026-06-04,📉 GIẢM,23.4%,HIGH,2026-06-05,📉 GIẢM,24.1%,HIGH,2026-06-08,📉 GIẢM,25.5%,HIGH,2026-06-09,📉 GIẢM,26.8%,HIGH,2026-06-10,📉 GIẢM,28.2%,HIGH,2026-06-11,📉 GIẢM,29.6%,HIGH,2026-06-12,📉 GIẢM,30.9%,HIGH,2026-06-15,📉 GIẢM,32.3%,HIGH,2026-06-16,📉 GIẢM,33.6%,HIGH,2026-06-17,📉 GIẢM,35.0%,HIGH,2026-06-18,📉 GIẢM,36.4%,HIGH,2026-06-19,📉 GIẢM,37.7%,HIGH,2026-06-22,📉 GIẢM,39.1%,HIGH,2026-06-23,📉 GIẢM,40.5%,HIGH,2026-06-24,📉 GIẢM,41.8%,HIGH
SGB,2026-06-03,2026-06-04,📉 GIẢM,28.6%,HIGH,2026-06-05,📉 GIẢM,29.7%,HIGH,2026-06-08,📉 GIẢM,31.5%,HIGH,2026-06-09,📉 GIẢM,32.5%,HIGH,2026-06-10,📉 GIẢM,33.6%,HIGH,2026-06-11,📉 GIẢM,34.6%,HIGH,2026-06-12,📉 GIẢM,35.6%,HIGH,2026-06-15,📉 GIẢM,36.7%,HIGH,2026-06-16,📉 GIẢM,37.7%,HIGH,2026-06-17,📉 GIẢM,38.7%,HIGH,2026-06-18,📉 GIẢM,39.7%,HIGH,2026-06-19,📉 GIẢM,40.8%,HIGH,2026-06-22,📉 GIẢM,41.8%,HIGH,2026-06-23,📉 GIẢM,42.8%,HIGH,2026-06-24,📉 GIẢM,43.9%,HIGH
SGN,2026-06-03,2026-06-04,📉 GIẢM,20.0%,HIGH,2026-06-05,📉 GIẢM,21.5%,HIGH,2026-06-08,📉 GIẢM,23.0%,HIGH,2026-06-09,📉 GIẢM,24.5%,HIGH,2026-06-10,📉 GIẢM,26.0%,HIGH,2026-06-11,📉 GIẢM,27.5%,HIGH,2026-06-12,📉 GIẢM,29.3%,HIGH,2026-06-15,📉 GIẢM,30.8%,HIGH,2026-06-16,📉 GIẢM,32.3%,HIGH,2026-06-17,📉 GIẢM,33.8%,HIGH,2026-06-18,📉 GIẢM,35.3%,HIGH,2026-06-19,📉 GIẢM,36.8%,HIGH,2026-06-22,📉 GIẢM,38.2%,HIGH,2026-06-23,📉 GIẢM,39.7%,HIGH,2026-06-24,📉 GIẢM,41.2%,HIGH
STD,2026-06-03,2026-06-04,📈 TĂNG,51.1%,LOW,2026-06-05,📈 TĂNG,51.7%,LOW,2026-06-08,📈 TĂNG,51.6%,LOW,2026-06-09,📈 TĂNG,51.5%,LOW,2026-06-10,📈 TĂNG,51.4%,LOW,2026-06-11,📈 TĂNG,51.3%,LOW,2026-06-12,📈 TĂNG,51.2%,LOW,2026-06-15,📈 TĂNG,51.1%,LOW,2026-06-16,📈 TĂNG,51.1%,LOW,2026-06-17,📈 TĂNG,51.0%,LOW,2026-06-18,📈 TĂNG,50.9%,HIGH,2026-06-19,📈 TĂNG,50.8%,HIGH,2026-06-22,📈 TĂNG,50.7%,HIGH,2026-06-23,📈 TĂNG,50.6%,HIGH,2026-06-24,📈 TĂNG,50.5%,HIGH
VSA,2026-06-03,2026-06-04,📈 TĂNG,55.5%,LOW,2026-06-05,📈 TĂNG,54.9%,LOW,2026-06-08,📈 TĂNG,54.6%,LOW,2026-06-09,📈 TĂNG,54.4%,LOW,2026-06-10,📈 TĂNG,54.1%,LOW,2026-06-11,📈 TĂNG,53.9%,LOW,2026-06-12,📈 TĂNG,53.6%,LOW,2026-06-15,📈 TĂNG,52.3%,LOW,2026-06-16,📈 TĂNG,52.1%,LOW,2026-06-17,📈 TĂNG,52.0%,LOW,2026-06-18,📈 TĂNG,51.8%,HIGH,2026-06-19,📈 TĂNG,51.6%,HIGH,2026-06-22,📈 TĂNG,51.4%,HIGH,2026-06-23,📈 TĂNG,51.2%,HIGH,2026-06-24,📈 TĂNG,51.1%,HIGH
DRI,2026-06-03,2026-06-04,📉 GIẢM,40.2%,LOW,2026-06-05,📉 GIẢM,40.6%,LOW,2026-06-08,📉 GIẢM,41.1%,LOW,2026-06-09,📉 GIẢM,41.6%,LOW,2026-06-10,📉 GIẢM,42.1%,LOW,2026-06-11,📉 GIẢM,42.6%,LOW,2026-06-12,📉 GIẢM,43.1%,LOW,2026-06-15,📉 GIẢM,43.6%,HIGH,2026-06-16,📉 GIẢM,44.1%,HIGH,2026-06-17,📉 GIẢM,44.6%,HIGH,2026-06-18,📉 GIẢM,45.0%,HIGH,2026-06-19,📉 GIẢM,45.5%,HIGH,2026-06-22,📉 GIẢM,46.0%,HIGH,2026-06-23,📉 GIẢM,46.5%,HIGH,2026-06-24,📉 GIẢM,47.2%,HIGH
KBC,2026-06-03,2026-06-04,📉 GIẢM,49.2%,LOW,2026-06-05,📉 GIẢM,49.2%,LOW,2026-06-08,📉 GIẢM,49.3%,LOW,2026-06-09,📉 GIẢM,49.3%,LOW,2026-06-10,📉 GIẢM,49.3%,LOW,2026-06-11,📉 GIẢM,49.4%,LOW,2026-06-12,📉 GIẢM,49.4%,LOW,2026-06-15,📉 GIẢM,49.5%,LOW,2026-06-16,📉 GIẢM,49.5%,LOW,2026-06-17,📉 GIẢM,49.6%,LOW,2026-06-18,📉 GIẢM,49.6%,HIGH,2026-06-19,📈 TĂNG,50.0%,HIGH,2026-06-22,📉 GIẢM,49.7%,HIGH,2026-06-23,📈 TĂNG,50.0%,HIGH,2026-06-24,📉 GIẢM,49.8%,HIGH
ILA,2026-06-03,2026-06-04,📉 GIẢM,31.0%,MEDIUM,2026-06-05,📉 GIẢM,31.9%,HIGH,2026-06-08,📉 GIẢM,32.9%,HIGH,2026-06-09,📉 GIẢM,33.8%,HIGH,2026-06-10,📉 GIẢM,34.8%,HIGH,2026-06-11,📉 GIẢM,35.7%,HIGH,2026-06-12,📉 GIẢM,36.7%,HIGH,2026-06-15,📉 GIẢM,37.6%,HIGH,2026-06-16,📉 GIẢM,38.6%,HIGH,2026-06-17,📉 GIẢM,39.5%,HIGH,2026-06-18,📉 GIẢM,40.5%,HIGH,2026-06-19,📉 GIẢM,41.4%,HIGH,2026-06-22,📉 GIẢM,42.4%,HIGH,2026-06-23,📉 GIẢM,43.3%,HIGH,2026-06-24,📉 GIẢM,44.3%,HIGH
DRL,2026-06-03,2026-06-04,📉 GIẢM,43.5%,LOW,2026-06-05,📉 GIẢM,43.9%,LOW,2026-06-08,📉 GIẢM,44.2%,LOW,2026-06-09,📉 GIẢM,44.5%,LOW,2026-06-10,📉 GIẢM,44.9%,LOW,2026-06-11,📉 GIẢM,45.2%,LOW,2026-06-12,📉 GIẢM,45.5%,LOW,2026-06-15,📉 GIẢM,45.8%,LOW,2026-06-16,📉 GIẢM,46.2%,LOW,2026-06-17,📉 GIẢM,46.6%,HIGH,2026-06-18,📉 GIẢM,46.9%,HIGH,2026-06-19,📉 GIẢM,47.2%,HIGH,2026-06-22,📉 GIẢM,47.5%,HIGH,2026-06-23,📉 GIẢM,47.8%,HIGH,2026-06-24,📉 GIẢM,48.1%,HIGH
ALT,2026-06-03,2026-06-04,📉 GIẢM,39.4%,MEDIUM,2026-06-05,📉 GIẢM,39.9%,MEDIUM,2026-06-08,📉 GIẢM,40.7%,LOW,2026-06-09,📉 GIẢM,41.2%,LOW,2026-06-10,📉 GIẢM,42.0%,LOW,2026-06-11,📉 GIẢM,42.5%,LOW,2026-06-12,📉 GIẢM,42.9%,LOW,2026-06-15,📉 GIẢM,43.4%,HIGH,2026-06-16,📉 GIẢM,43.9%,HIGH,2026-06-17,📉 GIẢM,44.4%,HIGH,2026-06-18,📉 GIẢM,44.9%,HIGH,2026-06-19,📉 GIẢM,45.4%,HIGH,2026-06-22,📉 GIẢM,45.9%,HIGH,2026-06-23,📉 GIẢM,46.4%,HIGH,2026-06-24,📉 GIẢM,47.0%,HIGH
EIC,2026-06-03,2026-06-04,📉 GIẢM,49.4%,LOW,2026-06-05,📉 GIẢM,49.4%,LOW,2026-06-08,📉 GIẢM,49.5%,LOW,2026-06-09,📉 GIẢM,49.5%,LOW,2026-06-10,📉 GIẢM,49.5%,LOW,2026-06-11,📉 GIẢM,49.6%,LOW,2026-06-12,📉 GIẢM,49.6%,LOW,2026-06-15,📉 GIẢM,49.5%,LOW,2026-06-16,📉 GIẢM,49.6%,LOW,2026-06-17,📉 GIẢM,49.5%,LOW,2026-06-18,📉 GIẢM,49.6%,HIGH,2026-06-19,📉 GIẢM,49.6%,HIGH,2026-06-22,📉 GIẢM,49.7%,HIGH,2026-06-23,📉 GIẢM,49.7%,HIGH,2026-06-24,📉 GIẢM,49.7%,HIGH
GDA,2026-06-03,2026-06-04,📉 GIẢM,44.2%,LOW,2026-06-05,📉 GIẢM,44.5%,LOW,2026-06-08,📉 GIẢM,44.8%,LOW,2026-06-09,📉 GIẢM,45.1%,LOW,2026-06-10,📉 GIẢM,45.4%,LOW,2026-06-11,📉 GIẢM,45.7%,LOW,2026-06-12,📉 GIẢM,46.0%,LOW,2026-06-15,📉 GIẢM,46.2%,LOW,2026-06-16,📉 GIẢM,46.5%,LOW,2026-06-17,📉 GIẢM,46.8%,HIGH,2026-06-18,📉 GIẢM,47.1%,HIGH,2026-06-19,📉 GIẢM,47.4%,HIGH,2026-06-22,📉 GIẢM,47.7%,HIGH,2026-06-23,📉 GIẢM,48.0%,HIGH,2026-06-24,📉 GIẢM,48.3%,HIGH
GEL,2026-06-03,2026-06-04,📉 GIẢM,46.5%,LOW,2026-06-05,📉 GIẢM,46.6%,LOW,2026-06-08,📉 GIẢM,46.8%,LOW,2026-06-09,📉 GIẢM,47.0%,LOW,2026-06-10,📉 GIẢM,47.2%,LOW,2026-06-11,📉 GIẢM,47.3%,LOW,2026-06-12,📉 GIẢM,47.5%,LOW,2026-06-15,📉 GIẢM,47.7%,LOW,2026-06-16,📉 GIẢM,47.9%,LOW,2026-06-17,📉 GIẢM,48.1%,LOW,2026-06-18,📉 GIẢM,48.2%,HIGH,2026-06-19,📉 GIẢM,48.4%,HIGH,2026-06-22,📉 GIẢM,48.6%,HIGH,2026-06-23,📉 GIẢM,48.8%,HIGH,2026-06-24,📉 GIẢM,48.9%,HIGH
AGG,2026-06-03,2026-06-04,📉 GIẢM,48.5%,LOW,2026-06-05,📉 GIẢM,48.6%,LOW,2026-06-08,📉 GIẢM,48.7%,LOW,2026-06-09,📉 GIẢM,48.8%,LOW,2026-06-10,📉 GIẢM,48.8%,LOW,2026-06-11,📉 GIẢM,48.9%,LOW,2026-06-12,📉 GIẢM,49.0%,LOW,2026-06-15,📉 GIẢM,49.1%,LOW,2026-06-16,📉 GIẢM,49.1%,LOW,2026-06-17,📉 GIẢM,49.2%,LOW,2026-06-18,📉 GIẢM,49.3%,HIGH,2026-06-19,📉 GIẢM,49.3%,HIGH,2026-06-22,📉 GIẢM,49.4%,HIGH,2026-06-23,📉 GIẢM,49.5%,HIGH,2026-06-24,📉 GIẢM,49.6%,HIGH
HAP,2026-06-03,2026-06-04,📉 GIẢM,48.4%,LOW,2026-06-05,📉 GIẢM,48.5%,LOW,2026-06-08,📉 GIẢM,48.6%,LOW,2026-06-09,📉 GIẢM,48.7%,LOW,2026-06-10,📉 GIẢM,48.7%,LOW,2026-06-11,📉 GIẢM,48.8%,LOW,2026-06-12,📉 GIẢM,48.9%,LOW,2026-06-15,📉 GIẢM,49.0%,LOW,2026-06-16,📉 GIẢM,49.1%,LOW,2026-06-17,📉 GIẢM,49.1%,LOW,2026-06-18,📉 GIẢM,49.2%,HIGH,2026-06-19,📉 GIẢM,49.3%,HIGH,2026-06-22,📉 GIẢM,49.4%,HIGH,2026-06-23,📉 GIẢM,49.4%,HIGH,2026-06-24,📉 GIẢM,49.5%,HIGH
HBC,2026-06-03,2026-06-04,📈 TĂNG,51.9%,LOW,2026-06-05,📈 TĂNG,51.8%,LOW,2026-06-08,📈 TĂNG,51.2%,LOW,2026-06-09,📈 TĂNG,51.1%,LOW,2026-06-10,📈 TĂNG,50.9%,LOW,2026-06-11,📈 TĂNG,50.8%,LOW,2026-06-12,📈 TĂNG,50.8%,LOW,2026-06-15,📈 TĂNG,50.7%,LOW,2026-06-16,📈 TĂNG,50.7%,LOW,2026-06-17,📈 TĂNG,50.6%,LOW,2026-06-18,📈 TĂNG,50.6%,HIGH,2026-06-19,📈 TĂNG,50.5%,HIGH,2026-06-22,📈 TĂNG,50.4%,HIGH,2026-06-23,📈 TĂNG,50.4%,HIGH,2026-06-24,📈 TĂNG,50.3%,HIGH
VTV,2026-06-03,2026-06-04,📈 TĂNG,58.0%,LOW,2026-06-05,📈 TĂNG,57.6%,LOW,2026-06-08,📈 TĂNG,57.2%,LOW,2026-06-09,📈 TĂNG,56.8%,LOW,2026-06-10,📈 TĂNG,56.4%,LOW,2026-06-11,📈 TĂNG,56.0%,LOW,2026-06-12,📈 TĂNG,55.6%,LOW,2026-06-15,📈 TĂNG,55.2%,LOW,2026-06-16,📈 TĂNG,54.8%,HIGH,2026-06-17,📈 TĂNG,54.4%,HIGH,2026-06-18,📈 TĂNG,54.0%,HIGH,2026-06-19,📈 TĂNG,53.6%,HIGH,2026-06-22,📈 TĂNG,53.2%,HIGH,2026-06-23,📈 TĂNG,52.8%,HIGH,2026-06-24,📈 TĂNG,52.4%,HIGH
HCD,2026-06-03,2026-06-04,📉 GIẢM,38.4%,MEDIUM,2026-06-05,📉 GIẢM,38.9%,MEDIUM,2026-06-08,📉 GIẢM,39.5%,MEDIUM,2026-06-09,📉 GIẢM,40.1%,LOW,2026-06-10,📉 GIẢM,40.7%,LOW,2026-06-11,📉 GIẢM,41.3%,LOW,2026-06-12,📉 GIẢM,41.9%,HIGH,2026-06-15,📉 GIẢM,42.4%,HIGH,2026-06-16,📉 GIẢM,43.0%,HIGH,2026-06-17,📉 GIẢM,43.6%,HIGH,2026-06-18,📉 GIẢM,44.2%,HIGH,2026-06-19,📉 GIẢM,44.7%,HIGH,2026-06-22,📉 GIẢM,45.2%,HIGH,2026-06-23,📉 GIẢM,45.8%,HIGH,2026-06-24,📉 GIẢM,46.4%,HIGH
HII,2026-06-03,2026-06-04,📉 GIẢM,33.2%,MEDIUM,2026-06-05,📉 GIẢM,34.0%,MEDIUM,2026-06-08,📉 GIẢM,34.9%,MEDIUM,2026-06-09,📉 GIẢM,35.7%,HIGH,2026-06-10,📉 GIẢM,36.6%,HIGH,2026-06-11,📉 GIẢM,37.4%,HIGH,2026-06-12,📉 GIẢM,38.2%,HIGH,2026-06-15,📉 GIẢM,39.1%,HIGH,2026-06-16,📉 GIẢM,39.9%,HIGH,2026-06-17,📉 GIẢM,40.8%,HIGH,2026-06-18,📉 GIẢM,41.6%,HIGH,2026-06-19,📉 GIẢM,42.7%,HIGH,2026-06-22,📉 GIẢM,43.5%,HIGH,2026-06-23,📉 GIẢM,44.3%,HIGH,2026-06-24,📉 GIẢM,45.1%,HIGH
AFX,2026-06-03,2026-06-04,📉 GIẢM,49.7%,LOW,2026-06-05,📉 GIẢM,49.7%,LOW,2026-06-08,📉 GIẢM,49.7%,LOW,2026-06-09,📉 GIẢM,49.7%,LOW,2026-06-10,📉 GIẢM,49.7%,LOW,2026-06-11,📉 GIẢM,49.8%,LOW,2026-06-12,📉 GIẢM,49.8%,LOW,2026-06-15,📉 GIẢM,49.8%,LOW,2026-06-16,📉 GIẢM,49.8%,LOW,2026-06-17,📉 GIẢM,49.8%,LOW,2026-06-18,📉 GIẢM,49.8%,HIGH,2026-06-19,📉 GIẢM,49.9%,HIGH,2026-06-22,📉 GIẢM,49.9%,HIGH,2026-06-23,📉 GIẢM,49.9%,HIGH,2026-06-24,📉 GIẢM,49.9%,HIGH
HLC,2026-06-03,2026-06-04,📉 GIẢM,35.9%,MEDIUM,2026-06-05,📉 GIẢM,36.6%,MEDIUM,2026-06-08,📉 GIẢM,37.3%,MEDIUM,2026-06-09,📉 GIẢM,38.0%,MEDIUM,2026-06-10,📉 GIẢM,38.7%,MEDIUM,2026-06-11,📉 GIẢM,39.4%,HIGH,2026-06-12,📉 GIẢM,39.9%,HIGH,2026-06-15,📉 GIẢM,40.6%,HIGH,2026-06-16,📉 GIẢM,41.4%,HIGH,2026-06-17,📉 GIẢM,42.2%,HIGH,2026-06-18,📉 GIẢM,42.9%,HIGH,2026-06-19,📉 GIẢM,43.6%,HIGH,2026-06-22,📉 GIẢM,44.3%,HIGH,2026-06-23,📉 GIẢM,45.0%,HIGH,2026-06-24,📉 GIẢM,45.7%,HIGH
HMR,2026-06-03,2026-06-04,📉 GIẢM,37.4%,MEDIUM,2026-06-05,📉 GIẢM,38.1%,MEDIUM,2026-06-08,📉 GIẢM,38.7%,MEDIUM,2026-06-09,📉 GIẢM,39.3%,MEDIUM,2026-06-10,📉 GIẢM,39.9%,MEDIUM,2026-06-11,📉 GIẢM,40.6%,LOW,2026-06-12,📉 GIẢM,41.2%,HIGH,2026-06-15,📉 GIẢM,41.8%,HIGH,2026-06-16,📉 GIẢM,42.7%,HIGH,2026-06-17,📉 GIẢM,43.3%,HIGH,2026-06-18,📉 GIẢM,43.9%,HIGH,2026-06-19,📉 GIẢM,44.5%,HIGH,2026-06-22,📉 GIẢM,45.1%,HIGH,2026-06-23,📉 GIẢM,45.7%,HIGH,2026-06-24,📉 GIẢM,46.3%,HIGH
HOM,2026-06-03,2026-06-04,📉 GIẢM,32.6%,MEDIUM,2026-06-05,📉 GIẢM,33.5%,MEDIUM,2026-06-08,📉 GIẢM,34.2%,MEDIUM,2026-06-09,📉 GIẢM,35.1%,HIGH,2026-06-10,📉 GIẢM,36.0%,HIGH,2026-06-11,📉 GIẢM,36.9%,HIGH,2026-06-12,📉 GIẢM,37.8%,HIGH,2026-06-15,📉 GIẢM,38.7%,HIGH,2026-06-16,📉 GIẢM,39.5%,HIGH,2026-06-17,📉 GIẢM,40.4%,HIGH,2026-06-18,📉 GIẢM,41.3%,HIGH,2026-06-19,📉 GIẢM,42.2%,HIGH,2026-06-22,📉 GIẢM,43.0%,HIGH,2026-06-23,📉 GIẢM,43.9%,HIGH,2026-06-24,📉 GIẢM,44.8%,HIGH
HPG,2026-06-03,2026-06-04,📉 GIẢM,33.8%,MEDIUM,2026-06-05,📉 GIẢM,35.6%,MEDIUM,2026-06-08,📉 GIẢM,36.4%,MEDIUM,2026-06-09,📉 GIẢM,37.1%,MEDIUM,2026-06-10,📉 GIẢM,37.9%,HIGH,2026-06-11,📉 GIẢM,38.6%,HIGH,2026-06-12,📉 GIẢM,39.4%,HIGH,2026-06-15,📉 GIẢM,40.1%,HIGH,2026-06-16,📉 GIẢM,40.9%,HIGH,2026-06-17,📉 GIẢM,41.6%,HIGH,2026-06-18,📉 GIẢM,42.4%,HIGH,2026-06-19,📉 GIẢM,43.1%,HIGH,2026-06-22,📉 GIẢM,43.9%,HIGH,2026-06-23,📉 GIẢM,44.7%,HIGH,2026-06-24,📉 GIẢM,45.4%,HIGH
HQC,2026-06-03,2026-06-04,📉 GIẢM,39.4%,MEDIUM,2026-06-05,📉 GIẢM,40.2%,LOW,2026-06-08,📉 GIẢM,40.7%,LOW,2026-06-09,📉 GIẢM,41.2%,LOW,2026-06-10,📉 GIẢM,41.7%,LOW,2026-06-11,📉 GIẢM,42.2%,LOW,2026-06-12,📉 GIẢM,43.1%,LOW,2026-06-15,📉 GIẢM,43.6%,HIGH,2026-06-16,📉 GIẢM,44.1%,HIGH,2026-06-17,📉 GIẢM,44.6%,HIGH,2026-06-18,📉 GIẢM,45.0%,HIGH,2026-06-19,📉 GIẢM,45.7%,HIGH,2026-06-22,📉 GIẢM,46.2%,HIGH,2026-06-23,📉 GIẢM,46.6%,HIGH,2026-06-24,📉 GIẢM,47.3%,HIGH
HVH,2026-06-03,2026-06-04,📉 GIẢM,34.7%,MEDIUM,2026-06-05,📉 GIẢM,35.7%,MEDIUM,2026-06-08,📉 GIẢM,36.4%,MEDIUM,2026-06-09,📉 GIẢM,37.2%,MEDIUM,2026-06-10,📉 GIẢM,37.9%,HIGH,2026-06-11,📉 GIẢM,38.7%,HIGH,2026-06-12,📉 GIẢM,39.4%,HIGH,2026-06-15,📉 GIẢM,40.2%,HIGH,2026-06-16,📉 GIẢM,41.0%,HIGH,2026-06-17,📉 GIẢM,41.7%,HIGH,2026-06-18,📉 GIẢM,42.5%,HIGH,2026-06-19,📉 GIẢM,43.2%,HIGH,2026-06-22,📉 GIẢM,44.0%,HIGH,2026-06-23,📉 GIẢM,44.7%,HIGH,2026-06-24,📉 GIẢM,45.5%,HIGH
IDJ,2026-06-03,2026-06-04,📈 TĂNG,52.6%,LOW,2026-06-05,📈 TĂNG,52.8%,LOW,2026-06-08,📈 TĂNG,52.6%,LOW,2026-06-09,📈 TĂNG,52.5%,LOW,2026-06-10,📈 TĂNG,52.3%,LOW,2026-06-11,📈 TĂNG,52.2%,LOW,2026-06-12,📈 TĂNG,52.0%,LOW,2026-06-15,📈 TĂNG,51.9%,LOW,2026-06-16,📈 TĂNG,51.7%,LOW,2026-06-17,📈 TĂNG,51.6%,LOW,2026-06-18,📈 TĂNG,51.5%,HIGH,2026-06-19,📈 TĂNG,51.3%,HIGH,2026-06-22,📈 TĂNG,51.2%,HIGH,2026-06-23,📈 TĂNG,51.0%,HIGH,2026-06-24,📈 TĂNG,50.9%,HIGH
HGM,2026-06-03,2026-06-04,📉 GIẢM,35.2%,MEDIUM,2026-06-05,📉 GIẢM,36.2%,MEDIUM,2026-06-08,📉 GIẢM,36.9%,MEDIUM,2026-06-09,📉 GIẢM,37.6%,MEDIUM,2026-06-10,📉 GIẢM,38.4%,MEDIUM,2026-06-11,📉 GIẢM,39.1%,HIGH,2026-06-12,📉 GIẢM,39.8%,HIGH,2026-06-15,📉 GIẢM,40.5%,HIGH,2026-06-16,📉 GIẢM,41.3%,HIGH,2026-06-17,📉 GIẢM,42.0%,HIGH,2026-06-18,📉 GIẢM,42.8%,HIGH,2026-06-19,📉 GIẢM,43.5%,HIGH,2026-06-22,📉 GIẢM,44.3%,HIGH,2026-06-23,📉 GIẢM,45.0%,HIGH,2026-06-24,📉 GIẢM,45.7%,HIGH
VCI,2026-06-03,2026-06-04,📉 GIẢM,40.5%,LOW,2026-06-05,📉 GIẢM,41.0%,LOW,2026-06-08,📉 GIẢM,41.5%,LOW,2026-06-09,📉 GIẢM,41.9%,LOW,2026-06-10,📉 GIẢM,42.4%,LOW,2026-06-11,📉 GIẢM,42.9%,LOW,2026-06-12,📉 GIẢM,43.4%,LOW,2026-06-15,📉 GIẢM,43.8%,HIGH,2026-06-16,📉 GIẢM,44.3%,HIGH,2026-06-17,📉 GIẢM,44.8%,HIGH,2026-06-18,📉 GIẢM,45.3%,HIGH,2026-06-19,📉 GIẢM,45.7%,HIGH,2026-06-22,📉 GIẢM,46.2%,HIGH,2026-06-23,📉 GIẢM,46.7%,HIGH,2026-06-24,📉 GIẢM,47.0%,HIGH
VCA,2026-06-03,2026-06-04,📉 GIẢM,48.9%,LOW,2026-06-05,📉 GIẢM,49.0%,LOW,2026-06-08,📉 GIẢM,49.1%,LOW,2026-06-09,📉 GIẢM,49.1%,LOW,2026-06-10,📉 GIẢM,49.2%,LOW,2026-06-11,📉 GIẢM,49.2%,LOW,2026-06-12,📉 GIẢM,49.3%,LOW,2026-06-15,📉 GIẢM,49.3%,LOW,2026-06-16,📉 GIẢM,49.4%,LOW,2026-06-17,📉 GIẢM,49.4%,LOW,2026-06-18,📉 GIẢM,49.5%,HIGH,2026-06-19,📉 GIẢM,49.5%,HIGH,2026-06-22,📉 GIẢM,49.6%,HIGH,2026-06-23,📉 GIẢM,49.6%,HIGH,2026-06-24,📉 GIẢM,49.7%,HIGH
DHT,2026-06-03,2026-06-04,📉 GIẢM,36.2%,MEDIUM,2026-06-05,📉 GIẢM,37.6%,MEDIUM,2026-06-08,📉 GIẢM,38.3%,MEDIUM,2026-06-09,📉 GIẢM,38.9%,MEDIUM,2026-06-10,📉 GIẢM,39.6%,MEDIUM,2026-06-11,📉 GIẢM,40.2%,LOW,2026-06-12,📉 GIẢM,40.9%,HIGH,2026-06-15,📉 GIẢM,41.4%,HIGH,2026-06-16,📉 GIẢM,42.1%,HIGH,2026-06-17,📉 GIẢM,42.7%,HIGH,2026-06-18,📉 GIẢM,43.4%,HIGH,2026-06-19,📉 GIẢM,44.1%,HIGH,2026-06-22,📉 GIẢM,44.7%,HIGH,2026-06-23,📉 GIẢM,45.4%,HIGH,2026-06-24,📉 GIẢM,46.0%,HIGH
DNA,2026-06-03,2026-06-04,📉 GIẢM,30.4%,MEDIUM,2026-06-05,📉 GIẢM,31.4%,HIGH,2026-06-08,📉 GIẢM,32.3%,HIGH,2026-06-09,📉 GIẢM,33.3%,HIGH,2026-06-10,📉 GIẢM,34.3%,HIGH,2026-06-11,📉 GIẢM,35.2%,HIGH,2026-06-12,📉 GIẢM,36.2%,HIGH,2026-06-15,📉 GIẢM,37.2%,HIGH,2026-06-16,📉 GIẢM,38.2%,HIGH,2026-06-17,📉 GIẢM,39.2%,HIGH,2026-06-18,📉 GIẢM,40.2%,HIGH,2026-06-19,📉 GIẢM,41.1%,HIGH,2026-06-22,📉 GIẢM,42.1%,HIGH,2026-06-23,📉 GIẢM,43.1%,HIGH,2026-06-24,📉 GIẢM,44.1%,HIGH
HJS,2026-06-03,2026-06-04,📈 TĂNG,58.4%,LOW,2026-06-05,📈 TĂNG,56.2%,LOW,2026-06-08,📈 TĂNG,55.8%,LOW,2026-06-09,📈 TĂNG,55.5%,LOW,2026-06-10,📈 TĂNG,55.4%,LOW,2026-06-11,📈 TĂNG,55.0%,LOW,2026-06-12,📈 TĂNG,55.5%,LOW,2026-06-15,📈 TĂNG,55.3%,LOW,2026-06-16,📈 TĂNG,54.9%,HIGH,2026-06-17,📈 TĂNG,54.5%,HIGH,2026-06-18,📈 TĂNG,54.1%,HIGH,2026-06-19,📈 TĂNG,53.7%,HIGH,2026-06-22,📈 TĂNG,53.3%,HIGH,2026-06-23,📈 TĂNG,52.8%,HIGH,2026-06-24,📈 TĂNG,52.4%,HIGH
ELC,2026-06-03,2026-06-04,📉 GIẢM,29.2%,HIGH,2026-06-05,📉 GIẢM,31.3%,HIGH,2026-06-08,📉 GIẢM,32.3%,HIGH,2026-06-09,📉 GIẢM,33.3%,HIGH,2026-06-10,📉 GIẢM,34.3%,HIGH,2026-06-11,📉 GIẢM,35.3%,HIGH,2026-06-12,📉 GIẢM,36.2%,HIGH,2026-06-15,📉 GIẢM,37.2%,HIGH,2026-06-16,📉 GIẢM,38.2%,HIGH,2026-06-17,📉 GIẢM,39.2%,HIGH,2026-06-18,📉 GIẢM,40.2%,HIGH,2026-06-19,📉 GIẢM,41.2%,HIGH,2026-06-22,📉 GIẢM,42.1%,HIGH,2026-06-23,📉 GIẢM,43.1%,HIGH,2026-06-24,📉 GIẢM,44.1%,HIGH
EMS,2026-06-03,2026-06-04,📈 TĂNG,53.1%,LOW,2026-06-05,📈 TĂNG,50.8%,LOW,2026-06-08,📈 TĂNG,51.3%,LOW,2026-06-09,📈 TĂNG,51.2%,LOW,2026-06-10,📈 TĂNG,51.8%,LOW,2026-06-11,📈 TĂNG,51.7%,LOW,2026-06-12,📈 TĂNG,51.6%,LOW,2026-06-15,📈 TĂNG,51.5%,LOW,2026-06-16,📈 TĂNG,51.3%,LOW,2026-06-17,📈 TĂNG,51.5%,LOW,2026-06-18,📈 TĂNG,51.3%,HIGH,2026-06-19,📈 TĂNG,51.2%,HIGH,2026-06-22,📈 TĂNG,51.1%,HIGH,2026-06-23,📈 TĂNG,51.0%,HIGH,2026-06-24,📈 TĂNG,50.8%,HIGH
HHP,2026-06-03,2026-06-04,📉 GIẢM,40.9%,LOW,2026-06-05,📉 GIẢM,42.6%,LOW,2026-06-08,📉 GIẢM,42.9%,LOW,2026-06-09,📉 GIẢM,43.3%,LOW,2026-06-10,📉 GIẢM,43.7%,LOW,2026-06-11,📉 GIẢM,44.1%,LOW,2026-06-12,📉 GIẢM,44.5%,LOW,2026-06-15,📉 GIẢM,44.5%,LOW,2026-06-16,📉 GIẢM,44.9%,HIGH,2026-06-17,📉 GIẢM,45.4%,HIGH,2026-06-18,📉 GIẢM,45.8%,HIGH,2026-06-19,📉 GIẢM,46.2%,HIGH,2026-06-22,📉 GIẢM,46.6%,HIGH,2026-06-23,📉 GIẢM,47.0%,HIGH,2026-06-24,📉 GIẢM,47.5%,HIGH
GCF,2026-06-03,2026-06-04,📉 GIẢM,32.5%,MEDIUM,2026-06-05,📉 GIẢM,33.4%,MEDIUM,2026-06-08,📉 GIẢM,34.2%,MEDIUM,2026-06-09,📉 GIẢM,35.1%,HIGH,2026-06-10,📉 GIẢM,36.0%,HIGH,2026-06-11,📉 GIẢM,36.9%,HIGH,2026-06-12,📉 GIẢM,37.7%,HIGH,2026-06-15,📉 GIẢM,38.6%,HIGH,2026-06-16,📉 GIẢM,39.5%,HIGH,2026-06-17,📉 GIẢM,40.4%,HIGH,2026-06-18,📉 GIẢM,41.2%,HIGH,2026-06-19,📉 GIẢM,42.1%,HIGH,2026-06-22,📉 GIẢM,43.0%,HIGH,2026-06-23,📉 GIẢM,43.9%,HIGH,2026-06-24,📉 GIẢM,44.7%,HIGH
GIL,2026-06-03,2026-06-04,📈 TĂNG,53.7%,LOW,2026-06-05,📈 TĂNG,53.5%,LOW,2026-06-08,📈 TĂNG,53.3%,LOW,2026-06-09,📈 TĂNG,53.1%,LOW,2026-06-10,📈 TĂNG,52.9%,LOW,2026-06-11,📈 TĂNG,52.7%,LOW,2026-06-12,📈 TĂNG,52.6%,LOW,2026-06-15,📈 TĂNG,52.4%,LOW,2026-06-16,📈 TĂNG,52.2%,LOW,2026-06-17,📈 TĂNG,52.0%,HIGH,2026-06-18,📈 TĂNG,51.8%,HIGH,2026-06-19,📈 TĂNG,51.6%,HIGH,2026-06-22,📈 TĂNG,51.5%,HIGH,2026-06-23,📈 TĂNG,51.3%,HIGH,2026-06-24,📈 TĂNG,51.1%,HIGH
GSP,2026-06-03,2026-06-04,📉 GIẢM,25.2%,HIGH,2026-06-05,📉 GIẢM,27.3%,HIGH,2026-06-08,📉 GIẢM,28.5%,HIGH,2026-06-09,📉 GIẢM,29.7%,HIGH,2026-06-10,📉 GIẢM,30.8%,HIGH,2026-06-11,📉 GIẢM,32.0%,HIGH,2026-06-12,📉 GIẢM,33.2%,HIGH,2026-06-15,📉 GIẢM,34.4%,HIGH,2026-06-16,📉 GIẢM,35.6%,HIGH,2026-06-17,📉 GIẢM,36.8%,HIGH,2026-06-18,📉 GIẢM,38.0%,HIGH,2026-06-19,📉 GIẢM,39.2%,HIGH,2026-06-22,📉 GIẢM,40.4%,HIGH,2026-06-23,📉 GIẢM,41.6%,HIGH,2026-06-24,📉 GIẢM,42.8%,HIGH
HAG,2026-06-03,2026-06-04,📉 GIẢM,27.9%,HIGH,2026-06-05,📉 GIẢM,30.7%,HIGH,2026-06-08,📉 GIẢM,31.7%,HIGH,2026-06-09,📉 GIẢM,32.7%,HIGH,2026-06-10,📉 GIẢM,33.7%,HIGH,2026-06-11,📉 GIẢM,34.7%,HIGH,2026-06-12,📉 GIẢM,35.8%,HIGH,2026-06-15,📉 GIẢM,36.8%,HIGH,2026-06-16,📉 GIẢM,37.8%,HIGH,2026-06-17,📉 GIẢM,38.8%,HIGH,2026-06-18,📉 GIẢM,39.8%,HIGH,2026-06-19,📉 GIẢM,40.8%,HIGH,2026-06-22,📉 GIẢM,41.9%,HIGH,2026-06-23,📉 GIẢM,42.9%,HIGH,2026-06-24,📉 GIẢM,43.9%,HIGH
DDV,2026-06-03,2026-06-04,📉 GIẢM,44.3%,LOW,2026-06-05,📉 GIẢM,44.6%,LOW,2026-06-08,📉 GIẢM,44.9%,LOW,2026-06-09,📉 GIẢM,45.1%,LOW,2026-06-10,📉 GIẢM,45.4%,LOW,2026-06-11,📉 GIẢM,45.7%,LOW,2026-06-12,📉 GIẢM,46.0%,LOW,2026-06-15,📉 GIẢM,46.3%,LOW,2026-06-16,📉 GIẢM,46.6%,LOW,2026-06-17,📉 GIẢM,46.9%,HIGH,2026-06-18,📉 GIẢM,47.2%,HIGH,2026-06-19,📉 GIẢM,47.5%,HIGH,2026-06-22,📉 GIẢM,47.8%,HIGH,2026-06-23,📉 GIẢM,48.1%,HIGH,2026-06-24,📉 GIẢM,48.3%,HIGH
HAX,2026-06-03,2026-06-04,📉 GIẢM,34.3%,MEDIUM,2026-06-05,📉 GIẢM,35.5%,MEDIUM,2026-06-08,📉 GIẢM,36.2%,MEDIUM,2026-06-09,📉 GIẢM,37.0%,MEDIUM,2026-06-10,📉 GIẢM,37.8%,HIGH,2026-06-11,📉 GIẢM,38.5%,HIGH,2026-06-12,📉 GIẢM,39.3%,HIGH,2026-06-15,📉 GIẢM,40.1%,HIGH,2026-06-16,📉 GIẢM,40.8%,HIGH,2026-06-17,📉 GIẢM,41.6%,HIGH,2026-06-18,📉 GIẢM,42.4%,HIGH,2026-06-19,📉 GIẢM,43.1%,HIGH,2026-06-22,📉 GIẢM,43.9%,HIGH,2026-06-23,📉 GIẢM,44.6%,HIGH,2026-06-24,📉 GIẢM,45.4%,HIGH
GEX,2026-06-03,2026-06-04,📉 GIẢM,47.4%,LOW,2026-06-05,📉 GIẢM,47.6%,LOW,2026-06-08,📉 GIẢM,47.7%,LOW,2026-06-09,📉 GIẢM,47.8%,LOW,2026-06-10,📉 GIẢM,47.9%,LOW,2026-06-11,📉 GIẢM,48.1%,LOW,2026-06-12,📉 GIẢM,48.2%,LOW,2026-06-15,📉 GIẢM,48.3%,LOW,2026-06-16,📉 GIẢM,48.5%,LOW,2026-06-17,📉 GIẢM,48.6%,LOW,2026-06-18,📉 GIẢM,48.7%,HIGH,2026-06-19,📉 GIẢM,48.8%,HIGH,2026-06-22,📉 GIẢM,49.0%,HIGH,2026-06-23,📉 GIẢM,49.1%,HIGH,2026-06-24,📉 GIẢM,49.2%,HIGH
HHS,2026-06-03,2026-06-04,📉 GIẢM,43.0%,LOW,2026-06-05,📉 GIẢM,43.3%,LOW,2026-06-08,📉 GIẢM,43.7%,LOW,2026-06-09,📉 GIẢM,44.0%,LOW,2026-06-10,📉 GIẢM,44.4%,LOW,2026-06-11,📉 GIẢM,44.7%,LOW,2026-06-12,📉 GIẢM,45.1%,LOW,2026-06-15,📉 GIẢM,45.4%,LOW,2026-06-16,📉 GIẢM,45.7%,HIGH,2026-06-17,📉 GIẢM,46.1%,HIGH,2026-06-18,📉 GIẢM,46.4%,HIGH,2026-06-19,📉 GIẢM,46.8%,HIGH,2026-06-22,📉 GIẢM,47.1%,HIGH,2026-06-23,📉 GIẢM,47.4%,HIGH,2026-06-24,📉 GIẢM,47.8%,HIGH
HMC,2026-06-03,2026-06-04,📉 GIẢM,27.2%,HIGH,2026-06-05,📉 GIẢM,28.3%,HIGH,2026-06-08,📉 GIẢM,29.4%,HIGH,2026-06-09,📉 GIẢM,30.6%,HIGH,2026-06-10,📉 GIẢM,31.7%,HIGH,2026-06-11,📉 GIẢM,32.9%,HIGH,2026-06-12,📉 GIẢM,34.0%,HIGH,2026-06-15,📉 GIẢM,35.1%,HIGH,2026-06-16,📉 GIẢM,36.3%,HIGH,2026-06-17,📉 GIẢM,37.4%,HIGH,2026-06-18,📉 GIẢM,38.6%,HIGH,2026-06-19,📉 GIẢM,39.7%,HIGH,2026-06-22,📉 GIẢM,40.9%,HIGH,2026-06-23,📉 GIẢM,42.0%,HIGH,2026-06-24,📉 GIẢM,43.1%,HIGH
HPD,2026-06-03,2026-06-04,📉 GIẢM,47.9%,LOW,2026-06-05,📉 GIẢM,47.8%,LOW,2026-06-08,📉 GIẢM,47.9%,LOW,2026-06-09,📉 GIẢM,48.0%,LOW,2026-06-10,📉 GIẢM,48.1%,LOW,2026-06-11,📉 GIẢM,48.3%,LOW,2026-06-12,📉 GIẢM,48.0%,LOW,2026-06-15,📉 GIẢM,48.2%,LOW,2026-06-16,📉 GIẢM,48.0%,LOW,2026-06-17,📉 GIẢM,48.1%,LOW,2026-06-18,📉 GIẢM,48.3%,HIGH,2026-06-19,📉 GIẢM,48.5%,HIGH,2026-06-22,📉 GIẢM,48.6%,HIGH,2026-06-23,📉 GIẢM,48.8%,HIGH,2026-06-24,📉 GIẢM,49.0%,HIGH
HPX,2026-06-03,2026-06-04,📉 GIẢM,34.9%,MEDIUM,2026-06-05,📉 GIẢM,35.7%,MEDIUM,2026-06-08,📉 GIẢM,36.4%,MEDIUM,2026-06-09,📉 GIẢM,37.6%,MEDIUM,2026-06-10,📉 GIẢM,38.4%,MEDIUM,2026-06-11,📉 GIẢM,39.1%,HIGH,2026-06-12,📉 GIẢM,39.8%,HIGH,2026-06-15,📉 GIẢM,40.5%,HIGH,2026-06-16,📉 GIẢM,41.3%,HIGH,2026-06-17,📉 GIẢM,41.9%,HIGH,2026-06-18,📉 GIẢM,42.6%,HIGH,2026-06-19,📉 GIẢM,43.4%,HIGH,2026-06-22,📉 GIẢM,44.1%,HIGH,2026-06-23,📉 GIẢM,44.9%,HIGH,2026-06-24,📉 GIẢM,45.6%,HIGH
IVS,2026-06-03,2026-06-04,📉 GIẢM,41.9%,LOW,2026-06-05,📉 GIẢM,41.5%,LOW,2026-06-08,📉 GIẢM,41.9%,LOW,2026-06-09,📉 GIẢM,42.4%,LOW,2026-06-10,📉 GIẢM,43.1%,LOW,2026-06-11,📉 GIẢM,43.5%,LOW,2026-06-12,📉 GIẢM,43.9%,LOW,2026-06-15,📉 GIẢM,44.3%,LOW,2026-06-16,📉 GIẢM,44.7%,HIGH,2026-06-17,📉 GIẢM,45.2%,HIGH,2026-06-18,📉 GIẢM,45.6%,HIGH,2026-06-19,📉 GIẢM,46.0%,HIGH,2026-06-22,📉 GIẢM,46.5%,HIGH,2026-06-23,📉 GIẢM,46.9%,HIGH,2026-06-24,📉 GIẢM,47.4%,HIGH
FTS,2026-06-03,2026-06-04,📉 GIẢM,39.9%,MEDIUM,2026-06-05,📉 GIẢM,40.4%,LOW,2026-06-08,📉 GIẢM,40.9%,LOW,2026-06-09,📉 GIẢM,41.4%,LOW,2026-06-10,📉 GIẢM,41.9%,LOW,2026-06-11,📉 GIẢM,42.4%,LOW,2026-06-12,📉 GIẢM,42.9%,LOW,2026-06-15,📉 GIẢM,43.4%,HIGH,2026-06-16,📉 GIẢM,43.9%,HIGH,2026-06-17,📉 GIẢM,44.5%,HIGH,2026-06-18,📉 GIẢM,45.0%,HIGH,2026-06-19,📉 GIẢM,45.5%,HIGH,2026-06-22,📉 GIẢM,46.0%,HIGH,2026-06-23,📉 GIẢM,46.5%,HIGH,2026-06-24,📉 GIẢM,47.0%,HIGH
KGM,2026-06-03,2026-06-04,📉 GIẢM,48.1%,LOW,2026-06-05,📉 GIẢM,48.3%,LOW,2026-06-08,📉 GIẢM,48.4%,LOW,2026-06-09,📉 GIẢM,48.5%,LOW,2026-06-10,📉 GIẢM,48.6%,LOW,2026-06-11,📉 GIẢM,48.6%,LOW,2026-06-12,📉 GIẢM,48.7%,LOW,2026-06-15,📉 GIẢM,49.0%,LOW,2026-06-16,📉 GIẢM,49.1%,LOW,2026-06-17,📉 GIẢM,49.2%,LOW,2026-06-18,📉 GIẢM,49.3%,HIGH,2026-06-19,📉 GIẢM,49.4%,HIGH,2026-06-22,📉 GIẢM,49.4%,HIGH,2026-06-23,📉 GIẢM,49.5%,HIGH,2026-06-24,📉 GIẢM,49.6%,HIGH
KLB,2026-06-03,2026-06-04,📉 GIẢM,31.6%,MEDIUM,2026-06-05,📉 GIẢM,32.7%,MEDIUM,2026-06-08,📉 GIẢM,33.6%,HIGH,2026-06-09,📉 GIẢM,34.5%,HIGH,2026-06-10,📉 GIẢM,35.4%,HIGH,2026-06-11,📉 GIẢM,36.7%,HIGH,2026-06-12,📉 GIẢM,37.6%,HIGH,2026-06-15,📉 GIẢM,38.5%,HIGH,2026-06-16,📉 GIẢM,39.4%,HIGH,2026-06-17,📉 GIẢM,40.2%,HIGH,2026-06-18,📉 GIẢM,41.1%,HIGH,2026-06-19,📉 GIẢM,42.0%,HIGH,2026-06-22,📉 GIẢM,42.9%,HIGH,2026-06-23,📉 GIẢM,43.8%,HIGH,2026-06-24,📉 GIẢM,44.7%,HIGH
HFB,2026-06-03,2026-06-04,📉 GIẢM,44.7%,LOW,2026-06-05,📉 GIẢM,45.0%,LOW,2026-06-08,📉 GIẢM,45.3%,LOW,2026-06-09,📉 GIẢM,47.0%,LOW,2026-06-10,📉 GIẢM,47.2%,LOW,2026-06-11,📉 GIẢM,47.4%,LOW,2026-06-12,📉 GIẢM,47.6%,LOW,2026-06-15,📉 GIẢM,47.7%,LOW,2026-06-16,📉 GIẢM,47.9%,LOW,2026-06-17,📉 GIẢM,48.1%,LOW,2026-06-18,📉 GIẢM,48.3%,HIGH,2026-06-19,📉 GIẢM,48.4%,HIGH,2026-06-22,📉 GIẢM,48.6%,HIGH,2026-06-23,📉 GIẢM,48.8%,HIGH,2026-06-24,📉 GIẢM,48.9%,HIGH
L14,2026-06-03,2026-06-04,📉 GIẢM,46.2%,LOW,2026-06-05,📉 GIẢM,46.1%,LOW,2026-06-08,📉 GIẢM,46.3%,LOW,2026-06-09,📉 GIẢM,46.5%,LOW,2026-06-10,📉 GIẢM,46.7%,LOW,2026-06-11,📉 GIẢM,47.0%,LOW,2026-06-12,📉 GIẢM,47.2%,LOW,2026-06-15,📉 GIẢM,47.4%,LOW,2026-06-16,📉 GIẢM,47.6%,LOW,2026-06-17,📉 GIẢM,47.7%,HIGH,2026-06-18,📉 GIẢM,47.9%,HIGH,2026-06-19,📉 GIẢM,48.1%,HIGH,2026-06-22,📉 GIẢM,48.3%,HIGH,2026-06-23,📉 GIẢM,48.5%,HIGH,2026-06-24,📉 GIẢM,48.8%,HIGH
DC1,2026-06-03,2026-06-04,📈 TĂNG,51.8%,LOW,2026-06-05,📈 TĂNG,51.7%,LOW,2026-06-08,📈 TĂNG,51.6%,LOW,2026-06-09,📈 TĂNG,51.5%,LOW,2026-06-10,📈 TĂNG,51.4%,LOW,2026-06-11,📈 TĂNG,51.3%,LOW,2026-06-12,📈 TĂNG,51.2%,LOW,2026-06-15,📈 TĂNG,51.1%,LOW,2026-06-16,📈 TĂNG,51.0%,LOW,2026-06-17,📈 TĂNG,51.0%,LOW,2026-06-18,📈 TĂNG,50.9%,HIGH,2026-06-19,📈 TĂNG,50.9%,HIGH,2026-06-22,📈 TĂNG,50.8%,HIGH,2026-06-23,📈 TĂNG,50.9%,HIGH,2026-06-24,📈 TĂNG,50.8%,HIGH
DAH,2026-06-03,2026-06-04,📉 GIẢM,41.4%,LOW,2026-06-05,📉 GIẢM,41.8%,LOW,2026-06-08,📉 GIẢM,42.2%,LOW,2026-06-09,📉 GIẢM,42.7%,LOW,2026-06-10,📉 GIẢM,43.1%,LOW,2026-06-11,📉 GIẢM,43.5%,LOW,2026-06-12,📉 GIẢM,43.9%,LOW,2026-06-15,📉 GIẢM,44.4%,LOW,2026-06-16,📉 GIẢM,44.8%,HIGH,2026-06-17,📉 GIẢM,45.2%,HIGH,2026-06-18,📉 GIẢM,45.7%,HIGH,2026-06-19,📉 GIẢM,46.1%,HIGH,2026-06-22,📉 GIẢM,46.5%,HIGH,2026-06-23,📉 GIẢM,47.0%,HIGH,2026-06-24,📉 GIẢM,47.4%,HIGH
VTZ,2026-06-03,2026-06-04,📉 GIẢM,33.6%,MEDIUM,2026-06-05,📉 GIẢM,34.5%,MEDIUM,2026-06-08,📉 GIẢM,35.3%,MEDIUM,2026-06-09,📉 GIẢM,36.1%,MEDIUM,2026-06-10,📉 GIẢM,36.9%,HIGH,2026-06-11,📉 GIẢM,37.7%,HIGH,2026-06-12,📉 GIẢM,38.9%,HIGH,2026-06-15,📉 GIẢM,39.7%,HIGH,2026-06-16,📉 GIẢM,40.5%,HIGH,2026-06-17,📉 GIẢM,41.3%,HIGH,2026-06-18,📉 GIẢM,42.0%,HIGH,2026-06-19,📉 GIẢM,42.8%,HIGH,2026-06-22,📉 GIẢM,43.6%,HIGH,2026-06-23,📉 GIẢM,44.4%,HIGH,2026-06-24,📉 GIẢM,45.2%,HIGH
XMC,2026-06-03,2026-06-04,📉 GIẢM,35.2%,MEDIUM,2026-06-05,📉 GIẢM,35.9%,MEDIUM,2026-06-08,📉 GIẢM,36.6%,MEDIUM,2026-06-09,📉 GIẢM,37.3%,MEDIUM,2026-06-10,📉 GIẢM,38.5%,MEDIUM,2026-06-11,📉 GIẢM,39.2%,HIGH,2026-06-12,📉 GIẢM,40.0%,HIGH,2026-06-15,📉 GIẢM,40.7%,HIGH,2026-06-16,📉 GIẢM,41.4%,HIGH,2026-06-17,📉 GIẢM,42.1%,HIGH,2026-06-18,📉 GIẢM,43.0%,HIGH,2026-06-19,📉 GIẢM,43.7%,HIGH,2026-06-22,📉 GIẢM,44.4%,HIGH,2026-06-23,📉 GIẢM,45.1%,HIGH,2026-06-24,📉 GIẢM,45.9%,HIGH
HVX,2026-06-03,2026-06-04,📉 GIẢM,25.4%,HIGH,2026-06-05,📉 GIẢM,25.9%,HIGH,2026-06-08,📉 GIẢM,27.1%,HIGH,2026-06-09,📉 GIẢM,28.4%,HIGH,2026-06-10,📉 GIẢM,29.7%,HIGH,2026-06-11,📉 GIẢM,30.9%,HIGH,2026-06-12,📉 GIẢM,32.2%,HIGH,2026-06-15,📉 GIẢM,33.5%,HIGH,2026-06-16,📉 GIẢM,34.8%,HIGH,2026-06-17,📉 GIẢM,36.0%,HIGH,2026-06-18,📉 GIẢM,37.3%,HIGH,2026-06-19,📉 GIẢM,38.6%,HIGH,2026-06-22,📉 GIẢM,39.8%,HIGH,2026-06-23,📉 GIẢM,41.1%,HIGH,2026-06-24,📉 GIẢM,42.4%,HIGH
ACG,2026-06-03,2026-06-04,📉 GIẢM,30.8%,MEDIUM,2026-06-05,📉 GIẢM,31.8%,HIGH,2026-06-08,📉 GIẢM,32.7%,HIGH,2026-06-09,📉 GIẢM,33.7%,HIGH,2026-06-10,📉 GIẢM,34.7%,HIGH,2026-06-11,📉 GIẢM,35.6%,HIGH,2026-06-12,📉 GIẢM,36.6%,HIGH,2026-06-15,📉 GIẢM,37.5%,HIGH,2026-06-16,📉 GIẢM,38.5%,HIGH,2026-06-17,📉 GIẢM,39.5%,HIGH,2026-06-18,📉 GIẢM,40.4%,HIGH,2026-06-19,📉 GIẢM,41.7%,HIGH,2026-06-22,📉 GIẢM,42.6%,HIGH,2026-06-23,📉 GIẢM,43.5%,HIGH,2026-06-24,📉 GIẢM,44.5%,HIGH
ADS,2026-06-03,2026-06-04,📉 GIẢM,28.4%,HIGH,2026-06-05,📉 GIẢM,29.7%,HIGH,2026-06-08,📉 GIẢM,30.8%,HIGH,2026-06-09,📉 GIẢM,31.9%,HIGH,2026-06-10,📉 GIẢM,32.9%,HIGH,2026-06-11,📉 GIẢM,34.0%,HIGH,2026-06-12,📉 GIẢM,35.1%,HIGH,2026-06-15,📉 GIẢM,36.1%,HIGH,2026-06-16,📉 GIẢM,37.0%,HIGH,2026-06-17,📉 GIẢM,38.1%,HIGH,2026-06-18,📉 GIẢM,39.2%,HIGH,2026-06-19,📉 GIẢM,40.2%,HIGH,2026-06-22,📉 GIẢM,41.3%,HIGH,2026-06-23,📉 GIẢM,42.4%,HIGH,2026-06-24,📉 GIẢM,43.5%,HIGH
AIG,2026-06-03,2026-06-04,📉 GIẢM,42.6%,LOW,2026-06-05,📉 GIẢM,42.9%,LOW,2026-06-08,📉 GIẢM,43.3%,LOW,2026-06-09,📉 GIẢM,43.7%,LOW,2026-06-10,📉 GIẢM,44.1%,LOW,2026-06-11,📉 GIẢM,44.4%,LOW,2026-06-12,📉 GIẢM,44.8%,LOW,2026-06-15,📉 GIẢM,45.2%,LOW,2026-06-16,📉 GIẢM,45.5%,HIGH,2026-06-17,📉 GIẢM,45.9%,HIGH,2026-06-18,📉 GIẢM,46.3%,HIGH,2026-06-19,📉 GIẢM,46.7%,HIGH,2026-06-22,📉 GIẢM,47.0%,HIGH,2026-06-23,📉 GIẢM,47.4%,HIGH,2026-06-24,📉 GIẢM,47.8%,HIGH
DBD,2026-06-03,2026-06-04,📉 GIẢM,40.6%,LOW,2026-06-05,📉 GIẢM,41.0%,LOW,2026-06-08,📉 GIẢM,41.5%,LOW,2026-06-09,📉 GIẢM,42.0%,LOW,2026-06-10,📉 GIẢM,42.5%,LOW,2026-06-11,📉 GIẢM,42.9%,LOW,2026-06-12,📉 GIẢM,43.4%,LOW,2026-06-15,📉 GIẢM,43.9%,HIGH,2026-06-16,📉 GIẢM,44.3%,HIGH,2026-06-17,📉 GIẢM,44.8%,HIGH,2026-06-18,📉 GIẢM,45.3%,HIGH,2026-06-19,📉 GIẢM,45.8%,HIGH,2026-06-22,📉 GIẢM,46.2%,HIGH,2026-06-23,📉 GIẢM,46.7%,HIGH,2026-06-24,📉 GIẢM,47.2%,HIGH
ALV,2026-06-03,2026-06-04,📉 GIẢM,30.5%,MEDIUM,2026-06-05,📉 GIẢM,31.4%,HIGH,2026-06-08,📉 GIẢM,32.4%,HIGH,2026-06-09,📉 GIẢM,33.4%,HIGH,2026-06-10,📉 GIẢM,34.4%,HIGH,2026-06-11,📉 GIẢM,35.3%,HIGH,2026-06-12,📉 GIẢM,36.3%,HIGH,2026-06-15,📉 GIẢM,37.3%,HIGH,2026-06-16,📉 GIẢM,38.3%,HIGH,2026-06-17,📉 GIẢM,39.2%,HIGH,2026-06-18,📉 GIẢM,40.2%,HIGH,2026-06-19,📉 GIẢM,41.2%,HIGH,2026-06-22,📉 GIẢM,42.2%,HIGH,2026-06-23,📉 GIẢM,43.2%,HIGH,2026-06-24,📉 GIẢM,44.1%,HIGH
ASG,2026-06-03,2026-06-04,📉 GIẢM,27.4%,HIGH,2026-06-05,📉 GIẢM,29.4%,HIGH,2026-06-08,📉 GIẢM,30.5%,HIGH,2026-06-09,📉 GIẢM,31.6%,HIGH,2026-06-10,📉 GIẢM,32.6%,HIGH,2026-06-11,📉 GIẢM,33.7%,HIGH,2026-06-12,📉 GIẢM,34.8%,HIGH,2026-06-15,📉 GIẢM,35.9%,HIGH,2026-06-16,📉 GIẢM,37.0%,HIGH,2026-06-17,📉 GIẢM,38.1%,HIGH,2026-06-18,📉 GIẢM,39.2%,HIGH,2026-06-19,📉 GIẢM,40.2%,HIGH,2026-06-22,📉 GIẢM,41.3%,HIGH,2026-06-23,📉 GIẢM,42.4%,HIGH,2026-06-24,📉 GIẢM,43.5%,HIGH
BLI,2026-06-03,2026-06-04,📉 GIẢM,25.5%,HIGH,2026-06-05,📉 GIẢM,28.3%,HIGH,2026-06-08,📉 GIẢM,29.4%,HIGH,2026-06-09,📉 GIẢM,30.6%,HIGH,2026-06-10,📉 GIẢM,31.7%,HIGH,2026-06-11,📉 GIẢM,32.8%,HIGH,2026-06-12,📉 GIẢM,34.0%,HIGH,2026-06-15,📉 GIẢM,35.1%,HIGH,2026-06-16,📉 GIẢM,36.3%,HIGH,2026-06-17,📉 GIẢM,37.4%,HIGH,2026-06-18,📉 GIẢM,38.6%,HIGH,2026-06-19,📉 GIẢM,39.7%,HIGH,2026-06-22,📉 GIẢM,40.9%,HIGH,2026-06-23,📉 GIẢM,42.0%,HIGH,2026-06-24,📉 GIẢM,43.1%,HIGH
HTG,2026-06-03,2026-06-04,📉 GIẢM,21.0%,HIGH,2026-06-05,📉 GIẢM,22.2%,HIGH,2026-06-08,📉 GIẢM,23.7%,HIGH,2026-06-09,📉 GIẢM,25.1%,HIGH,2026-06-10,📉 GIẢM,26.6%,HIGH,2026-06-11,📉 GIẢM,28.1%,HIGH,2026-06-12,📉 GIẢM,29.8%,HIGH,2026-06-15,📉 GIẢM,31.3%,HIGH,2026-06-16,📉 GIẢM,32.8%,HIGH,2026-06-17,📉 GIẢM,34.3%,HIGH,2026-06-18,📉 GIẢM,35.7%,HIGH,2026-06-19,📉 GIẢM,37.1%,HIGH,2026-06-22,📉 GIẢM,38.6%,HIGH,2026-06-23,📉 GIẢM,40.0%,HIGH,2026-06-24,📉 GIẢM,41.6%,HIGH
BXH,2026-06-03,2026-06-04,📉 GIẢM,34.2%,MEDIUM,2026-06-05,📉 GIẢM,35.0%,MEDIUM,2026-06-08,📉 GIẢM,35.7%,MEDIUM,2026-06-09,📉 GIẢM,36.5%,MEDIUM,2026-06-10,📉 GIẢM,37.3%,HIGH,2026-06-11,📉 GIẢM,38.1%,HIGH,2026-06-12,📉 GIẢM,38.9%,HIGH,2026-06-15,📉 GIẢM,39.7%,HIGH,2026-06-16,📉 GIẢM,40.5%,HIGH,2026-06-17,📉 GIẢM,41.3%,HIGH,2026-06-18,📉 GIẢM,42.1%,HIGH,2026-06-19,📉 GIẢM,42.9%,HIGH,2026-06-22,📉 GIẢM,43.7%,HIGH,2026-06-23,📉 GIẢM,44.5%,HIGH,2026-06-24,📉 GIẢM,45.2%,HIGH
C47,2026-06-03,2026-06-04,📉 GIẢM,22.8%,HIGH,2026-06-05,📉 GIẢM,24.1%,HIGH,2026-06-08,📉 GIẢM,25.5%,HIGH,2026-06-09,📉 GIẢM,26.9%,HIGH,2026-06-10,📉 GIẢM,28.2%,HIGH,2026-06-11,📉 GIẢM,29.6%,HIGH,2026-06-12,📉 GIẢM,30.9%,HIGH,2026-06-15,📉 GIẢM,32.3%,HIGH,2026-06-16,📉 GIẢM,33.7%,HIGH,2026-06-17,📉 GIẢM,35.0%,HIGH,2026-06-18,📉 GIẢM,36.4%,HIGH,2026-06-19,📉 GIẢM,37.8%,HIGH,2026-06-22,📉 GIẢM,39.1%,HIGH,2026-06-23,📉 GIẢM,40.5%,HIGH,2026-06-24,📉 GIẢM,41.8%,HIGH
C69,2026-06-03,2026-06-04,📉 GIẢM,35.3%,MEDIUM,2026-06-05,📉 GIẢM,35.4%,MEDIUM,2026-06-08,📉 GIẢM,36.1%,MEDIUM,2026-06-09,📉 GIẢM,36.9%,MEDIUM,2026-06-10,📉 GIẢM,37.7%,HIGH,2026-06-11,📉 GIẢM,38.4%,HIGH,2026-06-12,📉 GIẢM,39.2%,HIGH,2026-06-15,📉 GIẢM,40.0%,HIGH,2026-06-16,📉 GIẢM,40.8%,HIGH,2026-06-17,📉 GIẢM,41.5%,HIGH,2026-06-18,📉 GIẢM,42.3%,HIGH,2026-06-19,📉 GIẢM,43.1%,HIGH,2026-06-22,📉 GIẢM,43.8%,HIGH,2026-06-23,📉 GIẢM,44.6%,HIGH,2026-06-24,📉 GIẢM,45.4%,HIGH
CLH,2026-06-03,2026-06-04,📉 GIẢM,40.1%,LOW,2026-06-05,📉 GIẢM,40.6%,LOW,2026-06-08,📉 GIẢM,41.1%,LOW,2026-06-09,📉 GIẢM,41.6%,LOW,2026-06-10,📉 GIẢM,42.1%,LOW,2026-06-11,📉 GIẢM,42.6%,LOW,2026-06-12,📉 GIẢM,43.1%,LOW,2026-06-15,📉 GIẢM,43.6%,HIGH,2026-06-16,📉 GIẢM,44.1%,HIGH,2026-06-17,📉 GIẢM,44.6%,HIGH,2026-06-18,📉 GIẢM,45.1%,HIGH,2026-06-19,📉 GIẢM,45.6%,HIGH,2026-06-22,📉 GIẢM,46.1%,HIGH,2026-06-23,📉 GIẢM,46.5%,HIGH,2026-06-24,📉 GIẢM,47.0%,HIGH
HPA,2026-06-03,2026-06-04,📉 GIẢM,30.5%,MEDIUM,2026-06-05,📉 GIẢM,33.2%,MEDIUM,2026-06-08,📉 GIẢM,34.0%,MEDIUM,2026-06-09,📉 GIẢM,34.9%,HIGH,2026-06-10,📉 GIẢM,35.8%,HIGH,2026-06-11,📉 GIẢM,36.7%,HIGH,2026-06-12,📉 GIẢM,37.6%,HIGH,2026-06-15,📉 GIẢM,38.5%,HIGH,2026-06-16,📉 GIẢM,39.4%,HIGH,2026-06-17,📉 GIẢM,40.2%,HIGH,2026-06-18,📉 GIẢM,41.1%,HIGH,2026-06-19,📉 GIẢM,42.0%,HIGH,2026-06-22,📉 GIẢM,42.9%,HIGH,2026-06-23,📉 GIẢM,43.8%,HIGH,2026-06-24,📉 GIẢM,44.7%,HIGH
CTG,2026-06-03,2026-06-04,📉 GIẢM,49.3%,LOW,2026-06-05,📉 GIẢM,49.3%,LOW,2026-06-08,📉 GIẢM,49.3%,LOW,2026-06-09,📉 GIẢM,49.4%,LOW,2026-06-10,📉 GIẢM,49.4%,LOW,2026-06-11,📉 GIẢM,49.5%,LOW,2026-06-12,📉 GIẢM,49.5%,LOW,2026-06-15,📉 GIẢM,49.5%,LOW,2026-06-16,📉 GIẢM,49.6%,LOW,2026-06-17,📉 GIẢM,49.6%,LOW,2026-06-18,📉 GIẢM,49.6%,HIGH,2026-06-19,📉 GIẢM,49.7%,HIGH,2026-06-22,📉 GIẢM,49.7%,HIGH,2026-06-23,📉 GIẢM,49.7%,HIGH,2026-06-24,📉 GIẢM,49.8%,HIGH
CTX,2026-06-03,2026-06-04,📉 GIẢM,37.2%,MEDIUM,2026-06-05,📉 GIẢM,37.8%,MEDIUM,2026-06-08,📉 GIẢM,38.4%,MEDIUM,2026-06-09,📉 GIẢM,39.1%,MEDIUM,2026-06-10,📉 GIẢM,39.7%,MEDIUM,2026-06-11,📉 GIẢM,40.4%,LOW,2026-06-12,📉 GIẢM,41.0%,HIGH,2026-06-15,📉 GIẢM,41.7%,HIGH,2026-06-16,📉 GIẢM,42.3%,HIGH,2026-06-17,📉 GIẢM,42.6%,HIGH,2026-06-18,📉 GIẢM,43.3%,HIGH,2026-06-19,📉 GIẢM,44.1%,HIGH,2026-06-22,📉 GIẢM,44.8%,HIGH,2026-06-23,📉 GIẢM,45.5%,HIGH,2026-06-24,📉 GIẢM,46.2%,HIGH
AME,2026-06-03,2026-06-04,📈 TĂNG,58.7%,LOW,2026-06-05,📈 TĂNG,58.6%,LOW,2026-06-08,📈 TĂNG,58.1%,LOW,2026-06-09,📈 TĂNG,57.7%,LOW,2026-06-10,📈 TĂNG,57.2%,LOW,2026-06-11,📈 TĂNG,56.8%,LOW,2026-06-12,📈 TĂNG,56.3%,LOW,2026-06-15,📈 TĂNG,55.9%,LOW,2026-06-16,📈 TĂNG,55.4%,HIGH,2026-06-17,📈 TĂNG,55.0%,HIGH,2026-06-18,📈 TĂNG,54.5%,HIGH,2026-06-19,📈 TĂNG,54.1%,HIGH,2026-06-22,📈 TĂNG,53.6%,HIGH,2026-06-23,📈 TĂNG,53.2%,HIGH,2026-06-24,📈 TĂNG,52.7%,HIGH
LCG,2026-06-03,2026-06-04,📉 GIẢM,40.4%,LOW,2026-06-05,📉 GIẢM,41.9%,LOW,2026-06-08,📉 GIẢM,42.4%,LOW,2026-06-09,📉 GIẢM,42.8%,LOW,2026-06-10,📉 GIẢM,43.2%,LOW,2026-06-11,📉 GIẢM,43.6%,LOW,2026-06-12,📉 GIẢM,44.1%,LOW,2026-06-15,📉 GIẢM,44.5%,LOW,2026-06-16,📉 GIẢM,44.9%,HIGH,2026-06-17,📉 GIẢM,45.1%,HIGH,2026-06-18,📉 GIẢM,45.5%,HIGH,2026-06-19,📉 GIẢM,46.0%,HIGH,2026-06-22,📉 GIẢM,46.4%,HIGH,2026-06-23,📉 GIẢM,46.9%,HIGH,2026-06-24,📉 GIẢM,47.3%,HIGH
SBS,2026-06-03,2026-06-04,📈 TĂNG,52.0%,LOW,2026-06-05,📈 TĂNG,51.9%,LOW,2026-06-08,📈 TĂNG,51.8%,LOW,2026-06-09,📈 TĂNG,51.7%,LOW,2026-06-10,📈 TĂNG,51.6%,LOW,2026-06-11,📈 TĂNG,51.6%,LOW,2026-06-12,📈 TĂNG,51.5%,LOW,2026-06-15,📈 TĂNG,51.4%,LOW,2026-06-16,📈 TĂNG,51.3%,LOW,2026-06-17,📈 TĂNG,51.2%,LOW,2026-06-18,📈 TĂNG,51.1%,HIGH,2026-06-19,📈 TĂNG,51.0%,HIGH,2026-06-22,📈 TĂNG,51.0%,HIGH,2026-06-23,📈 TĂNG,50.9%,HIGH,2026-06-24,📈 TĂNG,50.8%,HIGH
SBV,2026-06-03,2026-06-04,📉 GIẢM,35.6%,MEDIUM,2026-06-05,📉 GIẢM,36.3%,MEDIUM,2026-06-08,📉 GIẢM,37.1%,MEDIUM,2026-06-09,📉 GIẢM,37.8%,MEDIUM,2026-06-10,📉 GIẢM,38.5%,MEDIUM,2026-06-11,📉 GIẢM,39.2%,HIGH,2026-06-12,📉 GIẢM,39.9%,HIGH,2026-06-15,📉 GIẢM,40.6%,HIGH,2026-06-16,📉 GIẢM,41.4%,HIGH,2026-06-17,📉 GIẢM,42.1%,HIGH,2026-06-18,📉 GIẢM,42.8%,HIGH,2026-06-19,📉 GIẢM,43.5%,HIGH,2026-06-22,📉 GIẢM,44.2%,HIGH,2026-06-23,📉 GIẢM,45.0%,HIGH,2026-06-24,📉 GIẢM,45.7%,HIGH
SCI,2026-06-03,2026-06-04,📉 GIẢM,29.6%,HIGH,2026-06-05,📉 GIẢM,31.7%,HIGH,2026-06-08,📉 GIẢM,32.7%,HIGH,2026-06-09,📉 GIẢM,33.6%,HIGH,2026-06-10,📉 GIẢM,34.6%,HIGH,2026-06-11,📉 GIẢM,35.6%,HIGH,2026-06-12,📉 GIẢM,36.5%,HIGH,2026-06-15,📉 GIẢM,37.5%,HIGH,2026-06-16,📉 GIẢM,38.6%,HIGH,2026-06-17,📉 GIẢM,39.6%,HIGH,2026-06-18,📉 GIẢM,40.5%,HIGH,2026-06-19,📉 GIẢM,41.5%,HIGH,2026-06-22,📉 GIẢM,42.4%,HIGH,2026-06-23,📉 GIẢM,43.4%,HIGH,2026-06-24,📉 GIẢM,44.3%,HIGH
SCL,2026-06-03,2026-06-04,📉 GIẢM,26.9%,HIGH,2026-06-05,📉 GIẢM,28.1%,HIGH,2026-06-08,📉 GIẢM,29.2%,HIGH,2026-06-09,📉 GIẢM,30.4%,HIGH,2026-06-10,📉 GIẢM,31.5%,HIGH,2026-06-11,📉 GIẢM,32.7%,HIGH,2026-06-12,📉 GIẢM,33.8%,HIGH,2026-06-15,📉 GIẢM,35.0%,HIGH,2026-06-16,📉 GIẢM,36.2%,HIGH,2026-06-17,📉 GIẢM,37.3%,HIGH,2026-06-18,📉 GIẢM,38.5%,HIGH,2026-06-19,📉 GIẢM,39.6%,HIGH,2026-06-22,📉 GIẢM,40.8%,HIGH,2026-06-23,📉 GIẢM,41.9%,HIGH,2026-06-24,📉 GIẢM,43.1%,HIGH
SEA,2026-06-03,2026-06-04,📉 GIẢM,26.5%,HIGH,2026-06-05,📉 GIẢM,27.7%,HIGH,2026-06-08,📉 GIẢM,28.9%,HIGH,2026-06-09,📉 GIẢM,30.0%,HIGH,2026-06-10,📉 GIẢM,31.2%,HIGH,2026-06-11,📉 GIẢM,32.4%,HIGH,2026-06-12,📉 GIẢM,33.6%,HIGH,2026-06-15,📉 GIẢM,34.7%,HIGH,2026-06-16,📉 GIẢM,35.9%,HIGH,2026-06-17,📉 GIẢM,37.1%,HIGH,2026-06-18,📉 GIẢM,38.3%,HIGH,2026-06-19,📉 GIẢM,39.4%,HIGH,2026-06-22,📉 GIẢM,40.6%,HIGH,2026-06-23,📉 GIẢM,41.8%,HIGH,2026-06-24,📉 GIẢM,43.0%,HIGH
CRC,2026-06-03,2026-06-04,📈 TĂNG,54.1%,LOW,2026-06-05,📈 TĂNG,53.9%,LOW,2026-06-08,📈 TĂNG,53.7%,LOW,2026-06-09,📈 TĂNG,53.5%,LOW,2026-06-10,📈 TĂNG,53.3%,LOW,2026-06-11,📈 TĂNG,53.1%,LOW,2026-06-12,📈 TĂNG,52.8%,LOW,2026-06-15,📈 TĂNG,52.6%,LOW,2026-06-16,📈 TĂNG,52.4%,LOW,2026-06-17,📈 TĂNG,52.4%,HIGH,2026-06-18,📈 TĂNG,52.2%,HIGH,2026-06-19,📈 TĂNG,52.0%,HIGH,2026-06-22,📈 TĂNG,51.8%,HIGH,2026-06-23,📈 TĂNG,51.6%,HIGH,2026-06-24,📈 TĂNG,51.3%,HIGH
SHP,2026-06-03,2026-06-04,📉 GIẢM,33.4%,MEDIUM,2026-06-05,📉 GIẢM,35.8%,MEDIUM,2026-06-08,📉 GIẢM,36.6%,MEDIUM,2026-06-09,📉 GIẢM,37.3%,MEDIUM,2026-06-10,📉 GIẢM,38.1%,MEDIUM,2026-06-11,📉 GIẢM,38.8%,HIGH,2026-06-12,📉 GIẢM,39.6%,HIGH,2026-06-15,📉 GIẢM,40.3%,HIGH,2026-06-16,📉 GIẢM,41.0%,HIGH,2026-06-17,📉 GIẢM,41.8%,HIGH,2026-06-18,📉 GIẢM,42.5%,HIGH,2026-06-19,📉 GIẢM,43.3%,HIGH,2026-06-22,📉 GIẢM,44.0%,HIGH,2026-06-23,📉 GIẢM,44.8%,HIGH,2026-06-24,📉 GIẢM,45.5%,HIGH
SJD,2026-06-03,2026-06-04,📉 GIẢM,31.2%,MEDIUM,2026-06-05,📉 GIẢM,32.3%,MEDIUM,2026-06-08,📉 GIẢM,33.3%,HIGH,2026-06-09,📉 GIẢM,34.2%,HIGH,2026-06-10,📉 GIẢM,35.1%,HIGH,2026-06-11,📉 GIẢM,36.1%,HIGH,2026-06-12,📉 GIẢM,37.0%,HIGH,2026-06-15,📉 GIẢM,37.9%,HIGH,2026-06-16,📉 GIẢM,38.8%,HIGH,2026-06-17,📉 GIẢM,39.8%,HIGH,2026-06-18,📉 GIẢM,40.7%,HIGH,2026-06-19,📉 GIẢM,41.6%,HIGH,2026-06-22,📉 GIẢM,42.6%,HIGH,2026-06-23,📉 GIẢM,43.5%,HIGH,2026-06-24,📉 GIẢM,44.4%,HIGH
SRC,2026-06-03,2026-06-04,📉 GIẢM,32.1%,MEDIUM,2026-06-05,📉 GIẢM,33.0%,MEDIUM,2026-06-08,📉 GIẢM,33.9%,HIGH,2026-06-09,📉 GIẢM,34.8%,HIGH,2026-06-10,📉 GIẢM,35.7%,HIGH,2026-06-11,📉 GIẢM,36.6%,HIGH,2026-06-12,📉 GIẢM,37.5%,HIGH,2026-06-15,📉 GIẢM,38.4%,HIGH,2026-06-16,📉 GIẢM,39.3%,HIGH,2026-06-17,📉 GIẢM,40.2%,HIGH,2026-06-18,📉 GIẢM,41.0%,HIGH,2026-06-19,📉 GIẢM,42.1%,HIGH,2026-06-22,📉 GIẢM,42.9%,HIGH,2026-06-23,📉 GIẢM,43.8%,HIGH,2026-06-24,📉 GIẢM,44.7%,HIGH
SZC,2026-06-03,2026-06-04,📉 GIẢM,44.1%,LOW,2026-06-05,📉 GIẢM,45.7%,LOW,2026-06-08,📉 GIẢM,45.9%,LOW,2026-06-09,📉 GIẢM,46.1%,LOW,2026-06-10,📉 GIẢM,46.4%,LOW,2026-06-11,📉 GIẢM,46.5%,LOW,2026-06-12,📉 GIẢM,46.8%,LOW,2026-06-15,📉 GIẢM,47.0%,LOW,2026-06-16,📉 GIẢM,47.2%,LOW,2026-06-17,📉 GIẢM,47.5%,HIGH,2026-06-18,📉 GIẢM,47.7%,HIGH,2026-06-19,📉 GIẢM,47.9%,HIGH,2026-06-22,📉 GIẢM,48.2%,HIGH,2026-06-23,📉 GIẢM,48.4%,HIGH,2026-06-24,📉 GIẢM,48.6%,HIGH
SZE,2026-06-03,2026-06-04,📉 GIẢM,33.1%,MEDIUM,2026-06-05,📉 GIẢM,33.1%,MEDIUM,2026-06-08,📉 GIẢM,33.9%,HIGH,2026-06-09,📉 GIẢM,34.8%,HIGH,2026-06-10,📉 GIẢM,35.7%,HIGH,2026-06-11,📉 GIẢM,36.6%,HIGH,2026-06-12,📉 GIẢM,37.5%,HIGH,2026-06-15,📉 GIẢM,38.4%,HIGH,2026-06-16,📉 GIẢM,39.3%,HIGH,2026-06-17,📉 GIẢM,40.2%,HIGH,2026-06-18,📉 GIẢM,41.1%,HIGH,2026-06-19,📉 GIẢM,42.0%,HIGH,2026-06-22,📉 GIẢM,42.9%,HIGH,2026-06-23,📉 GIẢM,43.8%,HIGH,2026-06-24,📉 GIẢM,44.6%,HIGH
CPC,2026-06-03,2026-06-04,📉 GIẢM,28.2%,HIGH,2026-06-05,📉 GIẢM,28.8%,HIGH,2026-06-08,📉 GIẢM,29.9%,HIGH,2026-06-09,📉 GIẢM,31.0%,HIGH,2026-06-10,📉 GIẢM,32.1%,HIGH,2026-06-11,📉 GIẢM,33.2%,HIGH,2026-06-12,📉 GIẢM,34.4%,HIGH,2026-06-15,📉 GIẢM,35.5%,HIGH,2026-06-16,📉 GIẢM,36.6%,HIGH,2026-06-17,📉 GIẢM,37.7%,HIGH,2026-06-18,📉 GIẢM,38.8%,HIGH,2026-06-19,📉 GIẢM,39.9%,HIGH,2026-06-22,📉 GIẢM,41.1%,HIGH,2026-06-23,📉 GIẢM,42.2%,HIGH,2026-06-24,📉 GIẢM,43.3%,HIGH
CTP,2026-06-03,2026-06-04,📈 TĂNG,54.7%,LOW,2026-06-05,📈 TĂNG,54.5%,LOW,2026-06-08,📈 TĂNG,54.3%,LOW,2026-06-09,📈 TĂNG,54.0%,LOW,2026-06-10,📈 TĂNG,53.8%,LOW,2026-06-11,📈 TĂNG,53.6%,LOW,2026-06-12,📈 TĂNG,53.3%,LOW,2026-06-15,📈 TĂNG,53.1%,LOW,2026-06-16,📈 TĂNG,52.8%,LOW,2026-06-17,📈 TĂNG,52.6%,HIGH,2026-06-18,📈 TĂNG,52.4%,HIGH,2026-06-19,📈 TĂNG,52.1%,HIGH,2026-06-22,📈 TĂNG,51.9%,HIGH,2026-06-23,📈 TĂNG,51.7%,HIGH,2026-06-24,📈 TĂNG,51.4%,HIGH
TA9,2026-06-03,2026-06-04,📉 GIẢM,37.5%,MEDIUM,2026-06-05,📉 GIẢM,38.0%,MEDIUM,2026-06-08,📉 GIẢM,38.6%,MEDIUM,2026-06-09,📉 GIẢM,39.2%,MEDIUM,2026-06-10,📉 GIẢM,40.4%,LOW,2026-06-11,📉 GIẢM,41.0%,LOW,2026-06-12,📉 GIẢM,41.6%,HIGH,2026-06-15,📉 GIẢM,41.5%,HIGH,2026-06-16,📉 GIẢM,42.2%,HIGH,2026-06-17,📉 GIẢM,42.8%,HIGH,2026-06-18,📉 GIẢM,43.5%,HIGH,2026-06-19,📉 GIẢM,44.1%,HIGH,2026-06-22,📉 GIẢM,44.8%,HIGH,2026-06-23,📉 GIẢM,45.4%,HIGH,2026-06-24,📉 GIẢM,46.1%,HIGH
TDM,2026-06-03,2026-06-04,📉 GIẢM,22.4%,HIGH,2026-06-05,📉 GIẢM,23.8%,HIGH,2026-06-08,📉 GIẢM,25.2%,HIGH,2026-06-09,📉 GIẢM,26.5%,HIGH,2026-06-10,📉 GIẢM,27.9%,HIGH,2026-06-11,📉 GIẢM,29.3%,HIGH,2026-06-12,📉 GIẢM,30.7%,HIGH,2026-06-15,📉 GIẢM,32.1%,HIGH,2026-06-16,📉 GIẢM,33.5%,HIGH,2026-06-17,📉 GIẢM,34.8%,HIGH,2026-06-18,📉 GIẢM,36.6%,HIGH,2026-06-19,📉 GIẢM,37.9%,HIGH,2026-06-22,📉 GIẢM,39.3%,HIGH,2026-06-23,📉 GIẢM,40.6%,HIGH,2026-06-24,📉 GIẢM,42.0%,HIGH
THP,2026-06-03,2026-06-04,📉 GIẢM,21.2%,HIGH,2026-06-05,📉 GIẢM,22.6%,HIGH,2026-06-08,📉 GIẢM,24.1%,HIGH,2026-06-09,📉 GIẢM,25.5%,HIGH,2026-06-10,📉 GIẢM,26.9%,HIGH,2026-06-11,📉 GIẢM,28.4%,HIGH,2026-06-12,📉 GIẢM,29.8%,HIGH,2026-06-15,📉 GIẢM,31.3%,HIGH,2026-06-16,📉 GIẢM,32.7%,HIGH,2026-06-17,📉 GIẢM,34.2%,HIGH,2026-06-18,📉 GIẢM,35.6%,HIGH,2026-06-19,📉 GIẢM,37.0%,HIGH,2026-06-22,📉 GIẢM,38.5%,HIGH,2026-06-23,📉 GIẢM,39.9%,HIGH,2026-06-24,📉 GIẢM,41.4%,HIGH
TLH,2026-06-03,2026-06-04,📉 GIẢM,32.4%,MEDIUM,2026-06-05,📉 GIẢM,34.2%,MEDIUM,2026-06-08,📉 GIẢM,35.1%,MEDIUM,2026-06-09,📉 GIẢM,35.9%,HIGH,2026-06-10,📉 GIẢM,36.7%,HIGH,2026-06-11,📉 GIẢM,37.6%,HIGH,2026-06-12,📉 GIẢM,38.4%,HIGH,2026-06-15,📉 GIẢM,39.2%,HIGH,2026-06-16,📉 GIẢM,40.0%,HIGH,2026-06-17,📉 GIẢM,40.9%,HIGH,2026-06-18,📉 GIẢM,41.7%,HIGH,2026-06-19,📉 GIẢM,42.5%,HIGH,2026-06-22,📉 GIẢM,43.4%,HIGH,2026-06-23,📉 GIẢM,44.2%,HIGH,2026-06-24,📉 GIẢM,45.0%,HIGH
CIG,2026-06-03,2026-06-04,📉 GIẢM,35.7%,MEDIUM,2026-06-05,📉 GIẢM,36.4%,MEDIUM,2026-06-08,📉 GIẢM,37.1%,MEDIUM,2026-06-09,📉 GIẢM,37.8%,MEDIUM,2026-06-10,📉 GIẢM,38.5%,MEDIUM,2026-06-11,📉 GIẢM,39.2%,HIGH,2026-06-12,📉 GIẢM,40.0%,HIGH,2026-06-15,📉 GIẢM,40.7%,HIGH,2026-06-16,📉 GIẢM,41.4%,HIGH,2026-06-17,📉 GIẢM,42.1%,HIGH,2026-06-18,📉 GIẢM,42.8%,HIGH,2026-06-19,📉 GIẢM,43.5%,HIGH,2026-06-22,📉 GIẢM,44.3%,HIGH,2026-06-23,📉 GIẢM,45.0%,HIGH,2026-06-24,📉 GIẢM,45.7%,HIGH
TMS,2026-06-03,2026-06-04,📉 GIẢM,25.9%,HIGH,2026-06-05,📉 GIẢM,27.8%,HIGH,2026-06-08,📉 GIẢM,28.9%,HIGH,2026-06-09,📉 GIẢM,30.1%,HIGH,2026-06-10,📉 GIẢM,31.3%,HIGH,2026-06-11,📉 GIẢM,32.5%,HIGH,2026-06-12,📉 GIẢM,33.6%,HIGH,2026-06-15,📉 GIẢM,34.8%,HIGH,2026-06-16,📉 GIẢM,36.0%,HIGH,2026-06-17,📉 GIẢM,37.1%,HIGH,2026-06-18,📉 GIẢM,38.3%,HIGH,2026-06-19,📉 GIẢM,39.5%,HIGH,2026-06-22,📉 GIẢM,40.6%,HIGH,2026-06-23,📉 GIẢM,41.8%,HIGH,2026-06-24,📉 GIẢM,43.0%,HIGH
TOT,2026-06-03,2026-06-04,📈 TĂNG,52.0%,LOW,2026-06-05,📈 TĂNG,52.5%,LOW,2026-06-08,📈 TĂNG,52.4%,LOW,2026-06-09,📈 TĂNG,52.3%,LOW,2026-06-10,📈 TĂNG,51.8%,LOW,2026-06-11,📈 TĂNG,51.7%,LOW,2026-06-12,📈 TĂNG,51.6%,LOW,2026-06-15,📈 TĂNG,51.5%,LOW,2026-06-16,📈 TĂNG,51.4%,LOW,2026-06-17,📈 TĂNG,51.3%,LOW,2026-06-18,📈 TĂNG,51.2%,HIGH,2026-06-19,📈 TĂNG,51.1%,HIGH,2026-06-22,📈 TĂNG,51.0%,HIGH,2026-06-23,📈 TĂNG,50.8%,HIGH,2026-06-24,📈 TĂNG,50.7%,HIGH
TPB,2026-06-03,2026-06-04,📉 GIẢM,42.3%,LOW,2026-06-05,📉 GIẢM,42.7%,LOW,2026-06-08,📉 GIẢM,43.1%,LOW,2026-06-09,📉 GIẢM,43.4%,LOW,2026-06-10,📉 GIẢM,43.8%,LOW,2026-06-11,📉 GIẢM,44.2%,LOW,2026-06-12,📉 GIẢM,44.6%,LOW,2026-06-15,📉 GIẢM,45.0%,LOW,2026-06-16,📉 GIẢM,45.4%,HIGH,2026-06-17,📉 GIẢM,45.8%,HIGH,2026-06-18,📉 GIẢM,46.1%,HIGH,2026-06-19,📉 GIẢM,46.5%,HIGH,2026-06-22,📉 GIẢM,46.9%,HIGH,2026-06-23,📉 GIẢM,47.3%,HIGH,2026-06-24,📉 GIẢM,47.7%,HIGH
TRV,2026-06-03,2026-06-04,📉 GIẢM,33.9%,MEDIUM,2026-06-05,📉 GIẢM,34.7%,MEDIUM,2026-06-08,📉 GIẢM,35.8%,MEDIUM,2026-06-09,📉 GIẢM,36.6%,MEDIUM,2026-06-10,📉 GIẢM,37.4%,HIGH,2026-06-11,📉 GIẢM,38.4%,HIGH,2026-06-12,📉 GIẢM,39.2%,HIGH,2026-06-15,📉 GIẢM,39.9%,HIGH,2026-06-16,📉 GIẢM,41.4%,HIGH,2026-06-17,📉 GIẢM,42.2%,HIGH,2026-06-18,📉 GIẢM,42.9%,HIGH,2026-06-19,📉 GIẢM,43.6%,HIGH,2026-06-22,📉 GIẢM,44.3%,HIGH,2026-06-23,📉 GIẢM,45.0%,HIGH,2026-06-24,📉 GIẢM,45.7%,HIGH
UIC,2026-06-03,2026-06-04,📉 GIẢM,37.5%,MEDIUM,2026-06-05,📉 GIẢM,38.1%,MEDIUM,2026-06-08,📉 GIẢM,38.7%,MEDIUM,2026-06-09,📉 GIẢM,39.4%,MEDIUM,2026-06-10,📉 GIẢM,40.0%,MEDIUM,2026-06-11,📉 GIẢM,40.6%,LOW,2026-06-12,📉 GIẢM,41.2%,HIGH,2026-06-15,📉 GIẢM,41.9%,HIGH,2026-06-16,📉 GIẢM,42.4%,HIGH,2026-06-17,📉 GIẢM,43.0%,HIGH,2026-06-18,📉 GIẢM,43.7%,HIGH,2026-06-19,📉 GIẢM,44.4%,HIGH,2026-06-22,📉 GIẢM,45.0%,HIGH,2026-06-23,📉 GIẢM,45.6%,HIGH,2026-06-24,📉 GIẢM,46.2%,HIGH
SZL,2026-06-03,2026-06-04,📈 TĂNG,51.7%,LOW,2026-06-05,📈 TĂNG,51.6%,LOW,2026-06-08,📈 TĂNG,51.5%,LOW,2026-06-09,📈 TĂNG,51.5%,LOW,2026-06-10,📈 TĂNG,51.4%,LOW,2026-06-11,📈 TĂNG,51.3%,LOW,2026-06-12,📈 TĂNG,51.2%,LOW,2026-06-15,📈 TĂNG,51.1%,LOW,2026-06-16,📈 TĂNG,51.0%,LOW,2026-06-17,📈 TĂNG,50.9%,LOW,2026-06-18,📈 TĂNG,50.9%,HIGH,2026-06-19,📈 TĂNG,50.8%,HIGH,2026-06-22,📈 TĂNG,50.7%,HIGH,2026-06-23,📈 TĂNG,50.6%,HIGH,2026-06-24,📈 TĂNG,50.5%,HIGH
RBC,2026-06-03,2026-06-04,📈 TĂNG,64.6%,MEDIUM,2026-06-05,📈 TĂNG,63.5%,MEDIUM,2026-06-08,📈 TĂNG,62.8%,MEDIUM,2026-06-09,📈 TĂNG,62.1%,MEDIUM,2026-06-10,📈 TĂNG,61.4%,MEDIUM,2026-06-11,📈 TĂNG,60.6%,HIGH,2026-06-12,📈 TĂNG,59.9%,HIGH,2026-06-15,📈 TĂNG,59.2%,HIGH,2026-06-16,📈 TĂNG,58.7%,HIGH,2026-06-17,📈 TĂNG,58.0%,HIGH,2026-06-18,📈 TĂNG,57.2%,HIGH,2026-06-19,📈 TĂNG,56.5%,HIGH,2026-06-22,📈 TĂNG,55.8%,HIGH,2026-06-23,📈 TĂNG,55.1%,HIGH,2026-06-24,📈 TĂNG,54.3%,HIGH
QTP,2026-06-03,2026-06-04,📉 GIẢM,36.8%,MEDIUM,2026-06-05,📉 GIẢM,37.5%,MEDIUM,2026-06-08,📉 GIẢM,38.2%,MEDIUM,2026-06-09,📉 GIẢM,38.9%,MEDIUM,2026-06-10,📉 GIẢM,39.5%,MEDIUM,2026-06-11,📉 GIẢM,40.3%,LOW,2026-06-12,📉 GIẢM,40.9%,HIGH,2026-06-15,📉 GIẢM,41.6%,HIGH,2026-06-16,📉 GIẢM,42.2%,HIGH,2026-06-17,📉 GIẢM,42.9%,HIGH,2026-06-18,📉 GIẢM,43.5%,HIGH,2026-06-19,📉 GIẢM,44.2%,HIGH,2026-06-22,📉 GIẢM,44.8%,HIGH,2026-06-23,📉 GIẢM,45.5%,HIGH,2026-06-24,📉 GIẢM,46.1%,HIGH
LPB,2026-06-03,2026-06-04,📈 TĂNG,56.9%,LOW,2026-06-05,📈 TĂNG,56.6%,LOW,2026-06-08,📈 TĂNG,56.2%,LOW,2026-06-09,📈 TĂNG,55.9%,LOW,2026-06-10,📈 TĂNG,55.5%,LOW,2026-06-11,📈 TĂNG,55.2%,LOW,2026-06-12,📈 TĂNG,54.9%,LOW,2026-06-15,📈 TĂNG,54.5%,LOW,2026-06-16,📈 TĂNG,54.2%,HIGH,2026-06-17,📈 TĂNG,53.8%,HIGH,2026-06-18,📈 TĂNG,53.5%,HIGH,2026-06-19,📈 TĂNG,53.1%,HIGH,2026-06-22,📈 TĂNG,52.8%,HIGH,2026-06-23,📈 TĂNG,52.4%,HIGH,2026-06-24,📈 TĂNG,52.1%,HIGH
LPT,2026-06-03,2026-06-04,📉 GIẢM,28.5%,HIGH,2026-06-05,📉 GIẢM,29.6%,HIGH,2026-06-08,📉 GIẢM,30.6%,HIGH,2026-06-09,📉 GIẢM,31.7%,HIGH,2026-06-10,📉 GIẢM,32.8%,HIGH,2026-06-11,📉 GIẢM,33.9%,HIGH,2026-06-12,📉 GIẢM,34.9%,HIGH,2026-06-15,📉 GIẢM,36.0%,HIGH,2026-06-16,📉 GIẢM,37.1%,HIGH,2026-06-17,📉 GIẢM,38.3%,HIGH,2026-06-18,📉 GIẢM,39.3%,HIGH,2026-06-19,📉 GIẢM,40.4%,HIGH,2026-06-22,📉 GIẢM,41.5%,HIGH,2026-06-23,📉 GIẢM,42.5%,HIGH,2026-06-24,📉 GIẢM,43.6%,HIGH
DTL,2026-06-03,2026-06-04,📉 GIẢM,32.3%,MEDIUM,2026-06-05,📉 GIẢM,35.0%,MEDIUM,2026-06-08,📉 GIẢM,35.8%,MEDIUM,2026-06-09,📉 GIẢM,36.6%,MEDIUM,2026-06-10,📉 GIẢM,37.4%,HIGH,2026-06-11,📉 GIẢM,38.1%,HIGH,2026-06-12,📉 GIẢM,38.9%,HIGH,2026-06-15,📉 GIẢM,39.7%,HIGH,2026-06-16,📉 GIẢM,40.5%,HIGH,2026-06-17,📉 GIẢM,41.3%,HIGH,2026-06-18,📉 GIẢM,42.1%,HIGH,2026-06-19,📉 GIẢM,42.9%,HIGH,2026-06-22,📉 GIẢM,43.7%,HIGH,2026-06-23,📉 GIẢM,44.5%,HIGH,2026-06-24,📉 GIẢM,45.3%,HIGH
MBG,2026-06-03,2026-06-04,📈 TĂNG,52.2%,LOW,2026-06-05,📈 TĂNG,51.8%,LOW,2026-06-08,📈 TĂNG,52.2%,LOW,2026-06-09,📈 TĂNG,52.1%,LOW,2026-06-10,📈 TĂNG,52.6%,LOW,2026-06-11,📈 TĂNG,52.4%,LOW,2026-06-12,📈 TĂNG,52.2%,LOW,2026-06-15,📈 TĂNG,52.1%,LOW,2026-06-16,📈 TĂNG,51.9%,LOW,2026-06-17,📈 TĂNG,51.8%,LOW,2026-06-18,📈 TĂNG,51.6%,HIGH,2026-06-19,📈 TĂNG,51.4%,HIGH,2026-06-22,📈 TĂNG,51.3%,HIGH,2026-06-23,📈 TĂNG,51.1%,HIGH,2026-06-24,📈 TĂNG,51.0%,HIGH
MFS,2026-06-03,2026-06-04,📉 GIẢM,32.6%,MEDIUM,2026-06-05,📉 GIẢM,35.2%,MEDIUM,2026-06-08,📉 GIẢM,36.0%,MEDIUM,2026-06-09,📉 GIẢM,36.8%,MEDIUM,2026-06-10,📉 GIẢM,37.6%,HIGH,2026-06-11,📉 GIẢM,38.3%,HIGH,2026-06-12,📉 GIẢM,39.1%,HIGH,2026-06-15,📉 GIẢM,39.9%,HIGH,2026-06-16,📉 GIẢM,40.7%,HIGH,2026-06-17,📉 GIẢM,41.4%,HIGH,2026-06-18,📉 GIẢM,42.2%,HIGH,2026-06-19,📉 GIẢM,43.0%,HIGH,2026-06-22,📉 GIẢM,43.8%,HIGH,2026-06-23,📉 GIẢM,44.6%,HIGH,2026-06-24,📉 GIẢM,45.3%,HIGH
MGG,2026-06-03,2026-06-04,📉 GIẢM,24.3%,HIGH,2026-06-05,📉 GIẢM,25.3%,HIGH,2026-06-08,📉 GIẢM,26.6%,HIGH,2026-06-09,📉 GIẢM,27.9%,HIGH,2026-06-10,📉 GIẢM,29.2%,HIGH,2026-06-11,📉 GIẢM,30.5%,HIGH,2026-06-12,📉 GIẢM,31.8%,HIGH,2026-06-15,📉 GIẢM,33.1%,HIGH,2026-06-16,📉 GIẢM,34.4%,HIGH,2026-06-17,📉 GIẢM,35.7%,HIGH,2026-06-18,📉 GIẢM,37.1%,HIGH,2026-06-19,📉 GIẢM,38.4%,HIGH,2026-06-22,📉 GIẢM,39.7%,HIGH,2026-06-23,📉 GIẢM,41.0%,HIGH,2026-06-24,📉 GIẢM,42.3%,HIGH
MWG,2026-06-03,2026-06-04,📉 GIẢM,34.8%,MEDIUM,2026-06-05,📉 GIẢM,36.6%,MEDIUM,2026-06-08,📉 GIẢM,37.3%,MEDIUM,2026-06-09,📉 GIẢM,38.0%,MEDIUM,2026-06-10,📉 GIẢM,38.7%,MEDIUM,2026-06-11,📉 GIẢM,39.4%,HIGH,2026-06-12,📉 GIẢM,40.1%,HIGH,2026-06-15,📉 GIẢM,40.8%,HIGH,2026-06-16,📉 GIẢM,41.6%,HIGH,2026-06-17,📉 GIẢM,42.3%,HIGH,2026-06-18,📉 GIẢM,43.0%,HIGH,2026-06-19,📉 GIẢM,43.7%,HIGH,2026-06-22,📉 GIẢM,44.4%,HIGH,2026-06-23,📉 GIẢM,45.1%,HIGH,2026-06-24,📉 GIẢM,45.8%,HIGH
NAF,2026-06-03,2026-06-04,📉 GIẢM,40.7%,LOW,2026-06-05,📉 GIẢM,42.3%,LOW,2026-06-08,📉 GIẢM,42.7%,LOW,2026-06-09,📉 GIẢM,43.2%,LOW,2026-06-10,📉 GIẢM,43.6%,LOW,2026-06-11,📉 GIẢM,44.0%,LOW,2026-06-12,📉 GIẢM,44.4%,LOW,2026-06-15,📉 GIẢM,44.8%,LOW,2026-06-16,📉 GIẢM,45.2%,HIGH,2026-06-17,📉 GIẢM,45.6%,HIGH,2026-06-18,📉 GIẢM,45.9%,HIGH,2026-06-19,📉 GIẢM,46.3%,HIGH,2026-06-22,📉 GIẢM,46.7%,HIGH,2026-06-23,📉 GIẢM,47.1%,HIGH,2026-06-24,📉 GIẢM,47.5%,HIGH
NBE,2026-06-03,2026-06-04,📉 GIẢM,38.8%,MEDIUM,2026-06-05,📉 GIẢM,39.3%,MEDIUM,2026-06-08,📉 GIẢM,39.9%,MEDIUM,2026-06-09,📉 GIẢM,40.5%,LOW,2026-06-10,📉 GIẢM,41.0%,LOW,2026-06-11,📉 GIẢM,41.6%,LOW,2026-06-12,📉 GIẢM,42.2%,LOW,2026-06-15,📉 GIẢM,42.7%,HIGH,2026-06-16,📉 GIẢM,43.3%,HIGH,2026-06-17,📉 GIẢM,43.8%,HIGH,2026-06-18,📉 GIẢM,44.4%,HIGH,2026-06-19,📉 GIẢM,45.0%,HIGH,2026-06-22,📉 GIẢM,45.5%,HIGH,2026-06-23,📉 GIẢM,46.1%,HIGH,2026-06-24,📉 GIẢM,46.6%,HIGH
NCG,2026-06-03,2026-06-04,📉 GIẢM,43.3%,LOW,2026-06-05,📉 GIẢM,43.6%,LOW,2026-06-08,📉 GIẢM,43.9%,LOW,2026-06-09,📉 GIẢM,44.3%,LOW,2026-06-10,📉 GIẢM,44.6%,LOW,2026-06-11,📉 GIẢM,44.9%,LOW,2026-06-12,📉 GIẢM,45.3%,LOW,2026-06-15,📉 GIẢM,45.6%,LOW,2026-06-16,📉 GIẢM,46.0%,HIGH,2026-06-17,📉 GIẢM,46.3%,HIGH,2026-06-18,📉 GIẢM,46.6%,HIGH,2026-06-19,📉 GIẢM,47.0%,HIGH,2026-06-22,📉 GIẢM,47.3%,HIGH,2026-06-23,📉 GIẢM,47.6%,HIGH,2026-06-24,📉 GIẢM,48.0%,HIGH
ND2,2026-06-03,2026-06-04,📉 GIẢM,22.4%,HIGH,2026-06-05,📉 GIẢM,23.8%,HIGH,2026-06-08,📉 GIẢM,25.2%,HIGH,2026-06-09,📉 GIẢM,26.6%,HIGH,2026-06-10,📉 GIẢM,27.9%,HIGH,2026-06-11,📉 GIẢM,29.3%,HIGH,2026-06-12,📉 GIẢM,30.7%,HIGH,2026-06-15,📉 GIẢM,32.1%,HIGH,2026-06-16,📉 GIẢM,33.5%,HIGH,2026-06-17,📉 GIẢM,34.8%,HIGH,2026-06-18,📉 GIẢM,36.2%,HIGH,2026-06-19,📉 GIẢM,37.6%,HIGH,2026-06-22,📉 GIẢM,39.2%,HIGH,2026-06-23,📉 GIẢM,40.6%,HIGH,2026-06-24,📉 GIẢM,41.9%,HIGH
NLG,2026-06-03,2026-06-04,📉 GIẢM,46.7%,LOW,2026-06-05,📉 GIẢM,47.2%,LOW,2026-06-08,📉 GIẢM,47.4%,LOW,2026-06-09,📉 GIẢM,47.5%,LOW,2026-06-10,📉 GIẢM,47.7%,LOW,2026-06-11,📉 GIẢM,47.8%,LOW,2026-06-12,📉 GIẢM,48.0%,LOW,2026-06-15,📉 GIẢM,48.1%,LOW,2026-06-16,📉 GIẢM,48.3%,LOW,2026-06-17,📉 GIẢM,48.4%,LOW,2026-06-18,📉 GIẢM,48.6%,HIGH,2026-06-19,📉 GIẢM,48.7%,HIGH,2026-06-22,📉 GIẢM,48.8%,HIGH,2026-06-23,📉 GIẢM,49.0%,HIGH,2026-06-24,📉 GIẢM,49.1%,HIGH
NVL,2026-06-03,2026-06-04,📈 TĂNG,55.9%,LOW,2026-06-05,📈 TĂNG,55.6%,LOW,2026-06-08,📈 TĂNG,55.3%,LOW,2026-06-09,📈 TĂNG,55.0%,LOW,2026-06-10,📈 TĂNG,54.7%,LOW,2026-06-11,📈 TĂNG,54.4%,LOW,2026-06-12,📈 TĂNG,54.1%,LOW,2026-06-15,📈 TĂNG,53.8%,LOW,2026-06-16,📈 TĂNG,53.5%,LOW,2026-06-17,📈 TĂNG,53.2%,HIGH,2026-06-18,📈 TĂNG,52.9%,HIGH,2026-06-19,📈 TĂNG,52.6%,HIGH,2026-06-22,📈 TĂNG,52.3%,HIGH,2026-06-23,📈 TĂNG,52.0%,HIGH,2026-06-24,📈 TĂNG,51.8%,HIGH
DCL,2026-06-03,2026-06-04,📉 GIẢM,44.1%,LOW,2026-06-05,📉 GIẢM,44.4%,LOW,2026-06-08,📉 GIẢM,44.7%,LOW,2026-06-09,📉 GIẢM,45.0%,LOW,2026-06-10,📉 GIẢM,45.3%,LOW,2026-06-11,📉 GIẢM,45.6%,LOW,2026-06-12,📉 GIẢM,45.9%,LOW,2026-06-15,📉 GIẢM,46.2%,LOW,2026-06-16,📉 GIẢM,46.5%,LOW,2026-06-17,📉 GIẢM,46.8%,HIGH,2026-06-18,📉 GIẢM,47.1%,HIGH,2026-06-19,📉 GIẢM,47.3%,HIGH,2026-06-22,📉 GIẢM,47.6%,HIGH,2026-06-23,📉 GIẢM,47.9%,HIGH,2026-06-24,📉 GIẢM,48.2%,HIGH
OPC,2026-06-03,2026-06-04,📉 GIẢM,31.1%,MEDIUM,2026-06-05,📉 GIẢM,31.7%,HIGH,2026-06-08,📉 GIẢM,32.7%,HIGH,2026-06-09,📉 GIẢM,33.6%,HIGH,2026-06-10,📉 GIẢM,34.6%,HIGH,2026-06-11,📉 GIẢM,35.6%,HIGH,2026-06-12,📉 GIẢM,36.5%,HIGH,2026-06-15,📉 GIẢM,37.5%,HIGH,2026-06-16,📉 GIẢM,38.4%,HIGH,2026-06-17,📉 GIẢM,39.4%,HIGH,2026-06-18,📉 GIẢM,40.4%,HIGH,2026-06-19,📉 GIẢM,41.3%,HIGH,2026-06-22,📉 GIẢM,42.1%,HIGH,2026-06-23,📉 GIẢM,43.1%,HIGH,2026-06-24,📉 GIẢM,44.1%,HIGH
PC1,2026-06-03,2026-06-04,📉 GIẢM,44.1%,LOW,2026-06-05,📉 GIẢM,44.7%,LOW,2026-06-08,📉 GIẢM,45.0%,LOW,2026-06-09,📉 GIẢM,45.2%,LOW,2026-06-10,📉 GIẢM,45.5%,LOW,2026-06-11,📉 GIẢM,45.8%,LOW,2026-06-12,📉 GIẢM,46.1%,LOW,2026-06-15,📉 GIẢM,46.4%,LOW,2026-06-16,📉 GIẢM,46.6%,LOW,2026-06-17,📉 GIẢM,46.9%,HIGH,2026-06-18,📉 GIẢM,47.2%,HIGH,2026-06-19,📉 GIẢM,47.5%,HIGH,2026-06-22,📉 GIẢM,47.8%,HIGH,2026-06-23,📉 GIẢM,48.0%,HIGH,2026-06-24,📉 GIẢM,48.3%,HIGH
PDN,2026-06-03,2026-06-04,📉 GIẢM,19.3%,HIGH,2026-06-05,📉 GIẢM,21.5%,HIGH,2026-06-08,📉 GIẢM,23.0%,HIGH,2026-06-09,📉 GIẢM,24.5%,HIGH,2026-06-10,📉 GIẢM,26.0%,HIGH,2026-06-11,📉 GIẢM,27.5%,HIGH,2026-06-12,📉 GIẢM,29.0%,HIGH,2026-06-15,📉 GIẢM,30.5%,HIGH,2026-06-16,📉 GIẢM,31.6%,HIGH,2026-06-17,📉 GIẢM,33.1%,HIGH,2026-06-18,📉 GIẢM,34.7%,HIGH,2026-06-19,📉 GIẢM,36.2%,HIGH,2026-06-22,📉 GIẢM,37.7%,HIGH,2026-06-23,📉 GIẢM,39.3%,HIGH,2026-06-24,📉 GIẢM,40.8%,HIGH
PLP,2026-06-03,2026-06-04,📉 GIẢM,33.3%,MEDIUM,2026-06-05,📉 GIẢM,35.5%,MEDIUM,2026-06-08,📉 GIẢM,36.5%,MEDIUM,2026-06-09,📉 GIẢM,37.8%,MEDIUM,2026-06-10,📉 GIẢM,38.5%,MEDIUM,2026-06-11,📉 GIẢM,39.2%,HIGH,2026-06-12,📉 GIẢM,39.9%,HIGH,2026-06-15,📉 GIẢM,40.6%,HIGH,2026-06-16,📉 GIẢM,41.5%,HIGH,2026-06-17,📉 GIẢM,42.2%,HIGH,2026-06-18,📉 GIẢM,42.9%,HIGH,2026-06-19,📉 GIẢM,43.6%,HIGH,2026-06-22,📉 GIẢM,44.3%,HIGH,2026-06-23,📉 GIẢM,45.0%,HIGH,2026-06-24,📉 GIẢM,45.7%,HIGH
DC4,2026-06-03,2026-06-04,📉 GIẢM,43.7%,LOW,2026-06-05,📉 GIẢM,44.7%,LOW,2026-06-08,📉 GIẢM,45.0%,LOW,2026-06-09,📉 GIẢM,45.3%,LOW,2026-06-10,📉 GIẢM,45.5%,LOW,2026-06-11,📉 GIẢM,45.8%,LOW,2026-06-12,📉 GIẢM,46.1%,LOW,2026-06-15,📉 GIẢM,46.4%,LOW,2026-06-16,📉 GIẢM,46.7%,LOW,2026-06-17,📉 GIẢM,46.9%,HIGH,2026-06-18,📉 GIẢM,47.2%,HIGH,2026-06-19,📉 GIẢM,47.5%,HIGH,2026-06-22,📉 GIẢM,47.8%,HIGH,2026-06-23,📉 GIẢM,48.0%,HIGH,2026-06-24,📉 GIẢM,48.3%,HIGH
PSB,2026-06-03,2026-06-04,📉 GIẢM,20.5%,HIGH,2026-06-05,📉 GIẢM,22.0%,HIGH,2026-06-08,📉 GIẢM,24.1%,HIGH,2026-06-09,📉 GIẢM,26.0%,HIGH,2026-06-10,📉 GIẢM,27.4%,HIGH,2026-06-11,📉 GIẢM,28.8%,HIGH,2026-06-12,📉 GIẢM,30.2%,HIGH,2026-06-15,📉 GIẢM,31.6%,HIGH,2026-06-16,📉 GIẢM,33.3%,HIGH,2026-06-17,📉 GIẢM,34.7%,HIGH,2026-06-18,📉 GIẢM,36.5%,HIGH,2026-06-19,📉 GIẢM,37.8%,HIGH,2026-06-22,📉 GIẢM,39.2%,HIGH,2026-06-23,📉 GIẢM,40.5%,HIGH,2026-06-24,📉 GIẢM,41.9%,HIGH
PSI,2026-06-03,2026-06-04,📉 GIẢM,27.2%,HIGH,2026-06-05,📉 GIẢM,28.3%,HIGH,2026-06-08,📉 GIẢM,29.4%,HIGH,2026-06-09,📉 GIẢM,30.6%,HIGH,2026-06-10,📉 GIẢM,31.7%,HIGH,2026-06-11,📉 GIẢM,32.9%,HIGH,2026-06-12,📉 GIẢM,34.0%,HIGH,2026-06-15,📉 GIẢM,35.2%,HIGH,2026-06-16,📉 GIẢM,36.5%,HIGH,2026-06-17,📉 GIẢM,37.7%,HIGH,2026-06-18,📉 GIẢM,38.8%,HIGH,2026-06-19,📉 GIẢM,40.0%,HIGH,2026-06-22,📉 GIẢM,41.1%,HIGH,2026-06-23,📉 GIẢM,42.2%,HIGH,2026-06-24,📉 GIẢM,43.3%,HIGH
PTB,2026-06-03,2026-06-04,📉 GIẢM,38.6%,MEDIUM,2026-06-05,📉 GIẢM,39.3%,MEDIUM,2026-06-08,📉 GIẢM,39.9%,MEDIUM,2026-06-09,📉 GIẢM,40.5%,LOW,2026-06-10,📉 GIẢM,41.0%,LOW,2026-06-11,📉 GIẢM,41.6%,LOW,2026-06-12,📉 GIẢM,42.1%,LOW,2026-06-15,📉 GIẢM,42.7%,HIGH,2026-06-16,📉 GIẢM,43.3%,HIGH,2026-06-17,📉 GIẢM,43.8%,HIGH,2026-06-18,📉 GIẢM,44.4%,HIGH,2026-06-19,📉 GIẢM,44.9%,HIGH,2026-06-22,📉 GIẢM,45.5%,HIGH,2026-06-23,📉 GIẢM,46.1%,HIGH,2026-06-24,📉 GIẢM,46.6%,HIGH
VTR,2026-06-03,2026-06-04,📉 GIẢM,20.7%,HIGH,2026-06-05,📉 GIẢM,22.2%,HIGH,2026-06-08,📉 GIẢM,23.7%,HIGH,2026-06-09,📉 GIẢM,25.1%,HIGH,2026-06-10,📉 GIẢM,26.6%,HIGH,2026-06-11,📉 GIẢM,28.0%,HIGH,2026-06-12,📉 GIẢM,29.5%,HIGH,2026-06-15,📉 GIẢM,31.0%,HIGH,2026-06-16,📉 GIẢM,32.4%,HIGH,2026-06-17,📉 GIẢM,33.9%,HIGH,2026-06-18,📉 GIẢM,35.4%,HIGH,2026-06-19,📉 GIẢM,36.8%,HIGH,2026-06-22,📉 GIẢM,38.3%,HIGH,2026-06-23,📉 GIẢM,39.8%,HIGH,2026-06-24,📉 GIẢM,41.3%,HIGH
VTP,2026-06-03,2026-06-04,📉 GIẢM,41.2%,LOW,2026-06-05,📉 GIẢM,41.6%,LOW,2026-06-08,📉 GIẢM,42.3%,LOW,2026-06-09,📉 GIẢM,42.8%,LOW,2026-06-10,📉 GIẢM,43.2%,LOW,2026-06-11,📉 GIẢM,44.7%,LOW,2026-06-12,📉 GIẢM,45.0%,LOW,2026-06-15,📉 GIẢM,45.3%,LOW,2026-06-16,📉 GIẢM,45.7%,HIGH,2026-06-17,📉 GIẢM,46.0%,HIGH,2026-06-18,📉 GIẢM,46.4%,HIGH,2026-06-19,📉 GIẢM,46.8%,HIGH,2026-06-22,📉 GIẢM,47.1%,HIGH,2026-06-23,📉 GIẢM,47.5%,HIGH,2026-06-24,📉 GIẢM,48.5%,HIGH
